ch1_mean,ch1_std,ch1_rms,ch1_min,ch1_max,ch1_peak_to_peak,ch1_kurtosis,ch1_skewness,ch1_crest_factor,ch2_mean,ch2_std,ch2_rms,ch2_min,ch2_max,ch2_peak_to_peak,ch2_kurtosis,ch2_skewness,ch2_crest_factor,ch3_mean,ch3_std,ch3_rms,ch3_min,ch3_max,ch3_peak_to_peak,ch3_kurtosis,ch3_skewness,ch3_crest_factor,ch4_mean,ch4_std,ch4_rms,ch4_min,ch4_max,ch4_peak_to_peak,ch4_kurtosis,ch4_skewness,ch4_crest_factor,dataset,file_index,timestamp,quantization_error,label
-0.01019599609375,0.0734749310430519,0.0741789985651262,-0.386,0.454,0.8400000000000001,0.6287626426442561,0.0839934354125321,6.120330670078885,-0.0126949707031249,0.0900534746415632,0.0909438869642807,-0.513,0.464,0.977,0.5068005370841773,0.126914860438278,5.640840930802152,-0.0145409667968749,0.1084335093891196,0.1094041391987895,-0.911,1.023,1.934,3.213074668222574,0.204839716409692,9.350651698212598,-0.0100259765625,0.0531663902091768,0.0541034680395466,-0.264,0.193,0.457,0.0659590511486278,-0.0220800088349978,4.879539326428222,2nd_test,0,2004.02.12.10.32.39,0.0757072838694456,0
-0.002483984375,0.0761892927992494,0.0762297744691993,-0.4,0.503,0.903,0.5134753088232071,0.0328079981150351,6.5984715748652585,-0.0016954589843749,0.0937025602830463,0.0937178978891739,-0.503,0.491,0.994,0.3107892284776641,0.0965825629786197,5.367171173530327,-0.0015954589843749,0.1098494640622784,0.1098610497134476,-0.786,0.933,1.719,2.639947862656676,0.0565606663193521,8.492545833351002,-0.0034853515625,0.0560369339723099,0.0561452192491155,-0.334,0.354,0.688,0.2572364127659483,0.0704490604652977,6.305078236902098,2nd_test,2,2004.02.12.10.52.39,0.0781627720003573,0
-0.002276611328125,0.0786907508998915,0.0787236764660297,-0.576,0.608,1.184,1.1579527230048088,0.0414859617161303,7.723216537716405,-0.0023928222656249,0.0929162936950619,0.0929470991070828,-0.474,0.569,1.043,0.2353407404249003,0.1058340404268835,6.121761792031214,-0.00314794921875,0.1106217530671688,0.1106665343992369,-0.935,1.016,1.951,2.682779117744172,0.0335500848884684,9.18073386418274,-0.0037407714843749,0.056684131461645,0.0568074302434054,-0.525,0.513,1.038,0.8061900787493554,-0.0363270970195742,9.241748794854235,2nd_test,3,2004.02.12.11.02.39,0.0782895727521659,0
-0.001623095703125,0.0782978200014478,0.0783146413938072,-0.366,0.439,0.8049999999999999,0.4560936214628643,0.026852972301411,5.605592928490489,-0.001452587890625,0.0923933015221037,0.0924047194559583,-0.386,0.574,0.96,0.1856375972262234,0.0608046341895215,6.211803935700123,-0.000841552734375,0.1105140233515848,0.1105172274731834,-0.781,0.862,1.643,1.8624281531683409,0.0774140369977696,7.799688968865609,-0.002821826171875,0.0554942295545455,0.0555659267608925,-0.242,0.247,0.489,0.149407338377193,0.0127415744727425,4.44517016801372,2nd_test,5,2004.02.12.11.22.39,0.0779473945173037,0
-0.0016064453124999,0.0786160318654563,0.0786324432585717,-0.408,0.388,0.796,0.4786149756059883,0.0585945791507246,5.188697986315403,-0.001695947265625,0.093903171659097,0.0939184853198007,-0.457,0.583,1.04,0.2501083955512979,0.0992138544432151,6.207510672777846,-0.00185634765625,0.1073718661719825,0.1073879121310913,-0.718,0.896,1.614,1.8220329786922909,0.1456167593280247,8.343583390446073,-0.0029048828125,0.0562040579362548,0.056279076686245,-0.217,0.239,0.4559999999999999,0.1077937548325289,-0.0197747493528394,4.246693692723044,2nd_test,6,2004.02.12.11.32.39,0.0773757759554178,0
-0.00202666015625,0.0777464696757902,0.0777728802246483,-0.334,0.415,0.749,0.4719824550317817,0.0825818179550488,5.336050288942996,-0.00174365234375,0.0932242110406968,0.0932405161271442,-0.41,0.41,0.82,0.1037504492141558,0.0869128229556518,4.397230056475879,-0.0017033203125,0.1062189792432384,0.106232635529589,-0.776,0.771,1.5470000000000002,1.4448963659987744,0.0014656274776144,7.304723224875238,-0.002330029296875,0.0554557565468079,0.0555046842230736,-0.227,0.229,0.456,0.209791004669348,-0.0171488597757428,4.125777908681036,2nd_test,7,2004.02.12.11.42.39,0.077079534704165,0
-0.0019162109375,0.0790061954336051,0.0790294298426225,-0.361,0.386,0.747,0.404514320897305,-0.0080602937107421,4.884256418954148,-0.0008009765624999,0.0958558973952702,0.0958592438365035,-0.613,0.457,1.07,0.4514264068174758,0.035304014518861,6.394792775948983,-0.001314208984375,0.1105786094170331,0.1105864187224605,-0.769,0.967,1.736,2.3845540569234336,0.0341613191434938,8.744292573739473,-0.002539111328125,0.055797356162089,0.0558550986125315,-0.33,0.227,0.557,0.1598373115450946,0.0083426519670024,5.90814461332011,2nd_test,8,2004.02.12.11.52.39,0.0785438479107229,0
-0.002096630859375,0.0756885263166924,0.0757175598983031,-0.344,0.378,0.722,0.32520331504832,0.0463210669448799,4.992236946128513,-0.00171689453125,0.0947263133513455,0.0947418712500906,-0.466,0.417,0.883,0.196032358893337,0.0895134384682029,4.918627781427059,-0.001896240234375,0.1097543689759166,0.1097707485459041,-0.664,0.781,1.445,1.4615057334105144,0.0062993013316436,7.11482804242958,-0.0027732910156249,0.0553902298073814,0.0554596132439803,-0.254,0.291,0.5449999999999999,0.206106647540921,0.0296855264587324,5.247061473627183,2nd_test,9,2004.02.12.12.02.39,0.0776377755623721,0
-0.001791259765625,0.0792208680176358,0.0792411164801179,-0.415,0.4,0.815,0.4552119318712826,0.0335197467618938,5.237180120990453,-0.001935546875,0.095126415920873,0.0951461052679312,-0.393,0.4,0.793,0.1700577747770562,0.0822445482627254,4.204060679829162,-0.002017041015625,0.1060045264208711,0.1060237146876672,-0.608,0.61,1.218,1.1014436437540749,0.061319784870657,5.753429803805978,-0.0030745605468749,0.0554383037683263,0.0555234945519968,-0.249,0.291,0.54,0.1744089633248347,0.036172489638983,5.241024585047365,2nd_test,10,2004.02.12.12.12.39,0.0777390456276705,0
-0.001555029296875,0.0776233336871973,0.077638908086269,-0.439,0.474,0.913,0.6415150749455005,0.0195652981323881,6.1051863257428405,-0.001974072265625,0.0933081873878812,0.0933290672562512,-0.415,0.403,0.8180000000000001,0.0591476196236211,0.0700584167610666,4.446631817889042,-0.001922607421875,0.1045864527100282,0.1046041228143787,-0.728,0.867,1.595,1.6360985486862392,0.1048336718447379,8.28839224176865,-0.002776904296875,0.0547037269120932,0.0547741630291771,-0.276,0.229,0.505,0.1100550414613756,0.0015078217586123,5.038872065428755,2nd_test,11,2004.02.12.12.22.39,0.0762091210221193,0
-0.00245126953125,0.0773657574015155,0.077404580876231,-0.378,0.4,0.778,0.3647260382142652,0.0257700551009951,5.16765281158782,-0.001786181640625,0.0943636149717533,0.0943805185162204,-0.43,0.615,1.045,0.2904622065873399,0.0928213673616944,6.516175262247459,-0.001860888671875,0.1044057665807019,0.1044223491497539,-0.598,0.615,1.213,1.1545225133803472,-0.0149687267466589,5.889543809363336,-0.003140380859375,0.054599594262274,0.0546898316467227,-0.222,0.234,0.456,0.0449189911528482,-0.0336901203381117,4.278674717949031,2nd_test,12,2004.02.12.12.32.39,0.0765688584785179,0
-0.0015209960937499,0.0786470709320779,0.0786617772193871,-0.371,0.354,0.725,0.5530516614826197,-0.013483613994623,4.716394837616838,-0.00122109375,0.0946232029241042,0.0946310815829688,-0.513,0.474,0.987,0.1959868254526617,0.0805929465007058,5.4210518511806365,-0.001826806640625,0.1047079571157662,0.1047238917623833,-0.671,0.725,1.396,1.3682988461680416,0.0248041746498652,6.92296655321108,-0.003251123046875,0.0562289637201634,0.0563228742351575,-0.247,0.291,0.538,0.1938711839800735,0.0370610988828819,5.16663973468149,2nd_test,15,2004.02.12.13.02.39,0.077165366313301,0
-0.0020170898437499,0.0784274489384918,0.078453383600948,-0.381,0.439,0.8200000000000001,0.4799660990734948,0.0164555313351937,5.595679623295425,-0.0012224609375,0.0956860937570085,0.0956939023617427,-0.43,0.476,0.906,0.165848195193623,0.0986409661498912,4.974193634570857,-0.00162607421875,0.1086957682837348,0.1087079305301883,-0.757,0.962,1.719,2.0724590260877376,-0.0387628652470474,8.849400363886073,-0.002717138671875,0.0561138605943057,0.0561796065610945,-0.3,0.276,0.5760000000000001,0.2139803382727145,-0.0200155721917075,5.3400160371079535,2nd_test,16,2004.02.12.13.12.39,0.0783287481524042,0
-0.001661767578125,0.0776049843558754,0.0776227741604187,-0.444,0.405,0.849,0.4477488811593342,0.0203905108983827,5.71997077915161,-0.001669921875,0.092927570888536,0.0929425740460877,-0.41,0.454,0.864,0.1176072740378524,0.0964077773366913,4.884736673744251,-0.001410791015625,0.1042058568240989,0.1042154063837702,-0.769,0.984,1.753,2.3669886579075623,0.0581502460932949,9.441982084366744,-0.0027646484375,0.0547601988242101,0.0548299430626186,-0.278,0.308,0.5860000000000001,0.2029543008346217,-0.0336121488104585,5.617368590783156,2nd_test,17,2004.02.12.13.22.39,0.075725837664726,0
-0.002757177734375,0.0777767028115613,0.0778255583294901,-0.405,0.356,0.761,0.341445316373242,0.0035138311433548,5.2039459618156165,-0.00177392578125,0.0949502283467705,0.0949667977546955,-0.425,0.405,0.8300000000000001,0.1374079413435138,0.1059207878864066,4.475248297761108,-0.001863330078125,0.1052133018666928,0.1052298003831228,-0.649,0.676,1.3250000000000002,1.1526700310009694,0.0835958898928621,6.424035753487902,-0.003074755859375,0.0555412213845681,0.0556262653472653,-0.222,0.229,0.451,0.0922079817125856,-0.0004287214322969,4.116760285204751,2nd_test,18,2004.02.12.13.32.39,0.076919725664943,0
-0.0022611328125,0.0789007675885379,0.0789331606338948,-0.403,0.471,0.874,0.5964296522845243,-0.0321235718234083,5.967073866186725,-0.0007662109375,0.0954724095600687,0.0954754841119239,-0.454,0.479,0.933,0.2425243166798711,0.1416567328034441,5.016994723309923,-0.0014248046875,0.1067513223990514,0.1067608303749261,-0.935,0.918,1.853,2.455067043287835,0.0269737654220561,8.757893664817695,-0.00307001953125,0.0546777998504328,0.0547639189284902,-0.229,0.215,0.444,0.0815636614284054,-0.0159726489183855,4.1815853298381125,2nd_test,19,2004.02.12.13.42.39,0.0774775688571358,0
-0.001801708984375,0.0794662982995857,0.0794867204047514,-0.342,0.344,0.6859999999999999,0.4149724425540562,0.0197077538694556,4.327766930677256,-0.001448779296875,0.0943236616027936,0.0943347873247688,-0.347,0.417,0.764,0.1334861481249847,0.1042897768253586,4.420426566076442,-0.0012916503906249,0.1065206729156787,0.1065285037872053,-0.618,0.972,1.59,1.9633041034020016,0.179469427378601,9.124318519787735,-0.0027037109374999,0.0546861161065831,0.0547529117733134,-0.293,0.269,0.562,0.2284064437457211,-0.0197333673939046,5.35131357411126,2nd_test,22,2004.02.12.14.12.39,0.0770786850208069,0
-0.002245849609375,0.0797213154805786,0.0797529434091424,-0.393,0.366,0.759,0.5200740317916859,-0.0385188950953316,4.927717814487846,-0.00142275390625,0.0962614587833755,0.0962719724311351,-0.466,0.422,0.888,0.1871939286863475,0.1386643613779274,4.840453438600695,-0.001348388671875,0.1051818489566649,0.1051904914997221,-0.684,0.669,1.3530000000000002,1.2544789369804352,0.0005211760099323,6.502488867972482,-0.00309033203125,0.0565632540029777,0.0566476112070822,-0.264,0.222,0.486,0.0815873750234383,0.0072218876796634,4.660390692032104,2nd_test,23,2004.02.12.14.22.39,0.078338082538243,0
-0.001977001953125,0.0793567653045754,0.0793813878458176,-0.437,0.413,0.85,0.4846810415588352,-0.0365491771140678,5.505068780647667,-0.0013240234375,0.0967324479850838,0.0967415088328169,-0.4,0.667,1.0670000000000002,0.3711304232280987,0.1712272214826448,6.894661950598434,-0.00237470703125,0.1079761942301264,0.1080023043916482,-0.681,0.847,1.528,1.387538137119228,0.0731851479901927,7.842425259008225,-0.002956982421875,0.0560260677598258,0.0561040463217393,-0.217,0.22,0.437,0.1358328182378487,-0.0450570606163091,3.921285797007345,2nd_test,24,2004.02.12.14.32.39,0.0788149601203925,0
-0.002174072265625,0.0775614154437837,0.0775918794453348,-0.308,0.405,0.7130000000000001,0.3099755507638151,0.0266197723662214,5.219618378752014,-0.00150888671875,0.0947391294840797,0.0947511445552572,-0.381,0.603,0.984,0.2615943824726452,0.1441104129130868,6.364039218987764,-0.0019612792968749,0.1065750529388105,0.106593097925666,-0.688,0.566,1.254,1.022536467478275,-0.0045346871984464,6.454451680101563,-0.0032119140625,0.0554067621473125,0.0554997809328446,-0.259,0.242,0.501,0.1271939001086788,-0.0341557767317721,4.666685086716397,2nd_test,25,2004.02.12.14.42.39,0.0775066304235936,0
-0.0015153320312499,0.077726225761829,0.0777409956351457,-0.388,0.344,0.732,0.3680421199233374,0.0013370289616362,4.990931706302962,-0.0015135253906249,0.096234534637559,0.0962464358613638,-0.42,0.442,0.862,0.1566551621494887,0.0983672282095081,4.592377847965999,-0.002003857421875,0.1056096135000783,0.1056286225802605,-0.713,0.608,1.321,1.612231805636073,-0.0599626600938713,6.750064353546655,-0.003076416015625,0.0551323174923468,0.0552180837007055,-0.237,0.227,0.4639999999999999,0.0949560451636615,-0.003805751349074,4.292072163900168,2nd_test,26,2004.02.12.14.52.39,0.0775795175113443,0
-0.0023556640625,0.0782440915248135,0.0782795440183369,-0.344,0.391,0.735,0.3419917127536731,0.0336968760418546,4.99491923334931,-0.0013390625,0.0946740217175947,0.0946834910454959,-0.522,0.403,0.925,0.2331517446347866,0.1068798422726838,5.513104705271833,-0.001291650390625,0.1065467320106957,0.1065545609670962,-0.535,0.728,1.263,1.20232900829488,0.1329241815661579,6.832180559760106,-0.003020556640625,0.0550811219688415,0.05516388093459,-0.276,0.242,0.518,0.1245815093004498,-0.0251609386296664,5.003273796531117,2nd_test,28,2004.02.12.15.12.39,0.0774179369327595,0
-0.00244453125,0.0788232846592158,0.0788611814361159,-0.488,0.383,0.871,0.5350200636292444,-0.0068174888782596,6.188088881081904,-0.001529052734375,0.095864855108643,0.0958770485948833,-0.474,0.474,0.948,0.2907499147594046,0.089013394469668,4.943831781867677,-0.001786328125,0.1048934389919054,0.1049086484124104,-0.723,0.776,1.499,2.017434683384363,-0.0131306409946257,7.396911615351666,-0.00291376953125,0.0551704716602324,0.0552473618926166,-0.266,0.283,0.5489999999999999,0.2345610991748845,-0.0381566600803578,5.122416533570234,2nd_test,29,2004.02.12.15.22.39,0.0772794352462734,0
-0.0022748046875,0.0785494350087652,0.0785823674660066,-0.4,0.403,0.803,0.4890447103350155,-0.0026227136240164,5.128376924622465,-0.002049658203125,0.0949000225611655,0.0949221543205766,-0.452,0.452,0.904,0.1655068894218261,0.119998155319044,4.761796687301441,-0.0014609863281249,0.1048632230491029,0.1048734000082808,-0.64,0.635,1.275,0.9570967413089556,0.0138449245402346,6.102596081974674,-0.0034757812499999,0.0543237851424415,0.0544348664690196,-0.225,0.222,0.447,0.0734951184794376,-0.039652698569022,4.13338021365259,2nd_test,30,2004.02.12.15.32.39,0.0769108168546963,0
-0.001818603515625,0.0802103037504367,0.0802309176470291,-0.378,0.396,0.774,0.4867117699711172,0.0230622075772486,4.935753093804076,-0.0017956054687499,0.0948762404204187,0.0948932305030896,-0.466,0.427,0.893,0.1657361179752685,0.1364709642541114,4.910782334256359,-0.0016982421875,0.1048905147047868,0.1049042615986714,-0.679,0.637,1.316,1.1352691918982902,-0.0222789700043889,6.472568317492703,-0.00293701171875,0.0567331596473365,0.0568091316727007,-0.239,0.234,0.473,0.1435002725648448,-0.0015947123342306,4.207070112825591,2nd_test,31,2004.02.12.15.42.39,0.0771344124946851,0
-0.0019884765625,0.0789911001960292,0.0790161246152881,-0.364,0.376,0.74,0.404492415747514,0.02973078517796,4.758522413316285,-0.00178076171875,0.0962442088406221,0.0962606817327627,-0.476,0.459,0.935,0.2295606492347852,0.1241903212953412,4.944905764500172,-0.0025443359375,0.1066988743714625,0.1067292061129473,-0.876,0.745,1.621,1.7143269486039925,0.0285064876097611,8.207687772592964,-0.003243896484375,0.0558877741344923,0.0559818377878877,-0.291,0.251,0.542,0.1527706475195329,-0.0151665749701636,5.198114450929348,2nd_test,33,2004.02.12.16.02.39,0.0782099573325959,0
-0.00203349609375,0.0768349867352461,0.0768618910316988,-0.413,0.347,0.76,0.409627806173567,-0.0128029384011031,5.373273991194154,-0.001471728515625,0.0959440423336275,0.0959553294202079,-0.364,0.461,0.825,0.1730856867768788,0.129434502783332,4.804318871924067,-0.0014912109374999,0.1062749548860578,0.1062854164318593,-0.754,0.686,1.44,1.3472119328296015,-0.0386511347563696,7.094105901878863,-0.0028114746093749,0.0555690699783181,0.0556401467263915,-0.244,0.21,0.4539999999999999,0.033498695927733,-0.0465474682907441,4.385322727408973,2nd_test,36,2004.02.12.16.32.39,0.077767893398674,0
-0.0018202636718749,0.0798444408576325,0.0798651870072506,-0.457,0.352,0.8089999999999999,0.5706517890996232,-0.0097771001510573,5.722142739774569,-0.002276025390625,0.0964936679807248,0.0965205068985504,-0.435,0.442,0.877,0.2158220815230112,0.131739865666037,4.579337740735162,-0.00146455078125,0.1049106474967943,0.1049208695502829,-0.569,0.764,1.333,1.1663803941882165,-0.0090097345466855,7.2816781186375295,-0.003012158203125,0.0563866811504496,0.0564670780916024,-0.264,0.232,0.496,0.1600982637971602,0.0294147471940574,4.675290610345675,2nd_test,37,2004.02.12.16.42.39,0.0782091749192886,0
-0.002309033203125,0.07739473796891,0.077429174731553,-0.378,0.356,0.734,0.3569692841046232,0.0451482578368148,4.881880780799279,-0.001729443359375,0.0954686220962866,0.0954842855096946,-0.386,0.581,0.967,0.2629708782870037,0.0947300897275858,6.084770880281925,-0.0022916015625,0.1074285110576331,0.1074529498235448,-0.752,0.798,1.55,1.8640022241691008,0.0208655713441825,7.426506217865761,-0.0027642578125,0.056033258572441,0.0561014009406182,-0.281,0.308,0.589,0.2587931953743996,-0.0276927216381427,5.490058979463264,2nd_test,38,2004.02.12.16.52.39,0.0776563082680035,0
-0.001993701171875,0.0784359219797226,0.0784612560514543,-0.398,0.498,0.896,0.6561008820895786,-0.0005041417219279,6.347081668780171,-0.0018719238281249,0.0967774355117378,0.0967955377228045,-0.449,0.457,0.906,0.2754390482884208,0.108210881267721,4.721292021787197,-0.00211201171875,0.1067810568125258,0.1068019414032348,-0.869,0.989,1.858,2.579939922114936,-0.0035482858090224,9.260131295336032,-0.003388427734375,0.05653621499815,0.0566376645778065,-0.239,0.239,0.478,0.0975187996884603,-0.0140651279512878,4.219806762467253,2nd_test,39,2004.02.12.17.02.39,0.0785228292608457,0
-0.001803759765625,0.0786407433781452,0.078661426813651,-0.354,0.393,0.747,0.4531140075529549,-0.0085671941098194,4.996095493233567,-0.000918505859375,0.0951153824870518,0.0951198172762746,-0.479,0.505,0.984,0.1483699249076551,0.108821825138084,5.309093461858984,-0.0013694335937499,0.1052543976556374,0.1052633059248033,-0.676,0.752,1.428,1.401758131800796,-0.0250110329924698,7.143989953441704,-0.002696533203125,0.055708350015225,0.0557735739641487,-0.239,0.234,0.473,0.138691962476336,-0.0019554327944188,4.28518351987527,2nd_test,41,2004.02.12.17.22.39,0.0770942228938163,0
-0.001730615234375,0.0776092472203775,0.077628540390781,-0.33,0.449,0.779,0.4307640222326752,0.0446958300367771,5.783955201707464,-0.0009978515624999,0.0950388294169636,0.0950440676985549,-0.374,0.449,0.823,0.1384097036275555,0.1179178740459167,4.724124407420564,-0.001357373046875,0.1029830622134763,0.1029920072843185,-0.583,0.654,1.237,1.1634253579081315,0.0488761984451644,6.350007318414769,-0.0032916992187499,0.0549814907548738,0.0550799383566739,-0.239,0.22,0.4589999999999999,0.1682948222939555,-0.0026616037102073,4.339147920754739,2nd_test,42,2004.02.12.17.32.39,0.0764820405063468,0
-0.0019462890624999,0.0781845219875164,0.078208743242244,-0.334,0.415,0.749,0.488396336752809,-0.0063561880042718,5.306312092361224,-0.0018541992187499,0.0945680968061557,0.094586272726444,-0.383,0.444,0.827,0.1835254854912502,0.1148089295325565,4.694127246978136,-0.00133876953125,0.1018437551820419,0.1018525540840164,-0.61,0.552,1.162,1.0846068355776328,-0.0133441869747115,5.989049616672666,-0.00303681640625,0.0554363973609823,0.0555195137429174,-0.222,0.225,0.447,0.063034373451503,-0.0084341916105236,4.052629153738766,2nd_test,43,2004.02.12.17.42.39,0.076131239999423,0
-0.001611865234375,0.0780719268842478,0.078088564316122,-0.444,0.469,0.913,0.5367816627512911,0.0308682024183701,6.006001059199459,-0.0011041015625,0.096827342121923,0.0968336368348119,-0.583,0.503,1.086,0.4142096945384081,0.1001054859587995,6.020635174412753,-0.003328466796875,0.1069766679721458,0.1070284363225055,-0.835,1.057,1.892,3.123223334762214,0.0572607257276196,9.875880058689242,-0.0033448242187499,0.0552798088648392,0.0553809093206991,-0.278,0.251,0.529,0.1887912733896777,-0.0080318452734711,5.019780343170984,2nd_test,44,2004.02.12.17.52.39,0.0781424849670846,0
-0.001743408203125,0.0764623894633606,0.076482262483594,-0.361,0.344,0.705,0.4576700058997076,0.0181501225306825,4.720048652754184,-0.0020607421875,0.0947121173745691,0.0947345334919505,-0.5,0.479,0.979,0.1890539413388863,0.1132359818366039,5.277906393418894,-0.002097705078125,0.1049568711396296,0.1049778317837419,-0.82,0.667,1.487,1.2872550382771744,0.0232006876032605,7.811172950127391,-0.00347412109375,0.0557275407939239,0.0558357262002787,-0.269,0.232,0.501,0.1232386701607399,-0.0016293672015524,4.817703973801619,2nd_test,45,2004.02.12.18.02.39,0.0771586840848876,0
-0.002005615234375,0.0788877844588661,0.0789132753679434,-0.325,0.364,0.6890000000000001,0.3564760255027606,0.0683907659629997,4.612658621736199,-0.0009242675781249,0.095781686769756,0.0957861461330166,-0.393,0.393,0.786,0.1346844751907334,0.083810546405634,4.102889779594476,-0.00175927734375,0.1070339705943702,0.1070484279098425,-0.71,0.745,1.455,1.7336051729812525,-0.0223198650017901,6.959466986479133,-0.0028974121093749,0.0559343266657677,0.0560093197288127,-0.269,0.317,0.5860000000000001,0.1850172740601894,0.016862917765479,5.659772365192048,2nd_test,46,2004.02.12.18.12.39,0.0781350223563214,0
-0.00220166015625,0.0782165673210853,0.0782475476352933,-0.415,0.349,0.764,0.3297582489932256,0.0258243383048177,5.303680594936776,-0.0019171386718749,0.0960081291277445,0.0960272684152625,-0.43,0.481,0.911,0.182610544256581,0.0980110009323957,5.008993881976769,-0.00145703125,0.1045971728291103,0.1046073205082046,-0.627,0.667,1.294,0.9536161721882284,0.0260300211285527,6.3762267951534914,-0.003188134765625,0.056138616334764,0.0562290711933393,-0.232,0.217,0.449,0.1125582876738215,-0.0059701317063463,4.125979587999237,2nd_test,48,2004.02.12.18.32.39,0.0775647108379202,0
-0.00212666015625,0.0769404413543266,0.0769698265505305,-0.405,0.366,0.771,0.4243128403754697,0.0466076515964551,5.261802165149179,-0.0012449707031249,0.0947099715450159,0.0947181538149333,-0.413,0.442,0.855,0.3387513027605617,0.111562686453778,4.666476089250457,-0.00130400390625,0.1027133653117073,0.1027216425094719,-0.657,0.696,1.353,1.159766503739327,0.0103798204346188,6.775592591688226,-0.0028795410156249,0.0551426496279645,0.0552177830454385,-0.229,0.237,0.4659999999999999,0.1504887734668334,-0.0463498475098688,4.292095533800789,2nd_test,49,2004.02.12.18.42.39,0.076426920009832,0
-0.0019012695312499,0.0784566088423693,0.0784796425633743,-0.396,0.396,0.792,0.5533985473990728,-0.0418708521278142,5.045894541061063,-0.00172734375,0.0965363474615939,0.0965518000746555,-0.476,0.496,0.972,0.2066651233560459,0.1153403873923767,5.137138816794167,-0.0025740234375,0.104866794174947,0.1048983799550188,-0.591,0.698,1.289,1.2143407388564906,0.0661050033760303,6.654058911993237,-0.00321083984375,0.0559095948174733,0.0560017168054359,-0.259,0.256,0.515,0.1070165993688747,-0.0010293698960354,4.624858214529497,2nd_test,50,2004.02.12.18.52.39,0.0777607538340842,0
-0.001943994140625,0.0785155011694543,0.0785395635148895,-0.427,0.403,0.8300000000000001,0.5791138307510244,-0.0238302704124404,5.436750357208342,-0.00106044921875,0.0961041338809988,0.0961099844010106,-0.525,0.52,1.045,0.2713402186131421,0.1343229756961232,5.462491782373207,-0.002068798828125,0.1034532470222932,0.1034739302822062,-0.613,0.942,1.555,1.4894622658892924,0.0327648264902187,9.103742338014642,-0.003169775390625,0.0561487755403099,0.0562381762746901,-0.254,0.249,0.503,0.1447980616240283,-0.0375737413583762,4.516504922827582,2nd_test,51,2004.02.12.19.02.39,0.0773297252738891,0
-0.0020525390625,0.0768859378232418,0.0769133301291947,-0.386,0.352,0.738,0.3985078570542333,-0.0478419629433012,5.01863590286105,-0.002010009765625,0.0957881448752021,0.0958092314857531,-0.378,0.671,1.049,0.2914047717655528,0.1463230166453122,7.003500493506981,-0.0022109375,0.1031511853000662,0.1031748771428272,-0.559,0.608,1.167,1.089851746767514,0.0643467068686552,5.892907428931941,-0.003000732421875,0.0572286203721348,0.0573072367573731,-0.271,0.244,0.515,0.1900659310638115,-0.0208975515221372,4.7288966512663695,2nd_test,53,2004.02.12.19.22.39,0.0773501225197399,0
-0.001935693359375,0.0766034706411227,0.0766279232593894,-0.4,0.393,0.793,0.4252427854733462,0.0159180913655043,5.2200292397427965,-0.0015411621093749,0.0940604799669779,0.094073104935819,-0.391,0.391,0.782,0.1322240308933109,0.1123289066074491,4.15634203062184,-0.00289130859375,0.1052249780170003,0.1052646933404667,-0.686,0.688,1.374,1.3981050792716705,0.0304544929707385,6.535904662432311,-0.0034065917968749,0.054976399104537,0.0550818420731539,-0.227,0.232,0.459,0.0525892192967294,-0.0101225955013421,4.21191433081831,2nd_test,54,2004.02.12.19.32.39,0.0767663601395484,0
-0.002105029296875,0.078310920363278,0.0783392072750572,-0.349,0.442,0.7909999999999999,0.613387552300388,0.0508267209147819,5.642130107883902,-0.00194560546875,0.0963085529600887,0.0963282033150533,-0.505,0.425,0.93,0.3700609545993831,0.1357897059272033,5.242493710207513,-0.001716650390625,0.1051239862099546,0.1051380015276796,-0.71,0.513,1.223,1.0193944038430145,-0.0336014873959283,6.753029253712086,-0.0036416015625,0.0563039946387354,0.0564216365786986,-0.3,0.251,0.5509999999999999,0.1410640808870447,-0.029403350661844,5.31710914794599,2nd_test,55,2004.02.12.19.42.39,0.0780082031115621,0
-0.002425537109375,0.0773422892678007,0.0773803136427678,-0.461,0.352,0.813,0.4843217611881623,-0.0105525380817341,5.957587638146366,-0.001418896484375,0.0957437526741353,0.0957542659277349,-0.369,0.449,0.8180000000000001,0.1831700204454205,0.1265563506742382,4.689086127339413,-0.0012374999999999,0.104465784526412,0.1044731139718193,-0.767,0.964,1.731,2.203556437332323,0.0158754305561645,9.227254394377514,-0.0030388671875,0.0551297391412224,0.0552134299927336,-0.239,0.244,0.483,0.1292842641937257,0.0078599340410717,4.419214673453404,2nd_test,56,2004.02.12.19.52.39,0.077180835754448,0
-0.00203681640625,0.0773966764115374,0.0774234728013733,-0.452,0.383,0.835,0.4494151207921923,0.0073699605461076,5.838022806775264,-0.0016173828125,0.0949983377248995,0.0950121050059214,-0.427,0.515,0.942,0.34651446607314,0.171351043401032,5.420361962957068,-0.00100068359375,0.1030532738229429,0.1030581322035347,-0.747,0.615,1.362,1.3988224926041566,-0.0295475691787226,7.248336293515034,-0.0035380371093749,0.0542151765614072,0.0543304985820291,-0.254,0.244,0.498,0.1207765687565625,-0.0185971729441915,4.675090540754583,2nd_test,57,2004.02.12.20.02.39,0.0761093053171058,0
-0.001757666015625,0.0781090853466685,0.0781288589671935,-0.349,0.388,0.737,0.3479309532451049,0.0165210416119201,4.966154697817301,-0.0014138183593749,0.0971517176616029,0.0971620045437162,-0.398,0.432,0.8300000000000001,0.1915876504630875,0.1671247698068285,4.446182456035925,-0.00167548828125,0.1054610838174769,0.1054743924416609,-0.562,0.645,1.207,1.1733696112988712,0.0456722835650623,6.1152283986906255,-0.00283828125,0.0541704712950436,0.0542447767142722,-0.222,0.234,0.456,0.1297392002764903,-0.015381890073115,4.313779393511984,2nd_test,59,2004.02.12.20.22.39,0.0778745634504322,0
-0.0018957031249999,0.0786404394189504,0.0786632849704597,-0.366,0.413,0.7789999999999999,0.4129906291536191,-0.0018897816381499,5.250225694869505,-0.0011302734374999,0.0956862422431392,0.0956929175678965,-0.535,0.498,1.033,0.2366233871727616,0.101560793286932,5.590800380966679,-0.0010177734375,0.1059051382932736,0.105910028702137,-0.928,1.135,2.063,2.795106399579897,-0.0540021142503791,10.71664330468056,-0.002860888671875,0.0558588495044452,0.0559320637197763,-0.278,0.273,0.551,0.2198315059854652,-0.0117528843137966,4.970315441744282,2nd_test,60,2004.02.12.20.32.39,0.0774267482363325,0
-0.00229462890625,0.077092184383544,0.0771263263409048,-0.327,0.342,0.669,0.3950734414213919,0.0089467048873354,4.434283547797896,-0.001943408203125,0.0955974540109942,0.0956172058200203,-0.386,0.43,0.8160000000000001,0.2052111430541443,0.1810267482641815,4.49709857454828,-0.0018148437499999,0.1045811339043786,0.1045968796215379,-0.618,0.591,1.209,1.065480887483738,-0.0114182184646333,5.908398053844398,-0.003135986328125,0.0544569471748939,0.0545471677162011,-0.234,0.232,0.466,0.0665951734962488,-0.0141474133106818,4.289865263273962,2nd_test,61,2004.02.12.20.42.39,0.0767901737072686,0
-0.0020714355468749,0.0769147313771686,0.0769426198413264,-0.361,0.408,0.7689999999999999,0.3944622448109758,-0.0011731127230121,5.302652818893979,-0.001820654296875,0.0960085751234135,0.0960258365196412,-0.364,0.469,0.833,0.1059972898755998,0.1517102887695825,4.88410220617225,-0.0020623046874999,0.102144942996923,0.1021657598242618,-0.649,0.698,1.347,1.2396369321629832,0.070575558699833,6.832034540670154,-0.002686181640625,0.0555371418553313,0.0556020655845232,-0.244,0.254,0.498,0.0169624208784893,-0.0139816117500895,4.568175612276756,2nd_test,63,2004.02.12.21.02.39,0.0764397740116558,0
-0.0017930175781249,0.0769754880581647,0.0769963679262088,-0.381,0.371,0.752,0.4364865722352333,0.0403405329980825,4.948285357566364,-0.001588427734375,0.0957070899325034,0.0957202704029591,-0.486,0.449,0.935,0.1990169885737378,0.123254022410078,5.077294474294527,-0.0014183105468749,0.1020689419596908,0.1020787956315028,-0.618,0.569,1.1869999999999998,1.0030363022559836,0.0382327090443824,6.05414666357234,-0.003047705078125,0.055617697199755,0.0557011377625886,-0.237,0.215,0.4519999999999999,0.0558695977707137,-0.0422100142878542,4.254850251100706,2nd_test,65,2004.02.12.21.22.39,0.0765993030346995,0
-0.0019039550781249,0.0774226649428793,0.0774460721521555,-0.383,0.459,0.8420000000000001,0.4911372191123604,0.0423987202231687,5.926704702238386,-0.00095810546875,0.0954970748832366,0.0955018810146886,-0.454,0.496,0.95,0.1388645532315853,0.0980940601847956,5.193614981452765,-0.00165634765625,0.1047998789021742,0.1048129672582011,-0.625,0.718,1.343,1.2221989216192428,-0.0606297222796984,6.850297427649338,-0.003030224609375,0.0552417955106331,0.0553248428142536,-0.264,0.242,0.506,0.262734499268757,-0.0363356015243086,4.771816539661498,2nd_test,66,2004.02.12.21.32.39,0.0775563428801903,0
-0.001963623046875,0.0766164975079725,0.0766416564660457,-0.32,0.393,0.7130000000000001,0.3460049721647049,0.0499064516312915,5.127759734276899,-0.00100888671875,0.0958278466342507,0.0958331573254724,-0.356,0.493,0.849,0.2060181473394058,0.1340755870890407,5.144357274179219,-0.00061826171875,0.1046371053075085,0.1046389318307841,-0.701,0.886,1.587,1.6468220602844514,0.0934417573083451,8.467211815811718,-0.003162060546875,0.0549488278997015,0.0550397339605954,-0.31,0.374,0.6839999999999999,0.2958428942463351,0.0162191959362475,6.795090983923767,2nd_test,67,2004.02.12.21.42.39,0.0770405512337458,0
-0.001947021484375,0.0769310141198675,0.0769556484357832,-0.386,0.369,0.755,0.4469901117158317,-0.0126964097722315,5.015876129184814,-0.0016390625,0.0956320156612501,0.0956460607934927,-0.393,0.439,0.8320000000000001,0.1302977212296454,0.1229919244684127,4.589838790572309,-0.002064404296875,0.1040034052483783,0.1040238918150987,-0.654,0.762,1.416,1.3927113991049564,0.0821964743214649,7.325240256797165,-0.00307841796875,0.0543469647826898,0.054434081587561,-0.232,0.208,0.44,0.1326356189831212,-0.0398365525144402,4.262035717871895,2nd_test,68,2004.02.12.21.52.39,0.0767949694496352,0
-0.00241171875,0.0772870866893098,0.0773247059887718,-0.381,0.444,0.825,0.4880416166718633,0.0437283345652837,5.742019892823524,-0.001124072265625,0.0959806681514943,0.0959872501807694,-0.422,0.432,0.854,0.1715128251316944,0.0837310216093558,4.500597727114057,-0.001303759765625,0.1038276924159767,0.1038358777203386,-0.522,1.055,1.577,1.579198650474679,0.0620591323899337,10.160264671053994,-0.0032920898437499,0.0557908687078757,0.0558879136014107,-0.225,0.212,0.437,0.1378021885222122,0.0306388637427517,4.025915184464761,2nd_test,69,2004.02.12.22.02.39,0.0768975029555494,0
-0.002700634765625,0.075724782309671,0.0757729244782354,-0.361,0.5,0.861,0.5881648615563315,0.0317515680588232,6.598663090231104,-0.002216162109375,0.0941339450561437,0.0941600286019929,-0.386,0.508,0.894,0.2184852588694861,0.1045362855108135,5.395070578640977,-0.0015990722656249,0.1034689177603529,0.103481273545552,-0.823,0.759,1.582,1.785811206843225,0.0519175865231257,7.953129796279181,-0.00306689453125,0.0553244250715422,0.055409366099627,-0.259,0.259,0.518,0.1380682408762625,-0.0341233001571171,4.674300000646803,2nd_test,70,2004.02.12.22.12.39,0.0764613911247683,0
-0.002236181640625,0.0773680071145254,0.07740031675131,-0.439,0.364,0.8029999999999999,0.5401611783934817,0.0037309822695518,5.67181141396166,-0.001795751953125,0.0958833913554035,0.0959002057499911,-0.459,0.554,1.013,0.3920831152437811,0.1264975841033485,5.776838492281072,-0.0025425781249999,0.1038455628396238,0.1038766847035464,-0.779,0.591,1.37,1.2466096817065138,-0.0823448939328084,7.499276687696454,-0.003435205078125,0.0567152547206159,0.0568191935172713,-0.276,0.298,0.5740000000000001,0.2451474041553569,0.0179771774211069,5.244706613165363,2nd_test,72,2004.02.12.22.32.39,0.0774115858006126,0
-0.001548583984375,0.0779397089135824,0.0779550918022076,-0.398,0.383,0.781,0.3260740035745182,-0.030949995995736,5.105503576401706,-0.0004439453125,0.0979039796978882,0.0979049862270814,-0.544,0.459,1.003,0.1996724417020638,0.1288221990169523,5.556407502399181,-0.00126591796875,0.1042218093185581,0.1042294971969907,-0.735,0.754,1.489,1.3719869623829863,0.0848210624313633,7.234036623699025,-0.002894580078125,0.055629709859588,0.0557049657830486,-0.242,0.232,0.474,0.0569402677295225,-0.0010541779225539,4.344316464319552,2nd_test,73,2004.02.12.22.42.39,0.0782077919865157,0
-0.00193642578125,0.0787966216243593,0.0788204118500959,-0.437,0.332,0.769,0.3948251135159331,-0.0051681301375093,5.54424913213548,-0.001228173828125,0.0969304429913586,0.0969382235728153,-0.608,0.425,1.033,0.2173348924129365,0.104471796766339,6.272035710836271,-0.0010160644531249,0.1061892946330642,0.1061941555907886,-0.801,0.608,1.409,1.573925098875823,-0.0456214385193056,7.542787976760715,-0.003147802734375,0.0563258852714925,0.0564137750347543,-0.261,0.273,0.534,0.1846573202714125,-0.034051897064771,4.839243603658431,2nd_test,74,2004.02.12.22.52.39,0.0783562243321357,0
-0.0020615234374999,0.0775332207278218,0.0775606227109639,-0.342,0.383,0.7250000000000001,0.340161177797444,0.0106941722408667,4.938072782400714,-0.001523291015625,0.094881570633131,0.0948937978022174,-0.349,0.515,0.864,0.1299100237634785,0.1285269416538929,5.427119705630947,-0.002278955078125,0.1021754793507168,0.1022008914677209,-0.728,0.688,1.416,1.3360804625620712,0.0310047480790287,7.123225536861464,-0.002906494140625,0.0561401079054773,0.0562152952836514,-0.229,0.242,0.471,0.0530039074065764,0.0238915130093353,4.304878214631982,2nd_test,75,2004.02.12.23.02.39,0.0762623197155928,0
-0.002091162109375,0.0768620850433046,0.0768905265697398,-0.352,0.342,0.694,0.4461346262694334,-0.0526448356214815,4.577937175084335,-0.001405078125,0.0966968925907789,0.0967071004696656,-0.544,0.508,1.052,0.313454532863942,0.1321994592129926,5.625233280207928,-0.00089853515625,0.104183583636851,0.1041874582895837,-0.601,0.557,1.158,1.0814898393083068,0.0440693703879946,5.7684486200227925,-0.0035525390625,0.0555320305709633,0.0556455474690024,-0.271,0.273,0.544,0.1565247268159741,-0.0353920561865726,4.9060529083152575,2nd_test,76,2004.02.12.23.12.39,0.0775986364989628,0
-0.002017138671875,0.0782202697191578,0.0782462743097674,-0.432,0.422,0.854,0.4445772787585356,-0.0092801089087705,5.521029643970569,-0.000885009765625,0.0955941259896776,0.0955982226090821,-0.386,0.439,0.825,0.1747507168074373,0.1419039741770779,4.592135585936107,-0.002043701171875,0.1037510118285212,0.1037711384245247,-0.632,0.781,1.413,1.442726635952626,-0.0037950056678275,7.526177430929064,-0.0036936523437499,0.0550732839072835,0.0551970077809363,-0.254,0.225,0.479,0.1409018099410128,-0.0153014179152724,4.601698718949823,2nd_test,77,2004.02.12.23.22.39,0.0768815058464211,0
-0.001696533203125,0.076706570747191,0.0767253297203936,-0.393,0.415,0.808,0.6543006059840124,0.0245794239445527,5.40890474510771,-0.000932763671875,0.0944999024510637,0.094504505772625,-0.391,0.457,0.8480000000000001,0.1531224526838275,0.1175347092007226,4.835748266804253,-0.00109208984375,0.0995325815056528,0.0995385726309466,-0.669,0.686,1.355,1.3640326168518468,0.0166609777905748,6.891800654370945,-0.002852734375,0.0551500456172585,0.0552237777139521,-0.266,0.225,0.491,0.134524079738691,0.0223054015337147,4.816765730388976,2nd_test,78,2004.02.12.23.32.39,0.0753472976521824,0
-0.001356591796875,0.0773706565603994,0.0773825486649969,-0.427,0.359,0.786,0.3863550827223339,-0.0226081924091522,5.518040014978597,-0.0009378906249999,0.0959512960858296,0.0959558797540567,-0.42,0.41,0.83,0.106350067050021,0.0924177859805967,4.377011612754938,-0.0008666503906249,0.1057378499461808,0.1057414015139795,-0.698,0.759,1.457,1.0985282762006534,0.0133915322762065,7.177888595437983,-0.00320390625,0.0561132680560374,0.0562046605468576,-0.386,0.408,0.794,0.3371074036062884,-0.0209738232598808,7.259184487958828,2nd_test,79,2004.02.12.23.42.39,0.077993044904987,0
-0.00216064453125,0.0747914220383733,0.0748226248892171,-0.369,0.337,0.706,0.3027462055056253,0.0136914703507221,4.93166339113887,-0.0015541015625,0.0944693640546814,0.094482146337615,-0.427,0.432,0.859,0.1751232232429038,0.0968074100386095,4.572292403813023,-0.0017177734374999,0.1024363542707979,0.1024507560824955,-0.728,0.657,1.385,1.2115547723936508,-0.0748505544073137,7.105852878300799,-0.00300712890625,0.0556736308483194,0.055754784513024,-0.242,0.239,0.481,0.0128213346094403,-0.0030610389672855,4.340434674967301,2nd_test,81,2004.02.13.00.02.39,0.0765630888455109,0
-0.002271875,0.0773051823664049,0.0773385585378907,-0.447,0.457,0.904,0.58162761268939,-0.0261962126327816,5.909083497725024,-0.002237841796875,0.0954599920472984,0.0954862189929946,-0.422,0.452,0.874,0.2133919307031337,0.1247170059013992,4.733667379042703,-0.00216025390625,0.1034250917894409,0.1034476500873449,-0.771,0.632,1.403,1.3405734951640973,-0.0256917038047273,7.453045084557856,-0.003503955078125,0.0554266661128793,0.0555373119405155,-0.232,0.225,0.457,0.1399153181106918,-0.0541380911500289,4.177371786454331,2nd_test,82,2004.02.13.00.12.39,0.0768024493962094,0
-0.00184248046875,0.0767718692892115,0.0767939753394594,-0.374,0.342,0.716,0.3194399375811279,0.0068579063652088,4.870173712741181,-0.001959716796875,0.0936625831417176,0.0936830826280984,-0.325,0.422,0.747,0.173230548639129,0.1522170930746444,4.504548613870274,-0.002226953125,0.1012585415768914,0.1012830270208192,-0.693,0.886,1.579,2.178081611190562,0.0206490611313349,8.747763826303595,-0.00304990234375,0.0560083755768375,0.0560913544056702,-0.234,0.266,0.5,0.1480071064790098,-0.0032566339935605,4.742263808990287,2nd_test,83,2004.02.13.00.22.39,0.0751929343237964,0
-0.001706982421875,0.0777030180478582,0.077721765308917,-0.334,0.42,0.754,0.4393592386496618,0.0070620473502682,5.403891668250741,-0.001848193359375,0.0963357813343035,0.0963535084155443,-0.493,0.459,0.952,0.2913523343271857,0.1124693366183091,5.116575494778243,-0.0021367675781249,0.101035975065915,0.1010585673419286,-0.708,0.693,1.4009999999999998,1.4510029479173916,0.0761293261543969,7.005838481734035,-0.003107958984375,0.0547984679082551,0.0548865329032598,-0.212,0.205,0.417,0.0808023869942813,-0.020318753995379,3.862513968040169,2nd_test,84,2004.02.13.00.32.39,0.0764077559011573,0
-0.002742236328125,0.0768428554065378,0.0768917699569295,-0.352,0.403,0.755,0.2631304571372461,-0.0135506773778181,5.241133091623418,-0.00197607421875,0.0939263092854951,0.0939470938630488,-0.437,0.745,1.182,0.2962981014032264,0.1531277776464532,7.9299951638535235,-0.002495068359375,0.1036032941262193,0.1036333340191363,-0.701,0.889,1.59,2.5184058199803943,0.034450965703638,8.578320946687523,-0.00354931640625,0.0548369022569845,0.0549516468915513,-0.229,0.222,0.451,0.1601230199915919,0.0225347664826799,4.167300034660847,2nd_test,86,2004.02.13.00.52.39,0.0755631373868167,0
-0.00155859375,0.0776150336067212,0.0776306811528148,-0.42,0.452,0.872,0.6069125322892983,0.0510543194591798,5.822440216702753,-0.00135390625,0.0958514819202275,0.0958610434349506,-0.393,0.601,0.994,0.2352122767714362,0.1148812433925863,6.269491531265844,-0.0008954101562499,0.1056590505323707,0.1056628445516682,-0.63,0.94,1.5699999999999998,1.8648148562940623,0.1359471792913205,8.89622084262034,-0.0029212402343749,0.0565393106644831,0.0566147268378279,-0.22,0.239,0.4589999999999999,0.1547480612014649,0.0259355020248596,4.221516438300418,2nd_test,88,2004.02.13.01.12.39,0.0780190695000046,0
-0.00193974609375,0.077760340715668,0.07778453061583,-0.347,0.374,0.721,0.4203109108981144,-0.0141182653667166,4.808153973986681,-0.0016271484375,0.0952940399401693,0.0953079307306388,-0.43,0.466,0.896,0.1450110428849109,0.0941764096724908,4.889414725749623,-0.001552783203125,0.1052906248009039,0.1053020740851794,-0.603,0.642,1.245,1.0177974456419454,0.0227084820045796,6.096746009718532,-0.002844140625,0.0553243942441327,0.055397452417733,-0.254,0.259,0.513,0.175120593671362,-0.0010298189270264,4.675305247654623,2nd_test,89,2004.02.13.01.22.39,0.0775052456382469,0
-0.002697802734375,0.0785429926498269,0.0785893111942354,-0.378,0.393,0.771,0.3801399430969199,-0.048650059066129,5.000680041891322,-0.00158720703125,0.0954698461087449,0.0954830390288636,-0.417,0.474,0.891,0.2413092544930273,0.1609236151544278,4.9642324418659305,-0.001394189453125,0.10337599302079,0.1033853940228774,-0.579,0.701,1.2799999999999998,1.2099423024855387,-0.0438815820791203,6.780454885514098,-0.002969873046875,0.0547698533548093,0.0548503143329359,-0.21,0.208,0.418,0.089612686912099,-0.0167350977217104,3.828601577768405,2nd_test,90,2004.02.13.01.32.39,0.0770001396579079,0
-0.0018339355468749,0.0766890466348961,0.0767109717925628,-0.332,0.386,0.718,0.358155992917113,-0.0057015413383112,5.03187472371965,-0.0009106933593749,0.0950036162084544,0.0950079810072718,-0.459,0.488,0.947,0.210906030654741,0.1319449266499253,5.136410592258691,-0.0008028320312499,0.1048689262422303,0.1048719992680064,-0.51,0.754,1.264,1.1248418565844922,0.0563055868869588,7.189717038443403,-0.002327294921875,0.0549543645643795,0.0550036224836885,-0.347,0.247,0.594,0.2132932337289288,-0.0214579081912814,6.308675398544799,2nd_test,92,2004.02.13.01.52.39,0.0774940010225592,0
-0.0020482421874999,0.0750163355701866,0.0750442929105038,-0.342,0.425,0.767,0.3535492935283617,-0.0236184857851431,5.663322066358624,-0.001854638671875,0.094478330295761,0.0944965321060943,-0.403,0.471,0.874,0.1854929119210382,0.1239515639600267,4.98430989473993,-0.00220361328125,0.1028851820723917,0.1029087780588347,-0.759,0.723,1.482,2.035958221913908,0.0242483480347381,7.375464117926764,-0.002729345703125,0.0554484085779719,0.0555155414437873,-0.227,0.254,0.481,0.1364547063575223,0.0307033355078364,4.575295374766614,2nd_test,93,2004.02.13.02.02.39,0.0758716667245864,0
-0.0017783203125,0.0782260669939049,0.0782462777419395,-0.352,0.403,0.755,0.5428820813815229,0.0238912743063464,5.150404742880744,-0.00168779296875,0.0956562489148363,0.0956711377666352,-0.588,0.479,1.067,0.2884851379138888,0.0940927309421446,6.146054219906178,-0.0025396484375,0.1056272711029573,0.1056577977001402,-0.818,0.815,1.633,1.971783876317854,0.0506520896005847,7.741974731612,-0.00268662109375,0.055250970692026,0.0553162516383069,-0.242,0.217,0.4589999999999999,0.1285679249238929,-0.0138845196746572,4.374844513651717,2nd_test,94,2004.02.13.02.12.39,0.0774751482138636,0
-0.0017580566406249,0.0782962947651913,0.0783160298860289,-0.437,0.408,0.845,0.5366345309682168,-0.0037356983017462,5.579955988963864,-0.00124619140625,0.0956148806693628,0.0956230014088529,-0.549,0.454,1.003,0.2057239229292577,0.1049005370639222,5.74129646534428,-0.001989306640625,0.1030883762282947,0.1031075683657454,-0.598,0.618,1.216,1.0837880960576642,0.0652180671815192,5.993740418761723,-0.002867333984375,0.0559855286767274,0.0560589067445185,-0.222,0.227,0.449,0.0973646911885399,-0.0147547366266761,4.049311932365626,2nd_test,96,2004.02.13.02.32.39,0.0771299033227805,0
-0.00236171875,0.0765237135132528,0.0765601491986039,-0.359,0.444,0.8029999999999999,0.3892193620919868,0.0105926702214234,5.799361738995889,-0.00148994140625,0.0961959288887122,0.0962074667588553,-0.515,0.41,0.925,0.217882862211566,0.0997386116696264,5.353014868227413,-0.0018703125,0.1019725423439557,0.1019896929152034,-0.613,0.698,1.311,1.0717727888102022,0.0100030282125201,6.843828822717303,-0.002738720703125,0.055952600482079,0.0560195866799896,-0.283,0.325,0.608,0.2726749633543774,0.0210754758620563,5.801542268613155,2nd_test,97,2004.02.13.02.42.39,0.0770989366309193,0
-0.0017819824218749,0.0779258334891341,0.0779462057211775,-0.361,0.388,0.749,0.5248632368505843,0.0329649759572099,4.977792009311429,-0.001885498046875,0.0948430602561719,0.0948618004343193,-0.378,0.417,0.7949999999999999,0.1320935328878878,0.0910304428471702,4.395868495921366,-0.0014565917968749,0.1025740465702236,0.1025843881370509,-0.718,0.637,1.355,1.2515653595283167,0.0466376503610703,6.999115684481787,-0.00285546875,0.0552920089990884,0.0553656929960919,-0.266,0.276,0.542,0.168217665111467,-0.0040182298560237,4.98503649208359,2nd_test,100,2004.02.13.03.12.39,0.0766682674881525,0
-0.002490185546875,0.0765534363344586,0.0765939269046304,-0.381,0.369,0.75,0.4165630099460307,-0.0611595149988313,4.974284716716783,-0.0011771484375,0.0951453240098066,0.0951526056362882,-0.503,0.566,1.069,0.1722858300953147,0.1592244837915963,5.948339472252944,-0.0011845703124999,0.1022982657334961,0.1023051239132539,-0.74,0.764,1.504,1.2532962430208163,-0.0201836366824742,7.467856650467859,-0.002703955078125,0.0557164382230559,0.0557820119870924,-0.22,0.232,0.452,0.0642020030984791,-0.0103598215874071,4.159046827667745,2nd_test,101,2004.02.13.03.22.39,0.0769833832284711,0
-0.0020548339843749,0.0766042473622532,0.0766318018621552,-0.371,0.33,0.7010000000000001,0.4007797505176063,-0.0180452754106096,4.841332070757135,-0.001527001953125,0.0960948564641379,0.0961069881633387,-0.376,0.488,0.864,0.097205993618318,0.158675371909497,5.077674468016223,-0.001918115234375,0.1012141978752278,0.1012323713916557,-0.745,0.776,1.521,1.2542307546283444,-0.0207344774952908,7.665532174388018,-0.002785498046875,0.0554855602577394,0.0555554353460071,-0.266,0.232,0.498,0.0909057844136378,-0.013877093757528,4.788010360075957,2nd_test,103,2004.02.13.03.42.39,0.076566142948598,0
-0.0018719726562499,0.0772601424092203,0.0772828175386919,-0.396,0.437,0.833,0.5316575196159739,0.0418055599042889,5.65455574617941,-0.001222314453125,0.095798543198831,0.0958063407694951,-0.461,0.488,0.949,0.2109481424887671,0.1293213426033962,5.0936085866071,-0.0022306640625,0.1016505388475463,0.1016750112375516,-0.654,0.647,1.3010000000000002,1.2569894540156232,-0.0310751404378596,6.432258939864528,-0.003227099609375,0.0557729496449268,0.0558662338446433,-0.229,0.237,0.4659999999999999,0.1444020536617589,-0.0046145130127011,4.242276303335991,2nd_test,104,2004.02.13.03.52.39,0.0771774792262507,0
-0.001763818359375,0.0760414433253226,0.0760618968880156,-0.366,0.42,0.786,0.4773209140232182,0.0167511483895828,5.521818639532951,-0.00147822265625,0.0954994166906128,0.0955108566104856,-0.508,0.513,1.021,0.2711515130004951,0.134365327353293,5.37111715044873,-0.0014521484375,0.104693038357574,0.1047031089109822,-0.745,0.798,1.543,1.870874263480986,0.0347298255996816,7.621550193612991,-0.003008837890625,0.0548907070168855,0.0549731099926648,-0.22,0.242,0.4619999999999999,0.136238083399959,0.0344359623545057,4.402152252763004,2nd_test,107,2004.02.13.04.22.39,0.0772134396482177,0
-0.001752685546875,0.0760203773412639,0.0760405791517553,-0.339,0.369,0.708,0.4479454656885884,0.0358434139483311,4.852672140472894,-0.0016619628906249,0.0949936574694769,0.0950081948048594,-0.369,0.532,0.901,0.2539670358570585,0.1142243097543967,5.599516979425755,-0.00176494140625,0.1023773753034331,0.1023925875841972,-0.884,0.647,1.531,1.8875397548532409,-0.0533937703667558,8.633437447456389,-0.002814208984375,0.0550892422579752,0.0551610767186938,-0.239,0.259,0.498,0.0812677486045161,-0.0009320199567963,4.695339819346399,2nd_test,108,2004.02.13.04.32.39,0.0765447488662192,0
-0.001767529296875,0.0773395801296969,0.0773597751706474,-0.364,0.381,0.745,0.4183562035156178,0.0350032500214415,4.925040166606344,-0.0016310546875,0.0945719799262386,0.094586044036964,-0.457,0.461,0.918,0.0918883134380794,0.145033265097773,4.873869128250762,-0.00184541015625,0.1036619347082088,0.1036783595843112,-0.732,0.764,1.496,1.8538444590521843,-0.0297158154348799,7.368943751191838,-0.00252431640625,0.0568166509976378,0.0568726999878346,-0.276,0.264,0.54,0.2509696888736035,0.0225546800960149,4.852943504602116,2nd_test,109,2004.02.13.04.42.39,0.0769346537450173,0
-0.002118603515625,0.0764743870879113,0.0765037277609929,-0.334,0.361,0.6950000000000001,0.4765381440622018,-0.0057696433145599,4.71872431005048,-0.00113310546875,0.0955208770217102,0.0955275974522546,-0.378,0.474,0.852,0.1903074547065077,0.1544776050396076,4.961916897700131,-0.0003154785156249,0.1032248027226707,0.1032252848086558,-0.698,0.774,1.472,2.0678084004142665,0.1441621346978079,7.498162891264782,-0.00304560546875,0.055507071887429,0.0555905634275053,-0.269,0.237,0.506,0.1432680996003097,0.0341072401606434,4.83895077526888,2nd_test,110,2004.02.13.04.52.39,0.0768782448131221,0
-0.00132509765625,0.0762639374748652,0.0762754484940518,-0.364,0.354,0.718,0.387836383529768,-0.0203846835729125,4.772177773869315,-0.00202861328125,0.0932943566045068,0.0933164093077619,-0.349,0.437,0.786,0.1172356909502676,0.1233776384255288,4.682992018628475,-0.0008739746093749,0.1031789720810897,0.1031826735034914,-0.908,0.793,1.701,2.095860168540722,0.024944609826152,8.799927053261275,-0.00234873046875,0.0547240437576132,0.0547744237760654,-0.242,0.212,0.4539999999999999,0.0512250155596709,-0.0338563315865236,4.418120416655625,2nd_test,111,2004.02.13.05.02.39,0.0759671378691683,0
-0.0014458496093749,0.0779639045172761,0.0779773100887166,-0.349,0.417,0.766,0.4254419235589375,-0.0099928328704219,5.347709474977032,-0.001958837890625,0.0965002859604383,0.0965201649207466,-0.415,0.508,0.923,0.227873400252685,0.1354223768676507,5.263148901702138,-0.001221337890625,0.1051606786946649,0.1051677707749176,-0.544,0.662,1.206,0.9521126377119588,0.0874091303450807,6.294704120053396,-0.003254541015625,0.056531266444548,0.0566248719472889,-0.229,0.225,0.454,0.0842657666045982,-0.0400308327091903,4.044159255832447,2nd_test,112,2004.02.13.05.12.39,0.078596462044181,0
-0.002102587890625,0.076036267258561,0.0760653325402126,-0.413,0.369,0.782,0.450632419481404,-0.0211450942067463,5.42954308095918,-0.001607861328125,0.0949518226251615,0.0949654349639416,-0.53,0.388,0.918,0.1839427238400239,0.0897834856381444,5.580977965252937,-0.00211015625,0.1021718947104612,0.1021936829169249,-0.598,0.627,1.225,0.971371164444832,-0.0627764925240318,6.135408589820213,-0.0027189453125,0.0553029786337285,0.0553697761362189,-0.249,0.229,0.478,0.046643141497908,-0.005309882703252,4.497038228634358,2nd_test,113,2004.02.13.05.22.39,0.0765273082273005,0
-0.001947705078125,0.0767803345590963,0.0768050345360128,-0.352,0.374,0.726,0.4783552562370219,0.0311093072007488,4.869472453915335,-0.001518359375,0.0961046114534617,0.0961166050056518,-0.439,0.444,0.883,0.2325355542114002,0.1441948097207531,4.619389126044063,-0.001278662109375,0.1015965982844685,0.1016046443808826,-0.786,0.835,1.621,1.825469462174052,-0.0012430280447541,8.218128266476082,-0.00306328125,0.0546610650338945,0.0547468329920211,-0.271,0.212,0.483,0.1345572311237233,0.0048359911329274,4.950058024991984,2nd_test,114,2004.02.13.05.32.39,0.0765323441088382,0
-0.0018841796875,0.0754888726001154,0.0755123832197822,-0.408,0.349,0.7569999999999999,0.3984273331430605,-0.0275235538185988,5.403087316249764,-0.0015609863281249,0.0940588116563197,0.0940717637153446,-0.374,0.396,0.77,0.1490564029743892,0.0927213881510256,4.209552200956519,-0.0013930664062499,0.1037281866694765,0.1037375406675423,-0.732,0.784,1.516,2.0297368243466547,0.0564074292645245,7.5575340898528,-0.002704541015625,0.0555807615420833,0.0556465236623378,-0.232,0.247,0.479,0.1406452307232095,0.0298658927381709,4.438731905237299,2nd_test,115,2004.02.13.05.42.39,0.0763012525783652,0
-0.0015486328125,0.0789332062747884,0.0789483965410713,-0.444,0.452,0.896,0.5276336298870357,0.0588313751324776,5.7252587740541445,-0.0005879394531249,0.095374885735987,0.0953766978981403,-0.391,0.444,0.835,0.1942190988588157,0.1639229156172403,4.655225120810163,-0.000983154296875,0.1038024860622647,0.103807141878958,-0.532,0.564,1.096,0.9618252209843005,0.0295286527822126,5.433152187661675,-0.0032942871093749,0.0560467976074492,0.0561435290092222,-0.232,0.244,0.476,0.2006841195222355,-0.0176988754193504,4.346003970565767,2nd_test,116,2004.02.13.05.52.39,0.0776472034803918,0
-0.0014791015625,0.0772012143229807,0.0772153821098814,-0.388,0.378,0.766,0.4862324196442018,0.0059385764986372,5.024905522617646,-0.001273291015625,0.0953002244631349,0.0953087302020878,-0.417,0.444,0.861,0.2106940317033201,0.0924821234921112,4.658544910355075,-0.0015818359375,0.1044738175658647,0.1044857921524201,-0.637,0.659,1.296,1.1842499453626465,-0.0095354295263457,6.307077607569525,-0.0030880859375,0.0551590717642969,0.0552454475287896,-0.295,0.266,0.5609999999999999,0.2007187686372411,-0.0104815092569128,5.33980650334906,2nd_test,117,2004.02.13.06.02.39,0.0776773866499173,0
-0.00217138671875,0.0777278990495377,0.0777582227866448,-0.383,0.393,0.776,0.5105274416299461,-0.025183035895984,5.0541278582622695,-0.001573828125,0.0970137636145405,0.0970265286693541,-0.403,0.461,0.8640000000000001,0.1661934120301218,0.1091604304719157,4.751277885723801,-0.002143505859375,0.1028622958903501,0.1028846272929203,-0.605,0.625,1.23,1.1146395687269806,0.0781667052985031,6.074765651961813,-0.002871142578125,0.0564336381505344,0.0565066277051584,-0.254,0.251,0.505,0.2201331467589713,-0.0030775514032447,4.495047931737001,2nd_test,118,2004.02.13.06.12.39,0.078273066494325,0
-0.00113837890625,0.0772649572879957,0.0772733429537638,-0.408,0.417,0.825,0.6148985783371206,-0.025768231835504,5.396427591389617,-0.000979736328125,0.0952790834326938,0.0952841205188297,-0.442,0.53,0.972,0.2219679100667959,0.1224943929105685,5.562311926777984,-0.0017170410156249,0.1040116052467706,0.1040257768817872,-0.73,0.557,1.287,1.2394721520612686,-0.0434891370896041,7.017491451398048,-0.002857861328125,0.055504834756655,0.0555783595721785,-0.286,0.237,0.5229999999999999,0.1784933925693717,0.009044753872654,5.145887755528862,2nd_test,119,2004.02.13.06.22.39,0.0773302399782903,0
-0.00199541015625,0.0766641180126145,0.0766900818381604,-0.41,0.422,0.832,0.4040831221348422,0.020313258117192,5.502667227361243,-0.00146103515625,0.0960011130983175,0.0960122301576405,-0.369,0.618,0.987,0.3072513671492447,0.1296759429210746,6.436679983152993,-0.0012791015624999,0.1013818640399951,0.1013899327203211,-0.674,0.781,1.455,1.7440357477361754,0.0878009093146472,7.702934394351014,-0.00288232421875,0.0556131081044344,0.0556877507710403,-0.254,0.234,0.488,0.0863782473402747,0.0112108279512809,4.561146688070732,2nd_test,120,2004.02.13.06.32.39,0.0766785925709303,0
-0.00153115234375,0.0778033027084582,0.0778183676251548,-0.437,0.361,0.798,0.4002455766738801,-0.0153596317776344,5.615640797033677,-0.001337158203125,0.0946569208364432,0.09466636495766,-0.566,0.452,1.018,0.2312296311648674,0.1007082017339026,5.978892294503622,-0.0018711425781249,0.1055047750847643,0.105521366273539,-0.703,0.891,1.594,1.9353715754189027,-0.0050038143784382,8.443787561296837,-0.00274794921875,0.0556530340670876,0.0557208347548854,-0.239,0.261,0.5,0.1289782263407555,0.0081359999745208,4.6840647873178565,2nd_test,122,2004.02.13.06.52.39,0.0774228777326868,0
-0.001606103515625,0.0791683386930594,0.0791846286846246,-0.381,0.359,0.74,0.4507943486351515,-0.020519835462744,4.811539895105522,-0.0013494140625,0.0961702001765641,0.0961796668756577,-0.413,0.43,0.843,0.2414269075610198,0.090559374817245,4.470799431562165,-0.001336962890625,0.1023107889716168,0.1023195240888347,-0.732,0.659,1.391,1.2156847443136645,0.0294573333816552,7.154059858188131,-0.002831787109375,0.0556250129505742,0.0556970473542752,-0.249,0.225,0.474,0.1437956486700979,0.0077301289109038,4.470614006011875,2nd_test,123,2004.02.13.07.02.39,0.0775686644317483,0
-0.00177568359375,0.0763720064785267,0.0763926464116884,-0.342,0.366,0.708,0.3466352920025497,0.0101505211423457,4.791037059022599,-0.00157314453125,0.0938106102068286,0.0938237995984694,-0.425,0.437,0.862,0.1727151300520293,0.1279848622102282,4.6576668378976125,-0.001827294921875,0.1024702967971224,0.1024865880611793,-0.613,1.008,1.621,1.4752786856683269,0.0486312881331492,9.835433289948522,-0.002866748046875,0.0544817286582287,0.0545570985477886,-0.239,0.249,0.488,0.1240922676240043,0.0142366353640265,4.564025701941008,2nd_test,124,2004.02.13.07.12.39,0.0759622572635653,0
-0.00248662109375,0.077098629992926,0.0771387194037469,-0.354,0.43,0.784,0.4445053285611084,-0.0300330118978725,5.574373068650384,-0.00169365234375,0.0969596233153639,0.0969744142117844,-0.542,0.459,1.001,0.2914566197696508,0.1534405762462313,5.589103109308044,-0.00173076171875,0.1033514179713341,0.1033659089488042,-0.701,0.901,1.602,1.9874480323671089,-0.0669518703721952,8.716606946663006,-0.002705322265625,0.0549214907614017,0.0549880797629415,-0.222,0.266,0.488,0.0987097052213012,0.0200116586437377,4.837412056247679,2nd_test,125,2004.02.13.07.22.39,0.0774856707886433,0
-0.002367041015625,0.0761606603772313,0.0761974348142089,-0.376,0.376,0.752,0.3380137985962994,-0.014486936382795,4.934549317990302,-0.001174853515625,0.0947003561944592,0.0947076435359925,-0.41,0.457,0.867,0.165408931400544,0.122348514993083,4.8253761041103,-0.0006238769531249,0.1016659117094773,0.1016678259144547,-0.754,0.676,1.4300000000000002,1.66669441620951,-0.071262450488626,7.416308878553317,-0.0030797851562499,0.0539298950094944,0.0540177623781636,-0.229,0.205,0.434,0.0524983734010247,-0.0141260980422684,4.239346280073471,2nd_test,126,2004.02.13.07.32.39,0.0758574483736702,0
-0.002093212890625,0.076319865871157,0.0763485655844094,-0.374,0.356,0.73,0.4714581263449666,0.0254111214343929,4.8985858101238895,-0.00135302734375,0.0946886070511564,0.0946982734176355,-0.415,0.466,0.881,0.1989234580689816,0.1337692255807466,4.920892252596199,-0.001751416015625,0.1022714624143122,0.1022864579620483,-0.681,0.557,1.238,1.1898615178571497,-0.0779243082914818,6.657772823124016,-0.00331748046875,0.0553746154323166,0.055473901169266,-0.273,0.283,0.556,0.2183745465294229,0.0116447119786742,5.101498074407783,2nd_test,127,2004.02.13.07.42.39,0.0765491585028698,0
-0.00161005859375,0.0749528217264846,0.0749701125345127,-0.337,0.347,0.6839999999999999,0.3385783303104972,-0.0058858934138351,4.628511126158827,-0.001645751953125,0.0942194731860771,0.0942338454428828,-0.598,0.415,1.013,0.2253587024805652,0.118373457588093,6.345915283231384,-0.001200830078125,0.1014203136881751,0.1014274224334049,-0.991,0.857,1.848,1.9582957176332003,-0.0438534936105132,9.77053321690097,-0.0027947265625,0.0550163838481057,0.0550873214839971,-0.232,0.244,0.476,0.1201427689564043,0.023075526822943,4.42933134925525,2nd_test,129,2004.02.13.08.02.39,0.0757642304843536,0
-0.0021155761718749,0.0763458220372216,0.0763751281837099,-0.42,0.464,0.884,0.6446447698043443,0.03505867031403,6.07527621921414,-0.00189580078125,0.0951885709781723,0.095207447741596,-0.364,0.449,0.813,0.1746671357142024,0.1323917311126075,4.71601760834847,-0.001253857421875,0.1056505690194981,0.1056580091265121,-0.798,0.845,1.643,1.8029677459203703,0.0111176453180563,7.997500681469603,-0.0031810546874999,0.0552456413762672,0.0553371484628544,-0.234,0.251,0.485,0.0776550893301646,0.0109128384009023,4.535831841135615,2nd_test,131,2004.02.13.08.22.39,0.0776608867760958,0
-0.001406982421875,0.07614566658147,0.0761586642390206,-0.347,0.364,0.711,0.3468116029579766,-0.03312087227838,4.77949559163515,-0.00153564453125,0.0942467526741566,0.0942592626416629,-0.334,0.488,0.8220000000000001,0.1506387308492529,0.1309688469417991,5.177210030275845,-0.0011072753906249,0.1021690740545417,0.1021750740247009,-0.676,0.901,1.577,1.5032980293471925,0.0352098054733379,8.818197672882171,-0.002893798828125,0.0547987947929899,0.0548751490423659,-0.247,0.232,0.479,0.1389096459014194,-0.0463707435584295,4.5011267268687405,2nd_test,132,2004.02.13.08.32.39,0.0762361611964185,0
-0.0022353515625,0.0767178480106945,0.0767504071650437,-0.386,0.371,0.757,0.4102122577509011,-0.0007493083957233,5.029289280054474,-0.001273388671875,0.0949942906119544,0.0950028250505116,-0.383,0.408,0.7909999999999999,0.0835591891473579,0.0994771242010795,4.294609131662954,-0.0020176269531249,0.1059166486293285,0.1059358639715116,-0.71,0.652,1.362,1.2690827344473936,0.0032987891035125,6.702168400535547,-0.002666259765625,0.0547610487056866,0.0548259190208825,-0.239,0.229,0.4679999999999999,0.1432678514503216,0.0103903287809187,4.359252052019562,2nd_test,133,2004.02.13.08.42.39,0.0773863946650074,0
-0.0019155273437499,0.0782686379131296,0.0782920744761642,-0.403,0.349,0.752,0.5043214057082972,-0.0104667087491609,5.147392027753008,-0.0016951171874999,0.0950628252151012,0.0950779372943915,-0.364,0.457,0.821,0.2519456136800233,0.1472526549518905,4.806583030721165,-0.00192822265625,0.1046270348908166,0.1046448014602553,-0.845,0.913,1.758,1.5723267802826175,-0.0316642811239718,8.72475256535355,-0.003103125,0.0548069312842534,0.0548947092310588,-0.244,0.2,0.444,0.0777034239257781,-0.0098383790020981,4.4448728012845065,2nd_test,135,2004.02.13.09.02.39,0.0770555803825191,0
-0.0018154296875,0.0776892335399088,0.0777104419815558,-0.371,0.396,0.767,0.3657509634861617,0.0300433162624721,5.095840274449769,-0.001188330078125,0.0965636024944365,0.0965709141257248,-0.4,0.422,0.8220000000000001,0.1493364401301637,0.1310942157041155,4.369845763769326,-0.001681884765625,0.1046668581513546,0.1046803703262489,-0.75,0.847,1.597,2.0357883427908767,-0.0021432294877776,8.091297321094023,-0.003116064453125,0.0558905280763395,0.0559773256446583,-0.242,0.232,0.474,0.1600750185825177,0.0022841950678487,4.323179023090213,2nd_test,136,2004.02.13.09.12.39,0.0777469831957384,0
-0.001511181640625,0.0764602114662973,0.0764751437227932,-0.361,0.349,0.71,0.414344141995989,-0.0132166094240752,4.720488022929788,-0.0006187499999999,0.0960916720303781,0.0960936641259778,-0.396,0.391,0.787,0.1752988416575394,0.131559883964774,4.1209792924196,-0.000287939453125,0.1025458303173791,0.1025462345706041,-0.576,0.72,1.2959999999999998,1.1975909535207503,0.0783878294159612,7.021223187841685,-0.002960400390625,0.0554559434532748,0.0555349046525302,-0.264,0.271,0.535,0.1876603151263016,-0.0301624659269296,4.879813906059765,2nd_test,137,2004.02.13.09.22.39,0.0770080941712522,0
-0.001570068359375,0.0751970657918662,0.0752134550353816,-0.312,0.344,0.6559999999999999,0.3069850202401407,0.005750047966008,4.57364975234289,-0.0009936523437499,0.0951608776519453,0.0951660652778539,-0.42,0.415,0.835,0.2301618683088411,0.1661193253618165,4.413337871743709,-0.001009375,0.1002214735461698,0.100226556349384,-0.762,0.737,1.499,1.7157602948617263,-0.0109744319592064,7.602775429459124,-0.00298759765625,0.0535968015028706,0.0536800043879818,-0.247,0.203,0.45,0.0456473792499037,-0.0010740907227723,4.601340905454514,2nd_test,139,2004.02.13.09.42.39,0.0754873596805529,0
-0.002287548828125,0.0767530013997796,0.0767870829209941,-0.361,0.337,0.698,0.4109711039546799,0.0145193365334866,4.7013115521881454,-0.0014584960937499,0.0951043050751753,0.0951154879853302,-0.41,0.493,0.903,0.114392563688856,0.0925772402759624,5.183172692872613,-0.00174267578125,0.1003611160184321,0.1003762448358362,-0.618,0.583,1.201,1.1286349662703108,-0.0027023713607497,6.156835225352095,-0.003070458984375,0.0552419674447982,0.0553272327660337,-0.239,0.249,0.488,0.2142686082559102,-0.0097719314102166,4.5004961850968375,2nd_test,140,2004.02.13.09.52.39,0.0760567169174164,0
-0.002485498046875,0.0773812231484056,0.0774211301679611,-0.439,0.386,0.825,0.505432538984969,0.0112191831205412,5.670286639344352,-0.0018167968749999,0.0954257146819057,0.0954430079861144,-0.405,0.427,0.8320000000000001,0.2094677968581395,0.1122284438715605,4.473874084706639,-0.00158125,0.1038967568031781,0.1039087889727392,-0.762,0.73,1.492,1.6041066340936236,0.0194435654585439,7.333354642335209,-0.00329853515625,0.0551629673477074,0.0552614992628796,-0.234,0.217,0.451,0.0843101206940595,-0.0159046067823907,4.23441280307334,2nd_test,141,2004.02.13.10.02.39,0.0769580919497759,0
-0.0015173828125,0.0765672784898211,0.0765823124875287,-0.4,0.515,0.915,0.6014717502352931,-0.046256797279889,6.724790402185123,-0.0012400390625,0.0949919065137839,0.095,-0.491,0.405,0.896,0.1164550566859925,0.0995842780767428,5.168421052577174,-0.001096923828125,0.1040350227908835,0.104040805499498,-0.845,0.867,1.712,1.9699047242008705,0.0162946525768769,8.333268815338515,-0.003212841796875,0.0556726591925752,0.0557652878947502,-0.315,0.247,0.562,0.2664685927397037,0.0085442609273186,5.648675222279372,2nd_test,142,2004.02.13.10.12.39,0.0769290945690766,0
-0.0019560546875,0.0767527261989159,0.0767776473259388,-0.308,0.371,0.679,0.2859746134143255,-0.0199172784093431,4.832135561802082,-0.0012389648437499,0.0961073406309174,0.0961153263378492,-0.452,0.381,0.833,0.1077085362131096,0.0992018161669032,4.702683923753214,-0.001190185546875,0.1044418279294968,0.1044486091955782,-0.952,0.564,1.516,1.2527696486758764,-0.0272787421958611,9.114530172520364,-0.003181982421875,0.0548815071025865,0.0549736740084231,-0.247,0.205,0.4519999999999999,0.0612407367385889,-0.0199664360946696,4.493059713594209,2nd_test,143,2004.02.13.10.22.39,0.0776009893053909,0
-0.0022375,0.0758783722994405,0.0759113548098207,-0.417,0.334,0.751,0.3737099239461083,-0.0456872313522567,5.493249343780104,-0.001319873046875,0.0946024116222705,0.0946116184705101,-0.457,0.474,0.931,0.1860633193743437,0.0783192439103705,5.009955517701379,-0.00204912109375,0.1031942912533169,0.1032146338681257,-0.566,0.769,1.335,0.896473570951168,0.0199913926743288,7.450493899683622,-0.002798828125,0.0554997251417897,0.0555702522010427,-0.3,0.256,0.556,0.2818539517426885,-0.0379189435469161,5.398571863760084,2nd_test,144,2004.02.13.10.32.39,0.0771072702147083,0
-0.0016579589843749,0.0758666847671163,0.0758847987777978,-0.356,0.425,0.7809999999999999,0.5015377766649429,0.0417750332701409,5.60059467560642,-0.001037548828125,0.0965219115052762,0.0965274878374192,-0.522,0.439,0.961,0.2499025681592677,0.0859885900730625,5.407786027476381,-0.0013783203125,0.108017481941541,0.1080262753772201,-0.73,1.069,1.799,3.1173384672849656,0.1074638512075877,9.895740608081056,-0.00320087890625,0.0547224556070451,0.0548159901254871,-0.261,0.222,0.483,0.1298851690711235,-0.0028846303906028,4.761384395278572,2nd_test,145,2004.02.13.10.42.39,0.0782338560520577,0
-0.0013962890625,0.0760441636812381,0.0760569816198684,-0.381,0.344,0.725,0.3156659175567031,0.0113294803132415,5.009402054622974,-0.0008650390625,0.0955831942337163,0.0955871085058021,-0.393,0.518,0.911,0.2490389543651701,0.1480453735481681,5.4191408035230815,-0.00104189453125,0.1029567643001699,0.102962036010245,-0.676,0.627,1.303,1.2270335840738875,0.0771470718834566,6.565526733816435,-0.002798388671875,0.0550979164560171,0.0551689348905081,-0.266,0.212,0.478,0.1555462206876634,-0.0226865617180218,4.821554023529718,2nd_test,146,2004.02.13.10.52.39,0.0769480582190393,0
-0.0027931640625,0.0755739619366432,0.075625561077464,-0.366,0.452,0.8180000000000001,0.4161307415388537,0.0412225610074664,5.97681516082948,-0.001384521484375,0.0954884801863878,0.0954985169939663,-0.405,0.405,0.81,0.153427556239738,0.1298063814730103,4.240903552683937,-0.00202041015625,0.1020146597032162,0.1020346649505083,-0.667,0.781,1.448,1.4336103958056094,0.0350238464399455,7.654261425478955,-0.002915869140625,0.0566838641175367,0.056758812039547,-0.247,0.276,0.523,0.1834113750433248,-0.0107078712709306,4.862681054755567,2nd_test,147,2004.02.13.11.02.39,0.0765115298939957,0
-0.0017729003906249,0.0761903431969599,0.0762109675326696,-0.361,0.32,0.681,0.4421486925018034,0.0020508795778689,4.736851029223739,-0.00200078125,0.0941142756142214,0.0941355405784659,-0.391,0.632,1.023,0.1803936738712015,0.1030104116080064,6.713723595887654,-0.0016524902343749,0.1016959118401997,0.1017093368820403,-0.796,0.75,1.546,2.2838638589885445,-0.0329602080818432,7.826223475582702,-0.003027490234375,0.0549687648890498,0.0550520736262211,-0.264,0.31,0.5740000000000001,0.1386559244687486,-0.0085880365858914,5.631032213230144,2nd_test,148,2004.02.13.11.12.39,0.0756906877434,0
-0.001820068359375,0.0767797841333109,0.0768013535062411,-0.388,0.347,0.735,0.3848917195361929,-0.0102415985458207,5.051994298035614,-0.001044970703125,0.0957938887414744,0.0957995881201186,-0.542,0.471,1.013,0.2300596621825197,0.1221332296886534,5.657644366014954,-0.0021502929687499,0.1025836585517756,0.1026061926090172,-0.627,0.635,1.262,1.10829455334913,-0.0034279761321908,6.18871028977257,-0.003163525390625,0.0548264740211081,0.0549176669796193,-0.239,0.308,0.5469999999999999,0.1765448652822048,-0.0046532594708137,5.608395566197199,2nd_test,149,2004.02.13.11.22.39,0.0770333450293894,0
-0.001454736328125,0.0751439263676713,0.0751580064113889,-0.342,0.403,0.7450000000000001,0.4884129775588759,0.0463128987366793,5.362036850588551,-0.00150439453125,0.0945102072665333,0.0945221798334589,-0.356,0.498,0.854,0.1882423362476557,0.0986083318592234,5.268604690160239,-0.0014543945312499,0.1009399272648587,0.1009504045543528,-0.542,0.708,1.25,1.1096716638608788,-0.0062543757512275,7.013344851052988,-0.00255947265625,0.0550387867329432,0.0550982662641257,-0.244,0.249,0.493,0.0654027303248607,-0.0136780793311713,4.519198459019455,2nd_test,150,2004.02.13.11.32.39,0.0760335543273326,0
-0.00219794921875,0.0789091037583785,0.0789397088715099,-0.447,0.466,0.913,0.530290575512856,0.0167850127531181,5.903239404551189,-0.0011050781249999,0.094925381846711,0.094931814037267,-0.378,0.469,0.847,0.154000408929416,0.1138946083799083,4.940388053797708,-0.00150029296875,0.1043633273783308,0.1043741106810915,-0.803,1.018,1.821,2.41325322744855,0.0214623968503367,9.753376515951173,-0.0027684082031249,0.0559291398082676,0.0559976139105218,-0.229,0.281,0.51,0.1225251727884164,-0.0069293904274235,5.018070956451634,2nd_test,151,2004.02.13.11.42.39,0.0767878838014128,0
-0.0022078125,0.0768922927545966,0.0769239827433145,-0.322,0.435,0.757,0.4776599891458457,0.0356005056576371,5.654933409335867,-0.00212412109375,0.0959023639048998,0.095925884374181,-0.42,0.461,0.881,0.2218267663564121,0.1231323462876255,4.805793587442545,-0.00191953125,0.1028984617335168,0.1029163642349638,-0.635,0.613,1.248,1.292513908977008,0.0520147325705232,6.17005861715139,-0.00256357421875,0.0549731376279584,0.0550328790218856,-0.247,0.22,0.4669999999999999,0.085192512339006,-0.0125093083041292,4.488226027522277,2nd_test,152,2004.02.13.11.52.39,0.076971699004046,0
-0.0025842285156249,0.0764479757953956,0.0764916416364191,-0.366,0.376,0.742,0.4558731292846363,-0.0070740924336791,4.915569753127947,-0.00206435546875,0.0951602885995118,0.0951826774672983,-0.466,0.42,0.886,0.184837239499668,0.1044063120009786,4.895848828745192,-0.0005785156249999,0.1046567766826837,0.1046583756129317,-0.776,0.769,1.545,1.6668174487363387,-0.0383865050763767,7.414600078091618,-0.00322861328125,0.056331447818349,0.0564238952663785,-0.234,0.273,0.507,0.1942111751274593,0.0059257668778184,4.838375633343327,2nd_test,153,2004.02.13.12.02.39,0.0770922456516137,0
-0.002189208984375,0.0764761240490756,0.0765074518301771,-0.32,0.342,0.662,0.2582723095291377,-0.0287246643661754,4.470152799686284,-0.0012849609374999,0.0950945076189752,0.0951031887157641,-0.449,0.454,0.903,0.2849633821768464,0.1108048880373421,4.7737621222365165,-0.001395849609375,0.1016970757071393,0.1017066546668192,-0.588,0.579,1.1669999999999998,1.107342884336811,-0.0093022523409161,5.781332617029312,-0.003259765625,0.0550053664138333,0.0551018729831391,-0.251,0.239,0.49,0.0955670363070129,-0.0072462866477982,4.55519905960818,2nd_test,154,2004.02.13.12.12.39,0.0765143865386986,0
-0.0018592285156249,0.0773761545614494,0.0773984885213569,-0.369,0.356,0.725,0.3756330439000876,-0.0147238130362493,4.767534961531095,-0.0006286132812499,0.0945230702123766,0.094525160444356,-0.396,0.486,0.882,0.1905585867554013,0.1229409539030127,5.141488231389475,-0.0006936523437499,0.1007707014767363,0.1007730888168438,-0.657,0.986,1.643,2.0540092979313025,-0.0175415816577584,9.784358220697998,-0.00274931640625,0.0546665446415659,0.0547356359582128,-0.239,0.247,0.486,0.1689144017823327,-0.0038735675323395,4.512599436755539,2nd_test,155,2004.02.13.12.22.39,0.0757870222298859,0
-0.0021367675781249,0.0790171170124404,0.0790460027872417,-0.425,0.388,0.813,0.5919121753524377,-0.0141927048789222,5.376615957906726,-0.000757470703125,0.0957626654984513,0.0957656612008415,-0.408,0.444,0.852,0.1701303528908009,0.1329631065142055,4.636317385875907,-0.000855712890625,0.1006128764609465,0.1006165153158112,-0.647,0.918,1.565,1.885135561266096,0.0342882015195031,9.123750679592645,-0.0030328125,0.055260499015706,0.0553436600083966,-0.229,0.239,0.4679999999999999,0.0961741296290825,-0.0126943255231594,4.318471166515206,2nd_test,157,2004.02.13.12.42.39,0.0765026869794224,0
-0.00148740234375,0.0766704279941038,0.076684854401187,-0.369,0.334,0.7030000000000001,0.3698641949707917,-0.0028264815001952,4.811901944348953,-0.002036865234375,0.0940671970294114,0.0940892468720688,-0.41,0.425,0.835,0.1980789611051268,0.1374460878361209,4.516988010046953,-0.00211669921875,0.1026735333359994,0.1026953497646376,-0.757,0.767,1.524,1.5912474558092802,-0.0651062778441685,7.468692611207623,-0.00249609375,0.0546361471783215,0.0546931354239268,-0.237,0.239,0.476,0.1791304251994216,0.0243034134808434,4.3698354124907945,2nd_test,158,2004.02.13.12.52.39,0.0765418068567972,0
-0.00224072265625,0.0769207292969295,0.0769533588194417,-0.408,0.369,0.7769999999999999,0.5118109145356007,0.0378797505239643,5.30191282426024,-0.00103984375,0.0944991783114439,0.0945048992198949,-0.398,0.43,0.8280000000000001,0.157918947501586,0.0935879325464956,4.550028660365233,-0.0017198242187499,0.1000086173902671,0.1000234039995452,-0.688,0.872,1.56,1.81108375179126,0.0541721752790987,8.717959648676286,-0.002942626953125,0.0554281707142145,0.0555062263364154,-0.205,0.232,0.437,0.0174439496666729,0.0013042108882019,4.179711274005569,2nd_test,162,2004.02.13.13.32.39,0.0757581773643556,0
-0.001808251953125,0.0773412657446424,0.0773624014758421,-0.383,0.427,0.81,0.528245856584737,-0.0276196723843982,5.519477056665821,-0.002239208984375,0.095852705074387,0.0958788565167165,-0.396,0.43,0.8260000000000001,0.0891784693742696,0.1445360219783685,4.484826119307589,-0.0027099121093749,0.1039095374451382,0.1039448680585199,-0.723,0.698,1.4209999999999998,1.1364603564619855,-0.0227778320746692,6.955610348997722,-0.003018505859375,0.0550587425941493,0.0551414228477274,-0.281,0.205,0.486,0.0728409999738932,-0.0248585455616033,5.09598747153992,2nd_test,163,2004.02.13.13.42.39,0.0772077178420737,0
-0.002040234375,0.0761473427953255,0.0761746701410235,-0.334,0.332,0.666,0.3254543370500293,-0.0323410589672767,4.384659616868375,-0.0014788574218749,0.0948803674281665,0.0948918918695276,-0.383,0.461,0.8440000000000001,0.2422450508243283,0.1363653370396212,4.858160069450375,-0.0016358398437499,0.0993210319488304,0.0993345023613396,-0.562,0.715,1.277,1.432323391410307,0.0094447936126165,7.197901866885228,-0.0024380859375,0.0546006853301665,0.0546550921832769,-0.212,0.225,0.437,0.0784317700136134,-0.010246099708886,4.116725285932781,2nd_test,164,2004.02.13.13.52.39,0.0752807124683731,0
-0.002190771484375,0.0775912912593135,0.0776222130513191,-0.439,0.317,0.756,0.4408628476384644,-0.0558593930458422,5.655597576226075,-0.0016274902343749,0.0950802696253086,0.0950941974911423,-0.415,0.4,0.815,0.1329951509850957,0.1146600164756492,4.364093824276625,-0.001543310546875,0.1015191459350601,0.1015308760861843,-0.649,0.652,1.3010000000000002,1.0648674244824656,-0.021038909188214,6.421691854999152,-0.003056884765625,0.0538290610083931,0.0539157894639003,-0.244,0.227,0.471,0.0273747659035459,-0.0275167704917359,4.525575947633045,2nd_test,165,2004.02.13.14.02.39,0.0757626196794918,0
-0.0020212890625,0.0776600661530803,0.077686366142168,-0.439,0.391,0.8300000000000001,0.5379390953077108,-0.0527000449197799,5.650927206338465,-0.0013076171875,0.0957493798965413,0.0957583083250808,-0.469,0.42,0.889,0.1756658574163196,0.1355765379399091,4.897747341180446,-0.0013810546874999,0.1035175710310519,0.1035267831250384,-0.774,0.842,1.616,1.7070486727823626,0.0445998603685722,8.133161048527015,-0.002835986328125,0.0551387862216771,0.0552116705457562,-0.254,0.217,0.471,0.1180539515001983,-0.0055295862668773,4.600476629028987,2nd_test,167,2004.02.13.14.22.39,0.0772343076802895,0
-0.0019318359375,0.0777935571956996,0.0778175399974196,-0.393,0.342,0.7350000000000001,0.4370585910735878,0.0077250140534917,5.050275297933877,-0.0014171875,0.0955926384042717,0.0956031429268933,-0.393,0.557,0.95,0.208261747955746,0.0882342510677788,5.826168292606295,-0.001551904296875,0.101020428594636,0.1010323482870245,-0.476,0.515,0.991,0.6714352853298808,0.023697382415916,5.097377312579436,-0.003215380859375,0.0556431724858363,0.0557359966122377,-0.261,0.212,0.473,0.1081568030498316,0.0090253880776372,4.682790581661736,2nd_test,168,2004.02.13.14.32.39,0.0770407157659557,0
-0.00169931640625,0.0772636063280374,0.0772822912384363,-0.354,0.349,0.703,0.2541945515228283,0.0196734414856859,4.5806095332142185,-0.001696337890625,0.0965131514590509,0.096528057925128,-0.449,0.471,0.92,0.1673854256509384,0.0934529336132664,4.879410299132419,-0.001452734375,0.1022623527090282,0.1022726709280147,-0.701,0.759,1.46,1.479184542952546,0.0573930695400712,7.421337421869087,-0.002468310546875,0.0566045844101633,0.0566583756668255,-0.254,0.315,0.569,0.1373561019070548,-0.0309520448941896,5.559636969594215,2nd_test,169,2004.02.13.14.42.39,0.077273965723191,0
-0.00214462890625,0.0781552465228149,0.0781846659658241,-0.439,0.435,0.874,0.3804427448967304,0.0002416790573314,5.614911755027252,-0.0014999023437499,0.0948923439144814,0.0949041971707521,-0.378,0.437,0.815,0.1007393675081225,0.1291775510436331,4.604643556587308,-0.00111708984375,0.1016872765292553,0.1016934122628218,-0.735,0.747,1.482,1.2361330491115572,0.0877848227172486,7.345608563729455,-0.00310986328125,0.0548091659153893,0.0548973215919388,-0.237,0.264,0.501,0.0469994843238184,-0.0070440147792862,4.808977785064784,2nd_test,171,2004.02.13.15.02.39,0.0767192430215123,0
-0.001728369140625,0.0761418302661921,0.0761614441576042,-0.344,0.334,0.6779999999999999,0.3194051922040413,-0.0367973444665608,4.516721075871784,-0.0019283691406249,0.0948409750205474,0.0948605774301981,-0.439,0.483,0.922,0.1803046948422393,0.1018104411545585,5.091683110935278,-0.00165458984375,0.0998382394235743,0.0998519489982544,-0.613,0.669,1.282,1.2025473017522863,-0.0300946974411516,6.699919297569198,-0.0025341796875,0.0547975874428926,0.0548561542240248,-0.327,0.222,0.549,0.205534553309286,-0.040959280768292,5.96104492959198,2nd_test,172,2004.02.13.15.12.39,0.075693312539657,0
-0.0016349121093749,0.0753248450845004,0.0753425857308426,-0.381,0.32,0.7010000000000001,0.2916771063217673,0.0051300026649737,5.056901038093452,-0.00188818359375,0.0946587100261251,0.0946775402146346,-0.366,0.466,0.8320000000000001,0.1496741644817172,0.1417680742379944,4.921969866756709,-0.001466650390625,0.0997555051206,0.0997662862155065,-0.647,0.642,1.289,1.021461269306645,-0.011483645338929,6.48515670510097,-0.002719140625,0.0542481712757349,0.0543162757605857,-0.249,0.222,0.471,0.1349939368179629,-0.0706719834004379,4.584261282805048,2nd_test,173,2004.02.13.15.22.39,0.0757315641470218,0
-0.002044580078125,0.0768670811147464,0.0768942681010546,-0.359,0.356,0.715,0.4095598092509278,-0.0073059147616999,4.668748514824698,-0.0017568359375,0.0947834675193343,0.0947997478240316,-0.459,0.427,0.886,0.2083317921908536,0.1012279333910574,4.841785031402815,-0.00194560546875,0.0994920108593083,0.0995110325816627,-0.752,0.605,1.357,1.2141667937177385,0.0203069939680732,7.556951028272382,-0.003164794921875,0.055422199136148,0.0555124858386325,-0.244,0.205,0.4489999999999999,0.1246946936673185,-0.0281921785627295,4.395407561190477,2nd_test,174,2004.02.13.15.32.39,0.0755745141353436,0
-0.0018244140625,0.0754621459950106,0.0754841967887567,-0.327,0.344,0.671,0.3288086624212525,-0.0009185564863228,4.557245286164072,-0.000823681640625,0.0954814543292074,0.0954850070548545,-0.374,0.415,0.7889999999999999,0.2230944877062914,0.1643167776661545,4.346232071357999,-0.001196484375,0.1009207477746294,0.1009278400950401,-0.547,0.605,1.152,1.0564855286428898,-0.033333382655228,5.994381722865549,-0.0031406249999999,0.0552703675163339,0.0553595253843568,-0.227,0.251,0.478,0.1115040317410778,0.0190770609589418,4.533998408635058,2nd_test,175,2004.02.13.15.42.39,0.0762747235339391,0
-0.001489013671875,0.078248852305405,0.0782630183983989,-0.476,0.496,0.972,0.4398804995476126,0.0213900906489869,6.337603764127368,-0.001490771484375,0.0953437357259418,0.0953553896840491,-0.444,0.496,0.94,0.1253816529619897,0.0900479631196236,5.201593760334325,-0.0021984375,0.1003793302376781,0.1004034016675045,-0.498,0.781,1.279,0.9975440280393886,0.0172863171823527,7.778620913448506,-0.002873828125,0.0554939088946522,0.0555682716349896,-0.232,0.251,0.483,0.1519241440251173,0.0277364795699775,4.516966114120343,2nd_test,176,2004.02.13.15.52.39,0.076333447438745,0
-0.001725048828125,0.0754543531654649,0.0754740697529828,-0.383,0.374,0.757,0.3431725485830394,0.0105881972680369,5.074590534847745,-0.001151220703125,0.0947078151344086,0.0947148117067263,-0.408,0.444,0.852,0.1204507675027066,0.1002352602840928,4.687756772088697,-0.00045859375,0.1002113145451461,0.1002123638634163,-0.569,0.503,1.072,0.8742024795076313,-0.0294157895608846,5.6779421027313175,-0.00297119140625,0.0552035159566053,0.0552834166124322,-0.225,0.242,0.4669999999999999,0.0718719265017129,-0.0105450761549808,4.377442908280765,2nd_test,177,2004.02.13.16.02.39,0.075417429784111,0
-0.001981591796875,0.075534687182636,0.0755606754458172,-0.366,0.405,0.771,0.4429353349113323,0.0049516109309045,5.359930911219236,-0.0018024414062499,0.0944185419727411,0.0944357446271339,-0.415,0.422,0.837,0.1911646007063012,0.1179717860949893,4.468646926666786,-0.0021216796875,0.1000331275143572,0.1000556251542111,-0.784,0.681,1.465,1.1489999634937489,-0.0305880306406608,7.835641412302621,-0.0032347656249999,0.0558250822388674,0.0559187224069452,-0.259,0.239,0.498,0.1532879077561535,-0.0002441141556326,4.631722415088651,2nd_test,178,2004.02.13.16.12.39,0.0758036657319435,0
-0.0020305664062499,0.0766513568764918,0.0766782479647096,-0.364,0.381,0.745,0.4250634087395855,0.03221554215244,4.968814626155547,-0.0015391601562499,0.0943123520836198,0.0943249106521244,-0.439,0.427,0.866,0.2039607444829823,0.117373582821921,4.6541257973135295,-0.001983251953125,0.0979512193384725,0.0979712950726034,-0.564,0.549,1.113,1.126026116604244,0.0578429998166936,5.756788246764327,-0.0036408203124999,0.055099624737398,0.0552197810458353,-0.264,0.222,0.486,0.1309683278258759,-0.0032971692231973,4.780895450782121,2nd_test,179,2004.02.13.16.22.39,0.0745992833070575,0
-0.0014443847656249,0.076737200128153,0.0767507923793583,-0.374,0.513,0.887,0.7083040858036118,0.0250649921771239,6.683970081477413,-0.0021964355468749,0.0947638339020235,0.0947892849689345,-0.53,0.4,0.93,0.2391049848343445,0.1090512788368723,5.591349277168898,-0.0021115234375,0.100044032610448,0.1000663129738849,-0.559,0.757,1.316,1.3853169976107085,0.0094359473084835,7.56498343443507,-0.002502392578125,0.0548234514976877,0.0548805320923036,-0.234,0.212,0.446,0.1289709486757648,0.022209914341584,4.263807056428883,2nd_test,180,2004.02.13.16.32.39,0.0755310636290589,0
-0.0021383789062499,0.0760897964303332,0.076119838315358,-0.361,0.361,0.722,0.3437128400504776,-0.0176196796385838,4.742521896849873,-0.0015445800781249,0.0947727543429103,0.094785340076192,-0.359,0.459,0.8180000000000001,0.0967802701575433,0.1338356554116614,4.84252100194182,-0.0006513671875,0.1023746858687466,0.1023767580358818,-0.608,0.527,1.135,0.9102303869839864,0.0025844676230908,5.938847953956152,-0.00331962890625,0.0550674008660617,0.0551673687447457,-0.295,0.217,0.512,0.0912540897497233,0.0059710964527951,5.347363970893555,2nd_test,181,2004.02.13.16.42.39,0.07651738876298,0
-0.001569091796875,0.0751486834272887,0.0751650628278981,-0.327,0.342,0.669,0.267315005954134,0.0169456524809512,4.549986218710561,-0.0013675781249999,0.0938566598658069,0.0938666227745184,-0.464,0.483,0.947,0.2001157170094614,0.1065836479549044,5.145598996941564,-0.0017660156249999,0.0995487216677705,0.0995643851830311,-0.698,0.718,1.416,1.4095585224003937,0.0700995267548959,7.21141398777158,-0.00274140625,0.054252224216132,0.0543214427332798,-0.232,0.234,0.466,0.1158838883024735,-0.0143154861101702,4.307691184577708,2nd_test,182,2004.02.13.16.52.39,0.074922862526075,0
-0.00178046875,0.078071224926339,0.0780915247031888,-0.334,0.322,0.656,0.3541207352122204,0.0078822270363892,4.277032639139702,-0.001792578125,0.0951498978975583,0.0951667820526154,-0.391,0.647,1.038,0.2935591625769955,0.1278796686612581,6.79859070610889,-0.0020697753906249,0.1018473786584514,0.1018684078101038,-0.745,0.693,1.438,1.5405732076815708,0.0234344715386854,7.313356672673877,-0.00337626953125,0.0557161807398878,0.0558183839983521,-0.229,0.278,0.507,0.2176681441276833,0.0206648738060444,4.9804379862237935,2nd_test,183,2004.02.13.17.02.39,0.076689739201128,0
-0.002096875,0.0763280587256621,0.0763568558388423,-0.378,0.427,0.8049999999999999,0.4990925057617095,0.0083852653428156,5.592163209229408,-0.0024657714843749,0.095037547063496,0.0950695291923725,-0.427,0.537,0.964,0.1674334349504773,0.149368794737494,5.648497521300812,-0.001989501953125,0.1027951820385463,0.102814432685102,-0.747,0.608,1.355,1.0894909470789198,-0.0455777831838697,7.265516917071662,-0.0033955566406249,0.0547844081536063,0.0548895361762205,-0.244,0.237,0.481,0.1850462528053413,-0.01474223853275,4.445291707552473,2nd_test,184,2004.02.13.17.12.39,0.0767353093317799,0
-0.00243447265625,0.077829995542639,0.0778680606107616,-0.374,0.381,0.755,0.349412751660938,-0.0072687968781485,4.892891861011002,-0.0012945312499999,0.0954670855489879,0.0954758620509655,-0.5,0.564,1.064,0.2525115041715846,0.0958916108209967,5.907252240289031,-0.00196689453125,0.1009481789906481,0.1009673388558151,-0.571,0.679,1.25,1.1861423951749233,-0.0027284914250107,6.724946974812424,-0.002901123046875,0.0554521008350451,0.0555279389312544,-0.244,0.225,0.469,0.1130697264660129,-0.0316852660101011,4.394184345608188,2nd_test,185,2004.02.13.17.22.39,0.0764025832653695,0
-0.00238203125,0.0765732100249837,0.0766102510530167,-0.352,0.393,0.745,0.4160923963921235,-0.0057833179210439,5.129861795165006,-0.001967138671875,0.0953659007384124,0.0953861869360712,-0.376,0.471,0.847,0.1651333720694046,0.1109895678317737,4.937821870484571,-0.0022361328125,0.1050817130107023,0.1051055027066554,-0.811,0.759,1.57,1.8338258382470256,0.0551326148636398,7.716056525182581,-0.00325517578125,0.0554300271753894,0.0555255264003075,-0.256,0.288,0.544,0.1385822786415005,-0.0153911613448259,5.1868035958542125,2nd_test,186,2004.02.13.17.32.39,0.0769746310050136,0
-0.002103271484375,0.0753605093932899,0.0753898542706717,-0.381,0.4,0.781,0.5084444464835771,0.0293405569580463,5.305753723287174,-0.001896923828125,0.0944941800782575,0.0945132180632522,-0.435,0.413,0.848,0.2055227960188457,0.1153249227923858,4.602530830177392,-0.001561279296875,0.0996417129112051,0.0996539439506629,-0.518,0.671,1.189,1.3008388666896105,0.0409045522508732,6.733300995347137,-0.0029405761718749,0.0546332215821955,0.0547123010727192,-0.234,0.227,0.461,0.0667268969406524,-0.0122393961299882,4.276917537880721,2nd_test,188,2004.02.13.17.52.39,0.0753130421739211,0
-0.0019072265625,0.0752865572960773,0.0753107112080097,-0.381,0.342,0.7230000000000001,0.2905308522713739,-0.0198732566490799,5.05904132205857,-0.001212109375,0.0945464808486441,0.0945542503010837,-0.457,0.444,0.901,0.2046315103830425,0.1219997095490761,4.833204203300936,-0.001657373046875,0.0993229710463501,0.0993367981308569,-0.696,0.771,1.467,1.397093061685152,-0.0004601060781037,7.761474242169509,-0.00284580078125,0.0537094719294901,0.0537848115831156,-0.239,0.203,0.442,-0.0160028517935049,-0.0088974675037311,4.4436336757677575,2nd_test,190,2004.02.13.18.12.39,0.0754888525764256,0
-0.001972509765625,0.0774230419068841,0.0774481646838104,-0.337,0.352,0.6890000000000001,0.2876786871169621,0.0020209516267208,4.544975357809041,-0.0013029785156249,0.0950017200240853,0.0950106549843062,-0.432,0.559,0.991,0.2699943139571945,0.1251263156854288,5.883550640572381,-0.00219814453125,0.0996069114718626,0.0996311630582708,-0.63,0.676,1.306,1.4989831356545302,0.0363259357625463,6.785025681150042,-0.0027375,0.0559513263289508,0.0560182543838948,-0.251,0.244,0.495,0.2181842381594698,-0.0072040073665129,4.480682283946384,2nd_test,192,2004.02.13.18.32.39,0.0756431669778527,0
-0.002257177734375,0.0775834122835936,0.0776162400074277,-0.41,0.42,0.83,0.5162164874021524,-0.0103048479839078,5.411238678328086,-0.001839990234375,0.0948201073929761,0.0948379582766211,-0.52,0.471,0.991,0.2047578538084966,0.0882792879636102,5.483036638956243,-0.00327861328125,0.0989766623950225,0.0990309497273769,-0.613,0.747,1.36,1.280230718383768,-0.0253422816223264,7.543096396115348,-0.0033635742187499,0.0556070014887398,0.055708637087024,-0.281,0.286,0.567,0.1578585419157243,0.014836908291938,5.133853832182206,2nd_test,193,2004.02.13.18.42.39,0.0758131794941142,0
-0.001997119140625,0.0777117083253307,0.0777373661484818,-0.371,0.381,0.752,0.3658649197381023,0.0265308614325193,4.901117942012237,-0.00080556640625,0.0950148312244402,0.0950182460890736,-0.559,0.43,0.989,0.2386375339887103,0.1286363605253519,5.883080597700044,-0.001926318359375,0.1039330279908363,0.1039508778691436,-0.723,0.793,1.516,1.6507116203480852,0.0092511769257716,7.628603204204031,-0.003007177734375,0.0561581428559296,0.0562385999732668,-0.259,0.232,0.491,0.1436571459481102,0.021799400882275,4.605377803119407,2nd_test,194,2004.02.13.18.52.39,0.0770306475015915,0
-0.00183994140625,0.0765562960904608,0.0765784033227955,-0.405,0.393,0.798,0.5125468703141571,-0.0198512692861485,5.288697366639301,-0.001270361328125,0.0957643419031472,0.0957727675179477,-0.442,0.43,0.872,0.2272487672070258,0.0915597739915651,4.615090609264833,-0.0024341796875,0.1011747109337615,0.1012039888704059,-0.608,0.64,1.248,1.070446703093627,0.0158136113654491,6.323861412352144,-0.003005615234375,0.0557853807794077,0.0558662906558205,-0.251,0.303,0.554,0.1684240943398576,0.0318066703144417,5.4236641888628325,2nd_test,195,2004.02.13.19.02.39,0.0766501023537647,0
-0.002377490234375,0.0761457171826727,0.0761828242130608,-0.405,0.388,0.793,0.381054399079956,0.0019856145608443,5.316158913484471,-0.001907666015625,0.0952480607979157,0.095267162629054,-0.398,0.388,0.786,0.1312425341734355,0.0777147343325877,4.177724926536676,-0.001970947265625,0.1041762806350574,0.1041949234851589,-0.569,0.71,1.279,1.020345827991119,0.0002415918948837,6.814151555995096,-0.0028109375,0.0542319868343037,0.0543047858445735,-0.31,0.337,0.647,0.1110530586766556,-0.0095012076379237,6.2057145563252245,2nd_test,196,2004.02.13.19.12.39,0.0770388211553998,0
-0.00199609375,0.0752476444319269,0.0752741149586795,-0.459,0.415,0.874,0.4514792731300825,-0.0092279881274679,6.097713672832456,-0.002032275390625,0.0930143631974843,0.0930365621908767,-0.374,0.408,0.782,0.1703065183293053,0.1308502703246981,4.385372700665239,-0.0019856445312499,0.1008382154362026,0.1008577635909229,-0.645,0.635,1.28,1.0198624824728109,-0.0050471673562504,6.395144776456792,-0.003151513671875,0.0540309801780225,0.0541228127264453,-0.242,0.227,0.469,0.1835617198229382,-0.019892310025011,4.471312332170854,2nd_test,197,2004.02.13.19.22.39,0.0753690469070987,0
-0.00181630859375,0.0765141840381884,0.0765357389455246,-0.398,0.356,0.754,0.3525296268183013,-0.1138956322310759,5.200184978655287,-0.002201904296875,0.0956641990035093,0.0956895362801786,-0.474,0.488,0.962,0.2883813120650536,0.1286720228117908,5.099826156185331,-0.002109375,0.1010114036240927,0.1010334257807781,-0.54,0.728,1.268,1.3116460503929748,0.1147239605985222,7.205536131897632,-0.00282177734375,0.0555518749891468,0.0556234954150447,-0.22,0.242,0.4619999999999999,0.1214468166903799,-0.0389845654486317,4.350679477978196,2nd_test,198,2004.02.13.19.32.39,0.0764189602782727,0
-0.00208955078125,0.0765764329681549,0.076604936581096,-0.366,0.337,0.7030000000000001,0.3462653410221592,-0.003349767024849,4.777759976444399,-0.002182421875,0.0941755436982089,0.0942008280011049,-0.369,0.422,0.7909999999999999,0.1376469648896758,0.0789376685128516,4.47979077201498,-0.002218310546875,0.1004039076654365,0.1004284102043434,-0.593,0.61,1.2029999999999998,1.0731745910527302,0.0391446627122187,6.073978456422324,-0.002889013671875,0.0555272186248045,0.0556023237662161,-0.278,0.215,0.493,0.0799017447006864,0.004725354085578,4.999791036861528,2nd_test,199,2004.02.13.19.42.39,0.076115418275286,0
-0.001766796875,0.0765257980339962,0.076546190864977,-0.442,0.391,0.833,0.5200155088401144,-0.0199039441630376,5.774291248194014,-0.001383935546875,0.0957225069952149,0.0957325107946452,-0.42,0.457,0.877,0.2727503627682002,0.1640726965468852,4.773717895851826,-0.002284912109375,0.1017174564380694,0.1017431165611616,-0.676,0.586,1.262,1.005629002333853,-0.0386364025529828,6.644184126077823,-0.0027486328125,0.054648444965921,0.0547175247935362,-0.247,0.239,0.486,0.1846672528157351,-0.0251913779195191,4.514093079456402,2nd_test,202,2004.02.13.20.12.39,0.0767962758252628,0
-0.001850146484375,0.0773896824151287,0.0774117948786108,-0.337,0.366,0.7030000000000001,0.4319008103829311,0.0506572152330478,4.727961682960525,-0.0015939453125,0.0952258548919528,0.0952391941459108,-0.396,0.403,0.799,0.0929000524035972,0.0816114128032226,4.231451175220508,-0.002135205078125,0.1027678518691033,0.1027900310269221,-0.806,0.889,1.695,1.9797426001961025,0.0346532420926149,8.648698624855065,-0.00347119140625,0.0557484195241436,0.0558563823499047,-0.278,0.22,0.498,0.068190470417035,-0.0093449692395143,4.977049860721906,2nd_test,203,2004.02.13.20.22.39,0.0769954984622297,0
-0.00170791015625,0.0758711009598973,0.0758903216356917,-0.376,0.471,0.847,0.5098311593414597,-0.0104390307656087,6.206324994309667,-0.002366650390625,0.0935010532773584,0.0935310001980459,-0.327,0.442,0.769,0.1429211956128586,0.1256936566868979,4.7257059056288,-0.001629052734375,0.1004398172068627,0.1004530272981326,-0.557,0.657,1.214,1.0792334087241322,0.028315898102627,6.540370336909429,-0.002511865234375,0.0557639491363256,0.0558204934610432,-0.266,0.256,0.522,0.150671927117449,0.015858799671853,4.765274964487268,2nd_test,204,2004.02.13.20.32.39,0.0757576313153617,0
-0.002369189453125,0.0771850516940105,0.0772214041809126,-0.371,0.371,0.742,0.3501330939408524,-0.0178897496627608,4.8043674410015225,-0.001833544921875,0.095466211493112,0.0954838176018749,-0.449,0.439,0.888,0.1183756208095143,0.1077885854241911,4.702367492965435,-0.0019077148437499,0.0994333863417486,0.0994516852311337,-0.498,0.762,1.26,1.3501368331425097,0.124698318120162,7.662011942999143,-0.003332080078125,0.0558616492209197,0.055960938263472,-0.244,0.217,0.4609999999999999,0.2162758920817449,-0.0018689217888543,4.3601842207658015,2nd_test,207,2004.02.13.21.02.39,0.0759623079246946,0
-0.002247265625,0.076661366601711,0.0766942979108046,-0.374,0.359,0.733,0.3974503405974863,-0.011486986147813,4.876503340966561,-0.00186904296875,0.0951758546033326,0.0951942047663288,-0.359,0.481,0.84,0.0795822811743791,0.136278361607275,5.0528285957705865,-0.001864404296875,0.1000715004273927,0.1000888665195678,-0.723,0.85,1.573,1.662056651738104,0.0450261849906171,8.492453052461416,-0.003249365234375,0.0564112616764862,0.0565047681028723,-0.244,0.256,0.5,0.1649369543079037,0.0074899111547696,4.530591109221032,2nd_test,208,2004.02.13.21.12.39,0.0762568373010923,0
-0.00190322265625,0.0766708322183344,0.0766944507088436,-0.515,0.354,0.869,0.4542567805615856,0.019394003539227,6.714957799859439,-0.001331396484375,0.0928901526512539,0.0928996936279763,-0.369,0.398,0.767,0.0801012639022782,0.1233793372476045,4.284190662560589,-0.0011062011718749,0.097715755873454,0.0977220171044024,-0.605,0.64,1.245,1.1132409553617535,-0.0018782502651262,6.549189414599367,-0.00324775390625,0.054519254991947,0.0546159049207508,-0.337,0.212,0.549,0.2490234257138719,-0.0464221854832587,6.170363751783031,2nd_test,209,2004.02.13.21.22.39,0.0744626847742855,0
-0.00254072265625,0.0764012677431403,0.0764435019107249,-0.383,0.352,0.735,0.4621422075469619,-0.0026049275237461,5.010236193028926,-0.00207705078125,0.0931488304277198,0.093171984791567,-0.532,0.469,1.001,0.183568611338861,0.0615676382272733,5.709870849960054,-0.001783984375,0.1000219234627451,0.1000378317109957,-0.784,0.808,1.592,2.0474437661139246,0.0507528763578175,8.076944353674063,-0.002928271484375,0.05443099112154,0.054509701598517,-0.259,0.22,0.479,0.0933902690369614,-0.0003660275615833,4.751447768011532,2nd_test,210,2004.02.13.21.32.39,0.0750502070595822,0
-0.0021406249999999,0.0780336406446964,0.0780629960202415,-0.339,0.376,0.7150000000000001,0.3311462198582431,-0.0074616710436332,4.816622717089763,-0.001468212890625,0.0952358301536161,0.095247146908139,-0.376,0.479,0.855,0.1777286659936714,0.1397818040560291,5.029022028942679,-0.001116064453125,0.1024738441081837,0.10247992157575,-0.649,0.769,1.418,1.5929099854929527,0.0642622436483154,7.503908943022315,-0.002785498046875,0.0563392359416617,0.0564080535549612,-0.244,0.264,0.508,0.1049270997906264,-0.0046549433915934,4.680182763939748,2nd_test,211,2004.02.13.21.42.39,0.0768045355858426,0
-0.002179296875,0.0773074920132623,0.0773382030839222,-0.342,0.388,0.73,0.4270108659962561,-0.0120238609335139,5.016925458869937,-0.0010529296874999,0.0950503404411548,0.0950561722294047,-0.547,0.469,1.016,0.2862010684722307,0.111004169499982,5.754492182518542,-0.002034619140625,0.1032684902422114,0.103288531560639,-0.613,1.035,1.648,2.049774191290383,0.0761618394310826,10.02047356421509,-0.00332158203125,0.0557003632996763,0.0557993134268357,-0.237,0.229,0.4659999999999999,0.1693470870107596,-0.0090487948452438,4.247364088207069,2nd_test,212,2004.02.13.21.52.39,0.0770356162462952,0
-0.00211962890625,0.0769204682957081,0.0769496671177416,-0.378,0.369,0.747,0.320109256981544,0.022963086515134,4.912301952089086,-0.0024300292968749,0.0937654746947174,0.0937969577710779,-0.415,0.474,0.889,0.127760602992228,0.1073075359521012,5.053468803879515,-0.00087021484375,0.1028131185940391,0.1028168012968029,-0.911,0.742,1.653,2.725315526258852,-0.0632650376087245,8.860419586107735,-0.0034055175781249,0.0540492592061002,0.0541564397897713,-0.239,0.261,0.5,0.1251773655670067,-0.0432758419347336,4.819371454407838,2nd_test,213,2004.02.13.22.02.39,0.0756239499697282,0
-0.00165830078125,0.0774603706607056,0.0774781193910577,-0.347,0.381,0.728,0.4064589681713531,0.0178432542129148,4.917517397035015,-0.0011328613281249,0.0939856807069332,0.0939925079606581,-0.374,0.405,0.779,0.0569964973780114,0.1345182267404518,4.308854064892168,-0.00116884765625,0.1011944832665989,0.1012012334333801,-0.737,0.708,1.4449999999999998,1.2005952184040298,-0.0098858385989234,7.282519935667363,-0.002856396484375,0.0561642100394764,0.0562367983640105,-0.264,0.266,0.53,0.0926880629942625,-0.0263059270514432,4.729998999471853,2nd_test,215,2004.02.13.22.22.39,0.0764096315270011,0
-0.0022951171875,0.0776184548090168,0.0776523798079862,-0.442,0.359,0.8009999999999999,0.4663598030208287,-0.0314612109313404,5.692034179599606,-0.001291552734375,0.0942070090473299,0.0942158620515111,-0.371,0.439,0.81,0.1875384924666283,0.1172103235221308,4.659512638703276,-0.00170830078125,0.0991799558481174,0.099194666860642,-0.664,0.608,1.272,1.0615683249643588,-0.0272723596935657,6.69390826148099,-0.00334443359375,0.0555438639151481,0.0556444611321513,-0.229,0.3,0.529,0.1909008536097198,-0.0044168443641213,5.391372184953532,2nd_test,218,2004.02.13.22.52.39,0.0758982924952845,0
-0.00198408203125,0.0784263447031242,0.0784514380046663,-0.359,0.354,0.713,0.3903152250695121,-0.0124337159073089,4.576079280714658,0.001530517578125,0.0954318384367996,0.0954441107218479,-0.503,0.503,1.006,0.2375447034384872,0.1593878353920662,5.27009991701446,-0.001509912109375,0.1011799714395101,0.1011912370468813,-0.664,0.586,1.25,1.1294051220103878,0.0422642292111721,6.561833014115746,-0.0031879882812499,0.0557759714961883,0.0558670051606939,-0.251,0.217,0.4679999999999999,0.1214918434507241,-0.0394491558700858,4.492812873601145,2nd_test,219,2004.02.13.23.02.39,0.0766717226191718,0
-0.001492529296875,0.0774510319268397,0.0774654115733878,-0.457,0.459,0.916,0.3981598851468177,-0.0002756702000953,5.925225086543756,-0.001719873046875,0.0941819958141191,0.094197697948666,-0.442,0.459,0.901,0.2324261143633537,0.1019141239158748,4.872730544277884,-0.0024576171875,0.0984869412573486,0.09851759985134,-0.498,0.601,1.099,1.0166463682150804,0.0532875496270907,6.1004328252087925,-0.00245458984375,0.055225004849017,0.0552795276017713,-0.271,0.225,0.496,0.1439905529249694,-0.0153007472432186,4.902357378075965,2nd_test,220,2004.02.13.23.12.39,0.0751551401771249,0
-0.002397607421875,0.0769863685436662,0.077023694165436,-0.388,0.408,0.796,0.3219624132001542,-0.0003301365783288,5.297071302739342,-0.001212841796875,0.0944607198721253,0.0944685057782982,-0.425,0.42,0.845,0.193687762680133,0.0798472426593577,4.4988538401666345,-0.001836572265625,0.1004371791394253,0.1004539693151638,-0.566,0.586,1.152,1.197597833624215,-0.0179769693608324,5.833517619952405,-0.002854638671875,0.0552550620998873,0.0553287524674953,-0.276,0.215,0.491,0.0407937383080745,0.0016113773333135,4.98836477755678,2nd_test,221,2004.02.13.23.22.39,0.076233792379766,0
-0.002389208984375,0.0759900835864513,0.0760276339435002,-0.364,0.315,0.679,0.3787525414114188,-0.013967775473019,4.787732842846561,-0.00163671875,0.0941185648913228,0.0941327950581982,-0.442,0.447,0.889,0.1278679655968271,0.1237484152407993,4.748610722956761,-0.001649462890625,0.1016834718235678,0.1016968493608424,-0.835,0.659,1.494,2.2208050112346047,-0.0997500420240608,8.21067717672382,-0.00255341796875,0.0547375028370231,0.0547970269280756,-0.242,0.286,0.528,0.1747594662944531,0.0418472610262323,5.219261263392494,2nd_test,222,2004.02.13.23.32.39,0.0757684903098162,0
-0.002610693359375,0.0773580671906957,0.0774021077186976,-0.359,0.369,0.728,0.3420917702434818,-0.0049662231004467,4.767312039308913,-0.002514697265625,0.0937752792938876,0.0938089905551934,-0.413,0.432,0.845,0.1616468519925762,0.1552657188850091,4.605102319497015,-0.0020966796875,0.1007766986797445,0.1007985072434111,-0.605,0.667,1.272,1.4035152646501323,0.089145070479124,6.617161486158642,-0.00317509765625,0.054352465741832,0.0544451262955992,-0.21,0.217,0.427,0.0238783277929228,-0.0382386652099791,3.9856643699907135,2nd_test,223,2004.02.13.23.42.39,0.0758032424996661,0
-0.0018712402343749,0.0775409132998566,0.0775634886747019,-0.405,0.349,0.754,0.4734358466541311,0.013195322849001,5.221528929588655,-0.001442041015625,0.0936065155116078,0.0936176224250307,-0.505,0.378,0.883,0.2373568826328611,0.0841297278881556,5.394283543133249,-0.0025177734375,0.1014549386028961,0.1014861751668669,-0.718,0.737,1.455,1.909554926289526,-0.0175599369100527,7.262072876240906,-0.003003466796875,0.0550087034812169,0.0550906368767359,-0.303,0.259,0.562,0.1794399560852624,-0.0471438786412932,5.500027176531936,2nd_test,224,2004.02.13.23.52.39,0.0755378594254965,0
-0.001818896484375,0.0769817936087472,0.0770032787070825,-0.369,0.374,0.743,0.447202651604071,-0.0131075382577956,4.856936045773123,-0.0011681640625,0.0937316473814905,0.0937389264293388,-0.398,0.415,0.813,0.1756680884843851,0.1225288346543008,4.427189597785751,-0.001227001953125,0.1006804398100626,0.1006879163263428,-0.706,0.574,1.2799999999999998,1.2773012743106928,0.0480393212871803,7.011764924251174,-0.003128173828125,0.0552561235222319,0.0553445991782678,-0.281,0.247,0.528,0.1183781049108025,0.0184272741147075,5.077279520803956,2nd_test,225,2004.02.14.00.02.39,0.0760360988731243,0
-0.00182568359375,0.0763151552089869,0.0763369899534704,-0.386,0.347,0.733,0.4471539298962406,0.0152996757323311,5.056526334483732,-0.0005888183593749,0.0939642906219181,0.0939661354911471,-0.43,0.444,0.874,0.1617245811613599,0.093432869179615,4.7251065256068285,-0.001203173828125,0.1012737234923498,0.1012808703421609,-0.762,0.95,1.712,2.1121779423002307,0.0779967934242056,9.37985620365622,-0.00299072265625,0.0546066680468685,0.0546885053479019,-0.234,0.247,0.481,0.0474616973442971,-0.018911877745905,4.516488399604056,2nd_test,226,2004.02.14.00.12.39,0.0754930687925403,0
-0.0021806640624999,0.0763901381091844,0.0764212568340363,-0.457,0.388,0.845,0.5469289750901192,0.0147476294894657,5.980011569117273,-0.001009521484375,0.094377448008221,0.0943828470971917,-0.449,0.42,0.869,0.1554430228612209,0.1005440172075471,4.757220340395964,-0.001264697265625,0.1015484928023833,0.101556367843722,-0.835,0.725,1.56,2.293636472439026,-0.0518907245511469,8.222034892747454,-0.00263828125,0.0561027309956556,0.0561647305087899,-0.269,0.256,0.525,0.1598357994958892,-0.002937780600906,4.789482608718496,2nd_test,227,2004.02.14.00.22.39,0.0762638001701567,0
-0.00199072265625,0.0781908779237923,0.078216215500288,-0.347,0.435,0.782,0.4036836853433656,-0.0079295166345092,5.561506616141975,-0.00158984375,0.0950239152380235,0.0950372141337934,-0.398,0.476,0.874,0.1697084017933861,0.1408896551163783,5.008564322233589,-0.001972119140625,0.0999708446463183,0.0999902946950509,-0.61,0.725,1.335,1.3330152048998087,0.0238954596428844,7.250703702832807,-0.00279150390625,0.0553331942757138,0.0554035638096729,-0.234,0.229,0.463,0.1696329311639481,-0.0497015970207762,4.22355501894487,2nd_test,228,2004.02.14.00.32.39,0.0758222628526791,0
-0.002210791015625,0.0775887159233358,0.0776202063611459,-0.342,0.388,0.73,0.3791111272392764,0.0253093529830442,4.998698382605966,-0.00103994140625,0.0952935753056197,0.0952992495912546,-0.376,0.417,0.7929999999999999,0.1946473712690903,0.1058369697094306,4.375690278613602,-0.00093310546875,0.1025510253984714,0.1025552704452274,-0.664,0.867,1.531,1.6536104624286203,0.0683946910190413,8.453977998669426,-0.002814599609375,0.0558894010361493,0.0559602280118712,-0.276,0.227,0.503,0.1187538245387229,0.0111330411833055,4.932074257033367,2nd_test,229,2004.02.14.00.42.39,0.0767568845074454,0
-0.002093017578125,0.0778272374979241,0.0778553763020937,-0.444,0.386,0.8300000000000001,0.5050743337064105,0.0169573152337637,5.702881690167319,-0.0013461914062499,0.0940875769891952,0.0940972070520693,-0.459,0.479,0.938,0.2253001289997973,0.0949816851302338,5.090480525419333,-0.002324755859375,0.1020174304023455,0.1020439150351608,-0.601,0.723,1.3239999999999998,1.1247372963215962,-0.0532145376728384,7.085184841681091,-0.003109765625,0.0569557150675094,0.0570405480434203,-0.264,0.242,0.506,0.1601350876283005,-0.0396012182983445,4.628286526882767,2nd_test,231,2004.02.14.01.02.39,0.0767128986423785,0
-0.002283251953125,0.0761109060021734,0.0761451459513548,-0.308,0.403,0.7110000000000001,0.3286110755448455,0.0097976296118276,5.292523836675857,-0.0014230468749999,0.0942673808787949,0.0942781213227981,-0.349,0.398,0.747,0.0875750241081658,0.126328857271146,4.221552088772211,-0.001036083984375,0.0969715844972082,0.0969771193113193,-0.74,0.591,1.331,1.287454522728301,-0.0058073175403293,7.630665926637758,-0.00285068359375,0.0548697407210779,0.0549437425349784,-0.239,0.225,0.4639999999999999,0.0392065878765781,0.0036324348528979,4.349903901131183,2nd_test,232,2004.02.14.01.12.39,0.0748696306051615,0
-0.00214443359375,0.0780863538056153,0.0781157938325774,-0.415,0.369,0.784,0.4255858785681634,0.013796722577398,5.312626034168463,-0.0051230957031249,0.0950837841566965,0.095221699833287,-0.488,0.488,0.976,0.320677143460589,0.0794693565133697,5.124882257397832,-0.0012256835937499,0.101102969269159,0.1011103985518428,-0.62,0.498,1.118,0.9550294172657074,-0.0361388887475001,6.131911345161718,-0.0035161621093749,0.0573302132567764,0.0574379382294218,-0.266,0.308,0.5740000000000001,0.2646845207065622,0.0273857092385622,5.3623094680802605,2nd_test,233,2004.02.14.01.22.39,0.0768697165563558,0
-0.0018599121093749,0.0764435303630547,0.0764661533452669,-0.322,0.415,0.737,0.3505466792877056,0.0028537745472719,5.4272378279671925,-0.0011755371093749,0.0945893968750005,0.094596701256819,-0.488,0.483,0.971,0.1882307348882492,0.1262274730294067,5.158742255398291,-0.00135859375,0.100078285881872,0.1000875071226736,-0.813,0.82,1.633,2.347071495751221,-0.00330746746876,8.192830689516152,-0.00243330078125,0.0544808044288464,0.0545351171623042,-0.229,0.212,0.441,0.0284137649692808,-0.0145298009608864,4.199129146715949,2nd_test,234,2004.02.14.01.32.39,0.0751260859126168,0
-0.0020169921875,0.0778211999675574,0.077847334070442,-0.378,0.347,0.725,0.3003506570636691,0.0138261166779708,4.85565760868705,-0.001223876953125,0.0944932213084646,0.0945011468081042,-0.535,0.422,0.957,0.3500282647247776,0.1079438030794431,5.661306958324213,-0.00115263671875,0.0986805795491549,0.0986873109957024,-0.588,0.588,1.176,0.9724461211530344,0.0214520613484033,5.958212804274779,-0.0027234374999999,0.0553604036693519,0.0554273525098394,-0.239,0.261,0.5,0.1201357390243464,0.0277505772366264,4.708866438261844,2nd_test,235,2004.02.14.01.42.39,0.0756742714667435,0
-0.001845947265625,0.0780743420022426,0.0780961612397858,-0.374,0.361,0.735,0.2668683879683278,-0.043063585681593,4.788967780975615,-0.0015091308593749,0.0942648607866547,0.0942769402085055,-0.364,0.413,0.7769999999999999,0.1089073211896298,0.0882075847455971,4.380710692160955,-0.00233759765625,0.1040412881557305,0.1040675453919532,-0.798,0.811,1.609,2.735696460804184,-0.0143182974354619,7.793015554827484,-0.0031475097656249,0.055092391934569,0.0551822296287208,-0.254,0.195,0.449,0.0828905655344436,0.0098207784062123,4.602931083147047,2nd_test,236,2004.02.14.01.52.39,0.0765026164935276,0
-0.0019934570312499,0.078507982253412,0.0785332868816624,-0.332,0.327,0.659,0.3653585893301865,-0.0184850215550041,4.227506744955742,-0.000771142578125,0.0949175125914395,0.0949206450537599,-0.41,0.479,0.889,0.1857848728531017,0.169330348513715,5.0463205314677735,-0.0022129394531249,0.0994470469890191,0.0994716655930691,-0.576,0.627,1.2029999999999998,1.0566328951245856,0.0443276282258782,6.303302515901412,-0.00259638671875,0.0555025177729055,0.0555632135780949,-0.259,0.212,0.471,0.1341957520552923,-0.0270258578211515,4.661357457867514,2nd_test,237,2004.02.14.02.02.39,0.0759327069514006,0
-0.0014893554687499,0.0773862666220173,0.0774005971644033,-0.356,0.522,0.878,0.5063321280777151,-0.0021355182041216,6.744134013391362,-0.001281787109375,0.0945912652482213,0.0945999494685548,-0.444,0.444,0.888,0.2139954072747212,0.1399433247511132,4.693448595793309,-0.00028525390625,0.1012598074789682,0.1012602092653809,-0.679,0.627,1.306,1.5505272809658193,0.0107114927059306,6.705496709114863,-0.0028000488281249,0.0562729346473572,0.0563425544971616,-0.251,0.225,0.476,0.1106508784917355,-0.0447346248716985,4.45489208353501,2nd_test,238,2004.02.14.02.12.39,0.0762848850690311,0
-0.002094580078125,0.0770541382699897,0.0770826017349854,-0.452,0.378,0.8300000000000001,0.4444705851182164,-0.0145535995887149,5.863839437440619,-0.00189814453125,0.0937909935191393,0.0938101989016586,-0.435,0.435,0.87,0.1590807677564583,0.1388334740543708,4.637022467582381,-0.0014543457031249,0.1006980575512329,0.1007085592986794,-0.671,0.825,1.496,2.1082780912099617,0.1107274157182012,8.191955140029753,-0.002699267578125,0.0550737346605762,0.055139843080316,-0.215,0.222,0.437,0.0704259415578163,-0.0230985137177425,4.026126800408398,2nd_test,239,2004.02.14.02.22.39,0.0756246268491563,0
-0.0015254882812499,0.0770758804201095,0.0770909751983411,-0.396,0.383,0.779,0.4745222723146702,0.0116624167301807,5.136788047836037,-0.00066494140625,0.0959006059016378,0.0959029111100127,-0.369,0.437,0.806,0.2201445406580089,0.1099159061837284,4.556691709745382,-0.0015823730468749,0.0989568026013745,0.0989694532951803,-0.627,0.664,1.291,1.2033337104071655,-0.0189735030920737,6.709140829674835,-0.002882958984375,0.0552398686503691,0.0553150480521858,-0.254,0.225,0.479,0.0616748779853693,0.0125668856004355,4.591878863700475,2nd_test,244,2004.02.14.03.12.39,0.0760483995817555,0
-0.0016271484375,0.0781051946475462,0.0781221418227172,-0.437,0.386,0.823,0.4655293058579137,0.0407906562066598,5.593804647421099,-0.00130703125,0.094581379112277,0.0945904096907754,-0.422,0.483,0.905,0.1654934903483247,0.124859487806819,5.106225901482656,-0.001104296875,0.1023843824927018,0.102390337678904,-0.508,0.669,1.177,0.9079075762743072,0.0430418382451149,6.533819647039833,-0.00324814453125,0.0560772655659502,0.0561712573853389,-0.303,0.325,0.628,0.2531139197677641,0.0166003139534975,5.785877246163283,2nd_test,245,2004.02.14.03.22.39,0.0770761699323578,0
-0.0017623046875,0.0761465361377795,0.0761669264418208,-0.369,0.405,0.774,0.5528697268991065,-0.0182213176489012,5.317268516854711,-0.001254638671875,0.0951971651208029,0.09520543243552,-0.459,0.532,0.991,0.2725350886008999,0.0979934439244433,5.587916428558009,-0.00117158203125,0.1042160782689638,0.1042226634385187,-0.791,0.83,1.621,1.58167939303896,0.0011680368316551,7.963718951412671,-0.002949365234375,0.056073441872121,0.0561509540317159,-0.264,0.225,0.489,0.0646508032963835,-0.0373259062436865,4.701612012614824,2nd_test,246,2004.02.14.03.32.39,0.077019576131478,0
-0.00176015625,0.0772934709957402,0.0773135098711328,-0.403,0.352,0.755,0.4825257504421647,0.0018541488833849,5.212543068688942,-0.0003945800781249,0.0950207693164174,0.0950215885729231,-0.381,0.444,0.825,0.1938923668641869,0.1392116411729506,4.672622365754127,-0.000319921875,0.099434144121531,0.0994346587824763,-0.552,0.728,1.28,1.2979963491462687,0.0959559899424361,7.321390840041542,-0.00251943359375,0.0561155025134359,0.056172031901728,-0.261,0.215,0.476,0.0651666051538457,-0.0412207453988151,4.646440428787916,2nd_test,247,2004.02.14.03.42.39,0.0760910029456896,0
-0.001607275390625,0.0758597481054054,0.0758767732365898,-0.381,0.386,0.767,0.2798720451744803,-0.013675445464357,5.087195771904191,-0.002260888671875,0.0940930886392779,0.0941202472758419,-0.417,0.461,0.878,0.1951785730915713,0.1552811934860317,4.897989681689119,-0.002067578125,0.1043069544455067,0.1043274442560537,-0.715,0.618,1.333,1.1842489534877885,-0.0089223025553665,6.853421983944149,-0.0026615234375,0.0562308064825602,0.0562937590207609,-0.237,0.239,0.476,0.0904113067602256,-0.0084765982583938,4.245586085441766,2nd_test,248,2004.02.14.03.52.39,0.0770281310122099,0
-0.001872021484375,0.0761812457595956,0.0762042431228201,-0.305,0.405,0.71,0.3237082059057306,0.0039008739432069,5.314664687922137,-0.00190283203125,0.0954863196383301,0.0955052773819986,-0.342,0.491,0.833,0.1777963755129188,0.1576033195752774,5.141077157767675,-0.0012724609375,0.1010374692806153,0.101045481618273,-0.781,0.818,1.599,1.5578509974765922,0.016285477578592,8.095364452634543,-0.002510498046875,0.0558824413664279,0.0559388045413523,-0.22,0.244,0.4639999999999999,0.0501488833924299,0.0037671703154633,4.361909447229298,2nd_test,249,2004.02.14.04.02.39,0.0763629675593273,0
-0.002181689453125,0.0757309578393852,0.0757623768379835,-0.347,0.312,0.659,0.3518243628605009,-0.015463087013837,4.580109738867789,-0.00153857421875,0.0941861872436632,0.094198753060351,-0.396,0.437,0.833,0.2317241217401764,0.1270889844003537,4.639127226189338,-0.001271728515625,0.0983319580113615,0.0983401813083829,-0.576,0.542,1.118,1.024008631116879,0.0366438433082618,5.85721921935324,-0.0029249999999999,0.0552088412515943,0.0552862711470374,-0.298,0.249,0.5469999999999999,0.1204447616024984,-0.0342023531562492,5.390126586798722,2nd_test,250,2004.02.14.04.12.39,0.0750507687720986,0
-0.0022400390624999,0.0765144536641916,0.0765472363611597,-0.383,0.381,0.764,0.307565128446384,0.0060064351896387,5.00344647568925,-0.002016455078125,0.0940728060837178,0.0940944150071983,-0.386,0.444,0.8300000000000001,0.2156537983202597,0.1428850145491679,4.718664757746937,-0.002702294921875,0.1002674421518313,0.100303850143031,-0.53,0.574,1.104,1.0335536854350238,0.0583328395795707,5.722611835694903,-0.002549658203125,0.0554039540105249,0.0554625898868158,-0.229,0.281,0.51,0.1949187292465177,0.0040087516644102,5.066478153443226,2nd_test,253,2004.02.14.04.42.39,0.0758928377369056,0
-0.002071728515625,0.0765220146884095,0.0765500541542305,-0.396,0.386,0.782,0.4275608497169689,0.0162893660683612,5.173085824302347,-0.0018448730468749,0.0939265135587406,0.0939446300001196,-0.347,0.396,0.743,0.0779320207885012,0.1268087268724841,4.215248918381823,-0.001563818359375,0.101686304010475,0.1016983281631112,-0.906,0.872,1.778,2.2536595123582863,-0.0114982134506084,8.908701021495471,-0.0027701171875,0.0557190329282105,0.0557878497496318,-0.298,0.256,0.554,0.1349758909515355,-0.0004656554235436,5.341664920444882,2nd_test,254,2004.02.14.04.52.39,0.0762988124177336,0
-0.00172841796875,0.0769321603615016,0.0769515739056875,-0.415,0.366,0.7809999999999999,0.4721707407507005,-0.0086084424946715,5.393002104196516,-0.002339892578125,0.0954045725900085,0.095433262379316,-0.439,0.515,0.954,0.2259763574550208,0.1075439420373725,5.396441315687679,-0.001587548828125,0.1007258517859997,0.1007383617560702,-0.522,0.586,1.108,1.0177384064063828,0.0362230811364118,5.817049133805991,-0.00296748046875,0.0559513645274187,0.05603000207757,-0.242,0.225,0.4669999999999999,0.1014279455800584,-0.0390061666934646,4.319114599721897,2nd_test,255,2004.02.14.05.02.39,0.0766656568259435,0
-0.001999267578125,0.0766363995996953,0.0766624733129131,-0.371,0.391,0.762,0.4292422492209682,0.043096600129636,5.100278964376159,-0.001586474609375,0.0948954664533134,0.0949087269700638,-0.427,0.43,0.857,0.1302463333801613,0.1289727574527933,4.530668714280617,-0.002139013671875,0.100231302619533,0.1002541241261269,-0.759,0.698,1.457,1.671673802267418,0.0340062928612324,7.570760870022185,-0.002779150390625,0.0552794684639167,0.0553492846434972,-0.237,0.225,0.4619999999999999,0.0622124484964441,-0.0410658130278046,4.281898158616263,2nd_test,256,2004.02.14.05.12.39,0.0763117276299465,0
-0.001380810546875,0.077168823353609,0.0771811760440774,-0.366,0.405,0.771,0.3573263428988387,-0.0130511338422951,5.247393480548428,-0.001469775390625,0.0951416648538403,0.095153016929887,-0.356,0.571,0.927,0.2337676100044774,0.1530880664353248,6.000860702238554,-0.0017408203125,0.1002372849524546,0.100252400220643,-0.652,0.62,1.272,1.2835556566058957,0.069207318352715,6.503584937203751,-0.00301337890625,0.0561880415427617,0.0562687876610448,-0.278,0.244,0.522,0.1135516667310678,-0.0482439182146048,4.940572056922426,2nd_test,257,2004.02.14.05.22.39,0.075992300449426,0
-0.00171591796875,0.0754658207281996,0.0754853262075236,-0.425,0.332,0.757,0.3803225968989236,0.0124601280957241,5.630233336025646,-0.00093427734375,0.0934077449323392,0.0934124172018902,-0.388,0.459,0.847,0.1953036066098259,0.1172473601039323,4.913693636714908,-0.001282958984375,0.0989547440487824,0.0989630605504681,-0.603,0.576,1.1789999999999998,1.2606202649509592,0.0134627283633325,6.0931826141977,-0.00304638671875,0.0547807223005714,0.0548653625506338,-0.239,0.256,0.495,0.065018558000288,-0.0341673438797517,4.66596752658069,2nd_test,258,2004.02.14.05.32.39,0.0747828923227357,0
-0.002054443359375,0.0784624556589328,0.0784893475928222,-0.332,0.376,0.708,0.4162216058917836,0.0157188675673837,4.79045897980676,-0.0015310058593749,0.0956996813950048,0.0957119271462385,-0.535,0.5,1.035,0.2673802913817096,0.1427624654291584,5.589689978522553,-0.0013650878906249,0.1021514618309081,0.1021605825117526,-0.728,0.74,1.468,1.6007736968319382,-0.0136562644556348,7.243498243636444,-0.002934912109375,0.0549975133661251,0.0550757676800503,-0.217,0.273,0.49,0.1262438634651679,-0.0503240368853983,4.95680789382678,2nd_test,259,2004.02.14.05.42.39,0.077344898824153,0
-0.0016285156249999,0.0774316065865734,0.0774487298909333,-0.386,0.425,0.8109999999999999,0.4381933427723923,0.0153143523969136,5.487501222977007,-0.0017398925781249,0.0947094780103262,0.09472545830542,-0.491,0.457,0.948,0.1431016947326835,0.1022512486959511,5.1834006272284485,-0.001029541015625,0.1002940825011639,0.1002993665954732,-0.833,0.642,1.475,1.3937204194478428,0.0368493369491693,8.305137193451534,-0.00285947265625,0.0556975648357103,0.055770918160812,-0.234,0.203,0.437,0.0378081103520244,-0.0354699165545154,4.195735119889534,2nd_test,260,2004.02.14.05.52.39,0.0761623979692581,0
-0.001868994140625,0.0774170768288911,0.0774396340631083,-0.371,0.439,0.81,0.4181568338101229,0.0024534857235017,5.668931746714795,-0.0007980957031249,0.0949402233104232,0.094943577765873,-0.498,0.442,0.94,0.1985391128189086,0.1001296719809558,5.24522049530093,-0.0015887207031249,0.0994399102067076,0.0994526006466931,-0.635,0.786,1.421,1.4868721479061593,-0.0084182837280483,7.903262407228281,-0.002975341796875,0.0551546576202535,0.0552348523671026,-0.227,0.242,0.469,0.0776741281528421,-0.0576965038708647,4.381291695816166,2nd_test,261,2004.02.14.06.02.39,0.075887333905091,0
-0.001808837890625,0.077225618308069,0.0772467994002219,-0.422,0.361,0.7829999999999999,0.3107750326515637,-0.0027746109288867,5.463009513288969,-0.0014873046875,0.0936791009773406,0.0936909068968608,-0.591,0.471,1.0619999999999998,0.2203127075989601,0.1000531011749082,6.307976084000246,-0.001659423828125,0.1008956302191738,0.100909275514026,-0.725,0.693,1.418,1.6646595042645511,-0.0295779099216452,7.184671540844057,-0.00315654296875,0.0556651041013257,0.055754529664638,-0.22,0.254,0.474,0.0861353019264048,-0.0256112821978122,4.555683664147962,2nd_test,262,2004.02.14.06.12.39,0.0757184889284736,0
-0.002231689453125,0.0756131323441102,0.0756460588577033,-0.371,0.361,0.732,0.3054551986309328,-0.0071186583989406,4.904419418505039,-0.001679833984375,0.0931335020425346,0.0931486502581861,-0.393,0.459,0.8520000000000001,0.1829574678197598,0.1770022912247859,4.927607632776563,-0.002585400390625,0.1008552907855087,0.1008884233924258,-0.688,0.603,1.291,1.2017392825257591,0.0392221956944125,6.81941472429464,-0.00270283203125,0.054392907178736,0.0544600188426679,-0.232,0.21,0.442,0.0837494327283763,-0.0023584485212012,4.2600058708384845,2nd_test,263,2004.02.14.06.22.39,0.0754713227541062,0
-0.00221806640625,0.0761174251271019,0.0761497355646262,-0.376,0.361,0.737,0.4668559319086989,0.0249984878415992,4.937640258461059,-0.0006296874999999,0.094531595441001,0.0945336926337311,-0.356,0.464,0.8200000000000001,0.1587111442617614,0.1449966986901881,4.908302924258447,-0.0012850585937499,0.1016432601570223,0.1016513832219586,-0.688,0.942,1.63,2.187641940698472,0.156152807968758,9.266966863931888,-0.0035829101562499,0.0548758769944134,0.054992718800708,-0.254,0.232,0.486,0.2145379055718068,-0.0178113250120168,4.6187932790860815,2nd_test,264,2004.02.14.06.32.39,0.0759385954841661,0
-0.002585107421875,0.078544636013992,0.0785871657903065,-0.415,0.457,0.872,0.3615217429430806,0.0220738427851628,5.815198899189138,-0.001841259765625,0.0937320177898665,0.0937501007811958,-0.391,0.444,0.835,0.2215088655977326,0.1081028007468344,4.735994908757692,-0.00212099609375,0.1013102786837374,0.1013324784627626,-0.725,0.691,1.416,1.4997542413083649,0.0330641486597167,7.154665621440082,-0.002910107421875,0.0555806026769571,0.0556567347150425,-0.244,0.244,0.488,0.2227434934033061,-0.0460411207332596,4.384015721455342,2nd_test,265,2004.02.14.06.42.39,0.0760486666542435,0
-0.002183740234375,0.0778710163963743,0.07790162973915,-0.356,0.347,0.703,0.3905431033629876,-0.0077691810627729,4.569865883261743,-0.00190732421875,0.0948663847839729,0.0948855565808424,-0.388,0.454,0.8420000000000001,0.1868184866042401,0.1266607891313692,4.784711354972214,-0.002255859375,0.0988668531569996,0.0988925859439801,-0.779,0.549,1.328,1.1872757661457385,-0.0237063794816754,7.877233591943932,-0.00278408203125,0.0549756005940887,0.0550460513882467,-0.244,0.249,0.493,0.1283179513180998,-0.0138279065379549,4.523485222205098,2nd_test,266,2004.02.14.06.52.39,0.0756677331054685,0
-0.0021998046874999,0.0776748023611058,0.0777059461206155,-0.386,0.398,0.784,0.417840869010627,-0.0024398842163091,5.121873162410259,-0.00169775390625,0.0950622814697623,0.0950774406815965,-0.461,0.505,0.966,0.2139451545112658,0.0959082451160934,5.3114597571665385,-0.002222900390625,0.1013996038508976,0.101423966335702,-0.691,0.957,1.648,1.8653791980310643,0.0237249981110246,9.43563966748254,-0.003132373046875,0.0562305279389971,0.0563177062139707,-0.261,0.251,0.512,0.0883756220259601,-0.0283110323473686,4.634421703961712,2nd_test,267,2004.02.14.07.02.39,0.0761411465942818,0
-0.00161572265625,0.0778422168836459,0.077858983354925,-0.344,0.435,0.7789999999999999,0.2996620795127183,0.0377706900192563,5.587023889220825,-0.0012923828125,0.0942453360116414,0.0942541967939956,-0.405,0.442,0.847,0.1485767011871099,0.1245138337782358,4.689446359204112,-0.001267919921875,0.1026803954964436,0.1026882234739425,-0.776,0.72,1.496,1.4551374028805428,0.0083053226018522,7.556854853851427,-0.00294052734375,0.0553112515582558,0.0553893604404311,-0.249,0.237,0.486,0.1433143678849986,0.0074980411636783,4.495448187441941,2nd_test,268,2004.02.14.07.12.39,0.0767528601091458,0
-0.0015443359375,0.0773466955698473,0.0773621114568527,-0.425,0.413,0.838,0.4052045632928984,-0.03941316211408,5.493645299890015,-0.001565283203125,0.0942654576174228,0.0942784525293458,-0.383,0.4,0.783,0.1142397172170728,0.0909859134034222,4.242751013241864,-0.002041162109375,0.099953272847598,0.0999741121276059,-0.659,0.735,1.394,1.2880026189052298,0.0185365892910321,7.351903251258701,-0.00311875,0.0543501825548912,0.0544395898709064,-0.261,0.247,0.508,0.1993947601978769,-0.0117043020495615,4.794305038192235,2nd_test,271,2004.02.14.07.42.39,0.0752993863925401,0
-0.002202685546875,0.0783924570782942,0.07842339670271,-0.378,0.352,0.73,0.493499202297464,-0.0234512781648331,4.8199901545723005,-0.001409814453125,0.0940323574594385,0.0940429254445642,-0.439,0.444,0.883,0.1748047535191497,0.1202471995192007,4.721248279935789,-0.00213095703125,0.0989920680152883,0.0990150014281295,-0.559,0.625,1.1840000000000002,1.3636911667646403,0.0315001441902646,6.312174831884909,-0.00326328125,0.0565366094005879,0.0566307090458105,-0.244,0.271,0.515,0.1704712239639851,0.0060394255111363,4.785389492050916,2nd_test,272,2004.02.14.07.52.39,0.0756634474574591,0
-0.002165966796875,0.0781940347735232,0.0782240275511823,-0.364,0.332,0.696,0.4252786985695489,-0.0150143010556006,4.653301695021776,-0.001753515625,0.0944223866305834,0.0944386674729292,-0.493,0.479,0.972,0.3018494572188555,0.1264847635604807,5.220319316090496,-0.001803076171875,0.1016550657031674,0.101671055206469,-0.686,0.759,1.445,1.3409778418580984,-0.002432066178053,7.465251525630292,-0.002887451171875,0.0555208512241294,0.0555958837947727,-0.247,0.225,0.472,0.1469201258769779,-0.0194243439094741,4.442774952680593,2nd_test,274,2004.02.14.08.12.39,0.076605295105556,0
-0.001795751953125,0.0782387798435483,0.0782593853571849,-0.435,0.439,0.874,0.5410550470181565,0.0050618803095192,5.609550828833414,-0.0026619140625,0.0943244320993644,0.094361985340198,-0.403,0.393,0.796,0.1511798731806655,0.1258398368871918,4.270787632782583,-0.00162734375,0.1003020866595348,0.1003152871497535,-0.593,0.693,1.286,1.4506509607476987,0.0957019432199562,6.908219272288596,-0.003195654296875,0.0562703951798189,0.0563610643980232,-0.278,0.259,0.537,0.1677805294209076,-0.0280330225911258,4.932483141762982,2nd_test,275,2004.02.14.08.22.39,0.0759312434046902,0
-0.00224169921875,0.0769426428739301,0.0769752915409386,-0.378,0.439,0.817,0.501785914417268,-0.0251647476382789,5.703128772962406,-0.00121748046875,0.0940685243455971,0.0940764026270669,-0.415,0.488,0.903,0.2314087283869521,0.1038299826989215,5.187273177624771,-0.002125341796875,0.0982377470412001,0.0982607348918395,-0.54,0.581,1.121,1.2085322668245198,-0.0038520767421372,5.912839962306638,-0.00285908203125,0.0551664603291808,0.0552404986881228,-0.239,0.278,0.517,0.1667440741279255,-0.0326454246490374,5.032539651108179,2nd_test,277,2004.02.14.08.42.39,0.075259696935955,0
-0.0016231445312499,0.0786707585662752,0.0786875012410643,-0.344,0.464,0.808,0.4954958213123177,0.0458243909583284,5.896743354101546,-0.001429931640625,0.0937247501027944,0.0937356574966438,-0.527,0.42,0.947,0.1941431843402825,0.1282734143504169,5.622193454110532,-0.00138486328125,0.0988947649600561,0.0989044608842922,-0.603,0.73,1.333,1.2203639660864152,-0.022726752067186,7.380860210609122,-0.0032369140625,0.0555668975397739,0.0556610969604781,-0.249,0.269,0.518,0.130095696284239,0.0174402258672378,4.8328188750244925,2nd_test,278,2004.02.14.08.52.39,0.0756230353173236,0
-0.00207119140625,0.0762623837929531,0.0762905040986425,-0.386,0.408,0.794,0.3915278701871778,0.044422442062754,5.34797881879393,-0.001202978515625,0.0935169178634289,0.093524654952501,-0.435,0.435,0.87,0.2206913287525465,0.1164255935489151,4.651179950530425,-0.00161201171875,0.0968152474606911,0.0968286668433282,-0.718,0.542,1.26,1.3654079217105988,-0.0311451256274274,7.415159408879718,-0.002869189453125,0.0551291897848608,0.0552038025361761,-0.244,0.212,0.4559999999999999,0.0771150263818092,-0.0317024918100831,4.419985377559492,2nd_test,279,2004.02.14.09.02.39,0.0743781879537629,0
-0.0016153320312499,0.0775659874020022,0.0775828054353459,-0.33,0.349,0.679,0.3516255309931115,0.0252459795344734,4.498419437620652,-0.00154931640625,0.0946406010582843,0.0946532817708926,-0.369,0.417,0.786,0.2192718105511817,0.1136200775086411,4.405552477355606,-0.0008899414062499,0.0990962210764729,0.0991002170902957,-0.627,0.698,1.325,1.2389058521318963,0.0222029904989057,7.043375085212674,-0.002756005859375,0.0552523957348228,0.055321088228038,-0.229,0.225,0.454,0.1117615486775855,0.0053729830071022,4.139470269491151,2nd_test,280,2004.02.14.09.12.39,0.0756507818610234,0
-0.001608056640625,0.0768796069728095,0.0768964226375526,-0.361,0.356,0.717,0.2979657430445224,-0.0099437433313407,4.694626714910526,-0.00089091796875,0.0929156598178784,0.0929199309847933,-0.408,0.386,0.794,0.0927930395308358,0.1125451129505597,4.390877131219349,-0.00179111328125,0.1000970530945528,0.1001130766933071,-0.679,0.654,1.3330000000000002,1.197504930014369,-0.0462311047389004,6.782330764574443,-0.00239384765625,0.0551763911635779,0.0552282957227316,-0.232,0.242,0.474,0.0679198113845487,-0.0127813732307325,4.381811838093935,2nd_test,281,2004.02.14.09.22.39,0.0751010083775735,0
-0.001794287109375,0.0767781523882917,0.0767991155573462,-0.32,0.356,0.6759999999999999,0.3961449284507443,0.0152139858457036,4.635470049515578,-0.005523193359375,0.0916706515128306,0.0918368880879131,-0.505,0.488,0.993,0.2944641093665838,0.1331409739690604,5.49887970410188,-0.0024826171875,0.0997634149157411,0.0997943001566221,-0.566,0.747,1.313,1.399380498471535,0.0267288863843457,7.485397450757563,-0.0026513671875,0.0546994508199652,0.0547636710600079,-0.288,0.244,0.532,0.2085173703902172,-0.0163433294438132,5.258960811432121,2nd_test,282,2004.02.14.09.32.39,0.074605982217205,0
-0.00207958984375,0.077599473166828,0.0776273336505093,-0.442,0.374,0.8160000000000001,0.4395667843376549,-0.0627478232961807,5.693870692303573,-0.0013841796875,0.0934132408083108,0.0934234955014997,-0.552,0.403,0.955,0.1819702465774404,0.1089204705674056,5.90857789072161,-0.001427392578125,0.1022241553219555,0.1022341204337347,-0.886,0.728,1.614,2.0224668903315344,-0.0338660886376258,8.666382575919101,-0.0027500976562499,0.0549338536011705,0.0550026481961891,-0.278,0.242,0.52,0.2047498414804773,0.0008195929445759,5.05430209475272,2nd_test,283,2004.02.14.09.42.39,0.0759275675555861,0
-0.001760888671875,0.0780440124199216,0.0780638751505177,-0.349,0.332,0.681,0.4058667694625035,0.0385825112961812,4.470697865339248,-0.001596875,0.0944118237865529,0.0944253275369948,-0.386,0.43,0.8160000000000001,0.1298859292199767,0.1250372684536422,4.553862943466909,-0.002659765625,0.0997572598898261,0.0997927114267682,-0.75,0.703,1.4529999999999998,1.69520034168393,-0.0109540101542733,7.515578936271946,-0.00309052734375,0.0558122393621016,0.0558977407582363,-0.239,0.242,0.481,0.1064443155022676,-0.0043940962980604,4.3293341861945045,2nd_test,284,2004.02.14.09.52.39,0.0756169020082177,0
-0.0014205078125,0.0761327924053073,0.0761460433763633,-0.337,0.366,0.7030000000000001,0.3883496712947254,-0.0377399286849673,4.806553088860878,-0.0013397460937499,0.0929583140273667,0.0929679679588956,-0.42,0.4,0.8200000000000001,0.102503432824327,0.1151795526218833,4.517685060957541,-0.0013353515624999,0.0986793484416105,0.098688383169734,-0.718,0.942,1.66,2.201355363684523,0.0688462178315679,9.545196402400368,-0.0029,0.0550463180322376,0.0551226553143646,-0.229,0.229,0.458,0.1152575455327342,-0.0499934309979019,4.154371713224956,2nd_test,285,2004.02.14.10.02.39,0.0748910159996334,0
-0.001374951171875,0.0777373707808257,0.0777495293017303,-0.378,0.403,0.781,0.566700093050676,0.0520253140218555,5.183311122448786,-0.00143779296875,0.0950772246640409,0.0950880954611958,-0.454,0.43,0.884,0.1477743705814767,0.1394952169135327,4.77451985754091,-0.00112353515625,0.1000404628723868,0.1000467717768482,-0.642,0.664,1.306,1.1526137701806984,-0.0196069364746975,6.636895805837677,-0.00307421875,0.0547422659650054,0.0548285190745313,-0.256,0.232,0.488,0.1518151145042789,-0.0372659727758949,4.669102947087378,2nd_test,286,2004.02.14.10.12.39,0.0763614164581006,0
-0.0019017578125,0.0760316309384462,0.0760554112863608,-0.31,0.417,0.727,0.4178361569761297,0.0591880760554947,5.482844585830261,-0.0011914550781249,0.0930622508561134,0.0930698775093712,-0.381,0.464,0.845,0.1124824002946924,0.1174499340912111,4.985501350297725,-0.0012817871093749,0.0987537644670602,0.0987620826765483,-0.569,0.813,1.382,1.3481230909263022,0.0070497144358086,8.231904167659069,-0.003011962890625,0.0547794593212626,0.0548622008671213,-0.244,0.232,0.476,0.0943331431592287,0.0118206491743599,4.44750659177037,2nd_test,287,2004.02.14.10.22.39,0.0746664646531836,0
-0.0020474609375,0.0762318055482546,0.0762592963083026,-0.327,0.422,0.749,0.3821786978973138,0.0295064566555488,5.533751561100118,-0.0013677734375,0.0935840233704379,0.0935940181548746,-0.469,0.413,0.8819999999999999,0.1472766577867119,0.0807133377857264,5.011004006889753,-0.001082568359375,0.097688617980073,0.0976946162135323,-0.493,0.532,1.025,0.9571704511460356,0.0397493082186478,5.44554061025999,-0.003298681640625,0.0549816535293767,0.0550805185650119,-0.232,0.222,0.454,0.091511700965023,0.02226487221369,4.212015537253098,2nd_test,289,2004.02.14.10.42.39,0.0748177350830339,0
-0.001896142578125,0.0774802407066733,0.0775034389987994,-0.352,0.403,0.755,0.5782366156865968,0.0466536933536361,5.199769264445709,-0.00119375,0.0958684546942775,0.0958758866688139,-0.457,0.444,0.901,0.2120960933234386,0.1240861284455451,4.766579125091777,-0.001033984375,0.0989638473552009,0.0989692487949224,-0.593,0.835,1.428,1.5597001222615532,0.084663284286017,8.436964109142579,-0.002843408203125,0.0559995670018954,0.0560717083261191,-0.283,0.22,0.503,0.2085105961861706,0.0010458693745541,5.047108576556902,2nd_test,290,2004.02.14.10.52.39,0.0761592000138556,0
-0.001577197265625,0.0768780283801128,0.0768942052356881,-0.413,0.356,0.7689999999999999,0.5470773142021708,0.0127764944497082,5.371015913731656,-0.00064501953125,0.0929453146124002,0.0929475527305251,-0.459,0.449,0.908,0.2711996631345044,0.1090350796080141,4.938268803330423,-0.002497412109375,0.1016922435372854,0.1017229053010708,-0.645,0.684,1.3290000000000002,1.340120910300023,0.0297337334335476,6.724149275611334,-0.002743603515625,0.0556800862515803,0.0557476399969933,-0.269,0.247,0.516,0.1495542753188568,0.0472944663090764,4.825316372310697,2nd_test,291,2004.02.14.11.02.39,0.075902976475129,0
-0.0023769531249999,0.0776180998851366,0.0776544869015146,-0.342,0.381,0.7230000000000001,0.3311799985725137,0.0039103687606207,4.906348817658114,-0.0013752929687499,0.09457284918847,0.094582848521151,-0.366,0.408,0.774,0.1607883764562849,0.1153361951324996,4.31367849853293,-0.00103603515625,0.1033421230892442,0.1033473162372274,-0.862,0.745,1.607,1.2471639279083515,0.0293767218285729,8.3408068189501,-0.0029603515625,0.056712541759695,0.0567897532502013,-0.266,0.251,0.517,0.1547796424003245,-0.0024877979832631,4.683943577345499,2nd_test,292,2004.02.14.11.12.39,0.0769205370005338,0
-0.0019878906249999,0.0769629733535908,0.0769886418672423,-0.449,0.386,0.835,0.4282343784664375,-0.0082555560873115,5.832029103311297,-0.001572314453125,0.0940398438511962,0.0940529872162329,-0.396,0.422,0.8180000000000001,0.183259401747895,0.1028718351332761,4.486832502462811,-0.001536083984375,0.1041190183732471,0.1041303487990683,-0.649,0.71,1.359,1.0859712144731084,0.0825130271434651,6.818377237583346,-0.002746533203125,0.0569175515848231,0.05698377947317,-0.251,0.281,0.532,0.1547436161404336,0.0057559601628093,4.931227844010829,2nd_test,293,2004.02.14.11.22.39,0.0776160092608192,0
-0.001761181640625,0.0781169936333116,0.0781368444146429,-0.383,0.444,0.827,0.5572219183026554,0.0176247692441976,5.682338509067193,-0.0011953124999999,0.0944620383899127,0.0944696007652726,-0.466,0.415,0.881,0.1690787146661629,0.0967515962844049,4.932803740252181,-0.0014112304687499,0.1001899661992236,0.1001999046827765,-0.686,0.654,1.34,1.214663600384232,-0.0083890777545107,6.846313897852152,-0.0023423828125,0.0562474692189875,0.0562962214609581,-0.225,0.242,0.4669999999999999,0.1088585785062599,-0.0137257022952485,4.298689924749744,2nd_test,294,2004.02.14.11.32.39,0.0765284778288388,0
-0.0024084960937499,0.078411275659006,0.078448256857028,-0.361,0.393,0.754,0.4749347955380534,0.0099617599387142,5.009671543259818,-0.000831298828125,0.093883498735595,0.0938871790639069,-0.393,0.42,0.813,0.2432528230151436,0.1009699372408702,4.473454247780112,-0.001390869140625,0.1004373624407236,0.1004469924438538,-0.608,0.552,1.16,1.0606396778502498,-0.0612539658734324,6.052943798529326,-0.002794140625,0.0560275767832143,0.0560972065439202,-0.259,0.261,0.52,0.0796630574454977,-0.0126846778320763,4.652638091542086,2nd_test,296,2004.02.14.11.52.39,0.0759374959646674,0
-0.0023276367187499,0.0777793100518979,0.0778141308815034,-0.413,0.403,0.8160000000000001,0.5191691228606832,0.0283748275421001,5.307519281088098,-0.001064306640625,0.0955103705071946,0.0955163003002465,-0.391,0.417,0.808,0.2210244544039024,0.1141545623761993,4.365746984387312,-0.001552587890625,0.1049582053544767,0.1049696880074939,-0.664,0.635,1.299,1.1573913712458292,-0.060595806804268,6.325635643941993,-0.003252978515625,0.0553742682647365,0.055469734586332,-0.254,0.22,0.474,0.1383655108011661,-0.0539939979941479,4.579073649615179,2nd_test,297,2004.02.14.12.02.39,0.0777123787688953,0
-0.001596875,0.0772861356750234,0.0773026311152715,-0.33,0.369,0.6990000000000001,0.3969041106344453,0.0004034613001456,4.773446837080925,-0.002212109375,0.094359666230734,0.094385592327762,-0.398,0.393,0.791,0.1258747465816494,0.1300977650344341,4.216745269910413,-0.0019219238281249,0.1015846610812971,0.1016028403057863,-0.669,0.725,1.394,1.0816698868995376,0.0888549748792607,7.135627289659293,-0.0026509765625,0.0566195754767847,0.0566816019878253,-0.273,0.249,0.522,0.0833869957172006,-0.0415477910551304,4.816377632619155,2nd_test,298,2004.02.14.12.12.39,0.0764849941543764,0
-0.0014182128906249,0.0781092574784672,0.0781221315098393,-0.369,0.396,0.765,0.4481424372039315,0.0272449517881756,5.068986116246147,-0.0013044921874999,0.0939259367848625,0.0939349950805409,-0.344,0.442,0.786,0.1351201790719587,0.1491366669124081,4.7053816271169095,-0.0014595214843749,0.101371124127151,0.1013816305341634,-0.771,0.977,1.748,1.9802883879914936,-0.0020887833825637,9.63685427865687,-0.003434765625,0.0550803429725734,0.0551873336633959,-0.259,0.247,0.506,0.1197738442264624,-0.0011832944350836,4.693105877791183,2nd_test,299,2004.02.14.12.22.39,0.0760465191508038,0
-0.0019869140625,0.0792080325877021,0.0792329492945091,-0.344,0.432,0.776,0.3589869077111522,0.001791114953653,5.452277162986858,-0.00233974609375,0.0950233159213333,0.0950521171803592,-0.488,0.479,0.967,0.2489028236871915,0.1450467834726259,5.1340255690349,-0.002915185546875,0.1001534914980147,0.1001959089285367,-0.706,0.576,1.282,1.1413766718216003,0.0257646999494044,7.046195873091964,-0.002977490234375,0.0559728373991669,0.0560519756530434,-0.249,0.244,0.493,0.1755316258043433,-0.0113215594925338,4.442305504748748,2nd_test,300,2004.02.14.12.32.39,0.0760777731925899,0
-0.00177626953125,0.0753601855216987,0.0753811163044996,-0.454,0.371,0.825,0.5001967130650411,-0.0380326559000168,6.022728532701196,-0.00136298828125,0.0945232851874747,0.0945331115519186,-0.459,0.41,0.869,0.1966840983407185,0.1212014040940837,4.855441574490611,-0.0015764160156249,0.1021092710904539,0.1021214391304691,-0.806,0.789,1.5950000000000002,1.8698230403120155,-0.0666450324512211,7.892564057605681,-0.002979638671875,0.0551197641846887,0.0552002413979379,-0.256,0.234,0.49,0.1848128588020445,-0.0159708579658031,4.637660878144735,2nd_test,301,2004.02.14.12.42.39,0.0761220158132382,0
-0.001262939453125,0.076942373002362,0.076952737308668,-0.315,0.393,0.708,0.3559125944069117,0.0106549150688324,5.107030805395728,-0.001812744140625,0.0932899192144574,0.0933075295373282,-0.383,0.391,0.774,0.1445518252482016,0.1286691464451812,4.190444243188197,-0.00213818359375,0.0992978643588668,0.0993208824734884,-0.691,0.684,1.375,1.1799550028555732,0.0321072725699643,6.95724788971232,-0.0029215332031249,0.0560120177987158,0.0560881582345206,-0.232,0.229,0.461,0.1516883985652755,-0.0223395182126573,4.136345483583279,2nd_test,302,2004.02.14.12.52.39,0.0752485469623794,0
-0.001960400390625,0.076181751245863,0.076206970761067,-0.449,0.374,0.823,0.5239826539737651,-0.0167443967438167,5.891849466131717,-0.001917041015625,0.093641091442159,0.0936607124291416,-0.479,0.381,0.86,0.0722451230680141,0.056326825284549,5.11420410513394,-0.002465625,0.1000958636699245,0.100126226486714,-0.708,0.596,1.3039999999999998,1.0595344412264955,0.014950781681067,7.071074431101977,-0.0031276367187499,0.0546660084366809,0.054755406946198,-0.215,0.254,0.469,0.1154557164277845,-0.0241303909394314,4.638811291183325,2nd_test,303,2004.02.14.13.02.39,0.0750988069946947,0
-0.00220458984375,0.0785222316152539,0.0785531735464503,-0.356,0.349,0.705,0.3618641876245507,-0.0066133725480891,4.531962031870764,-0.001731103515625,0.0936832080266526,0.0936992005598066,-0.479,0.496,0.975,0.2443397512792868,0.1553113805727739,5.293535025180047,-0.001289794921875,0.1006944105197447,0.1007026706739169,-0.981,0.996,1.977,2.810303905373808,0.0586531754971304,9.89050234045167,-0.002594580078125,0.0555786353462602,0.0556391638392811,-0.237,0.244,0.481,0.1192084420693766,-0.0019277309661523,4.385400195812268,2nd_test,304,2004.02.14.13.12.39,0.0756693139294241,0
-0.0019574218749999,0.0770128733379006,0.07703774503551,-0.327,0.422,0.749,0.3981230179180359,-0.013292743712402,5.477834272018269,-0.001698779296875,0.0932649972151457,0.0932804671763634,-0.391,0.415,0.806,0.190397970702667,0.1489290574560718,4.448948558661472,-0.002447607421875,0.0978986012270106,0.0979291933199537,-0.706,0.847,1.553,1.9832430802488064,0.011876436261948,8.649106270323669,-0.0032330078124999,0.0555158356871876,0.0556098943674819,-0.215,0.256,0.471,0.0516101781877438,-0.0057982677808572,4.603497325560347,2nd_test,305,2004.02.14.13.22.39,0.0745991619461888,0
-0.00251982421875,0.0777947344024667,0.0778355331120931,-0.378,0.364,0.742,0.4319978423653223,-0.0212189875644376,4.856393794473985,-0.001647216796875,0.0935796729139585,0.0935941691872916,-0.33,0.503,0.833,0.1761131561225157,0.1526345041436335,5.374266413841127,-0.00171513671875,0.0982773861789221,0.098292351320563,-0.696,0.691,1.387,1.2167694235188504,0.037427815041136,7.080917188795682,-0.0030664062499999,0.0555363512743339,0.0556209417410048,-0.276,0.212,0.488,0.0921851860112386,-0.0341090197529554,4.962159779318614,2nd_test,306,2004.02.14.13.32.39,0.0749158780488569,0
-0.0020064453124999,0.076996360363586,0.0770224988690398,-0.383,0.366,0.749,0.4120063063697388,0.0227123277494597,4.97257302241305,-0.001718310546875,0.0951966293465405,0.0952121359390604,-0.422,0.447,0.869,0.3348491695045728,0.1100418482770678,4.6947796684385175,-0.00100458984375,0.0994329807192492,0.0994380553684994,-0.759,0.664,1.423,1.3937170635519545,0.0824749879082533,7.632892630287778,-0.00332685546875,0.0553335703289268,0.0554334914348379,-0.232,0.225,0.457,0.0717228688360211,-0.0423562524692812,4.185195519725307,2nd_test,307,2004.02.14.13.42.39,0.0762580122402641,0
-0.002217529296875,0.0776115263275734,0.0776431996705321,-0.325,0.378,0.7030000000000001,0.4177640583898037,0.029726571727968,4.868423784685853,-0.0006406249999999,0.0934994754225758,0.0935016700636277,-0.43,0.41,0.84,0.0774485995235396,0.1081031822081292,4.598848338246651,-0.0019697265625,0.0977810585524823,0.0978008958771595,-0.796,0.684,1.48,1.802505984390284,-0.0244827537627615,8.138984749093279,-0.003223291015625,0.0567026138764273,0.0567941548523316,-0.312,0.293,0.605,0.2399660781653607,-0.0106324925505535,5.493523071268972,2nd_test,309,2004.02.14.14.02.39,0.0751425712284591,0
-0.00143525390625,0.0782323556593168,0.0782455201642959,-0.408,0.386,0.794,0.462614995853301,-0.0346317113593478,5.214356031349626,-0.0014103515625,0.0958012207477097,0.0958116015328063,-0.442,0.41,0.852,0.2065439554906825,0.1392419973639571,4.613220037283733,-0.0022345703125,0.1019272778836386,0.1019517693875393,-0.591,0.728,1.319,1.2239199108187266,-0.0069398808185146,7.14063134329316,-0.003107373046875,0.055664436900789,0.0557511013589361,-0.254,0.234,0.488,0.1195330609582536,-0.0233920728240857,4.555963807067126,2nd_test,310,2004.02.14.14.12.39,0.0772153311835794,0
-0.0017629394531249,0.078463430123531,0.0784832327460179,-0.374,0.417,0.7909999999999999,0.3663784441404645,-0.0352759882795859,5.313236794719624,-0.00101279296875,0.0955231050891416,0.0955284740560046,-0.42,0.488,0.908,0.2314447453439445,0.1387779661988821,5.108424528050098,-0.0019505859374999,0.1015781031266725,0.1015968297749122,-0.793,0.645,1.4380000000000002,1.867372957600841,-0.0471441871072374,7.805361660881406,-0.002876171875,0.0557621780998483,0.0558363042392111,-0.286,0.281,0.567,0.1944882189162693,-0.0001043304437468,5.122115510539714,2nd_test,311,2004.02.14.14.22.39,0.0769013897243714,0
-0.001953369140625,0.0777667964635523,0.0777913252439057,-0.371,0.361,0.732,0.2953570136517198,0.0016333440813211,4.769169297887689,-0.00159375,0.0930081560393697,0.0930218099636114,-0.344,0.366,0.71,0.0300952124994893,0.1140918558853156,3.934561154413554,-0.0019517578125,0.0961117966633003,0.0961316119515648,-0.608,0.681,1.289,1.363217100388728,0.0250895522695232,7.08403808245754,-0.002883056640625,0.0549177949767657,0.054993419794582,-0.261,0.205,0.4659999999999999,0.0488327919747817,-0.0357399265236047,4.746022359950924,2nd_test,312,2004.02.14.14.32.39,0.0739405330229131,0
-0.0022418457031249,0.077687208095487,0.0777195482091096,-0.415,0.378,0.7929999999999999,0.4379526468945034,-0.0542027001954044,5.339711945803837,-0.0013628417968749,0.0940591794271155,0.0940690521492888,-0.403,0.645,1.048,0.2357552890563496,0.144720498420565,6.856665239589314,-0.0013810546875,0.1000836623295425,0.1000931904644054,-0.752,0.574,1.326,1.468527685182463,0.0218261060639789,7.512998601637228,-0.00310986328125,0.0555627525688584,0.055649714488542,-0.259,0.215,0.474,0.1487581326868845,-0.0500422342065933,4.6541119280795655,2nd_test,314,2004.02.14.14.52.39,0.0755056301333063,0
-0.001652978515625,0.0783901396855338,0.078407565565388,-0.437,0.371,0.808,0.443220644918866,-0.05459562201458,5.573441757096642,-0.0008650390624999,0.0940200228446132,0.0940240021924255,-0.498,0.432,0.93,0.1655354046741788,0.1007608318139931,5.296519913878134,-0.001114794921875,0.0990212426697437,0.0990275177290541,-0.662,0.908,1.57,1.7521061147166923,0.0482300665103194,9.169168538336782,-0.002863330078125,0.0550543279534913,0.055128737383935,-0.249,0.251,0.5,0.1109721360254059,-0.0280421949561217,4.552979297301856,2nd_test,316,2004.02.14.15.12.39,0.0752238460881234,0
-0.002400341796875,0.0763364701162232,0.0763741992465183,-0.349,0.366,0.715,0.3836154471369735,-0.0107514063894253,4.792194269871743,-0.001002783203125,0.0930317362373287,0.0930371405487312,-0.405,0.454,0.859,0.1738718798668785,0.1015458415159122,4.879771640846192,-0.0004881835937499,0.0999952428410536,0.0999964345067487,-0.596,0.688,1.2839999999999998,1.2708930277381132,-0.0250294096802067,6.880245314613557,-0.00321806640625,0.0549866337253765,0.0550807211267585,-0.247,0.247,0.494,0.1773437558924664,-0.0206215409627083,4.484327636653279,2nd_test,317,2004.02.14.15.22.39,0.0750866438824012,0
-0.00154453125,0.0768388124263563,0.0768543341124949,-0.398,0.369,0.767,0.3601853709222538,-0.0402462929743845,5.1786279146242045,-0.00160087890625,0.0932357069475465,0.0932494496674444,-0.354,0.398,0.752,0.0910113050743657,0.1708070968059158,4.268121703829026,-0.002017431640625,0.0989406226748069,0.0989611885827121,-0.642,0.713,1.355,1.240576687746258,0.0451891645676278,7.204844749786595,-0.0037978515625,0.0549785083655692,0.0551095278386029,-0.278,0.259,0.537,0.1244840294302722,-0.049153469094345,5.044499760715118,2nd_test,318,2004.02.14.15.32.39,0.0746933444601315,0
-0.002496728515625,0.0768521433820969,0.0768926888312739,-0.393,0.344,0.737,0.4793932922345587,-0.0112815797733079,5.111019083456048,-0.001361962890625,0.0935250258352019,0.0935349421360307,-0.354,0.403,0.757,0.1707307742820956,0.1271746838865706,4.3085502678731125,-0.0014171875,0.0973693083296263,0.097379621199715,-0.649,0.62,1.269,1.209102557732649,0.0184926686196069,6.664638781684173,-0.00343388671875,0.0544728790758786,0.0545810052382007,-0.247,0.234,0.481,0.1651126514001242,-0.012609118836475,4.52538385684772,2nd_test,319,2004.02.14.15.42.39,0.0746829150552345,0
-0.001877392578125,0.0781571268733183,0.0781796718078579,-0.432,0.327,0.759,0.4221871397231123,0.0142684089834682,5.525733096657147,-0.00124326171875,0.0937570455868447,0.093765288336756,-0.403,0.388,0.791,0.138667831725527,0.1066499591897961,4.297965773307666,-0.00162978515625,0.1006071551119475,0.1006203550946576,-0.876,0.811,1.687,1.9937401786255649,-0.0328434502773305,8.705991935401192,-0.002800244140625,0.0550967303676544,0.0551678444789455,-0.244,0.232,0.476,0.0780050055139809,-0.0262285582628363,4.422866296483599,2nd_test,320,2004.02.14.15.52.39,0.0755658980011489,0
-0.00178037109375,0.0782394068899253,0.0782596608203661,-0.354,0.417,0.7709999999999999,0.4718474436506232,-0.0162592590818095,5.328415631034173,-0.000854736328125,0.0927460870448856,0.0927500255327626,-0.415,0.62,1.035,0.3442081953838416,0.1174207201657534,6.684634278341076,-0.001972900390625,0.1001547069790746,0.1001741367121056,-0.645,0.854,1.499,1.4256163193997071,-0.0108092001271321,8.52515457603412,-0.002982568359375,0.055682745999073,0.0557625673370194,-0.278,0.293,0.571,0.2137163659478802,-0.0267437888081668,5.254420913296615,2nd_test,321,2004.02.14.16.02.39,0.0751680606800177,0
-0.002705859375,0.0759550057294134,0.0760031878957225,-0.4,0.374,0.774,0.30438619570478,-0.0249440619756068,5.262937135525722,-0.002112744140625,0.0947793244616112,0.0948028693300109,-0.366,0.405,0.771,0.0814525438025661,0.129658267158081,4.272022596551523,-0.00143984375,0.0984813106594055,0.0984918356982889,-0.894,0.61,1.504,1.6326280894737597,-0.1143940519438757,9.076894482193651,-0.002424560546875,0.0556554189324378,0.0557082054134812,-0.251,0.232,0.483,0.0863038208641469,0.0047091461550854,4.505619919588234,2nd_test,322,2004.02.14.16.12.39,0.0753275905454935,0
-0.002043603515625,0.0775424921508704,0.0775694166814272,-0.361,0.374,0.735,0.272213678600965,0.0153946994345142,4.821487849150309,-0.00140771484375,0.0931583800235179,0.0931690153950738,-0.43,0.479,0.909,0.1584298237395294,0.1075168007582449,5.141194183105913,-0.001242041015625,0.0986867546685274,0.0986945703313542,-0.735,0.637,1.372,1.2840368974672849,0.096752768741761,7.447218195741525,-0.0030191894531249,0.0552659812588111,0.0553483892218475,-0.234,0.237,0.471,0.0415787263476405,0.0016415665037213,4.28196743080949,2nd_test,323,2004.02.14.16.22.39,0.0753125025451377,0
-0.0015506835937499,0.0773136795681128,0.0773292290661736,-0.378,0.383,0.761,0.2258166101647494,-0.0236228831190028,4.952849066519197,-0.001754833984375,0.094473807966397,0.0944901044236081,-0.422,0.481,0.903,0.1392814492612575,0.1386676567830131,5.090480140000063,-0.0017744140625,0.0995012856663975,0.0995171060397721,-0.64,0.669,1.3090000000000002,1.2566001608837256,0.0768040119046175,6.722462364670361,-0.00331865234375,0.055028290165117,0.0551282701694421,-0.215,0.198,0.413,0.0071648457953581,-0.0133226121083236,3.899995398645316,2nd_test,324,2004.02.14.16.32.39,0.0753306494893309,0
-0.0011597167968749,0.0765049121962385,0.0765137016043736,-0.386,0.391,0.777,0.4724327312404091,0.0049414775347747,5.110195844616408,-0.000956982421875,0.093664148477605,0.0936690371755289,-0.435,0.493,0.928,0.2225668427092908,0.1549468091794169,5.263211994705259,-0.00177197265625,0.1001488119099173,0.1001644867907907,-0.676,0.62,1.296,1.440886497116974,-0.0775815961382811,6.748898952631615,-0.002823681640625,0.054908766800956,0.0549813227342647,-0.242,0.217,0.4589999999999999,0.0419193360009364,-0.0597983978913023,4.401494688755141,2nd_test,325,2004.02.14.16.42.39,0.075051422432663,0
-0.0024634765625,0.078723879187447,0.0787624140760918,-0.427,0.461,0.888,0.6552318596666904,-0.0004117681603815,5.853045585281044,-0.001655517578125,0.0943909828861867,0.0944054997797897,-0.457,0.43,0.887,0.1361397014735557,0.1417256034453125,4.84081966687489,-0.0008648437499999,0.098326727824448,0.0983305311659354,-0.742,0.762,1.504,1.4328607222122989,0.0819370398981632,7.749373373223775,-0.002980810546875,0.0553886435023508,0.0554687935739265,-0.232,0.281,0.513,0.1484912644778386,-0.0327188167718308,5.065911513298532,2nd_test,326,2004.02.14.16.52.39,0.0757493870291711,0
-0.0013345214843749,0.0756226824261716,0.0756344567305264,-0.378,0.364,0.742,0.2940289000270888,-0.0148451141499926,4.997722153829389,-0.001224169921875,0.0929967914212259,0.0930048482964228,-0.437,0.466,0.903,0.1927319192535148,0.0805573158892455,5.010491480076022,-0.002890234375,0.1010947177423915,0.1011360242947894,-0.559,0.552,1.1110000000000002,1.0374098413020605,-0.0307668366026424,5.527209556558299,-0.0026703125,0.055793169222886,0.0558570344789378,-0.234,0.205,0.439,0.0251945029342377,0.0157295188418754,4.189266440273441,2nd_test,327,2004.02.14.17.02.39,0.0754281420855718,0
-0.0016426269531249,0.0776324653549241,0.0776498415992629,-0.347,0.354,0.701,0.3089038176237886,0.0520895283097131,4.558927522639031,-0.0011652832031249,0.0946544175696366,0.0946615901535074,-0.486,0.415,0.901,0.1336968484790364,0.1465675866741287,5.134078132500696,-0.0009408203125,0.1008202168549088,0.1008246064685166,-0.732,0.874,1.606,1.6300737114199393,0.0380196154099721,8.668518832892698,-0.002485205078125,0.0553187000043636,0.0553744960650038,-0.237,0.315,0.552,0.1315661834616635,0.0174226343207513,5.688539352566471,2nd_test,328,2004.02.14.17.12.39,0.0762193182204929,0
-0.001707958984375,0.0782935963014269,0.078312223475669,-0.374,0.422,0.796,0.4207031177532925,0.0577139981214796,5.38868622630442,-0.0017170898437499,0.0947555095123087,0.0947710661566532,-0.388,0.437,0.825,0.2065572312064381,0.118238937027533,4.611111995649,-0.002362890625,0.0979357462841736,0.0979642468063923,-0.64,0.491,1.131,0.8497986717808281,0.0091155673919733,6.532995667881824,-0.003298681640625,0.055016244034257,0.0551150470216902,-0.225,0.242,0.4669999999999999,0.1337032417567338,-0.0241880982368194,4.390815450096076,2nd_test,329,2004.02.14.17.22.39,0.0758361994705645,0
-0.00196455078125,0.0766133798616249,0.0766385636190668,-0.352,0.403,0.755,0.4142624303884452,0.0443898574423054,5.258449284068781,-0.001638427734375,0.0938927089751907,0.0939070031687766,-0.481,0.439,0.92,0.1945899777395041,0.088275251249527,5.122088702270576,-0.0019277832031249,0.1001633578287545,0.1001819075462699,-0.701,0.891,1.592,1.717192648686849,0.0732886713203657,8.893821467509888,-0.003288818359375,0.0551178817680425,0.0552159145246809,-0.251,0.229,0.48,0.0955813722853671,-0.0029980563514747,4.54579086765392,2nd_test,331,2004.02.14.17.42.39,0.0751442601603529,0
-0.0018185546875,0.0750997636445919,0.0751217787370946,-0.366,0.374,0.74,0.4322386192221237,0.0053971070769729,4.978582859491622,-0.001875830078125,0.0930621870891442,0.0930810904765134,-0.344,0.398,0.742,0.0316449226492201,0.139851775145467,4.275841612493238,-0.0008854003906249,0.0977751686035117,0.0977791773809581,-0.671,0.564,1.235,1.2421244437510175,-0.0038921603176667,6.862401770663807,-0.002972119140625,0.0559213424115588,0.0560002681180802,-0.242,0.232,0.474,0.1228183297189104,0.0099841008489571,4.321407881215955,2nd_test,332,2004.02.14.17.52.39,0.0746497254127858,0
-0.002142333984375,0.0749768135045929,0.0750074140215694,-0.349,0.354,0.703,0.264094651949371,0.0052841904323497,4.719533456965773,-0.001586767578125,0.092957413650754,0.0929709555935851,-0.374,0.449,0.823,0.0920772351676713,0.1273276322955595,4.829465257493288,-0.0016229980468749,0.0970030036805199,0.0970165802618455,-0.623,0.579,1.202,1.1020831755666824,0.0090249239092695,6.421582767730169,-0.0030953125,0.0548702393071243,0.0549574755706059,-0.273,0.342,0.615,0.2126442803421611,-0.0087510690367805,6.222993258749607,2nd_test,333,2004.02.14.18.02.39,0.0741133339738245,0
-0.001755419921875,0.0763621415047715,0.0763823157170354,-0.361,0.352,0.713,0.332808431759835,0.0034653848290839,4.726224867711893,-0.00166220703125,0.0929789461709827,0.0929938028219152,-0.564,0.381,0.945,0.1325459127704822,0.0665896809052397,6.0649202729563045,-0.0016797363281249,0.0997529806470831,0.0997671221500819,-0.535,0.525,1.06,1.151552169790704,-0.0447090897904692,5.362488046811903,-0.00254716796875,0.0541357589063848,0.0541956497980349,-0.269,0.222,0.491,0.059373891031528,-0.0455386952636231,4.963498011325438,2nd_test,334,2004.02.14.18.12.39,0.0749046569515379,0
-0.0022265625,0.0778484444935067,0.0778802792151196,-0.354,0.364,0.718,0.3784283215736437,-0.0529906367162034,4.673840459532652,-0.00189443359375,0.0939266361413397,0.093945738889365,-0.378,0.481,0.859,0.2543285394948378,0.1405727652236368,5.119976761919224,-0.0016781249999999,0.0984401899930073,0.0984544925809635,-0.544,0.559,1.1030000000000002,1.1773181921077915,0.0142041303186568,5.6777500481720695,-0.002677294921875,0.0552625075289357,0.0553273227843565,-0.237,0.239,0.476,0.0989310391621427,-0.051266807383371,4.319746338119511,2nd_test,335,2004.02.14.18.22.39,0.0752452904180158,0
-0.001797412109375,0.0752529284829231,0.075274390967625,-0.396,0.398,0.794,0.4381367657841588,0.014947210797409,5.287322751849156,-0.0010183105468749,0.0937419548979177,0.093747485643366,-0.439,0.442,0.881,0.0988801217974906,0.1117638651112378,4.714793116444109,-0.001655908203125,0.0987941772685184,0.0988080537918879,-0.857,0.796,1.653,1.623426389869283,-0.0131523104279081,8.673382048353687,-0.003082080078125,0.0556054429381256,0.0556907936911759,-0.215,0.254,0.469,0.0776138033118991,-0.0101735984485333,4.560897469049443,2nd_test,336,2004.02.14.18.32.39,0.0752127906916003,0
-0.000971923828125,0.0780010582035218,0.0780071132448629,-0.359,0.381,0.74,0.3481483745968718,0.0210130612122557,4.884169970489274,-0.0017982421875,0.0940902415322524,0.094107423865296,-0.474,0.398,0.872,0.1580053514374362,0.0695311762538168,5.0367971040567365,-0.000817333984375,0.1002877670167446,0.1002910975513124,-0.659,0.784,1.443,1.4464525038060518,0.0101431850133715,7.817244193494448,-0.0024126953125,0.0562312659337893,0.0562830024713278,-0.286,0.203,0.489,0.1185709877691136,-0.0130132444096433,5.0814630960850895,2nd_test,338,2004.02.14.18.52.39,0.0761617625691155,0
-0.0015823242187499,0.0775458701203552,0.0775620121106734,-0.371,0.425,0.796,0.5701837051718384,0.0388834536970139,5.479486522191907,-0.000879443359375,0.0947267578852764,0.0947308401740326,-0.459,0.381,0.8400000000000001,0.213306002517748,0.0970628762516106,4.845306968162775,-0.00119306640625,0.099094603092608,0.0991017848957891,-0.615,0.818,1.4329999999999998,1.4383741433543848,0.0603854873311333,8.25413993150494,-0.0029563964843749,0.0563860646284195,0.0564635153391384,-0.278,0.259,0.537,0.1306959621978278,-0.0152088540935563,4.923533335204458,2nd_test,340,2004.02.14.19.12.39,0.0760000176093222,0
-0.0018259277343749,0.076873814279592,0.0768954961879067,-0.354,0.376,0.73,0.3632654563177486,0.0553695028426848,4.889753218787909,-0.00167626953125,0.0934821892678084,0.0934972170165708,-0.464,0.415,0.879,0.1284500475701713,0.100567658071967,4.962714557726363,-0.000358447265625,0.0970207370609739,0.0970213992080967,-0.505,0.764,1.269,1.1599370414301564,0.0671380439990313,7.874551451824117,-0.00312626953125,0.0544493957057764,0.0545390708933169,-0.217,0.242,0.4589999999999999,0.0064773178862767,-0.0184558750774219,4.437185966532789,2nd_test,341,2004.02.14.19.22.39,0.0746737756066501,0
-0.001708154296875,0.0767329717718852,0.0767519820463737,-0.4,0.386,0.786,0.3774049694681145,0.0140116840043668,5.211591796458201,-0.0016045898437499,0.0932900241812908,0.0933038226457657,-0.457,0.403,0.8600000000000001,0.1596382449615441,0.0849650519525475,4.897977242906045,-0.0013150390624999,0.0984990604551401,0.0985078384611156,-0.608,0.635,1.243,1.012514684106244,-0.0449384021826646,6.446187530997443,-0.0028423828124999,0.0551211650149328,0.0551944016423427,-0.212,0.232,0.444,0.0627408344947721,-0.006456180546648,4.203324849848835,2nd_test,342,2004.02.14.19.32.39,0.0750521636952405,0
-0.0020412109375,0.076457156232485,0.0764843989402414,-0.369,0.354,0.723,0.4036831485979366,0.0095565890482651,4.824513300856055,-0.00116396484375,0.0913186368055832,0.0913260545637853,-0.378,0.471,0.849,0.2592761239573495,0.1004149282635448,5.157345318863846,-0.00234169921875,0.0985768361058717,0.0986046457925538,-0.579,0.664,1.243,1.0841907562129205,0.0789665017085971,6.733962630829797,-0.00310869140625,0.0558230979461298,0.0559095897549114,-0.244,0.244,0.488,0.1804936403703183,-0.0091941431188711,4.364188702962202,2nd_test,344,2004.02.14.19.52.39,0.0746028841802148,0
-0.002130712890625,0.0764761359459168,0.0765058122409051,-0.352,0.337,0.6890000000000001,0.3214339391366456,0.0030977003711386,4.60095762250069,-0.001494677734375,0.0932991878219526,0.0933111596207314,-0.437,0.527,0.964,0.1873608303243132,0.1324495086716136,5.6477703431869655,-0.00192626953125,0.1009948300490202,0.1010131982017077,-0.833,0.708,1.541,1.6800658221566716,-0.0749760215501851,8.246447145732192,-0.002746044921875,0.0555437653751766,0.0556116052165878,-0.251,0.283,0.534,0.182483096540869,-0.0332061132157248,5.088865874177241,2nd_test,346,2004.02.14.20.12.39,0.0757646887134493,0
-0.001950830078125,0.0786808722778091,0.0787050532074696,-0.461,0.422,0.883,0.5518785151478065,-0.0409455604886703,5.857311331445626,-0.0013611328125,0.0931989290918784,0.0932088679601155,-0.447,0.42,0.867,0.1787709401374013,0.1569979149226076,4.795681030977412,-0.002889501953125,0.0998185362683693,0.0998603495101878,-0.613,0.608,1.221,1.161583151458868,-0.0047593219480583,6.138572546567369,-0.0032050292968749,0.0557763373545677,0.055868345433567,-0.295,0.234,0.529,0.0954062343460186,-0.0216213375745303,5.280270924534602,2nd_test,347,2004.02.14.20.22.39,0.0756946588232662,0
-0.001975830078125,0.0771953598718002,0.0772206416072436,-0.388,0.376,0.764,0.4224930257201391,-0.019125658602111,5.0245632763374894,-0.000817529296875,0.0916555641347778,0.0916592100719596,-0.371,0.371,0.742,0.0936291783383467,0.1160901682486819,4.047601978073872,-0.001264453125,0.0987554833628603,0.0987635779826627,-0.771,0.876,1.647,2.111803015565441,-0.0526109680915493,8.869666509499142,-0.002601953125,0.0558580848285774,0.0559186534242487,-0.259,0.225,0.484,0.1020522004770252,-0.0440410567316804,4.631728128901161,2nd_test,348,2004.02.14.20.32.39,0.0747110855250128,0
-0.001947119140625,0.0766564339996101,0.0766811590058755,-0.378,0.41,0.788,0.3061549297903347,0.0302537167761145,5.34681537564185,-0.0018169921874999,0.0922999346366064,0.0923178173189295,-0.33,0.398,0.728,0.0358248105183456,0.1292749666964537,4.311193782027164,-0.002001513671875,0.0980110272995757,0.098031461935936,-0.969,0.989,1.958,2.1082288666399345,-0.0451750094104675,10.08859788948396,-0.0032969726562499,0.0541417905774175,0.0542420825155616,-0.229,0.217,0.446,0.0279221849877031,-0.0191736451457913,4.221814306817585,2nd_test,349,2004.02.14.20.42.39,0.0743271752350721,0
-0.0023460449218749,0.0755687770667566,0.0756051849686291,-0.349,0.393,0.742,0.389790037405521,0.0035128804980339,5.198056193604571,-0.001474658203125,0.0918472425245082,0.0918590799876194,-0.427,0.42,0.847,0.1661089259718569,0.0732192872505578,4.648424522136532,-0.0016493652343749,0.0989982888040016,0.0990120275107871,-0.918,1.008,1.926,2.85517808622574,0.0973222458003239,10.180581342807065,-0.00294609375,0.0539467884200251,0.0540271732484566,-0.242,0.208,0.4499999999999999,0.1447967999738968,0.014588914033314,4.479227496923204,2nd_test,350,2004.02.14.20.52.39,0.0741007585412386,0
-0.00203828125,0.0764042906150541,0.0764314739805778,-0.352,0.366,0.718,0.2740950474169192,-0.0125219613754623,4.788603188369968,-0.0012888671875,0.0924101318780399,0.09241911951725,-0.378,0.461,0.839,0.2027258492693784,0.167684287448581,4.988145336192757,-0.001286572265625,0.1006861991466665,0.1006944187470034,-0.64,0.918,1.558,2.104177091745033,0.0524227526422671,9.11669198168148,-0.00323515625,0.0554349005377644,0.0555292214387501,-0.234,0.217,0.451,0.1121691039049386,-0.0081975822203224,4.2139974941642695,2nd_test,351,2004.02.14.21.02.39,0.0750166417289409,0
-0.002419287109375,0.0773480587756847,0.0773858846721052,-0.339,0.369,0.708,0.468679864414069,0.0201020078995498,4.768311450579598,-0.00057529296875,0.0936006586291603,0.0936024265594247,-0.432,0.452,0.884,0.1185105362048148,0.1191344550333319,4.8289346399392,-0.001638818359375,0.1016470752035288,0.1016602853775596,-0.796,0.925,1.721,1.810123081357004,-0.0104579138135102,9.098931766279344,-0.0029263671875,0.0553452255598567,0.055422537087249,-0.281,0.232,0.513,0.1129960418962392,-0.0261421920027854,5.070139599574175,2nd_test,352,2004.02.14.21.12.39,0.07589458515097,0
-0.00165908203125,0.0767142901296416,0.0767322283221414,-0.369,0.522,0.891,0.4150533719613865,-0.0173367235688941,6.802878157033416,-0.00156025390625,0.0940270343352008,0.0940399786161449,-0.435,0.464,0.899,0.2258023524879679,0.1544316880044564,4.9340717301631285,-0.001125634765625,0.0984889155757961,0.0984953478339046,-0.598,0.679,1.277,1.2217844085424554,0.0482438821867304,6.893726606642599,-0.0025194824218749,0.055378196431145,0.0554354798990738,-0.222,0.237,0.4589999999999999,0.0438867805714648,0.0122232531546203,4.275240341153503,2nd_test,353,2004.02.14.21.22.39,0.0751877207251445,0
-0.0018869140625,0.0778511720207746,0.0778740356581543,-0.449,0.361,0.81,0.5209914178339541,-0.0231160857859808,5.765721478275774,-0.00160771484375,0.0935121541181943,0.0935259734771242,-0.364,0.405,0.769,0.0830527127157871,0.1139588703564644,4.330347869565128,-0.0019242675781249,0.0991910284942186,0.099209691761708,-0.84,0.825,1.665,1.9573301409064028,0.0010649583941825,8.466914724512304,-0.00312646484375,0.055289348286872,0.0553776743499241,-0.232,0.234,0.466,0.0545241115329737,0.0370453052315842,4.2255295611939125,2nd_test,354,2004.02.14.21.32.39,0.0751843348447579,0
-0.0011360351562499,0.0760934994240146,0.0761019791494856,-0.371,0.459,0.8300000000000001,0.4680643539839941,-0.0110060751174715,6.031380591198078,-0.0010974609375,0.0937714734438699,0.0937778953290366,-0.381,0.488,0.869,0.2249148311448219,0.1374718535879753,5.2037849461492,-0.0019512207031249,0.0972070866189269,0.0972266679012084,-0.764,0.762,1.526,2.20281228349556,-0.0191522499670315,7.85792639493147,-0.0025535644531249,0.0553002702050868,0.0553591959494705,-0.244,0.212,0.4559999999999999,0.0801183418786872,-0.0308118500353034,4.407578466607517,2nd_test,355,2004.02.14.21.42.39,0.0743282564260165,0
-0.0017716796874999,0.0784287645702927,0.0784487728453256,-0.369,0.391,0.76,0.3924706247737952,-0.0184471824507389,4.984144248705269,-0.000821875,0.0948716886876855,0.0948752485792198,-0.425,0.454,0.879,0.2047345819491473,0.1434283608632472,4.78523120407036,-0.0009170410156249,0.1005182610442191,0.1005224440987092,-0.591,0.696,1.287,1.5061057425767466,0.1061090117717889,6.923826875017388,-0.00308916015625,0.0549138579646366,0.0550006791506364,-0.239,0.237,0.476,0.1314234305309161,-0.0243882977060009,4.345400887525026,2nd_test,356,2004.02.14.21.52.39,0.0762916174447238,0
-0.00153271484375,0.0783712033324118,0.0783861896418144,-0.378,0.354,0.732,0.4702673332381755,0.0118306590193985,4.82227802783179,-0.002055322265625,0.0940412668933168,0.0940637242964344,-0.454,0.457,0.911,0.1908087820857544,0.152382888605041,4.858408524788389,-0.002553125,0.0995456593278462,0.0995783949372616,-0.669,0.583,1.252,1.5092529048058465,0.0181987767766211,6.718324797409905,-0.00244228515625,0.0555180308289281,0.0555717239601782,-0.286,0.271,0.5569999999999999,0.1666518943594592,-0.0164336918109736,5.146502206766091,2nd_test,357,2004.02.14.22.02.39,0.0759027151880815,0
-0.001753955078125,0.0763811165141181,0.076401252073244,-0.396,0.354,0.75,0.4155701252808761,0.0418661164574156,5.183161129547736,-0.001046240234375,0.0936245450199898,0.0936303906262711,-0.508,0.439,0.947,0.2098816962753567,0.1156139273915217,5.425588813596575,-0.0006689453125,0.0998454267878611,0.0998476676657059,-0.732,0.686,1.418,1.5373777289705872,0.0274218254962321,7.331167738874331,-0.00317587890625,0.0550902714816585,0.0551817380910569,-0.217,0.21,0.427,0.1341659517689737,-0.0080833371141208,3.932460402714933,2nd_test,358,2004.02.14.22.12.39,0.0755052146799809,0
-0.002301123046875,0.0775539347274367,0.07758806582835,-0.327,0.398,0.7250000000000001,0.4161077726251578,-0.0136327611505855,5.129654873410242,-0.00153056640625,0.0941523871971048,0.0941648270238813,-0.417,0.476,0.893,0.1372312705605622,0.0848678464303421,5.054966010548986,-0.001271875,0.0983520889874898,0.0983603124955322,-0.581,0.713,1.294,1.5632614779060088,0.0796418127103703,7.248858629085156,-0.0032349609375,0.0549365415907444,0.0550317051727342,-0.251,0.312,0.563,0.1589097750319852,-0.0059166795436132,5.66945906936775,2nd_test,359,2004.02.14.22.22.39,0.0753548543796652,0
-0.0018176269531249,0.0762862266135319,0.0763078773041936,-0.349,0.4,0.749,0.259737428643497,0.027416412410051,5.241922775550398,-0.001729541015625,0.0934329061704354,0.0934489126077886,-0.383,0.452,0.835,0.1845263582154275,0.0774268971916064,4.836867411098054,-0.001194189453125,0.1000795149465697,0.1000866394699643,-0.962,0.806,1.768,2.0615758865863034,-0.0281711118833622,9.611672497797082,-0.002554052734375,0.0547728121013464,0.0548323274251547,-0.242,0.276,0.518,0.2137703902377388,0.0015979945320553,5.03352698956108,2nd_test,360,2004.02.14.22.32.39,0.0751284099371958,0
-0.001931103515625,0.0753338772134344,0.0753586240373115,-0.366,0.378,0.744,0.4605992204506139,0.0316475578937975,5.016015151866739,-0.0008187011718749,0.0922143869259322,0.0922180211657915,-0.378,0.42,0.798,0.1953687518031706,0.1142017818153088,4.554424337954081,-0.001224267578125,0.0959506599634039,0.0959584700717744,-0.515,0.662,1.177,0.9200501900429864,-0.0187618692713866,6.898817785422617,-0.002847265625,0.054512580188184,0.0545868878057038,-0.205,0.225,0.43,0.1020320194099957,-0.0024824274381407,4.121868987965414,2nd_test,361,2004.02.14.22.42.39,0.0738784587986525,0
-0.00228203125,0.0768134341212461,0.0768473247948489,-0.371,0.322,0.6930000000000001,0.2964954180069941,-0.0112021511205236,4.8277542645185285,-0.001650634765625,0.0925549539282873,0.09256967155498,-0.347,0.43,0.7769999999999999,0.1588939650417717,0.1132163723694352,4.645149893828504,-0.0026877441406249,0.0992718927866803,0.0993082708842301,-0.632,0.825,1.457,1.618788384035648,0.0425159339705666,8.307465155177727,-0.00294306640625,0.0553722962514618,0.05545045384874,-0.256,0.247,0.503,0.1684136331111911,0.00417588021684,4.616734079286534,2nd_test,362,2004.02.14.22.52.39,0.0746600699366525,0
-0.001714990234375,0.0778539878724052,0.0778728747327374,-0.366,0.349,0.715,0.4005970384193849,0.0220041848818913,4.699967751947327,-0.0015397949218749,0.0934666926509876,0.0934793752841535,-0.435,0.444,0.879,0.2401486444701874,0.1002329600478121,4.749710817446125,-0.00090888671875,0.1001430958558238,0.1001472202442796,-0.83,0.674,1.504,1.7676274830343344,-0.1067556310363861,8.287798682451413,-0.0027354003906249,0.055974659067741,0.0560414567355888,-0.249,0.222,0.471,0.17259691901093,0.0062547781572242,4.443139320420818,2nd_test,363,2004.02.14.23.02.39,0.0759293551772353,0
-0.002119873046875,0.0775262621555561,0.0775552395750723,-0.354,0.508,0.862,0.4118224568468189,0.0313304269011088,6.550169953400929,-0.00168662109375,0.0938160961622784,0.0938312559323584,-0.449,0.513,0.962,0.2126892030572031,0.0760529614099801,5.467261360802277,-0.001453369140625,0.101559763296669,0.1015701619706022,-0.703,0.886,1.589,1.9645873842933952,0.1017997783441788,8.72303423369271,-0.0027306640625,0.0559428708764822,0.0560094753423472,-0.266,0.256,0.522,0.1800752971934782,0.0189038891405097,4.749196423808234,2nd_test,364,2004.02.14.23.12.39,0.0758932598050294,0
-0.002073046875,0.0766363670204398,0.0766644003005143,-0.347,0.403,0.75,0.4049766158613508,0.0341819012082842,5.2566771332592,-0.001310986328125,0.094822602236627,0.0948316644379825,-0.435,0.488,0.923,0.3758928634671683,0.1093862719819807,5.145960506830431,-0.0019103515625,0.1008232890531815,0.1008413856439594,-0.835,0.947,1.782,2.5845421273232567,-0.0077649446009407,9.390985595281094,-0.002855517578125,0.0550676038162561,0.0551415902083275,-0.293,0.232,0.525,0.1076503257573699,-0.0351883601922734,5.313593584945926,2nd_test,365,2004.02.14.23.22.39,0.0763292523072601,0
-0.002123388671875,0.0774658692475759,0.0774949654992785,-0.33,0.393,0.7230000000000001,0.3910969739121195,-0.0393762203455962,5.071297179925673,-0.0014669433593749,0.0942806020084248,0.0942920136485091,-0.527,0.452,0.979,0.2325085429754856,0.1346438768557701,5.589020528916699,-0.00138740234375,0.1031267155041508,0.1031360477036884,-0.701,0.671,1.372,1.6449580480246446,0.0234100992667702,6.7968476163367,-0.002578662109375,0.0556515295212431,0.0557112397665688,-0.244,0.225,0.469,0.1492775450058969,-0.029770495267756,4.379726622814082,2nd_test,367,2004.02.14.23.42.39,0.0765308280478604,0
-0.001664501953125,0.0769445086524286,0.0769625102144909,-0.374,0.417,0.7909999999999999,0.4719871514500311,0.0434724186205714,5.4182224414513245,-0.0011061523437499,0.0929600976080862,0.0929666785483514,-0.339,0.43,0.769,0.0788256861132703,0.1547544760823741,4.625313141328743,-0.000691064453125,0.0989926736272677,0.098995085746481,-0.837,0.886,1.723,2.6659848054667634,0.0702455764722671,8.949939214760919,-0.0033494628906249,0.054381337585988,0.054484390235157,-0.273,0.205,0.478,0.1324061693573854,0.0292013250039675,5.01060943908355,2nd_test,368,2004.02.14.23.52.39,0.0748961249420795,0
-0.00210712890625,0.0782461557309922,0.0782745225402637,-0.361,0.356,0.717,0.3734058194569596,0.0218324772881955,4.611973197405233,-0.001329296875,0.0935338970823512,0.0935433425402029,-0.405,0.437,0.8420000000000001,0.2662208384534055,0.1498732605916748,4.6716312260010895,-0.0011203124999999,0.0990604572812852,0.0990667920994467,-0.684,0.605,1.289,1.5414997243736537,-0.0162978137196612,6.904432711482898,-0.0027016601562499,0.0551175834471757,0.0551837564203113,-0.232,0.259,0.491,0.1939409411536701,-0.0144360473730164,4.6934101046440775,2nd_test,369,2004.02.15.00.02.39,0.0753904177423706,0
-0.00196884765625,0.0757391952009507,0.0757647810712949,-0.376,0.369,0.745,0.393678130983552,-0.0116431423541712,4.962727994174759,-0.00164970703125,0.092638387031874,0.0926530748823602,-0.364,0.413,0.7769999999999999,0.0749323232789995,0.1097359102808882,4.45748832966332,-0.00248525390625,0.099187249809339,0.0992183804126974,-0.776,0.728,1.504,1.5209996645621675,-0.0138274675439227,7.821131495640401,-0.003043505859375,0.0548973955208676,0.0549816966170618,-0.278,0.22,0.498,0.1351222196889829,0.0003012440549066,5.056228110441311,2nd_test,370,2004.02.15.00.12.39,0.0745891298198553,0
-0.0016216796875,0.0749348274043261,0.0749523728985614,-0.349,0.342,0.6910000000000001,0.3035741644560339,0.0231607600409978,4.656290208018781,-0.001960693359375,0.0938982784049307,0.0939187468286251,-0.393,0.393,0.786,0.1342219775185165,0.1286629021345884,4.184468098929475,-0.00092099609375,0.0959772724387865,0.0959816912676253,-0.591,0.527,1.118,1.0789968281242288,0.0354991210054781,6.15742431903976,-0.003145751953125,0.0554883239805009,0.0555774221560844,-0.244,0.269,0.513,0.0965274718325157,0.0133126469691604,4.8400949443048376,2nd_test,371,2004.02.15.00.22.39,0.0743626902690555,0
-0.0015859863281249,0.077830008879176,0.0778461664744361,-0.437,0.4,0.837,0.4691571133496648,0.0136469354811412,5.613635452914596,-0.0011224609375,0.0926188976323476,0.0926256990105202,-0.396,0.466,0.8620000000000001,0.2428250558039661,0.1290740718632293,5.0310011689308975,-0.001690966796875,0.1004392499285699,0.1004534832393674,-0.811,0.962,1.773,2.6512130796458955,0.0210388685088105,9.576571851651016,-0.002762353515625,0.0554911153742343,0.055559827955294,-0.264,0.227,0.491,0.1744467905672304,0.0097200632187504,4.751634584032094,2nd_test,373,2004.02.15.00.42.39,0.075233732825437,0
-0.00213740234375,0.077742526064421,0.0777719026876432,-0.344,0.374,0.718,0.3199102815576577,0.0022227947634597,4.808934680398579,-0.0016660644531249,0.0937809056388407,0.0937957037033313,-0.457,0.405,0.8620000000000001,0.2003862577088533,0.0979456602628248,4.872291394503354,-0.0004599609374999,0.0982810724282896,0.0982821487439033,-0.522,0.662,1.1840000000000002,1.048729949663187,0.0579973094093534,6.73570946966429,-0.0028693359375,0.0548831332699561,0.0549580877237372,-0.259,0.232,0.491,0.2118127096308173,-0.0080123516383189,4.712682167859002,2nd_test,374,2004.02.15.00.52.39,0.0752358748635537,0
-0.0017658203125,0.0760737733256275,0.0760942646286499,-0.391,0.383,0.774,0.4232333804035528,0.0436053223652424,5.138363606021997,-0.001442236328125,0.0934966565624579,0.0935077795372362,-0.378,0.459,0.837,0.0960153122733205,0.134510506296379,4.90868248895067,-0.0025745605468749,0.1028403201689084,0.1028725415961573,-0.955,0.969,1.924,2.341060280683603,0.0606755477710553,9.419423151753607,-0.0031439453125,0.0546892489225785,0.0547795430780848,-0.234,0.217,0.451,0.0739348131874733,-0.04658689734776,4.271667612527836,2nd_test,375,2004.02.15.01.02.39,0.0758325699762842,0
-0.001960009765625,0.0778951619942424,0.0779198171224151,-0.347,0.381,0.728,0.3696095439516784,0.0137464917940076,4.889641866029332,-0.00104189453125,0.0939008250446555,0.0939066051365997,-0.374,0.449,0.823,0.1433781713127828,0.0702292924615417,4.7813463104335225,-0.0014884765625,0.0993295398378442,0.0993406917978478,-0.728,0.95,1.678,1.9232554796178905,0.0786812292443961,9.56304997275062,-0.003501611328125,0.056852503254561,0.0569602353243306,-0.242,0.234,0.476,0.1568990627918345,-0.0013339256663484,4.248577952984348,2nd_test,376,2004.02.15.01.12.39,0.0758448768262472,0
-0.0013693359375,0.0768418241240749,0.0768540240691728,-0.322,0.466,0.788,0.3818657000263892,0.0333425857513888,6.0634430745553525,-0.00161650390625,0.0929511417205422,0.0929651968858844,-0.352,0.469,0.821,0.1593512848962888,0.1376421872795089,5.044898690105037,-0.0009679687499999,0.0972626631043756,0.0972674796509925,-0.566,0.623,1.189,1.2397175364146626,0.0515057733567409,6.405018431946567,-0.002781884765625,0.0556571758587575,0.0557266552685685,-0.239,0.227,0.4659999999999999,0.1734304377367133,0.0538039607597493,4.288791402316842,2nd_test,377,2004.02.15.01.22.39,0.0746502957816311,0
-0.00125322265625,0.0784344747883072,0.0784444861181699,-0.376,0.493,0.869,0.56474034220826,0.0115716334124026,6.284699210739337,-0.001009228515625,0.0927715474822769,0.0927770368380728,-0.447,0.457,0.904,0.2819338410997183,0.1350641476396131,4.925787841151825,-0.001590673828125,0.0989887520289901,0.099001531662315,-0.732,0.596,1.3279999999999998,1.013351977434275,0.0528558865501576,7.39382500150997,-0.00231806640625,0.0546900660627569,0.0547391702331383,-0.271,0.208,0.479,0.0936744713375508,-0.0418753509923447,4.95075096755832,2nd_test,380,2004.02.15.01.52.39,0.0754899341623326,0
-0.00217080078125,0.0772890654341665,0.0773195448235357,-0.366,0.359,0.725,0.2586474375706968,-0.0845136537029838,4.733602620535055,-0.001212548828125,0.0938037335008515,0.0938115701465409,-0.403,0.439,0.8420000000000001,0.1457047950575294,0.1526272435958873,4.679593351966802,-0.0009016113281249,0.1030215647808924,0.1030255100103397,-0.72,0.632,1.352,1.2153610199508815,-0.021457782642289,6.988560405289439,-0.002776708984375,0.0557925311991373,0.055861584746502,-0.232,0.261,0.493,0.1611045240253164,-0.0327774714292344,4.672262721863997,2nd_test,381,2004.02.15.02.02.39,0.0772758933146444,0
-0.0023517578125,0.0773667402499943,0.0774024758112991,-0.371,0.327,0.698,0.3167613458612375,0.0030506682654143,4.793128334805132,-0.0012128417968749,0.0924094080302981,0.0924173667539514,-0.437,0.447,0.884,0.2315341547231755,0.0908061516720009,4.836753260729006,-0.00133544921875,0.1010175382803792,0.1010263651966344,-0.916,0.991,1.907,2.63813449242954,0.0889914607416184,9.80932054777325,-0.003046728515625,0.0553707251280986,0.0554544836407244,-0.308,0.239,0.5469999999999999,0.191230016319793,-0.0078924847818423,5.554104551579632,2nd_test,382,2004.02.15.02.12.39,0.0754505439725344,0
-0.0018564453124999,0.076993353364847,0.0770157311954025,-0.383,0.359,0.742,0.3112997957537118,0.007963625337304,4.9730099818605655,-0.001779150390625,0.0937246689989656,0.0937415540466346,-0.349,0.439,0.788,0.1733552682663792,0.1565731065900741,4.683088566858222,-0.001826025390625,0.1014121529311559,0.1014285912889426,-0.691,0.913,1.604,1.786866967898007,-0.0225402457409517,9.001406688081747,-0.002653173828125,0.05432846675084,0.0543932130955634,-0.278,0.227,0.505,0.1602884883983946,0.0042517415353342,5.110931753681674,2nd_test,383,2004.02.15.02.22.39,0.0759364885879948,0
-0.00150439453125,0.0751969424675587,0.0752119894656098,-0.342,0.32,0.662,0.3649192576756848,0.0093882188000886,4.547147368729425,-0.0015912597656249,0.0916511290962851,0.0916649418931012,-0.361,0.366,0.727,0.1580620288811207,0.1189134224216685,3.992802400102242,-0.0018182128906249,0.1008912438048701,0.1009076259487328,-0.696,0.891,1.587,1.5346710413407545,0.0271857863971338,8.82985791820979,-0.00265634765625,0.054451370297591,0.0545161252305797,-0.239,0.217,0.4559999999999999,0.1177366423054611,0.0111937711113336,4.384023974278234,2nd_test,384,2004.02.15.02.32.39,0.0746727182976114,0
-0.002622607421875,0.0763266879127648,0.076371731402541,-0.366,0.398,0.764,0.4449028052797281,0.0453375375064901,5.211352324815126,-0.0029919921874999,0.0928888608134403,0.092937035031621,-0.383,0.381,0.764,0.202982388998246,0.1165034541607406,4.121069709890858,-0.0019371093749999,0.1002186084630458,0.100237327752689,-0.769,0.823,1.592,1.6096741680949913,0.0368246602174318,8.210514171151287,-0.003577099609375,0.0544317942706763,0.0545492059441805,-0.237,0.232,0.469,0.1254351692328579,-0.0078196158616395,4.344701190300992,2nd_test,386,2004.02.15.02.52.39,0.0753917074836579,0
-0.0011814453125,0.0750895434700203,0.075098837218445,-0.369,0.391,0.76,0.3680355169904707,-0.0098190022824236,5.206472090339638,-0.0013513183593749,0.0939617980635334,0.0939715146022486,-0.454,0.408,0.862,0.130892805246805,0.1034746566069735,4.831251277760134,-0.00153193359375,0.098770487667885,0.098782367124338,-0.703,0.703,1.406,1.4579274185596027,0.0867173611897121,7.116654727538696,-0.0025804687499999,0.0546458597665369,0.0547067528609928,-0.225,0.217,0.442,0.064137377347281,-0.0207399971729637,4.112837780147563,2nd_test,388,2004.02.15.03.12.39,0.0750573584034688,0
-0.0016198242187499,0.0779485168985776,0.0779653456170592,-0.356,0.342,0.698,0.267938429937038,0.0180311315393953,4.566131236613656,-0.001192138671875,0.0936513895276794,0.0936589769059972,-0.378,0.427,0.8049999999999999,0.1168279274847297,0.1209821292163125,4.559093149437327,-0.00159501953125,0.0985009639398007,0.0985138771157393,-0.566,0.627,1.193,1.355326219401241,0.0739487558172921,6.3645855624685455,-0.00292177734375,0.0554170316494942,0.0554940012946219,-0.232,0.232,0.464,0.0493848937009855,-0.0210645436983841,4.180632042806096,2nd_test,390,2004.02.15.03.32.39,0.0755811170093816,0
-0.001993701171875,0.0789479846892663,0.0789731544947989,-0.347,0.41,0.7569999999999999,0.3611321322444012,0.0067839719973264,5.191637621893532,-0.00125166015625,0.0938537875874463,0.0938621334599648,-0.398,0.437,0.835,0.0835641604156998,0.1115562503799227,4.655764618665296,-0.000816650390625,0.0999723542162037,0.0999756896719928,-0.579,0.642,1.221,1.292561866413755,0.0704246696565082,6.42156110250298,-0.0032080078125,0.0545590678897645,0.054653300020447,-0.234,0.271,0.505,0.1719155645138421,-0.0429049757463008,4.958529492156084,2nd_test,393,2004.02.15.04.02.39,0.0759378328340153,0
-0.001570947265625,0.0786157334170727,0.0786314276610543,-0.359,0.444,0.8029999999999999,0.4299032321679883,0.0152261980149484,5.646597209302149,-0.001924658203125,0.0944837160313777,0.0945033168957411,-0.461,0.437,0.898,0.1869985264749196,0.1295152403529079,4.878135658494513,-0.001706298828125,0.099378604589562,0.0993932518124816,-0.605,0.85,1.455,1.4787873388820616,0.0262800624718584,8.551888427949661,-0.003082275390625,0.0549201259349723,0.0550065510125555,-0.264,0.264,0.528,0.1307453493454553,0.0054925410012134,4.799428343270262,2nd_test,394,2004.02.15.04.12.39,0.0760230954245135,0
-0.0021546874999999,0.0772408842309391,0.0772709316302062,-0.33,0.459,0.789,0.4383060832869869,0.025830176954956,5.940138035227608,-0.0009732421874999,0.0937715046525367,0.0937765550932441,-0.408,0.466,0.874,0.1732713202089812,0.1175235412526713,4.969259102466245,-0.00136376953125,0.099019849828251,0.0990292407692988,-0.608,0.852,1.46,1.4656129197985166,0.0105429542771833,8.60351945922961,-0.00297109375,0.0555349257046631,0.05561434501182,-0.215,0.215,0.43,0.0816530847733623,-0.0033544198872239,3.865909055486296,2nd_test,395,2004.02.15.04.22.39,0.0755556532346736,0
-0.001903466796875,0.0768413932366131,0.076864965363881,-0.31,0.449,0.759,0.3077839773743682,0.0388726042823473,5.841412896871538,-0.001521435546875,0.0944083210500328,0.0944205795873408,-0.4,0.449,0.849,0.171468148855677,0.1444929945718398,4.755319253043886,-0.001271630859375,0.0994302425849618,0.0994383738078357,-0.557,0.767,1.324,1.3320678602886336,0.014069088968322,7.713320025471365,-0.003238427734375,0.0556168071377695,0.0557110101361537,-0.249,0.225,0.474,0.1648027140832368,0.0063207530446733,4.469493541527828,2nd_test,396,2004.02.15.04.32.39,0.0757742900924763,0
-0.001984228515625,0.0740392922189016,0.0740658757801332,-0.315,0.3,0.615,0.1608655511931616,0.0173564037791589,4.252970705846157,-0.0011693359375,0.0916802274145181,0.0916876842619143,-0.334,0.413,0.747,0.0657767039856094,0.1112309085808587,4.504421758714319,-0.0023816406249999,0.0951864056016974,0.0952161962243687,-0.63,0.535,1.165,1.0032136619060203,0.0434990484932982,6.616521400506722,-0.0030388671875,0.054668267627898,0.0547526638550011,-0.247,0.249,0.496,0.151650122238379,0.0330112060932243,4.547723936407313,2nd_test,398,2004.02.15.04.52.39,0.073287397543435,0
-0.0014970703125,0.077168452806859,0.0771829730453874,-0.312,0.386,0.698,0.336034830856613,0.0202561865084471,5.001103025248998,-0.0012181640625,0.0934218295918335,0.0934297713149762,-0.476,0.435,0.911,0.1766854765083216,0.1178413487527199,5.094735792408018,-0.0008337890625,0.1018357118975178,0.1018391252018348,-0.793,1.155,1.948,2.137928282161252,0.1053600360411345,11.341417139037327,-0.002606640625,0.054999764335821,0.0550614988203531,-0.205,0.229,0.434,0.1282954185588365,0.0286222241342433,4.158985950291505,2nd_test,399,2004.02.15.05.02.39,0.0759523874155355,0
-0.0017297363281249,0.0775906284267439,0.0776099066319621,-0.366,0.474,0.84,0.5830624514456066,0.0605070504592358,6.107467726274586,-0.0016940917968749,0.0931354467937322,0.0931508529026137,-0.371,0.469,0.84,0.1386445239317457,0.1257942757276574,5.03484386219512,-0.0017146484374999,0.0993851995565337,0.0993999894877069,-0.593,0.876,1.469,1.3768200203253045,-0.0001968235842797,8.812878195520575,-0.0030576171875,0.0551375490657542,0.0552222630815122,-0.256,0.229,0.485,0.1121470471856254,0.0043445689788817,4.635811459184294,2nd_test,400,2004.02.15.05.12.39,0.0752969023910457,0
-0.00220078125,0.0765551802583577,0.0765868073658903,-0.386,0.352,0.738,0.3295190812445909,0.0237295637841335,5.040032523497952,-0.001156884765625,0.0936580483772867,0.0936651931520088,-0.371,0.398,0.769,0.1396924782504509,0.0876188691212504,4.249177166056107,-0.0015370117187499,0.1005027134334015,0.1005144656877804,-0.662,0.764,1.4260000000000002,1.7457821110674008,0.0685433005792885,7.6008959980501425,-0.00324169921875,0.0544660129067329,0.0545623970860999,-0.256,0.273,0.529,0.16968791837383,0.0085736386652401,5.003445863351643,2nd_test,402,2004.02.15.05.32.39,0.0751001285039595,0
-0.002155224609375,0.0739752926516601,0.0740066815633266,-0.366,0.293,0.659,0.346576183254911,-0.0065627632506168,4.945499409831974,-0.001613232421875,0.0916696774104918,0.0916838714027206,-0.4,0.391,0.791,0.2323042723777288,0.1019759441114082,4.362817514965531,-0.00194169921875,0.0954404101729852,0.095460159699446,-0.569,0.615,1.184,1.1559215477170586,0.0406490019576796,6.442478222641461,-0.003110888671875,0.0547026020093475,0.0547909873512229,-0.281,0.227,0.508,0.1499321570948861,0.0166442652831743,5.12858069509856,2nd_test,403,2004.02.15.05.42.39,0.0733318181291827,0
-0.001560986328125,0.077220672852702,0.0772364486116537,-0.376,0.344,0.72,0.412106396846204,0.0166870646413019,4.868167901992319,-0.0019346191406249,0.0923769508460246,0.0923972066613927,-0.425,0.493,0.918,0.1368844570023872,0.0948537141736318,5.335659137416968,-0.001637548828125,0.097761081863873,0.097774795798096,-0.742,0.852,1.594,1.8939994196155825,0.0596111078610598,8.713902115946706,-0.002914404296875,0.055722229346083,0.0557983924114586,-0.232,0.217,0.449,0.0906904793301626,-0.0315395608868178,4.157825879374244,2nd_test,404,2004.02.15.05.52.39,0.0743640391397803,0
-0.0019541015625,0.0763572282845716,0.0763822284580565,-0.352,0.339,0.6910000000000001,0.2227278037888735,-0.0210148470731604,4.608401811537662,-0.002282177734375,0.0929795813792501,0.0930075851136447,-0.398,0.42,0.8180000000000001,0.1642010710290966,0.1370507829431647,4.515760725131091,-0.002170654296875,0.0998159763217496,0.0998395756658682,-0.825,0.725,1.5499999999999998,1.8492098727798547,-0.0434840991432684,8.263256273772168,-0.002728271484375,0.0559081683008343,0.0559746973912934,-0.222,0.249,0.471,0.103943984272254,0.0150049181877321,4.448438519549407,2nd_test,405,2004.02.15.06.02.39,0.0756484370531081,0
-0.001808740234375,0.0762048533852515,0.0762263158017172,-0.325,0.339,0.664,0.314020768717103,-0.0012239519829088,4.447283020700782,-0.0014991699218749,0.0912912668849941,0.091303575614112,-0.388,0.4,0.788,0.1575569971208539,0.1335052725151392,4.380989433384188,-0.002219482421875,0.0970119688035366,0.09703735462882,-0.469,0.591,1.06,0.8276182697372154,0.0724258120693876,6.090438081855779,-0.003094482421875,0.0548874328244301,0.0549745950736849,-0.237,0.21,0.4469999999999999,0.1221975628370133,-0.0397507917124216,4.311082231311155,2nd_test,407,2004.02.15.06.22.39,0.0743681929215329,0
-0.001504150390625,0.0760964198861747,0.0761112842349321,-0.33,0.356,0.6859999999999999,0.2386430073686631,-0.0186322571637347,4.677361623494095,-0.001814111328125,0.092798355751421,0.0928160860523547,-0.364,0.522,0.886,0.211966136282736,0.1199405553439784,5.624025125342297,-0.0019374023437499,0.1007801389836543,0.1007987596223597,-0.696,0.735,1.431,1.5479287973627622,0.0963092374597114,7.291756394090258,-0.00328369140625,0.0544778139658569,0.0545766877315763,-0.237,0.208,0.4449999999999999,0.0682602134706882,-0.0701354317132792,4.342513440194294,2nd_test,408,2004.02.15.06.32.39,0.0751459536045098,0
-0.002058837890625,0.0762072312496868,0.0762350372742292,-0.383,0.427,0.81,0.480251076003642,0.0122456699434489,5.601099117436168,-0.0009127441406249,0.0921124586193386,0.0921169807080411,-0.474,0.415,0.889,0.1479794395080707,0.1152895475468289,5.1456310915917545,-0.001819287109375,0.0998745282621426,0.0998910967062224,-0.684,0.974,1.658,2.516356009482404,0.1522230742140275,9.750618744879365,-0.00304560546875,0.0561368912290302,0.0562194474317495,-0.222,0.259,0.481,0.0779636595659694,0.0147810799967325,4.606946738667599,2nd_test,409,2004.02.15.06.42.39,0.0751165841064387,0
-0.0021943847656249,0.0770542850808994,0.0770855250603388,-0.403,0.347,0.75,0.4056871758192355,-0.0300252782923532,5.22795946034386,-0.0017703125,0.0917780492797152,0.091795121525806,-0.386,0.439,0.825,0.1234237445705979,0.1206904723673696,4.782389223939347,-0.002048095703125,0.0993713540078337,0.0993924579299625,-0.679,0.703,1.382,1.4056862911326968,-0.0436551344692218,7.072971276032834,-0.002694189453125,0.0548922967599397,0.0549583742517064,-0.232,0.22,0.452,0.0869503485441329,-0.0105124579848225,4.221376690169747,2nd_test,410,2004.02.15.06.52.39,0.0747322392115077,0
-0.00233095703125,0.07745006227971,0.0774851308820763,-0.469,0.491,0.96,0.6670576458997246,-0.0158787496777988,6.336699627453816,-0.0019271972656249,0.0947422898544849,0.0947618888381393,-0.505,0.481,0.986,0.2494487402172689,0.1015224565870554,5.329146624095368,-0.0018343749999999,0.099512192102039,0.0995290977985521,-0.747,0.813,1.56,1.7774883413818363,0.0063647229423845,8.168465483705596,-0.0031998046875,0.0558203593637044,0.0559119957570041,-0.242,0.254,0.496,0.1909737100625865,-0.0187208464207825,4.542853399462822,2nd_test,411,2004.02.15.07.02.39,0.0759888556608993,0
-0.001756396484375,0.0760862482384238,0.076106518115135,-0.396,0.334,0.73,0.3022605356791517,-0.0083797227103057,5.203233701950762,-0.00184658203125,0.0927912954419856,0.0928096674651945,-0.352,0.447,0.7989999999999999,0.1575288579671943,0.1726959925098701,4.816308604519215,-0.00216845703125,0.0997153695425628,0.0997389448956938,-0.679,0.881,1.56,2.0953473490254284,0.0742558420288394,8.833059151693547,-0.00225224609375,0.0547669935174411,0.0548132848076654,-0.251,0.222,0.473,0.0986527666645114,-0.0038162657878922,4.579181869434676,2nd_test,412,2004.02.15.07.12.39,0.0749096689121415,0
-0.0019696289062499,0.0770363858294193,0.0770615609735975,-0.298,0.396,0.694,0.3695245233286552,0.0495777605746917,5.138748748296658,-0.00221240234375,0.0929043259055417,0.0929306649932827,-0.413,0.515,0.928,0.1046021028292378,0.1115082848151819,5.541766004059947,-0.0011548828124999,0.0999043220782171,0.0999109970134356,-0.623,0.583,1.206,1.191568844293232,-0.0390401929081664,6.235549825511056,-0.003284033203125,0.0549343379257695,0.055032411880835,-0.264,0.264,0.528,0.1726538193307063,-0.0518759036370592,4.797172992651271,2nd_test,414,2004.02.15.07.32.39,0.0753382838660902,0
-0.001896240234375,0.07697260397835,0.0769959576226854,-0.369,0.33,0.6990000000000001,0.3919277969191701,-0.0166296463732268,4.792459388627544,-0.00165712890625,0.0930093688470109,0.0930241300390992,-0.537,0.449,0.986,0.1795568829991811,0.1232524193861036,5.772695748603283,-0.001487060546875,0.1000995331247319,0.1001105782665317,-0.786,0.713,1.499,1.814513547774225,-0.0418671613457783,7.851318148413081,-0.00285966796875,0.0554028881372826,0.0554766411640408,-0.259,0.227,0.486,0.1796566271948649,-0.0099859730320545,4.668631599910404,2nd_test,415,2004.02.15.07.42.39,0.0749947851621099,0
-0.001673779296875,0.0772621430331082,0.0772802709829819,-0.354,0.378,0.732,0.4806387098295492,0.0157454160498199,4.891287196422341,-0.0014930175781249,0.0926018218621171,0.0926138570283727,-0.415,0.396,0.8109999999999999,0.141732576082592,0.1213756604830679,4.480970918513645,-0.001309619140625,0.0995497126972104,0.0995583266251026,-0.657,0.657,1.314,1.4154892453817682,0.0535288559761632,6.599146673762441,-0.00297939453125,0.0546352148739337,0.0547163914754413,-0.247,0.254,0.501,0.1830564853694962,-0.02350626712799,4.64211899115025,2nd_test,416,2004.02.15.07.52.39,0.0748837549714992,0
-0.001978515625,0.0777791973623274,0.0778043576312165,-0.381,0.405,0.786,0.3735755677580297,-0.0001675839949925,5.205363970928808,-0.001786669921875,0.0931972787250901,0.093214403131554,-0.637,0.403,1.04,0.27528274191683,0.0828495477587657,6.833707866950178,-0.00233349609375,0.0985046770338492,0.0985323124744492,-0.73,0.825,1.555,1.878115095239072,0.00702837282413,8.37288783012741,-0.0029316894531249,0.055258621107625,0.0553363353481744,-0.278,0.225,0.503,0.1538619224786321,-0.0127301662600998,5.0238238265293305,2nd_test,417,2004.02.15.08.02.39,0.0746515269964026,0
-0.001743505859375,0.0765764603459522,0.0765963059931539,-0.393,0.388,0.781,0.342578328673436,-0.0154923677101616,5.130795733543531,-0.001681298828125,0.0922991815135901,0.0923144933032084,-0.361,0.43,0.7909999999999999,0.2444516701839258,0.1637634670048103,4.657990144440265,-0.001987451171875,0.0976373691185208,0.0976575947407413,-0.627,0.596,1.223,1.3457910709276852,-0.0035577562401997,6.420391590209871,-0.002864697265625,0.0541851697506286,0.0542608432603855,-0.242,0.229,0.471,0.1228551667404413,-0.0523795667144235,4.459938059462821,2nd_test,419,2004.02.15.08.22.39,0.0742536572429453,0
-0.0018067382812499,0.0763826289759855,0.0764039940873512,-0.452,0.349,0.8009999999999999,0.4208639557564058,-0.0076686064061381,5.915921090163442,-0.001374072265625,0.0933115390607893,0.0933216555601344,-0.376,0.425,0.8009999999999999,0.0604165607067881,0.0871465655459776,4.554141238113645,-0.0018822265625,0.1010378400095351,0.101055370419513,-0.916,0.632,1.548,2.170829161397191,-0.0878280979457781,9.064337661505048,-0.0031772949218749,0.0558122853273703,0.0559026510684813,-0.256,0.222,0.478,0.1404147590100559,-0.0105997443443484,4.579389261554305,2nd_test,420,2004.02.15.08.32.39,0.0752987133692562,0
-0.002159716796875,0.0780480766819267,0.078077952396247,-0.437,0.388,0.825,0.352352808390969,-0.0150900907760298,5.596970547800995,-0.0014615234375,0.0937447956056648,0.0937561878166249,-0.427,0.388,0.815,0.1622673333683861,0.0970066520653708,4.554366063076314,-0.0011950195312499,0.0994431962080359,0.0994503762876239,-0.776,0.669,1.445,1.487518930269374,0.0065295610322066,7.802886514455208,-0.0033693847656249,0.0550946870507769,0.0551976203737251,-0.242,0.205,0.4469999999999999,0.0579119151846696,-0.0462551533211428,4.384246972190332,2nd_test,421,2004.02.15.08.42.39,0.075620554199637,0
-0.0017215332031249,0.0771113601263777,0.0771305745934086,-0.427,0.376,0.8029999999999999,0.4000626852348472,-0.0389795530893923,5.536066627862954,-0.001749267578125,0.0927460466773018,0.0927625415312028,-0.391,0.449,0.8400000000000001,0.1908797847067096,0.124519406042174,4.840315849303549,-0.00213359375,0.0991401963858692,0.0991631522377074,-0.618,0.671,1.289,1.1039677900883813,-0.0191736800491411,6.76662636121889,-0.0032134277343749,0.0554953545825488,0.0555883126029822,-0.251,0.229,0.48,0.1726839499246648,-0.0301767014596472,4.515337635595343,2nd_test,422,2004.02.15.08.52.39,0.0752312356926172,0
-0.0025084960937499,0.0766364790932907,0.0766775226547438,-0.33,0.378,0.708,0.3703430496021007,-0.0261719891525715,4.92973673258971,-0.001473779296875,0.0936206602380704,0.093632259658881,-0.398,0.513,0.911,0.1592564961362295,0.0921554340477424,5.478880909885879,-0.0023912109375,0.1006828598252757,0.100711251369168,-0.808,0.61,1.418,1.2898324339563452,-0.0010605255063163,8.022936752420694,-0.0032423828125,0.0549326233311404,0.0550282305034765,-0.315,0.234,0.549,0.2094985075178885,0.0156348591662453,5.724334529971386,2nd_test,423,2004.02.15.09.02.39,0.0754330228549997,0
-0.0017423828125,0.0761485239245299,0.0761684553719582,-0.312,0.435,0.747,0.3379413350421925,-0.0011230233659934,5.711025619070594,-0.002137548828125,0.0934406964140117,0.0934651424934885,-0.417,0.461,0.878,0.2387132264361025,0.1344527643335502,4.932320089569051,-0.0018600585937499,0.0982006234585749,0.0982182379480766,-0.811,0.696,1.507,1.86887432717128,-0.0387611716531662,8.257122271125251,-0.0028015624999999,0.0552740922222707,0.0553450451570644,-0.222,0.254,0.476,0.2265998296030811,-0.0297966230202397,4.58939005785578,2nd_test,424,2004.02.15.09.12.39,0.0747285006671542,0
-0.00133173828125,0.0776786757640908,0.0776900907150487,-0.369,0.398,0.767,0.4444621380077156,0.0852483256135544,5.122918461437498,-0.00095263671875,0.0942502766640546,0.094255090939263,-0.405,0.405,0.81,0.2023927181010405,0.1361626886673252,4.296850132548072,-0.0008897949218749,0.1004430250568705,0.1004469661939977,-0.691,0.75,1.4409999999999998,1.3970354814512316,0.0275975240475343,7.466626702732113,-0.002914013671875,0.0557880981344654,0.0558641510195995,-0.271,0.222,0.493,0.1244062576085731,-0.0277843965507717,4.851053762547479,2nd_test,425,2004.02.15.09.22.39,0.0760239244896535,0
-0.0020384765624999,0.0770190050106815,0.0770459766602465,-0.366,0.415,0.7809999999999999,0.4245121177058362,-0.0023399100931393,5.386394176358615,-0.00146865234375,0.0928450647507687,0.0928566798258544,-0.371,0.452,0.823,0.1322334954002619,0.0988202734770966,4.867716580463822,-0.0015597656249999,0.0989652383452205,0.0989775291140936,-0.776,0.737,1.513,1.5516425183322076,-0.0232117728638514,7.840163387971094,-0.003162255859375,0.0555823879197738,0.0556722705571128,-0.356,0.208,0.564,0.2032461850659075,-0.014109805863796,6.394565848152241,2nd_test,426,2004.02.15.09.32.39,0.0751522790861201,0
-0.0016513671875,0.0762488872747058,0.0762667674955399,-0.415,0.374,0.7889999999999999,0.4773930745507346,-0.0029892546066891,5.44142637248691,-0.00037158203125,0.0927893285102753,0.0927900725217614,-0.344,0.503,0.847,0.2013844918656264,0.1313153106911977,5.4208385264125525,-0.0019577148437499,0.0984434966876459,0.0984629609929541,-0.652,0.679,1.331,1.4603158899595758,0.0595003496827004,6.8959941194709,-0.002857373046875,0.056666983257772,0.0567389775398325,-0.256,0.3,0.556,0.1835502639085815,0.014297319886585,5.287370569624788,2nd_test,428,2004.02.15.09.52.39,0.0750504308378523,0
-0.00229951171875,0.0768453324343715,0.076879729910385,-0.317,0.408,0.725,0.3443925457307482,0.0465007743153889,5.306990548357529,-0.001877783203125,0.0938888396639621,0.093907615682665,-0.381,0.549,0.93,0.1922689946866378,0.1181160888200236,5.846171218416918,-0.002230419921875,0.0989492307994368,0.0989743656146788,-0.583,0.596,1.1789999999999998,0.9572935466525324,0.0461762517958628,6.0217612539623655,-0.0033554199218749,0.0553738236588463,0.0554753926480302,-0.288,0.325,0.613,0.1368213340681161,-0.0151674979352674,5.858453351671436,2nd_test,429,2004.02.15.10.02.39,0.0754580836588834,0
-0.0020439453125,0.0775670068345959,0.0775939318614461,-0.391,0.405,0.796,0.3416938055017189,0.0108535507737069,5.219480316037594,-0.0014328125,0.0932453504909686,0.0932563581738197,-0.422,0.466,0.888,0.3395565198307926,0.1497286910871457,4.99697831998146,-0.0010978515624999,0.0987108451610838,0.0987169500666868,-0.547,0.84,1.387,1.4612554368228334,0.0597571830657397,8.509176989605537,-0.002978466796875,0.0551243451916259,0.0552047524880387,-0.225,0.222,0.447,0.1090931433746567,-0.0073685626521245,4.075736052700806,2nd_test,430,2004.02.15.10.12.39,0.0751693268618604,0
-0.002122119140625,0.0774890118155462,0.077518064615913,-0.342,0.466,0.808,0.4184945898308085,0.0086474763553612,6.011501993798836,-0.0014464843749999,0.0928420085000743,0.0928532759754603,-0.386,0.42,0.806,0.1186474792387479,0.1152817043174984,4.523265286907875,-0.00105263671875,0.0984181546609965,0.0984237837666155,-0.486,0.696,1.182,1.1792154697306492,0.0574988572401049,7.071461524414642,-0.003133740234375,0.0550202451577742,0.0551094157570022,-0.215,0.254,0.469,0.0388069927799588,-0.0067328024968442,4.609012752292109,2nd_test,431,2004.02.15.10.22.39,0.0748557852199295,0
-0.0015158203125,0.0772530316690643,0.077267901571618,-0.349,0.374,0.723,0.3435785290994704,0.0241524831055082,4.8403022780230005,-0.001921923828125,0.0938570300908289,0.0938767057830209,-0.466,0.471,0.937,0.2187429212345368,0.098235288241061,5.0172190861023,-0.001819580078125,0.0990994712033945,0.0991161745854486,-0.84,0.876,1.716,2.007035666171456,-0.0612078382101059,8.838113493130805,-0.003145166015625,0.0545302262714774,0.0546208535861933,-0.208,0.203,0.411,0.1493200654651119,-0.0193074227890088,3.808069378995726,2nd_test,432,2004.02.15.10.32.39,0.0750734499492267,0
-0.00175634765625,0.0762793713201946,0.0762995887675271,-0.388,0.417,0.8049999999999999,0.2913308967098595,-0.0015354823704096,5.4652981324063,-0.0011841796875,0.0922597527434374,0.0922673520689333,-0.457,0.444,0.901,0.1844598748438679,0.1073546238997472,4.952997888718214,-0.002615673828125,0.0972729417350181,0.0973081031741929,-0.598,0.776,1.374,1.4759843638481422,0.0185711533680819,7.974669885434867,-0.003166259765625,0.0546131355489428,0.0547048423395098,-0.254,0.227,0.481,0.1648891300017418,-0.0332391850129921,4.643099022550494,2nd_test,433,2004.02.15.10.42.39,0.0742630266000874,0
-0.001859130859375,0.0777922314818908,0.0778144436880735,-0.376,0.378,0.754,0.3765801214698361,-0.0175673736729217,4.857709983899524,-0.001365576171875,0.093248808725216,0.0932588072353122,-0.396,0.449,0.845,0.133251278579884,0.0930694061931941,4.814558681436498,-0.00061943359375,0.0990746773532365,0.0990766137422197,-0.598,0.549,1.147,1.081262938173512,0.0609378279141619,6.035733130220389,-0.00281201171875,0.0553460166130983,0.0554174066954034,-0.349,0.278,0.627,0.4400884872394792,0.0189379419380544,6.2976602624505285,2nd_test,434,2004.02.15.10.52.39,0.0754713757383803,0
-0.0012150390625,0.077163220171686,0.0771727857938762,-0.364,0.356,0.72,0.4433362853016818,0.0340653207998295,4.716688613101321,-0.00281201171875,0.0928225700148197,0.0928651544663686,-0.361,0.405,0.766,0.1756563086517664,0.1032030658976538,4.361162185352428,-0.002479052734375,0.1015304269101426,0.1015606877242155,-0.83,1.03,1.86,1.969244246437748,0.0451429370793935,10.141719429734335,-0.002915234375,0.0568136717971129,0.0568884161717589,-0.286,0.222,0.508,0.2384610392922952,-0.0562536549085586,5.027385524875116,2nd_test,436,2004.02.15.11.12.39,0.0758443636312675,0
-0.0016568847656249,0.0765543885783683,0.0765723166538297,-0.386,0.359,0.745,0.4935185749376494,-0.0039231208423093,5.04098631023531,-0.0012394042968749,0.0916635947877387,0.0916719735383823,-0.405,0.449,0.8540000000000001,0.097985203704574,0.1095270542996564,4.897898263389183,-0.001516943359375,0.0986797975641294,0.0986914563903741,-0.698,0.544,1.242,1.1001576680302805,-0.0470879020666383,7.072547366531786,-0.00282802734375,0.0545969394426029,0.0546701338498109,-0.244,0.227,0.471,0.0451062354636513,-0.012811026545136,4.463131564042813,2nd_test,437,2004.02.15.11.22.39,0.0746459881102462,0
-0.001827880859375,0.0782044771611466,0.0782258358631237,-0.356,0.388,0.744,0.4387350438105728,0.0307094062969312,4.9599981350655815,-0.0012576171875,0.094359218675282,0.0943675990475544,-0.474,0.457,0.931,0.1910661766610375,0.0681626476452573,5.022910456332743,-0.00124697265625,0.0972576442037825,0.0972656378012039,-0.557,0.62,1.177,1.3498165592052145,0.0089077246427656,6.374296349763422,-0.002743798828125,0.056102246358826,0.0561693019229865,-0.237,0.251,0.488,0.1294558445449936,0.0039921108953022,4.4686330682848086,2nd_test,438,2004.02.15.11.32.39,0.0752168073807541,0
-0.0019280273437499,0.0781915247741035,0.0782152915735631,-0.308,0.342,0.65,0.2898784257899969,0.0474376030535521,4.372546507404746,-0.001515673828125,0.092890056234776,0.092902420928914,-0.422,0.413,0.835,0.1874895956376812,0.1658479330771547,4.542400464659134,-0.0017615234375,0.0989591543146925,0.0989748310809369,-1.018,0.71,1.728,2.182691212656004,-0.0854425179792579,10.285443166427251,-0.002880810546875,0.0553399190773137,0.0554148510138809,-0.215,0.217,0.432,0.0897256862743138,0.0035720207498833,3.915917773409286,2nd_test,439,2004.02.15.11.42.39,0.0752097581129995,0
-0.001817138671875,0.0773611836994193,0.0773825221631352,-0.403,0.444,0.847,0.5335850965343232,0.0208525794418079,5.737729755799844,-0.0008595703125,0.0933338676253647,0.0933378257033623,-0.488,0.449,0.937,0.1828170749711293,0.0954275003897813,5.22831977622543,-0.00128447265625,0.1012557233775656,0.1012638700955022,-0.859,0.601,1.46,1.7359995932883248,-0.0967222718833263,8.482788571890369,-0.002896240234375,0.0548682426214305,0.0549446289991967,-0.266,0.217,0.483,0.1119800738313698,-0.0245563647742471,4.8412375302242445,2nd_test,440,2004.02.15.11.52.39,0.0757420382817073,0
-0.0022078124999999,0.0772326460679183,0.0772641964605049,-0.378,0.398,0.776,0.3621181761247989,-0.0009911069393442,5.151156916493582,-0.0017516601562499,0.0929543111013255,0.0929708140527176,-0.461,0.488,0.949,0.1785821571261263,0.116370301391233,5.248959095034258,-0.0016664550781249,0.0985840220425296,0.0985981058368231,-0.583,1.018,1.601,1.9472380039603951,0.0716708466190781,10.32474195472309,-0.002743505859375,0.0548411669781146,0.0549097479499029,-0.269,0.227,0.496,0.1900486568389241,-0.0490695438448333,4.8989480017377565,2nd_test,441,2004.02.15.12.02.39,0.0748458756479602,0
-0.001745361328125,0.0769740536449615,0.0769938388489827,-0.369,0.427,0.796,0.3984708522721938,-0.0069289152704166,5.545898300148151,-0.001397216796875,0.0923841054062164,0.0923946705523883,-0.364,0.579,0.943,0.2255155445680206,0.1346293001803172,6.266595210872437,-0.001336279296875,0.0985708905364883,0.0985799477759834,-0.613,0.688,1.301,1.6224322874804704,0.0641012288150024,6.979106963583064,-0.002691064453125,0.0551497386227351,0.0552153556363343,-0.278,0.22,0.498,0.0837536936546734,-0.0290649667783397,5.034831285448211,2nd_test,442,2004.02.15.12.12.39,0.0746547815606976,0
-0.0024232910156249,0.0768716397544908,0.0769098260165151,-0.339,0.378,0.7170000000000001,0.4044590198688453,0.0076724210407041,4.914846640192839,-0.0016021484374999,0.0938063680294905,0.093820048830194,-0.444,0.447,0.891,0.2027519344012187,0.1271326474561467,4.764440069779389,-0.00282451171875,0.1017533152905257,0.1017925097394818,-0.906,0.842,1.748,2.127628574752737,0.057388015967175,8.900458415946623,-0.0032265625,0.0557393157984881,0.0558326251509814,-0.256,0.286,0.542,0.1641142301252336,-0.0246386441110659,5.122453032102331,2nd_test,443,2004.02.15.12.22.39,0.0761220927217594,0
-0.002080712890625,0.0772955517692959,0.0773235519712663,-0.371,0.347,0.718,0.4491927431890046,0.007486065846597,4.798020661713351,-0.001663623046875,0.0924131221286297,0.0924280952048841,-0.476,0.464,0.94,0.2109924697695162,0.134246250212833,5.149949254495693,-0.002014208984375,0.1012206412067612,0.1012406797890088,-0.781,0.715,1.496,2.342945161502163,-0.0470679983514434,7.714290358578514,-0.003014599609375,0.0540109475279505,0.0540950114490409,-0.234,0.22,0.454,0.1476612132490835,-0.0111698837829565,4.3257223490212,2nd_test,444,2004.02.15.12.32.39,0.074825877148755,0
-0.002343896484375,0.0782777702997387,0.0783128544609895,-0.398,0.356,0.754,0.3938119643810864,-0.0259097939342769,5.082179710269354,-0.0011470703124999,0.0932778069465651,0.0932848596454028,-0.469,0.42,0.889,0.1536347197199172,0.1099532465308404,5.027611144806875,-0.00184541015625,0.1033167617108555,0.1033332414524121,-0.82,0.632,1.452,1.75782908656711,-0.0739112201834538,7.935490926893043,-0.0026488769531249,0.0557223218473447,0.0557852462679145,-0.251,0.225,0.476,0.1009076923020511,0.0005989510413227,4.499397543035778,2nd_test,445,2004.02.15.12.42.39,0.0764867907993222,0
-0.0016277343749999,0.0783037348717603,0.0783206512617362,-0.337,0.383,0.72,0.3138460014873256,0.0080123748397912,4.8901534119676775,-0.0008736328125,0.0932478612150309,0.0932519536281613,-0.374,0.432,0.806,0.1061207876992109,0.1145755111376582,4.63261071953464,-0.00126181640625,0.0982337375566913,0.0982418412643004,-0.608,0.698,1.306,1.480287213451316,0.0759600513037597,7.104915695900516,-0.003088134765625,0.0548245496646799,0.0549114543812638,-0.249,0.22,0.469,0.0603842342244371,-0.025842995211591,4.534573028545128,2nd_test,446,2004.02.15.12.52.39,0.0748398643536231,0
-0.001625146484375,0.078617870692761,0.0786346659772862,-0.549,0.378,0.927,0.6568070391325245,-0.0068223258440086,6.981653615106575,-0.00054287109375,0.0930572662541422,0.0930588497227359,-0.393,0.43,0.823,0.1440400248346929,0.1495265140656087,4.620731948401922,-0.000810498046875,0.098934446894745,0.0989377667498773,-0.813,0.842,1.6549999999999998,2.1442872997827225,0.1338400541111183,8.51040030163743,-0.0027869140625,0.0563250359299329,0.0563939408314403,-0.264,0.212,0.476,0.1035297919749469,-0.0475620663212348,4.681353991280834,2nd_test,447,2004.02.15.13.02.39,0.0753437968943941,0
-0.0017200683593749,0.0758763160640291,0.075895809993763,-0.396,0.359,0.755,0.3326513606656682,-0.0033407729033218,5.217679342605672,-0.001822314453125,0.0933406459776142,0.0933584330496414,-0.449,0.444,0.893,0.2201012112829437,0.1370867279939773,4.809420909586648,-0.0016166015624999,0.0977481591387434,0.0977615262545803,-0.645,0.818,1.463,1.525199720946924,0.0538572998675842,8.367299809349156,-0.0032334960937499,0.0553062855891439,0.0554007285390386,-0.249,0.234,0.483,0.1027168409003769,-0.0110263763992386,4.494525732094756,2nd_test,448,2004.02.15.13.12.39,0.074802248941497,0
-0.002498779296875,0.0759509903042572,0.0759920839704496,-0.359,0.359,0.718,0.3630223685147573,0.01813517338495,4.724176272555924,-0.0015677734375,0.0930752126586271,0.0930884156326661,-0.413,0.439,0.852,0.1127507255682047,0.1093415364783653,4.715946630004005,-0.001567236328125,0.0997155631090311,0.0997278785288214,-0.557,0.789,1.346,1.49747355327,0.0802005701038704,7.911528968943888,-0.00289619140625,0.0547110339107968,0.0547876368923683,-0.271,0.225,0.496,0.1924248707038658,-0.0236932375314188,4.946371396295843,2nd_test,449,2004.02.15.13.22.39,0.0750323865660357,0
-0.001984619140625,0.0766876528609383,0.0767133287926754,-0.352,0.391,0.743,0.3933019145314724,0.0024107010572614,5.0968978422461015,-0.001842626953125,0.0934852725352487,0.093503430178139,-0.366,0.41,0.776,0.0854002335150054,0.1118457478660002,4.384865872989892,-0.0014078125,0.0997162762027648,0.099726213583898,-0.598,0.696,1.294,1.34223923887075,0.0105207213839745,6.979107849186386,-0.0034710449218749,0.0554987466556989,0.05560718508613,-0.269,0.244,0.513,0.1145241749881633,-0.0442017642394498,4.837504354491385,2nd_test,450,2004.02.15.13.32.39,0.0752122882201319,0
-0.001532373046875,0.0788616496900082,0.0788765361751159,-0.332,0.374,0.706,0.3171912838501538,0.0055486159710913,4.741587525660747,-0.00140126953125,0.0938119004933251,0.0938223652999046,-0.388,0.432,0.8200000000000001,0.1502499330893627,0.0921455267724445,4.604445844170533,-0.001909716796875,0.1000328930439388,0.1000511204784053,-0.806,0.901,1.707,1.949563791329592,0.0341972039605185,9.005396398188898,-0.0029138183593749,0.0552917028740225,0.0553684273222621,-0.251,0.232,0.483,0.1777078053391108,-0.0150774428057991,4.533269448571577,2nd_test,451,2004.02.15.13.42.39,0.0757402147936048,0
-0.0018132812499999,0.0769650552260709,0.0769864125339254,-0.432,0.356,0.788,0.3960282953144136,-0.048938440253877,5.611379797753533,-0.0014763183593749,0.0938020164326766,0.0938136333521646,-0.496,0.461,0.957,0.289294221539206,0.138125452439845,5.287078031961422,-0.0015378417968749,0.1001896908565742,0.1002014925603811,-0.71,0.645,1.355,1.8389831859347403,-0.0022615915449574,7.08572279564668,-0.0031119140625,0.0540723417220404,0.0541618144861996,-0.266,0.264,0.53,0.1251201700682207,-0.0390369888374975,4.9112091704916105,2nd_test,452,2004.02.15.13.52.39,0.0750716539456103,0
-0.002209130859375,0.0786691764347656,0.0787001879291156,-0.378,0.42,0.798,0.3987174692024569,0.0080374585691185,5.336708984392162,-0.00198984375,0.0935248311277576,0.0935459967910172,-0.491,0.476,0.967,0.2903457037095736,0.0914671460049953,5.248754803389938,-0.00085498046875,0.1004525855221534,0.1004562239469884,-0.615,0.747,1.362,1.3216282914353208,0.0757492836840256,7.43607484576328,-0.002791015625,0.0550812838397695,0.0551519500802668,-0.225,0.234,0.459,0.0791074823382906,-0.006972589854939,4.242823683572366,2nd_test,453,2004.02.15.14.02.39,0.0759878515444515,0
-0.002210498046875,0.0776264201834281,0.0776578869923034,-0.376,0.393,0.769,0.4890323080068861,0.0040332695110799,5.06065790888553,-0.00145673828125,0.092937644394568,0.0929490604149996,-0.422,0.435,0.857,0.1791280389530256,0.1398563540382811,4.679982756717808,-0.00251494140625,0.0961157900100414,0.09614868704008,-0.54,0.566,1.106,0.933464270464011,0.0064122724148374,5.886715850401301,-0.003103466796875,0.05548596376996,0.055572688270774,-0.261,0.215,0.476,0.1157882192990391,-0.0275248688892754,4.69655163564518,2nd_test,456,2004.02.15.14.32.39,0.0741308637285083,0
-0.0019760253906249,0.077318939590237,0.0773441859204887,-0.415,0.43,0.845,0.4460425802924233,-0.0405825784070411,5.559564625018984,-0.001369921875,0.0933575973868096,0.0933676479075126,-0.398,0.454,0.8520000000000001,0.1482686310195058,0.0922368461712244,4.862497986935015,-0.00168701171875,0.098058925739792,0.0980734363922323,-0.627,0.684,1.311,1.2486175947363725,0.0244875885010193,6.974365589245324,-0.002353955078125,0.0550820043756311,0.0551322801138033,-0.266,0.371,0.637,0.160337471431363,-0.0040316406974833,6.729270025245778,2nd_test,457,2004.02.15.14.42.39,0.0746182848788499,0
-0.0017288574218749,0.077890964249908,0.0779101486313922,-0.388,0.376,0.764,0.3972290693037701,0.0012117436137166,4.98009574889559,-0.001390185546875,0.0944100346361796,0.0944202693062214,-0.383,0.435,0.8180000000000001,0.0998474569618745,0.1084940359321884,4.6070616319109625,-0.002035888671875,0.1010607448590022,0.101081249468636,-0.679,0.537,1.2160000000000002,1.2150442138380804,0.0041841079257367,6.717368488840911,-0.0032740234375,0.0556084544302793,0.0557047523429891,-0.315,0.269,0.5840000000000001,0.266619248884572,-0.0104407867093659,5.654813759063242,2nd_test,462,2004.02.15.15.32.39,0.0763218976058841,0
-0.00187255859375,0.0773896004809058,0.0774122518615835,-0.381,0.349,0.73,0.4460789635914914,0.0253152737685434,4.921701550244562,-0.00206708984375,0.0923282241121471,0.0923513607269811,-0.396,0.4,0.796,0.1414606321327327,0.1200082905552582,4.331284312942512,-0.0014404296874999,0.0988223699718167,0.0988328672281202,-0.681,0.708,1.389,1.2869179236684225,0.0208800328477506,7.1636088261880735,-0.003119189453125,0.055468113578455,0.0555557464786215,-0.249,0.266,0.515,0.1257873171973695,-0.0057784292966739,4.787983545456841,2nd_test,463,2004.02.15.15.42.39,0.0748329071606047,0
-0.00206484375,0.077148440233386,0.077176067599718,-0.364,0.371,0.735,0.280075909188402,0.0077931261524684,4.80718973554631,-0.0016351562499999,0.0929007681824097,0.0929151573471398,-0.398,0.396,0.794,0.1295671908636397,0.1121281159684297,4.283477651646769,-0.002647412109375,0.0980435606917023,0.0980792974280728,-0.525,0.671,1.1960000000000002,0.8550665562019057,-0.0174331436732944,6.841403003373279,-0.002768310546875,0.0543004758848892,0.0543709961708388,-0.225,0.229,0.454,0.0445009287482593,-0.0164651899395743,4.21180438328274,2nd_test,464,2004.02.15.15.52.39,0.0746657210491845,0
-0.002142333984375,0.0761059359135098,0.0761360826164038,-0.371,0.339,0.71,0.4173530396895368,-0.0009021435715211,4.872853806575983,-0.00122265625,0.0918949570925308,0.0919030904123672,-0.554,0.391,0.945,0.2180168554659185,0.0965487378730157,6.0280889087427365,-0.00053837890625,0.096966595265442,0.0969680898503149,-0.635,0.649,1.284,1.2311310271812328,-0.0265365536280214,6.692923424552734,-0.003123486328125,0.0549300819361976,0.0550188155848467,-0.264,0.237,0.501,0.1438112056491221,0.011001521958364,4.798358474076501,2nd_test,465,2004.02.15.16.02.39,0.0740582539570925,0
-0.002213134765625,0.0766066112298315,0.0766385728573371,-0.356,0.352,0.708,0.373996402556179,0.0098180498053007,4.645180445335921,-0.000766845703125,0.0912620432143176,0.0912652649368004,-0.4,0.444,0.8440000000000001,0.122106631568212,0.1228510485004573,4.864939583560044,-0.00135126953125,0.0994794328831224,0.0994886098812007,-0.789,0.754,1.543,1.7525901169932403,-0.0233118262290535,7.930556080080058,-0.0026021484375,0.054877655253896,0.0549393139987773,-0.222,0.247,0.469,0.1000585010943768,-0.0154421183389252,4.495869751868419,2nd_test,467,2004.02.15.16.22.39,0.0744768689849482,0
-0.00202314453125,0.0780393439902234,0.0780655642663187,-0.349,0.376,0.725,0.3386926978437445,0.0612995651324943,4.816464257050248,-0.001771044921875,0.0934059487463878,0.0934227373893964,-0.43,0.486,0.916,0.2568576802751403,0.1025943465919283,5.202159705180715,-0.0017404296875,0.1009097611179308,0.1009247689339688,-0.569,0.935,1.504,1.372176639956006,0.1331419670644665,9.264326387533966,-0.00245556640625,0.0559913007531593,0.0560451208082046,-0.264,0.232,0.496,0.2016027221022467,-0.0008299651128596,4.7104903368616124,2nd_test,468,2004.02.15.16.32.39,0.0759154348665998,0
-0.001889697265625,0.0757651606071181,0.0757887228918532,-0.347,0.398,0.745,0.4080605046318513,0.0204651963631394,5.251440911105926,-0.001306201171875,0.091856355679577,0.0918656423274467,-0.405,0.398,0.803,0.1194137112868642,0.0926598888332316,4.408612292199576,-0.0018775390624999,0.0987701460037396,0.0987879896269341,-0.762,0.889,1.651,2.178945672277532,0.0753935014427307,8.999069657640026,-0.002734130859375,0.053826040572182,0.0538954368683878,-0.266,0.21,0.476,0.0959517968472831,-0.0142335126579352,4.935482769063256,2nd_test,469,2004.02.15.16.42.39,0.0741857152275378,0
-0.0021158203125,0.07690524724884,0.0769343470109417,-0.4,0.361,0.761,0.468162355143447,0.0007117606449284,5.199238253597084,-0.001716845703125,0.0931314225418026,0.0931472459272313,-0.332,0.466,0.798,0.0735805649199381,0.1013109894577505,5.002831756926515,-0.001094677734375,0.1006081564464257,0.1006141116488667,-0.688,1.04,1.728,1.7573328281635172,0.0493476062846473,10.33652221289952,-0.00306474609375,0.055148953194164,0.0552340448186736,-0.232,0.266,0.498,0.1704951150511484,-0.0154900598763632,4.815870372492696,2nd_test,470,2004.02.15.16.52.39,0.0757951087565546,0
-0.001984423828125,0.0784095922810452,0.0784346995889534,-0.376,0.378,0.754,0.3733421371332839,-0.0166315034434179,4.819295566581316,-0.001217138671875,0.0931689119896977,0.0931768618697293,-0.464,0.452,0.916,0.1546839094421179,0.093354403228522,4.979777067870551,-0.00197216796875,0.099142484994309,0.0991620984920334,-0.884,0.625,1.509,2.540314977997876,-0.0683068206760025,8.914696375269875,-0.002787353515625,0.0545289831748406,0.0546001771581661,-0.217,0.222,0.439,0.0607041059558604,-0.0304218256417313,4.065920873348875,2nd_test,472,2004.02.15.17.12.39,0.0751053772056354,0
-0.0017840820312499,0.0757011848986247,0.0757222050903828,-0.322,0.349,0.671,0.2559677197295893,0.0058569940304512,4.608951886422495,-0.001959130859375,0.0910593188554387,0.0910803916556172,-0.356,0.508,0.864,0.2136012084034977,0.097934838728622,5.57749028918556,-0.001434521484375,0.0990495560829034,0.0990599435297102,-0.706,0.732,1.438,1.8562423781875663,-0.0035846185645176,7.389465145142829,-0.0025477539062499,0.0560070950167984,0.0560650135306101,-0.259,0.256,0.515,0.1190625918374639,0.0121602413564175,4.6196368052952055,2nd_test,473,2004.02.15.17.22.39,0.0742753916352297,0
-0.001969384765625,0.0774689434384711,0.0774939718547715,-0.308,0.344,0.6519999999999999,0.3096160191130583,0.0505269953114314,4.439054958239048,-0.0011323730468749,0.0916929409323835,0.0916999328546475,-0.361,0.454,0.815,0.1429655285908491,0.0757634051914536,4.950930560818172,-0.00113076171875,0.0980325843221166,0.0980391055188566,-0.488,0.723,1.211,1.0412363523932733,0.0616982936166746,7.374608286828619,-0.00333076171875,0.0558391582384544,0.0559384086867534,-0.325,0.251,0.5760000000000001,0.2697062756243653,-0.00814419412485,5.80996148485633,2nd_test,477,2004.02.15.18.02.39,0.0746486390610624,0
-0.00191455078125,0.0768705900868857,0.0768944284392569,-0.339,0.376,0.7150000000000001,0.3490666820212755,0.0202381067593458,4.889821117431584,-0.00067724609375,0.0930174254394559,0.0930198908710188,-0.43,0.466,0.896,0.2092950825477197,0.1418410059058526,5.009681215828827,-0.00081044921875,0.1000035488051615,0.1000068327743784,-0.667,0.588,1.255,1.2643446869082338,-0.0027715173979529,6.669544285020237,-0.0026030761718749,0.054247672583914,0.0543100910174907,-0.259,0.21,0.469,0.0926152698277218,-0.0148490722121453,4.768911175490747,2nd_test,478,2004.02.15.18.12.39,0.0751258341509385,0
-0.00202744140625,0.0775348486978224,0.0775613517239739,-0.359,0.383,0.742,0.4112223149714027,0.0640038274162619,4.938026368571885,-0.00099501953125,0.0933362535416701,0.0933415571386212,-0.542,0.515,1.057,0.3104059847443277,0.1091115049080907,5.806631222031905,-0.0011171386718749,0.102417701331897,0.1024237938416746,-0.776,0.913,1.689,2.542129054108285,0.0062926680459294,8.913944365333599,-0.0030921875,0.0544588451757021,0.0545465621410391,-0.237,0.234,0.471,0.1222239887696035,-0.0157843920873492,4.344911772493603,2nd_test,479,2004.02.15.18.22.39,0.0756176145261544,0
-0.0019455078125,0.075761501030629,0.0757864766238839,-0.378,0.334,0.712,0.4064597916663981,0.028846636435,4.987697236156861,-0.00160458984375,0.0915099177003623,0.0915239845400851,-0.317,0.466,0.783,0.1079230598411982,0.154124850610827,5.091561543529743,-0.002040625,0.0992368837267518,0.0992578623696254,-0.854,0.808,1.662,1.9044483654548097,0.0500727423680552,8.603852426432413,-0.00327607421875,0.054446915928448,0.0545453876730769,-0.21,0.21,0.42,0.0332104406834568,0.0042303201232478,3.850004720010525,2nd_test,480,2004.02.15.18.32.39,0.0743009541096827,0
-0.0022997070312499,0.0766301144035941,0.0766646143011069,-0.396,0.352,0.748,0.3700231720140432,-0.0394714446635074,5.165355667733616,-0.00060048828125,0.0923764602586494,0.0923784119591463,-0.391,0.425,0.8160000000000001,0.1483063176396983,0.130445980976759,4.600641978813756,-0.000896142578125,0.0993838051561108,0.0993878453274248,-0.83,0.576,1.406,1.313896542880621,-0.0221989044054957,8.351121782118165,-0.00317978515625,0.054677310671773,0.0547696935899544,-0.247,0.208,0.4549999999999999,-0.0117462374622023,-0.0176766639659939,4.509793351131573,2nd_test,481,2004.02.15.18.42.39,0.0750173705369435,0
-0.002220703125,0.0767788328952427,0.0768109412982616,-0.369,0.405,0.774,0.532578800373201,0.0185919519710781,5.272686327616883,-0.00104521484375,0.0936849019119031,0.0936907323074833,-0.457,0.505,0.962,0.1937005328185592,0.0786994467468805,5.390074210726115,-0.001860107421875,0.0980696236577028,0.0980872625980783,-0.837,0.835,1.672,2.199784682839394,0.1166271509678166,8.53321805320587,-0.003023486328125,0.0552647453205523,0.0553473896848069,-0.251,0.242,0.493,0.1997445595295817,-0.0225950411864931,4.53499255204018,2nd_test,482,2004.02.15.18.52.39,0.0751219995868875,0
-0.0022009277343749,0.0754565337493542,0.0754886254236979,-0.391,0.386,0.777,0.4047138169573614,-0.0252278264580984,5.179588286317832,-0.00156591796875,0.0925012597598819,0.0925145132195484,-0.549,0.483,1.032,0.2819338766177917,0.1667689700863627,5.93420406040748,-0.002465869140625,0.0988757333802925,0.0989064768461063,-0.73,0.537,1.267,1.6636273905289023,-0.1088122207696812,7.380709770184853,-0.003197216796875,0.0558162155998989,0.0559077107306373,-0.261,0.222,0.483,0.1690469110366081,-0.0374345398655935,4.668407927715485,2nd_test,483,2004.02.15.19.02.39,0.0746003497654855,0
-0.0016681640625,0.0765744476784151,0.0765926158881765,-0.376,0.457,0.833,0.4330988391266683,-0.0088045019554171,5.966632614575313,-0.001012890625,0.0931386154572878,0.0931441229317166,-0.53,0.474,1.004,0.1834145885970852,0.1118897991362564,5.690106721847059,-0.0013865234375,0.0992134674480726,0.0992231554140085,-0.598,1.008,1.606,1.7313525705314472,0.118368562816392,10.15891901224025,-0.002947509765625,0.0549241160518052,0.0550031484361634,-0.254,0.291,0.5449999999999999,0.2181566136518005,-0.0137350885146724,5.290606233794847,2nd_test,485,2004.02.15.19.22.39,0.0751142265370878,0
-0.00206689453125,0.0760964361546202,0.0761245009733233,-0.337,0.461,0.798,0.2680942154490044,-0.0084212123295015,6.055868926556179,-0.0015004394531249,0.0914645855507099,0.0914768917733633,-0.439,0.427,0.866,0.1812327730196461,0.0676771569352806,4.799026196504756,-0.001980859375,0.0987431382349185,0.0987630049783002,-0.762,0.999,1.761,1.8003903400201082,0.0339070755427334,10.115123574959885,-0.002379931640625,0.0552860692288444,0.0553372706716786,-0.232,0.237,0.469,0.0856389059210211,-0.0126302619696328,4.282827778078557,2nd_test,486,2004.02.15.19.32.39,0.0742405435390165,0
-0.0023765624999999,0.0758384861011946,0.0758757143191252,-0.347,0.31,0.657,0.3259681516945001,0.0036747950322403,4.5732683126511535,-0.00125234375,0.0921722195724562,0.0921807269757689,-0.388,0.449,0.837,0.2914941535586925,0.172190232786177,4.870866337527969,-0.001194384765625,0.0988666442113302,0.0988738584893809,-0.671,0.598,1.269,1.2885650506973765,-0.0347347524700189,6.7864247460847205,-0.002572607421875,0.0558071377396613,0.0558664025299698,-0.239,0.269,0.508,0.1717570546663944,-0.0175752306858168,4.8150585649555335,2nd_test,487,2004.02.15.19.42.39,0.0746540374194752,0
-0.002078369140625,0.0786396223043347,0.0786670821529127,-0.369,0.408,0.7769999999999999,0.4937747918699093,0.0054440430764863,5.1864132853147495,-0.0021427734375,0.0936259503588043,0.0936504674766429,-0.386,0.42,0.806,0.1752906129448588,0.1317508330020191,4.484761382534114,-0.0019360351562499,0.1004408734182952,0.1004595305839931,-1.035,0.842,1.877,2.213431890943672,-0.0439944325473212,10.302656143951866,-0.0030837890625,0.0556512289890057,0.0557366041571313,-0.256,0.251,0.507,0.2436097816743418,0.0198748268232759,4.593031883924929,2nd_test,488,2004.02.15.19.52.39,0.0754244426806168,0
-0.002172998046875,0.0754795702866686,0.0755108432688436,-0.408,0.352,0.76,0.4815318552370473,-0.0024494770840002,5.403197505581831,-0.001814697265625,0.0919961870219005,0.0920140834477764,-0.408,0.464,0.872,0.1239743924110046,0.0970831385617962,5.042706318520307,-0.001668798828125,0.0979632047031211,0.0979774176289331,-0.591,0.833,1.424,1.4417735958423863,-0.0012424599438327,8.501959126400875,-0.00264169921875,0.0539437309864423,0.0540083760864923,-0.244,0.234,0.478,0.1759559714200511,-0.0091939156262131,4.517817747468012,2nd_test,490,2004.02.15.20.12.39,0.0742333238009183,0
-0.001991064453125,0.0780971529635708,0.0781225296484431,-0.339,0.444,0.783,0.4536244074601785,0.0417070544600161,5.683379711235002,-0.001694384765625,0.0926094296108346,0.0926249285698948,-0.476,0.544,1.02,0.2437065394716264,0.1090196688562151,5.873148928623722,-0.001030908203125,0.0980475274966105,0.0980529470231358,-0.725,0.872,1.597,1.6769416502505088,0.0899991909660041,8.893154427937352,-0.002872412109375,0.0554844122310675,0.055558714455548,-0.298,0.229,0.527,0.1464604625948973,-0.0204806850860421,5.36369501913265,2nd_test,493,2004.02.15.20.42.39,0.0746390684125774,0
-0.0023245117187499,0.076078573722464,0.0761140771104465,-0.415,0.405,0.8200000000000001,0.4236777373486098,0.0430331988739695,5.452342270305076,-0.001357568359375,0.0922943317765045,0.0923043155541596,-0.396,0.464,0.8600000000000001,0.2211077355322634,0.1071351764069322,5.026850556328765,-0.00174345703125,0.0958090253679432,0.0958248870825058,-0.581,0.803,1.384,1.73543983263823,0.0920054606097119,8.379868992699484,-0.0030687499999999,0.0544162259306105,0.0545026868245387,-0.229,0.281,0.51,0.2248625946236848,-0.0120516850669803,5.155709128606292,2nd_test,494,2004.02.15.20.52.39,0.0736332997176882,0
-0.0018037109375,0.0774497893414917,0.077470789606067,-0.408,0.378,0.786,0.298302535716179,-0.0022874305278621,5.26650111699367,-0.0015994628906249,0.0917077579108749,0.091721704860835,-0.356,0.479,0.835,0.0999321145459615,0.0784455710428468,5.222318978060227,-0.0012136230468749,0.0974778626709519,0.0974854173289363,-0.879,0.75,1.629,2.3803457640821817,-0.0435372125221465,9.016733210722707,-0.002373974609375,0.0547921270257613,0.0548435314276271,-0.266,0.266,0.532,0.17360671949208,-0.0245057020528333,4.850161779720001,2nd_test,495,2004.02.15.21.02.39,0.0735731897540528,0
-0.002238525390625,0.0769018492885405,0.0769344228542846,-0.342,0.393,0.7350000000000001,0.3992394228624758,0.0493117736793891,5.108246548352507,-0.002332568359375,0.0918233969337783,0.0918530190010615,-0.356,0.42,0.776,0.1446492519880253,0.121831641252081,4.572522542678467,-0.00205771484375,0.0997089474824567,0.099730177972555,-0.713,0.623,1.336,1.5627694128802103,-0.01059803665587,7.149290360126127,-0.002848828125,0.056026486469586,0.0560988681509039,-0.271,0.242,0.513,0.1990257947915035,-0.0039614590928094,4.830756999698981,2nd_test,496,2004.02.15.21.12.39,0.0748341888536932,0
-0.002342578125,0.0784160548597002,0.0784510378008554,-0.393,0.344,0.737,0.4222141332981781,0.0337201055124803,5.009493959692463,-0.001302978515625,0.0933563006863874,0.0933653931114702,-0.427,0.479,0.906,0.1835669638262889,0.1350044622657311,5.130380583552889,-0.0011660156249999,0.0998297812868534,0.0998365906079466,-0.791,0.72,1.511,1.317258751139728,-0.015660181627326,7.922946839183387,-0.002760791015625,0.0564048818719059,0.0564724062353962,-0.239,0.254,0.493,0.0935312956748806,-0.0007357928665099,4.497771866435856,2nd_test,497,2004.02.15.21.22.39,0.0757501666237469,0
-0.002167333984375,0.0766185131667572,0.0766491610944593,-0.32,0.386,0.706,0.3649387130597059,-0.0098997194077076,5.03593248097358,-0.000816796875,0.0917510059927273,0.091754641614539,-0.364,0.405,0.769,0.0825623377131181,0.1233197990889198,4.413945636635908,-0.002115283203125,0.1002447860474795,0.1002671010488204,-0.774,0.605,1.379,1.12797370554998,-0.0370102012880351,7.719381451104453,-0.00280029296875,0.0541003810558014,0.0541728056417032,-0.298,0.21,0.508,0.1474349436712367,-0.0541890951899793,5.500915015653044,2nd_test,499,2004.02.15.21.42.39,0.0744768156421453,0
-0.001861181640625,0.0760743867622998,0.0760971505272002,-0.347,0.391,0.738,0.4046983336170258,0.0553139665602651,5.138168739381408,-0.0008675781249999,0.0909711248165291,0.0909752617044188,-0.452,0.483,0.935,0.221416533389275,0.1255107370395474,5.309135592970001,-0.001265283203125,0.0976900285872054,0.0976982222302592,-0.581,0.977,1.5579999999999998,2.1162770492780822,0.0879499014288255,10.000181965311151,-0.0026890625,0.0552964392069222,0.0553617850696105,-0.261,0.251,0.512,0.1478021154586564,0.0013898435848655,4.714443359568531,2nd_test,500,2004.02.15.21.52.39,0.0737097845179914,0
-0.0016909179687499,0.0774515339604659,0.077469989779309,-0.393,0.432,0.825,0.4164259373181851,-0.0202522648843478,5.576352871932398,-0.0009208984375,0.0924220680617882,0.0924266558886017,-0.4,0.391,0.791,0.1449120292530321,0.1318905755201644,4.327755842186659,-0.0024230957031249,0.0977470699877897,0.0977770989750891,-0.735,0.63,1.365,1.6722173955776911,-0.0252150070173875,7.517097640417214,-0.002631103515625,0.0548602850728506,0.0549233427968871,-0.234,0.198,0.432,0.0441297760410397,-0.0242443895002151,4.260483577285136,2nd_test,501,2004.02.15.22.02.39,0.074233619519861,0
-0.001688134765625,0.0776181744925759,0.0776365301294878,-0.356,0.4,0.756,0.3779436618099709,-0.0433338184921486,5.152213775238263,-0.000913037109375,0.0937846660176053,0.0937891103316204,-0.325,0.459,0.784,0.0766473456743801,0.1107994529985824,4.893958353716859,-0.0011944824218749,0.0999065677721412,0.0999137081298938,-0.571,0.881,1.452,1.761175122403141,0.0632100787051856,8.817608879512598,-0.002993798828125,0.0550229010438366,0.0551042872261598,-0.232,0.256,0.488,0.1173754454899698,-0.0331292007794959,4.645736527625793,2nd_test,503,2004.02.15.22.22.39,0.0757926670861939,0
-0.0020180175781249,0.0775222688367752,0.0775485303571052,-0.334,0.391,0.7250000000000001,0.2677201212044107,-0.0194342281800038,5.042003996651283,-0.0017718749999999,0.0934137125343657,0.0934305155207266,-0.371,0.364,0.735,0.0849439620502683,0.1277386298436994,3.9708653851291897,-0.0004156249999999,0.0993449920789763,0.0993458614906152,-0.723,0.562,1.285,0.9054034323123584,-0.0244899328962768,7.277605620854385,-0.003001708984375,0.0553757843042764,0.0554570801984798,-0.239,0.251,0.49,0.0887163321731581,-0.0478383200139571,4.526022630422477,2nd_test,505,2004.02.15.22.42.39,0.0756173278606964,0
-0.0021659667968749,0.0785305644614357,0.0785604287589933,-0.454,0.376,0.8300000000000001,0.3885134945276123,0.016657463161549,5.778990863033552,-0.001086865234375,0.0929063541841484,0.0929127113145888,-0.376,0.4,0.776,0.1669422709341366,0.0988493471934864,4.305115999051555,-0.001071484375,0.0984314044111894,0.0984372361107574,-0.515,0.737,1.252,1.377376549700779,0.0368592028313788,7.487004197916242,-0.002732373046875,0.0556421638445013,0.0557092116239821,-0.242,0.256,0.498,0.0991145689185692,-0.012399331544728,4.59529030357342,2nd_test,506,2004.02.15.22.52.39,0.0752322569779826,0
-0.0017487792968749,0.0789626056391897,0.0789819683115037,-0.442,0.349,0.7909999999999999,0.4070034550620174,-0.0553092939922107,5.596214040287808,-0.001068701171875,0.0940260244729929,0.0940320977134437,-0.4,0.393,0.793,0.1787589108439542,0.1226230953111449,4.253866602175764,-0.00126806640625,0.1003282732720223,0.1003362866073697,-0.757,0.759,1.516,1.6491722736048198,0.0010556351377155,7.564561393053252,-0.00288017578125,0.0553524317157259,0.055427313748503,-0.249,0.254,0.503,0.116420610199079,0.0270418121849489,4.582578205899021,2nd_test,507,2004.02.15.23.02.39,0.0756515026500128,0
-0.0018308593749999,0.0781990474389248,0.0782204772831657,-0.457,0.398,0.855,0.545918411380272,0.0275305494241848,5.842459875817083,-0.002103271484375,0.093508128767222,0.0935317801417484,-0.374,0.371,0.745,0.0952340137701641,0.1113537270941864,3.998640883656871,-0.002201318359375,0.0983813875200553,0.0984060120769591,-0.713,0.723,1.436,1.447449848286639,0.0445332545951199,7.347112079160627,-0.0033343749999999,0.0551682636526937,0.0552689367646397,-0.237,0.276,0.513,0.0383394807718553,-0.024403451386206,4.993763516210554,2nd_test,509,2004.02.15.23.22.39,0.0751461897161844,0
-0.00255166015625,0.0774870854107122,0.077529087283419,-0.327,0.366,0.6930000000000001,0.3029990008129091,-0.0021083022448274,4.720808832139507,-0.0012275390625,0.0919613974263116,0.0919695899129163,-0.354,0.427,0.7809999999999999,0.053420771645599,0.1336429233375822,4.642839012326495,-0.00195234375,0.1020465674488886,0.1020652417535899,-0.715,0.676,1.391,1.2709424884420022,0.0507366369627178,7.005323141439051,-0.00322880859375,0.0545725138482842,0.0546679473975038,-0.259,0.2,0.459,0.1460577981878317,-0.0181782929456668,4.73769388325504,2nd_test,511,2004.02.15.23.42.39,0.0755830774452017,0
-0.00167529296875,0.0815182335270772,0.0815354463034712,-0.483,0.413,0.8959999999999999,0.5666889213621578,0.009621055882152,5.923803963694168,-0.0014719238281249,0.0937359197385323,0.0937474757472667,-0.403,0.427,0.8300000000000001,0.1740596461420387,0.1440700913644862,4.5547893059712,-0.00130244140625,0.1004649140689588,0.1004733562318886,-0.696,0.725,1.4209999999999998,1.3488460736869785,0.0600044400393644,7.215843355720215,-0.0032422363281249,0.0558674068812886,0.0559614085602469,-0.276,0.242,0.518,0.1751888520180293,-0.0220975051093146,4.9319702111845904,2nd_test,512,2004.02.15.23.52.39,0.0765116543647024,0
-0.0016622070312499,0.0767837921677502,0.0768017816972692,-0.388,0.474,0.862,0.3561730038030797,-0.0038746256224301,6.171731820782509,-0.00150595703125,0.0929298146602855,0.092942016114215,-0.464,0.493,0.957,0.2489400327712498,0.1612938024479524,5.3043824591544855,-0.001368017578125,0.0991429024195457,0.0991523402258646,-0.581,0.647,1.228,1.0801917275828918,0.0177347232155621,6.525312448699013,-0.003230810546875,0.0555337567836633,0.0556276575032319,-0.232,0.256,0.488,0.0907441196739151,-0.0190348742845731,4.60202732751284,2nd_test,513,2004.02.16.00.02.39,0.0751083108224596,0
-0.002186083984375,0.0782843555502798,0.0783148727069729,-0.374,0.349,0.723,0.3889919623720543,0.015403101465941,4.775593537572391,-0.001631591796875,0.0912765611385885,0.0912911425335345,-0.391,0.396,0.787,0.1440213568640111,0.1452264535604793,4.337770226177167,-0.0026013671874999,0.098924580539164,0.0989587780143517,-0.857,0.591,1.448,1.9026449767325035,-0.106481913892641,8.660171610719072,-0.0033023925781249,0.0555147759235149,0.0556129134516267,-0.234,0.205,0.439,0.0727319403623072,0.0160119279495523,4.2076558387708,2nd_test,514,2004.02.16.00.12.39,0.0744003615067402,0
-0.0018823730468749,0.0771200007359263,0.0771429701385477,-0.332,0.361,0.6930000000000001,0.3527962049313577,0.0114362841711822,4.679622775049612,-0.0016279785156249,0.0926763581069535,0.0926906557642981,-0.471,0.435,0.906,0.2273541581982918,0.1567262693266892,5.081418359932829,-0.002166796875,0.099929328597558,0.0999528174823313,-0.786,0.825,1.611,1.907774999211053,0.0068011024805243,8.253894395098778,-0.00315400390625,0.0560015172574869,0.0560902636451394,-0.234,0.247,0.481,0.1440839176423338,0.0117912886330623,4.403616313131744,2nd_test,515,2004.02.16.00.22.39,0.0753377459153098,0
-0.002467822265625,0.0783156906506825,0.078354563037695,-0.422,0.364,0.786,0.4422175697993737,0.0207842397697551,5.385774403356665,-0.001910400390625,0.0918866894627596,0.0919065467204492,-0.361,0.383,0.744,0.1542288177478576,0.1463217762641802,4.167276583253616,-0.00082919921875,0.0986875807816293,0.0986910642959888,-0.603,0.564,1.1669999999999998,1.0410534543837784,0.0160529018344896,6.109975652764322,-0.0032222656249999,0.0549430103566818,0.0550374180245812,-0.269,0.225,0.494,0.1583350342984979,0.0085962562688806,4.887583931989135,2nd_test,516,2004.02.16.00.32.39,0.0745676817479026,0
-0.0023838867187499,0.07738437691901,0.0774210869662216,-0.342,0.378,0.72,0.2839152361904959,-0.0303327397514007,4.882390764676772,-0.000939990234375,0.0936453721494015,0.0936500897310868,-0.352,0.481,0.833,0.2476431064081858,0.1306700452178318,5.1361403003033885,-0.000701123046875,0.1012313041125743,0.1012337320553745,-1.025,0.818,1.843,2.783550446592874,0.0919692238646565,10.125083597917762,-0.003038720703125,0.0549150552729306,0.0549990647115078,-0.249,0.222,0.471,0.0949169244844805,0.0184870093138863,4.527349715882946,2nd_test,517,2004.02.16.00.42.39,0.0756644505368507,0
-0.002127880859375,0.0755417258715849,0.0755716893063095,-0.361,0.4,0.761,0.3718072446196725,0.0268652350373427,5.292987409258706,-0.001750244140625,0.0917701967879282,0.0917868856266889,-0.374,0.459,0.833,0.0614647912692714,0.0742563160832568,5.000714392487629,-0.00187685546875,0.0997968300917515,0.0998144773207398,-0.889,0.601,1.49,1.668858201748848,-0.1465246320079684,8.906523621161849,-0.0029373046875,0.0539791153819955,0.0540589738734467,-0.215,0.229,0.444,0.0609708654890539,0.005736973870132,4.236114442938889,2nd_test,518,2004.02.16.00.52.39,0.0741970444735756,0
-0.00119599609375,0.0778737676943027,0.0778829512894991,-0.359,0.359,0.718,0.3312873267996865,0.0172145170825132,4.60948120290087,-0.001129638671875,0.0925639793542438,0.0925708720787585,-0.408,0.547,0.955,0.2074581752901596,0.10776633820975,5.908986139060113,-0.001260595703125,0.0989725212912093,0.0989805489592052,-0.71,0.74,1.45,1.7788890337928391,-0.0146004273383735,7.476216365475142,-0.00257373046875,0.0549511735805567,0.0550114130558945,-0.249,0.234,0.483,0.1352599426178469,-0.0189369073464235,4.526333467247535,2nd_test,519,2004.02.16.01.02.39,0.0753230355546229,0
-0.00182724609375,0.0764806107975274,0.0765024356229917,-0.398,0.398,0.796,0.4433637639149004,0.0263791850457102,5.202448742366368,-0.001838525390625,0.0917255291903372,0.0917439528299243,-0.33,0.457,0.787,0.0690577399583936,0.1104383984867979,4.9812547410313694,-0.00125576171875,0.0989806287077462,0.0989885942766892,-0.767,0.754,1.521,1.6679211123410305,0.0059212416157979,7.74836743158875,-0.00333232421875,0.0542205458102127,0.0543228494526589,-0.212,0.21,0.422,0.0501952343824831,0.0321097040974757,3.902593515107308,2nd_test,521,2004.02.16.01.22.39,0.0743561005818775,0
-0.002473095703125,0.0781815167998649,0.0782206224181601,-0.332,0.391,0.7230000000000001,0.3201974871061321,0.0160400209443636,4.998681778633158,-0.0020166015625,0.0921923024054916,0.0922143551985671,-0.354,0.381,0.735,0.1869307523144048,0.1505819722695315,4.131677754243935,-0.002125439453125,0.0999243279961915,0.0999469300096775,-0.745,0.745,1.49,1.891887378180032,0.0083638645844795,7.453955813554357,-0.003001318359375,0.055470180863765,0.0555513175087065,-0.254,0.229,0.483,0.0904197820116383,-0.0087751084969802,4.572348800829402,2nd_test,522,2004.02.16.01.32.39,0.0749137777201505,0
-0.002377978515625,0.0795859816181992,0.0796214999353386,-0.369,0.405,0.774,0.3700720103720125,0.0147198336128939,5.086565818576866,-0.00128349609375,0.0934104183218262,0.0934192357776558,-0.354,0.437,0.7909999999999999,0.2162390662515676,0.1153453490239668,4.677837453470633,-0.00201171875,0.1025335985300167,0.1025533316857319,-0.754,0.776,1.53,1.8039115265374983,-0.0956901963874628,7.566794634916738,-0.0029642578125,0.056524150430334,0.0566018233473975,-0.234,0.269,0.503,0.1778142482792111,-0.0455311654125832,4.752497076715031,2nd_test,523,2004.02.16.01.42.39,0.0764241624387692,0
-0.001396826171875,0.0800961141360331,0.080108293097824,-0.498,0.393,0.891,0.5260048179163537,0.0215290841587302,6.216584834552051,-0.0012041992187499,0.094021683430062,0.0940293946103092,-0.4,0.496,0.896,0.2647331876532508,0.1159323443258198,5.274946223468978,-0.0011084960937499,0.0997492473640347,0.0997554064363493,-0.715,0.759,1.474,1.8750917723132408,0.0690928124225467,7.608610170684676,-0.0022861328124999,0.0567845379748185,0.0568305389403443,-0.247,0.242,0.489,0.1480670485644726,-0.0448857720407003,4.346254753187053,2nd_test,525,2004.02.16.02.02.39,0.076281173373476,0
-0.001956884765625,0.077876217928267,0.0779008004888067,-0.391,0.374,0.765,0.3387606415850897,0.0079225965345032,5.019203879055928,-0.001648876953125,0.0925794965811292,0.0925941789877845,-0.381,0.415,0.796,0.1667782639722062,0.1216341766295429,4.481923210856126,-0.002041748046875,0.0993473770830033,0.099368355467721,-0.742,0.867,1.609,1.7398713224472226,0.0504348738757542,8.725111690843187,-0.002809521484375,0.0551378687250827,0.0552094011787451,-0.244,0.283,0.5269999999999999,0.163266901932618,-0.009155306420746,5.1259385893108576,2nd_test,526,2004.02.16.02.12.39,0.0752435226596018,0
-0.001774755859375,0.078463451243829,0.0784835201775068,-0.396,0.374,0.77,0.2777135623768947,0.0086236259095615,5.045645239909191,-0.0007003906249999,0.0920129723989566,0.092015638000933,-0.405,0.393,0.798,0.1164697439496258,0.08464162797107,4.401425766253905,-0.0022007324218749,0.099749535896529,0.0997738098639398,-0.742,0.881,1.623,2.0187072430823587,0.0304772639058539,8.829972526784106,-0.002953515625,0.0559280437829751,0.0560059758948766,-0.225,0.239,0.4639999999999999,0.1753126106419538,-0.0016146532589287,4.267401758061252,2nd_test,527,2004.02.16.02.22.39,0.075329975619882,0
-0.001760546875,0.0781415394123521,0.0781613696593864,-0.391,0.435,0.8260000000000001,0.3701884936016033,0.0321801343480674,5.565409125890303,-0.0019381347656249,0.0929339148541298,0.092954122536251,-0.349,0.505,0.854,0.1521811360758382,0.1272869509820201,5.432787553856183,-0.0009913574218749,0.0997071810191734,0.0997121092762966,-0.75,0.659,1.409,1.454883653426834,0.0476551374013192,7.521654144475778,-0.002831689453125,0.0552828340438439,0.0553553087343763,-0.234,0.234,0.468,0.0892533345599688,0.0057873616698697,4.227236833211911,2nd_test,528,2004.02.16.02.32.39,0.0755181350335323,0
-0.0019248046875,0.077804620647507,0.0778284258300751,-0.366,0.398,0.764,0.458982255928821,0.0088313412485238,5.113812797188656,-0.0016973144531249,0.0909143802902989,0.0909302228080514,-0.427,0.43,0.857,0.1875220017560717,0.1029555496035843,4.728900762763739,-0.001697216796875,0.0993948617733395,0.0994093511285375,-0.947,0.876,1.823,2.148852572255282,0.0687235848060424,9.52626678717569,-0.002290576171875,0.0548079761269193,0.0548558199859242,-0.254,0.212,0.4659999999999999,0.1324142124084768,-0.028613218290867,4.630319992674341,2nd_test,529,2004.02.16.02.42.39,0.0747584513096062,0
-0.002044921875,0.0794376532600419,0.0794639695770196,-0.364,0.349,0.713,0.330437393168955,0.0443539342750777,4.580692380873524,-0.00215263671875,0.0937866336908588,0.0938113346238408,-0.371,0.432,0.8029999999999999,0.1670021931261778,0.1408365776661851,4.604987251568298,-0.002563818359375,0.0997972257091762,0.0998301528789179,-0.85,0.544,1.394,1.3273999136932195,-0.1004390743551086,8.51446156776334,-0.003036083984375,0.0563482684743324,0.0564300023570407,-0.266,0.251,0.517,0.1127331782603882,-0.0333973134415569,4.713804516828936,2nd_test,530,2004.02.16.02.52.39,0.0761480025879519,0
-0.001803759765625,0.077098690150829,0.0771197871642915,-0.376,0.398,0.774,0.3937705929486976,0.0047849747143423,5.160802624454383,-0.001960693359375,0.0919651941840832,0.0919860927519243,-0.537,0.422,0.959,0.147023528497435,0.0782742127479794,5.83783900292828,-0.0018544921875,0.0989949539006357,0.0990123226626994,-0.735,0.818,1.553,1.817146476069485,-0.0012566921796888,8.261597930374588,-0.003121923828125,0.0555787239724722,0.0556663360281317,-0.273,0.249,0.522,0.2188547976827299,0.0322166946945105,4.904220745858532,2nd_test,531,2004.02.16.03.02.39,0.0747763985273708,0
-0.002038427734375,0.0822398528473641,0.0822651115843428,-0.457,0.396,0.853,0.5003740741636844,-0.0072230627825329,5.555210358231906,-0.00193154296875,0.0930753412121592,0.0930953811958466,-0.376,0.405,0.781,0.1305353187646991,0.1226218368295324,4.350376944519329,-0.00074765625,0.1004425446693933,0.1004453272657879,-0.706,0.615,1.321,1.6170526870390542,-0.0211195367933912,7.028699285580776,-0.002797412109375,0.0562875484324659,0.0563570192881674,-0.229,0.22,0.449,0.1082467389684969,-0.0175295480072364,4.06338026546441,2nd_test,532,2004.02.16.03.12.39,0.076164943457708,0
-0.002299267578125,0.0842945376729406,0.0843258899323963,-0.43,0.383,0.813,0.4508448020711775,-0.0291066291904656,5.099264298777393,-0.0019432617187499,0.0941232004284408,0.0941432585212557,-0.503,0.508,1.011,0.2608110799337586,0.0797290764373231,5.396031622167689,-0.001248095703125,0.1000499788254611,0.100057763346276,-0.864,0.642,1.506,1.6765346531826628,-0.0401288937119847,8.635012127957202,-0.0034185546875,0.0563470699543669,0.056450675891381,-0.242,0.208,0.4499999999999999,0.146723231462774,-0.0507688940987862,4.286928299341441,2nd_test,533,2004.02.16.03.22.39,0.0768866801544873,0
-0.001664306640625,0.0842636154579578,0.0842800498732685,-0.364,0.4,0.764,0.3783765120451265,-0.009241176562636,4.74608167172103,-0.0013586425781249,0.092838873770221,0.0928488147074486,-0.393,0.41,0.8029999999999999,0.1125536236353963,0.1215495730104882,4.415780656839044,-0.0017807128906249,0.0986138341720713,0.0986299104152266,-0.764,0.92,1.6840000000000002,2.263792354384579,0.1169714962870368,9.327799205307212,-0.0032107421875,0.0554840350580611,0.0555768567995595,-0.239,0.237,0.476,0.0975499220431115,-0.0087754314972335,4.300351148998295,2nd_test,534,2004.02.16.03.32.39,0.0758972377226902,0
-0.001736865234375,0.0830803548361734,0.0830985081728118,-0.42,0.327,0.747,0.2911308678170452,-0.0267986066400156,5.054242359219167,-0.001190771484375,0.0922607033657213,0.0922683874480616,-0.547,0.442,0.989,0.3780360303755401,0.0993369256762512,5.928357643640197,-0.00089736328125,0.0978971080399158,0.0979012207453895,-0.618,0.549,1.167,1.1078934866460726,-0.0567803189771442,6.312485128259145,-0.00259658203125,0.0566624716319583,0.0567219351722726,-0.327,0.271,0.5980000000000001,0.2932817766567015,-0.0294505634950623,5.764965511157002,2nd_test,535,2004.02.16.03.42.39,0.0758549649496039,0
-0.001722607421875,0.0826501389319278,0.0826680884126207,-0.356,0.393,0.749,0.2089792134326837,-0.0180923574542085,4.7539504970003374,-0.001221728515625,0.0934591269209419,0.09346711199877,-0.354,0.408,0.762,0.0954720943568423,0.156200372025874,4.365171783643039,-0.00191376953125,0.0978751346275894,0.0978938429738433,-0.588,0.754,1.342,1.4981022004255022,0.0782226262667055,7.702220865859378,-0.0029669433593749,0.0558269519628434,0.055905736005882,-0.225,0.21,0.435,0.0752258902877232,-0.0276517283285,4.02463174748835,2nd_test,536,2004.02.16.03.52.39,0.0755197568986894,0
-0.0020143554687499,0.0842471704653664,0.0842712487113784,-0.41,0.42,0.83,0.3980557698648219,0.0139954058883545,4.983906212585967,-0.0017482421875,0.0916953861683691,0.0917120504367474,-0.378,0.513,0.891,0.1578116554512965,0.1343828549211889,5.59359427197864,-0.0017033203125,0.1006774473600928,0.1006918552169501,-0.847,1.284,2.131,3.300239014685106,0.0386481936929,12.751776171178378,-0.003025146484375,0.0558586070968024,0.0559404638705014,-0.249,0.261,0.51,0.1199902567496273,0.0161541840721435,4.665674575018408,2nd_test,537,2004.02.16.04.02.39,0.0753718196536004,0
-0.0023246582031249,0.0859558026951817,0.085987231916921,-0.413,0.476,0.889,0.4703129065721358,0.0146745085071717,5.535705585386963,-0.001772216796875,0.0952005224367715,0.0952170164655949,-0.42,0.51,0.93,0.2367480294414528,0.1815206300108481,5.356185469000951,-0.000643310546875,0.1026893143535375,0.1026913293850039,-0.881,0.669,1.55,1.5958101677892378,-0.0243439853832214,8.579107946771538,-0.003163134765625,0.0576358220784402,0.0577225554545458,-0.239,0.273,0.512,0.107128351933373,0.0277161704105603,4.729520338202051,2nd_test,538,2004.02.16.04.12.39,0.0785179118813659,0
-0.001966943359375,0.0844199690988402,0.0844428803915885,-0.471,0.515,0.986,0.4865130026451254,0.0122738967289585,6.098797170414867,-0.0012630859374999,0.0937318962970756,0.0937404062799562,-0.408,0.425,0.833,0.2251067640293556,0.1162432658585903,4.533797290425663,-0.001781884765625,0.1008956513187828,0.1009113847311559,-0.779,0.923,1.702,1.711095870437382,0.0398998177765813,9.146638929292992,-0.0028833984375,0.0572730249974355,0.0573455611090017,-0.237,0.242,0.479,0.1180671880161052,0.0259705149734638,4.220030204880016,2nd_test,539,2004.02.16.04.22.39,0.0769325423005586,0
-0.0018037109375,0.083618500692753,0.0836379520986137,-0.396,0.4,0.796,0.3818054415969727,-0.00505633396605,4.782517863703736,-0.0015340332031249,0.0934186776293816,0.0934312720018871,-0.378,0.393,0.771,0.1584689866699773,0.0868784890068961,4.206300434268472,-0.0013419921874999,0.0990559428741528,0.0990650329920641,-0.613,0.879,1.492,1.5455891976813954,0.0659920550693013,8.872959241446392,-0.00326826171875,0.0558674728265495,0.0559629882573071,-0.259,0.203,0.462,0.1072717961025233,0.001243230515499,4.628058794940314,2nd_test,541,2004.02.16.04.42.39,0.0764062970828499,0
-0.00224716796875,0.0837855827033071,0.0838157123265829,-0.444,0.366,0.81,0.3876737074060976,-0.0118999774465757,5.297336115986025,-0.001095654296875,0.0934443082838442,0.0934507314523774,-0.476,0.442,0.918,0.2243341748236171,0.1555375729031148,5.09359309014586,-0.00187392578125,0.0991916593124964,0.0992093588075238,-0.642,0.779,1.421,1.4229636836643174,0.0577711774175863,7.852081793044211,-0.003098046875,0.0558924718916067,0.0559782663950371,-0.229,0.256,0.485,0.0990207444008972,-0.006142458525347,4.573203432004153,2nd_test,542,2004.02.16.04.52.39,0.0758863190868664,0
-0.002347216796875,0.0854843335717082,0.085516552274344,-0.42,0.374,0.794,0.3946015078150089,0.0142667128764005,4.911329898423574,-0.0013400878906249,0.0923791107973606,0.0923888302083408,-0.408,0.391,0.7989999999999999,0.0619493665980943,0.1098447453955566,4.416118258836336,-0.001376416015625,0.0999087877983841,0.0999182686018459,-0.649,0.715,1.364,1.3930930387347908,-0.0253431121029323,7.155848575018593,-0.003388623046875,0.0560308421403387,0.0561332168783277,-0.254,0.215,0.469,0.082943813789134,0.0296979310052369,4.524950005021735,2nd_test,543,2004.02.16.05.02.39,0.0763955289412038,0
-0.001894873046875,0.0842799020394355,0.0843012006536124,-0.366,0.41,0.776,0.3658697395741912,-0.008100766957841,4.863513174382852,-0.001441650390625,0.0925479125997614,0.0925591404585299,-0.417,0.413,0.83,0.2100491829558208,0.1502398488516104,4.505227662332568,-0.00184697265625,0.0975378708533296,0.0975553563808453,-0.544,0.674,1.218,1.126877112944782,0.0468631252393478,6.908897932388963,-0.002808349609375,0.0553348801705321,0.0554060988611869,-0.242,0.232,0.474,0.0824750429764287,-0.0211487013634706,4.367750211072121,2nd_test,544,2004.02.16.05.12.39,0.0752842049028644,0
-0.002053271484375,0.086954618102862,0.0869788568170628,-0.383,0.398,0.781,0.4364173780138687,0.0329537787145547,4.575824683836814,-0.0016318359375,0.0930386748703426,0.093052984423694,-0.413,0.415,0.828,0.1499757516203028,0.0989296607927789,4.459824717775185,-0.0010448242187499,0.0982440024935143,0.0982495581852343,-0.891,0.964,1.855,2.0000726971706984,0.0500636898105575,9.811748956394442,-0.00322744140625,0.0558950408768566,0.0559881413574004,-0.237,0.215,0.4519999999999999,0.0263992964106098,-0.0251814114809437,4.23303925170291,2nd_test,545,2004.02.16.05.22.39,0.0759371119701796,0
-0.0019638671875,0.0851458265586597,0.085168471600044,-0.413,0.374,0.7869999999999999,0.3289489991173608,-0.0163480598100845,4.849212299295711,-0.001602197265625,0.0933436731307023,0.0933574225737266,-0.378,0.432,0.81,0.1328399665387123,0.1255170147522873,4.627377107098382,-0.0021544921875,0.1004374779253628,0.1004605833578212,-0.803,0.688,1.491,1.4382577967897472,-0.0073764179782384,7.993184721333695,-0.0029189453125,0.0559691859668682,0.056045249749923,-0.229,0.232,0.461,0.0786652514433607,-0.0071303217705926,4.139512287500851,2nd_test,547,2004.02.16.05.42.39,0.0766110175250343,0
-0.0017693847656249,0.0869737028672563,0.0869916991033663,-0.381,0.403,0.784,0.4340085155916307,-0.0278157613348429,4.632625918899571,-0.000981298828125,0.0929859232661417,0.0929911010422334,-0.432,0.435,0.867,0.1746976133327269,0.1031883157344664,4.677866969203424,-0.000799072265625,0.0986309671689687,0.0986342040124615,-0.73,0.652,1.382,1.2732677311286738,-0.0023161612470436,7.401083704192212,-0.0029285644531249,0.0557286886860418,0.055805584240485,-0.244,0.217,0.4609999999999999,0.1088353058725295,-0.0302947095600027,4.372322292051446,2nd_test,548,2004.02.16.05.52.39,0.0763473740063392,0
-0.00245185546875,0.0869207126049963,0.0869552866420437,-0.396,0.381,0.777,0.3166941879681912,-0.0374509014001116,4.554064684135902,-0.001170947265625,0.0946092133343021,0.09461645927234,-0.435,0.447,0.882,0.1455374986108011,0.1186333521961571,4.724336584067786,-0.0013904785156249,0.0992368384946812,0.0992465795124541,-0.625,0.815,1.44,1.4177046068194663,0.0601454495088448,8.211869910232187,-0.0029390625,0.0558787566681412,0.0559559964182235,-0.259,0.232,0.491,0.0872715439702318,-0.0493443485285098,4.628637082245239,2nd_test,549,2004.02.16.06.02.39,0.0771136146624033,0
-0.002354736328125,0.0878692559690781,0.0879008016330589,-0.469,0.364,0.833,0.430147194240349,-0.0228197227910908,5.335559986727999,-0.0021136230468749,0.0937732186349737,0.0937970358569335,-0.391,0.464,0.855,0.1691994131257099,0.1072746415713441,4.946851419726969,-0.0016910644531249,0.1018653025399829,0.1018793382416026,-0.625,0.837,1.462,1.6963702299077017,0.030227685222459,8.215601067282883,-0.00309755859375,0.0574633226595085,0.0575467489986402,-0.237,0.315,0.552,0.1690546666138366,-0.0165118289252463,5.473810518852582,2nd_test,550,2004.02.16.06.12.39,0.0777649073205484,0
-0.002430078125,0.0856158423113467,0.0856503224417456,-0.356,0.396,0.752,0.4363586459691815,-0.0301152425548446,4.623450195003207,-0.00094765625,0.0939619577607107,0.093966736447499,-0.442,0.461,0.903,0.1621465692437174,0.1532052926913808,4.9059913903965695,-0.001674365234375,0.1002968410046649,0.1003108160392144,-0.671,0.957,1.628,2.1114523013217807,0.0416337858664796,9.540347071011167,-0.0031794921875,0.0565655170926676,0.0566548046906107,-0.266,0.229,0.495,0.1949644075427579,0.0114483127509017,4.69510046761115,2nd_test,551,2004.02.16.06.22.39,0.0765559680323616,0
-0.0023742187499999,0.0854133892882266,0.0854463807564428,-0.532,0.405,0.937,0.4780069177953763,-0.0056728677582763,6.226126785992163,-0.00212177734375,0.0920226758228158,0.0920471336038635,-0.403,0.442,0.845,0.0943801210325561,0.0871718108245596,4.801887714368173,-0.0017214355468749,0.0986523324842339,0.0986673504505004,-0.759,0.571,1.33,1.172099969923342,0.0183611022693733,7.69251425650761,-0.0033010742187499,0.0572761912900098,0.0573712400047924,-0.283,0.281,0.5640000000000001,0.2118411711831398,-0.0226385080758442,4.932785137142354,2nd_test,552,2004.02.16.06.32.39,0.0757060581012197,0
-0.0019158203125,0.0875834052473281,0.0876043562968617,-0.393,0.435,0.8280000000000001,0.4443845022745201,0.0274501950126262,4.965506492861675,-0.0020280761718749,0.0930237145441308,0.0930458196833521,-0.464,0.364,0.8280000000000001,0.0999373921010793,0.0918680026762274,4.986790396108819,-0.00202392578125,0.1029061812642989,0.1029260823016632,-0.972,0.71,1.682,2.0938357017424982,-0.1142716938717991,9.443670430802449,-0.0029156738281249,0.055842437278526,0.055918502797179,-0.278,0.222,0.5,0.1972708909162488,0.010727239872514,4.971520804184563,2nd_test,554,2004.02.16.06.52.39,0.0774925331563677,0
-0.0015017578125,0.0860407873438745,0.086053892202975,-0.391,0.403,0.794,0.4927349634179672,-0.0196511569546131,4.683111823051094,-0.00173984375,0.0912652341434395,0.0912818164780437,-0.386,0.415,0.8009999999999999,0.1051767293597669,0.1119672545190025,4.546360009118298,-0.0019802734375,0.0984000960758562,0.0984200202734433,-0.813,0.591,1.404,1.7503415936621574,-0.1090601889019477,8.260514453593453,-0.00321142578125,0.054605700666073,0.0547000530235689,-0.232,0.225,0.457,0.0086714986872911,0.0446990530668703,4.241312159163641,2nd_test,556,2004.02.16.07.12.39,0.0748184265279752,0
-0.0020556640625,0.0891545682409538,0.0891782641284789,-0.498,0.366,0.864,0.4000941939036653,0.0276767460325026,5.584320404319018,-0.000924072265625,0.0930535686961469,0.093058156851727,-0.581,0.388,0.969,0.1911202637957627,0.112996743302778,6.243407559849753,-0.001697607421875,0.1001833359149954,0.1001977178683009,-0.735,0.852,1.587,2.13433130985808,-0.016066461800449,8.503187678499414,-0.0031609863281249,0.0565232979775732,0.056611615847175,-0.217,0.242,0.4589999999999999,0.1181145152832918,0.0302784213060432,4.274741082272095,2nd_test,557,2004.02.16.07.22.39,0.0764956791126567,0
-0.00203896484375,0.0855928340888765,0.085617116425397,-0.398,0.364,0.762,0.4048794403025244,0.0063726409252904,4.648603183712111,-0.001463330078125,0.0923855701784203,0.0923971585716215,-0.43,0.42,0.85,0.3062823433338528,0.1298596479453785,4.653822765145232,-0.001481787109375,0.0960251902798979,0.0960366225006279,-0.518,0.652,1.17,1.4482003748924184,0.0748376173268264,6.789076739854606,-0.00297548828125,0.0558007300085594,0.0558800053686468,-0.234,0.215,0.449,0.1346965855250315,-0.0184135850551767,4.187544336334391,2nd_test,558,2004.02.16.07.32.39,0.0747740720517682,0
-0.0022212890625,0.0882457049896456,0.0882736573062357,-0.381,0.396,0.777,0.3659394532713698,-0.0422673919097439,4.486049542750054,-0.0019783203124999,0.0935100414410326,0.0935309660035782,-0.417,0.525,0.942,0.1557262159985475,0.1275373639511508,5.61311427035087,-0.001945703125,0.0989211214189713,0.0989402548179329,-0.625,0.986,1.611,2.069027350409196,0.0927327792704976,9.965610072507332,-0.00293681640625,0.0558303470207599,0.0559075356196505,-0.227,0.217,0.444,0.1290269717933885,-0.0054521581330119,4.060275551050276,2nd_test,559,2004.02.16.07.42.39,0.0764617817216257,0
-0.00203662109375,0.0869024604009532,0.0869263219584191,-0.396,0.396,0.792,0.4667661948985651,-0.0026248680861131,4.555582142137213,-0.00199091796875,0.091677523824261,0.0916991391939218,-0.374,0.388,0.762,0.0632226215807105,0.0959151679884588,4.231228378002995,-0.0028110839843749,0.0987313649554862,0.0987713755049539,-0.64,0.662,1.302,1.3055347216634363,-0.0079147557996588,6.702346672899116,-0.003106982421875,0.0554462685962345,0.0555332516697485,-0.217,0.215,0.432,0.0852190728701116,-0.0023447365751751,3.907568771347532,2nd_test,567,2004.02.16.09.02.39,0.0754653366062911,0
-0.00204111328125,0.0867193168288392,0.0867433343530642,-0.481,0.413,0.8939999999999999,0.4479858328976833,-0.0392370627986541,5.545094658647545,-0.001080859375,0.0911977515487236,0.0912041563994276,-0.347,0.471,0.818,0.1315313854105846,0.1222351559191264,5.164238326289609,-0.0024229003906249,0.098559480043431,0.0985892567815295,-0.977,0.623,1.6,1.805859013511428,-0.0942432712380096,9.909801857570432,-0.00300205078125,0.0562683207637792,0.0563483471848886,-0.291,0.249,0.54,0.1580522363904091,-0.0099705284549642,5.164304092895828,2nd_test,568,2004.02.16.09.12.39,0.0753101782490715,0
-0.001968701171875,0.0885143142934321,0.0885362051318025,-0.435,0.505,0.94,0.4423948373689219,-0.0065256364948938,5.703881245446536,-0.0012366699218749,0.0936028626252688,0.0936110316369851,-0.361,0.432,0.7929999999999999,0.1079503161833423,0.1418955408135659,4.614840713118525,-0.001260693359375,0.0993334571082762,0.0993414568487302,-0.686,0.71,1.396,1.725185078693536,-0.0087364985561638,7.147066516992882,-0.0027578125,0.0562304570000421,0.0562980445861021,-0.251,0.237,0.488,0.1093216391985549,-0.0042319060983861,4.458414174788298,2nd_test,569,2004.02.16.09.22.39,0.0766963406576225,0
-0.001948779296875,0.0881192953798227,0.088140841605832,-0.374,0.461,0.835,0.4220735793980945,-0.0063733990079186,5.230265465995578,-0.00151279296875,0.0927419451544308,0.092754282562013,-0.388,0.378,0.766,0.1012949225376953,0.0885155013081126,4.183095262867357,-0.00125625,0.101417550217837,0.1014253304468366,-0.735,0.659,1.394,1.504549459644732,0.0291911480156675,7.246710429777825,-0.002500830078125,0.0553222916765224,0.0553787875221359,-0.217,0.266,0.483,0.1128537980614616,0.0127121774466335,4.803283204582111,2nd_test,570,2004.02.16.09.32.39,0.0769636693774323,0
-0.001651953125,0.0899718405170698,0.0899870048126742,-0.356,0.369,0.725,0.418621701128957,0.0341720504041207,4.100592088424835,-0.001512646484375,0.093522627067786,0.0935348591330893,-0.347,0.396,0.743,0.0879387870827335,0.1548527821144811,4.233715682752071,-0.002292626953125,0.0996165855935932,0.0996429639446352,-0.74,0.62,1.36,1.3147475532677202,-0.0314592658032899,7.426515337337223,-0.00342421875,0.0556794924392805,0.0557846856434967,-0.229,0.264,0.493,0.0740879266736325,-0.0213799606780771,4.732481629141244,2nd_test,571,2004.02.16.09.42.39,0.0769194338856571,0
-0.00221708984375,0.0883772052684528,0.088405010595766,-0.383,0.447,0.8300000000000001,0.5602555996498153,0.0345327958293999,5.056274491486255,-0.002103076171875,0.092628467959233,0.0926523394516262,-0.349,0.435,0.784,0.066344867920669,0.1238517445765159,4.694970494753869,-0.00251220703125,0.0973407596220662,0.0973731722188855,-0.615,0.759,1.374,1.5694750204566654,0.0202123862764335,7.794754784059473,-0.0031017578125,0.0555651108149605,0.0556516167007415,-0.264,0.251,0.515,0.2150777845716889,-0.0214188808454176,4.743797496753381,2nd_test,572,2004.02.16.09.52.39,0.075814531392922,0
-0.001883837890625,0.0894998757883493,0.089519699571257,-0.415,0.442,0.857,0.497964961574127,0.0129727355400436,4.93746071660164,-0.0016375,0.0922093599082408,0.0922238985346938,-0.359,0.442,0.8009999999999999,0.0900774582914181,0.104245196522849,4.792683968233363,-0.0017312011718749,0.0993924977869588,0.0994075735234902,-0.667,0.73,1.397,1.5877040835069414,-0.0092572492190059,7.343504867062824,-0.0025252929687499,0.0554534577944376,0.0555109276263466,-0.261,0.222,0.483,0.0708099740051482,-0.0015512100542547,4.701776950155342,2nd_test,574,2004.02.16.10.12.39,0.0760419553973349,0
-0.0017783203125,0.0891188192474162,0.0891365602162631,-0.422,0.417,0.839,0.4491554236861343,-0.0040737906914897,4.734308783863874,-0.00087548828125,0.0948854836349817,0.0948895225215882,-0.354,0.435,0.7889999999999999,0.1151742369513977,0.1275811315014517,4.584278521334632,-0.000983056640625,0.1019671666864545,0.101971905358397,-0.576,0.815,1.391,1.2173114891054464,0.0600309657096307,7.992397485636424,-0.0027693847656249,0.0556351332958594,0.0557040173490936,-0.254,0.21,0.4639999999999999,0.0877021626643332,-0.013260019884805,4.559814750947636,2nd_test,575,2004.02.16.10.22.39,0.0783103601946817,0
-0.002096923828125,0.0881704007070948,0.0881953323616994,-0.474,0.415,0.889,0.5134914074370189,0.0240269167967461,5.374434080600727,-0.000862939453125,0.0931564702150211,0.0931604669772638,-0.427,0.378,0.8049999999999999,0.0973333850199327,0.0606490295357983,4.583489261594483,-0.0010621093749999,0.0988977200599211,0.0989034231428568,-0.72,0.92,1.64,1.466492187332432,0.08039402264341,9.302003618841814,-0.003030126953125,0.0556531558006356,0.0557355848621136,-0.352,0.215,0.567,0.126554318022269,-0.038700870612532,6.315534337075861,2nd_test,576,2004.02.16.10.32.39,0.0760993473361863,0
-0.0019158203124999,0.0884358902443541,0.0884566393821359,-0.425,0.403,0.8280000000000001,0.4848934953524821,-0.0755773088492326,4.80461390986356,-0.0016351074218749,0.0928713281990373,0.0928857210648352,-0.4,0.515,0.915,0.1485994122137848,0.1179512347668744,5.544447457483589,-0.0022884765625,0.0978368354512585,0.0978635963782945,-0.715,0.728,1.443,1.3646989962390217,0.0066367561198575,7.438925473149953,-0.0026900390625,0.0560514971295791,0.0561160105551437,-0.217,0.205,0.422,0.0298814541500522,-0.0375360004495892,3.866989079398168,2nd_test,577,2004.02.16.10.42.39,0.0760949897643423,0
-0.001820947265625,0.0901323507138055,0.090150743170207,-0.42,0.483,0.903,0.6217770021628457,0.0045143365066542,5.357692937513842,-0.00118349609375,0.092737323937337,0.0927448754059355,-0.378,0.479,0.857,0.1414869512418941,0.1259521308382314,5.164705843835552,-0.00203203125,0.097828930575739,0.0978500322360383,-0.64,0.879,1.519,1.753627274239574,0.0960752488199893,8.983134495762375,-0.003157177734375,0.0551145464883177,0.0552049001978934,-0.222,0.208,0.43,0.0357972077120001,-0.0468268637843176,4.021382145428639,2nd_test,578,2004.02.16.10.52.39,0.0760839732580474,0
-0.0022775878906249,0.0906818202565492,0.0907104179884572,-0.452,0.439,0.891,0.4888141347703794,-0.0222852386554766,4.982889617513761,-0.001360400390625,0.0950564318629284,0.0950661660515158,-0.64,0.525,1.165,0.3385818455777811,0.1246989274470399,6.732153263091051,-0.00102255859375,0.0979430572315355,0.097948395014607,-0.574,0.662,1.236,1.1704135021263171,0.0252688771736609,6.758661026497853,-0.00280712890625,0.05740609526346,0.0574746878729563,-0.298,0.247,0.5449999999999999,0.1214404560634414,-0.023229468064068,5.184891141184148,2nd_test,579,2004.02.16.11.02.39,0.0773688718455931,0
-0.00244462890625,0.0898811756856558,0.0899144146014697,-0.454,0.432,0.886,0.4496169147110769,-0.0389746566821824,5.049246019197565,-0.0010071289062499,0.0926260297890997,0.0926315049166588,-0.454,0.42,0.874,0.2020839793711761,0.1366783128774178,4.901140280551043,-0.002303076171875,0.0988090008191607,0.0988358376437129,-0.742,0.735,1.477,1.3356225085933815,0.0161785727412014,7.507398304927427,-0.00315693359375,0.055453388548714,0.0555431771800101,-0.249,0.208,0.4569999999999999,0.1708258520956618,-0.0387906580088882,4.48299886030163,2nd_test,580,2004.02.16.11.12.39,0.0759048979821685,0
-0.002159130859375,0.092069421835565,0.0920947353718068,-0.464,0.43,0.894,0.6274695337680583,-0.0099701932899015,5.038290170677955,-0.00163291015625,0.0934378752653821,0.0934521424563797,-0.41,0.403,0.813,0.1442178038383814,0.1144813622287285,4.387272343028267,-0.001963427734375,0.1010573663293404,0.1010764380945956,-0.71,0.737,1.447,1.4055184625216857,-0.0481570378210562,7.291511393614437,-0.002929345703125,0.0568285991883022,0.0569040486428964,-0.242,0.22,0.4619999999999999,0.0734755223625529,0.0057804651042614,4.252772970767468,2nd_test,583,2004.02.16.11.42.39,0.0782142367102337,0
-0.001678955078125,0.0891925700779569,0.0892083709483904,-0.405,0.383,0.788,0.587115769874706,0.0024768064190975,4.539932695663327,-0.001939697265625,0.0921100322087778,0.0921304534830062,-0.366,0.459,0.825,0.1351450594361165,0.1107712636054223,4.982066001440902,-0.0009999023437499,0.0990109728964255,0.0990160217267576,-0.83,0.632,1.462,1.3017141187484451,-0.0411991304734268,8.382481799582559,-0.00286787109375,0.0556623051078634,0.0557361363437693,-0.251,0.234,0.485,0.1031921636389343,-0.0099935580268448,4.503362027955771,2nd_test,584,2004.02.16.11.52.39,0.076106277621889,0
-0.00205166015625,0.0897054025423817,0.0897288613250357,-0.403,0.505,0.908,0.51467069938347,0.0176094339476761,5.628066516580979,-0.0016618652343749,0.0925751203143069,0.092590035626225,-0.408,0.422,0.83,0.1238577560446718,0.1119076248236966,4.557725862629603,-0.001739697265625,0.0973786427547237,0.0973941816092117,-0.618,0.64,1.258,1.3548264747662593,0.0368977790788273,6.571234435352512,-0.00297626953125,0.0556561063248216,0.0557356291034962,-0.244,0.254,0.498,0.0933406607945581,0.0072200991194058,4.557228546282067,2nd_test,585,2004.02.16.12.02.39,0.075892143572164,0
-0.001878271484375,0.0910745272199661,0.0910938933853931,-0.403,0.393,0.796,0.4595174609832519,-0.0287104278635637,4.424006758505689,-0.0018146484375,0.0935423305136411,0.093559930241931,-0.354,0.435,0.7889999999999999,0.14323677511589,0.1325383788526254,4.649426296818628,-0.0019358398437499,0.0990835120887897,0.0991024209782485,-0.735,0.789,1.524,1.992174396109509,0.0724735584367509,7.961460398280399,-0.0028665527343749,0.0567393928897655,0.0568117578506256,-0.237,0.208,0.4449999999999999,0.0822597304579217,-0.0372331967661544,4.171671656754031,2nd_test,586,2004.02.16.12.12.39,0.0766701816091396,0
-0.0017212890624999,0.0897993436774502,0.0898158391428677,-0.522,0.544,1.066,0.5313526949232945,-0.0042655796705438,6.056838138856735,-0.0009051757812499,0.0930003107803545,0.0930047157322546,-0.552,0.405,0.957,0.2161736782297105,0.1341457751443804,5.9351829167800725,-0.001619677734375,0.0985792671290908,0.0985925720512041,-0.796,0.757,1.553,1.6505647319274894,0.006256111746971,8.073630532516418,-0.002721630859375,0.0556359768038489,0.055702506132607,-0.232,0.232,0.464,0.0778364696708537,-0.00160526241028,4.164983159707912,2nd_test,588,2004.02.16.12.32.39,0.0762345016216374,0
-0.002134375,0.0908437839159723,0.090868854030479,-0.454,0.415,0.869,0.543120842220695,-0.0308883782327135,4.996211351391361,-0.001200830078125,0.0926383459161302,0.092646128504936,-0.476,0.515,0.991,0.2001507742248058,0.1205552808134873,5.558785977408681,-0.00104453125,0.0972632741652406,0.0972688827265688,-0.632,0.83,1.462,1.9500528276692373,0.0830167685458867,8.533047535095761,-0.00229189453125,0.0565842158997443,0.056630612477098,-0.237,0.242,0.479,0.1080551300316443,-0.0554346718858906,4.2733071286063495,2nd_test,590,2004.02.16.12.52.39,0.0762235505122189,0
-0.0019475097656249,0.0896032712538145,0.0896244331288732,-0.493,0.383,0.876,0.5000568354441408,-0.0324185736536843,5.500732141709638,-0.0010821289062499,0.0924746084921707,0.0924809397592282,-0.364,0.4,0.764,0.141259599384929,0.1285339704032319,4.3252155637374,-0.002367626953125,0.0972798960757126,0.0973087038136395,-0.667,0.53,1.197,0.9664338477277736,0.050704323699364,6.854474202744994,-0.002889404296875,0.0551649720886685,0.055240590173661,-0.244,0.217,0.4609999999999999,0.064794277602461,0.0014265851113746,4.417041874978434,2nd_test,591,2004.02.16.13.02.39,0.0756972333881327,0
-0.0015564941406249,0.0913929233437596,0.0914061765491157,-0.444,0.5,0.944,0.5828125625920308,0.0050425258413498,5.4700898655996415,-0.001461572265625,0.0934136977828491,0.0934251311315811,-0.427,0.476,0.903,0.1708911641344705,0.1227018464423723,5.094988834690536,-0.002320849609375,0.0980874656260933,0.0981149186202555,-0.718,0.696,1.414,1.3662923675943484,-0.0155983244039831,7.317949299551808,-0.0027107910156249,0.05695487952338,0.0570193536393839,-0.259,0.237,0.496,0.1239285995142145,0.0016427345076109,4.542317361811752,2nd_test,593,2004.02.16.13.22.39,0.076788411738873,0
-0.00220263671875,0.0919321514041617,0.0919585345159028,-0.425,0.383,0.808,0.4359665616194084,-0.0550274765757906,4.621648248666695,-0.0012684082031249,0.0943331771879046,0.0943417043397795,-0.403,0.496,0.899,0.2722653364112175,0.1331031315562905,5.257483988293842,-0.001663232421875,0.0991241449349385,0.099138097879533,-0.632,0.762,1.394,1.3767443118034892,0.0503206731831876,7.686247933849333,-0.003127392578125,0.0568157360502168,0.0569017437981089,-0.273,0.256,0.529,0.1806758537376667,-0.0283990280866715,4.79774400172733,2nd_test,594,2004.02.16.13.32.39,0.0773680797374034,0
-0.0018162597656249,0.0903804890021106,0.090398736671465,-0.381,0.386,0.767,0.4791268254750722,-0.0089942141562706,4.269971176683197,-0.001344189453125,0.0920851382999978,0.0920949485097615,-0.361,0.417,0.778,0.1009345170288913,0.0891198200453152,4.527935644062741,-0.001825439453125,0.0987568413734896,0.098773710810446,-0.542,0.613,1.155,1.2572929483755075,-0.0217588979548038,6.2061047920958,-0.002694921875,0.0566041489755291,0.0566682652386346,-0.273,0.222,0.495,0.159503724875663,-0.0417136562633192,4.817511156298104,2nd_test,595,2004.02.16.13.42.39,0.0766216718980817,0
-0.0019430664062499,0.0915979452551865,0.0916185520625121,-0.454,0.449,0.903,0.4773219216195352,-0.0359566767705576,4.955328258028749,-0.001127978515625,0.0938466630750804,0.0938534416303386,-0.352,0.461,0.813,0.174484836859913,0.1418762061165606,4.911913638828856,-0.001528564453125,0.0982766879132432,0.0982885745978868,-0.901,0.713,1.614,1.6724239958040474,-0.0378011899967968,9.166884387905284,-0.00291650390625,0.055111482018517,0.0551885988707133,-0.261,0.247,0.508,0.0624640421381283,0.0189979067511023,4.729237656616327,2nd_test,596,2004.02.16.13.52.39,0.0766109442675612,0
-0.001699560546875,0.091427261045636,0.0914430564250745,-0.449,0.4,0.849,0.5755229887249769,0.0180242989336387,4.910159585085452,-0.001574462890625,0.0944255122593156,0.0944386377433946,-0.43,0.452,0.882,0.2130266577810142,0.1168908208084618,4.78617662003313,-0.00217978515625,0.1014594251064069,0.1014828379887456,-0.676,0.703,1.379,1.3358812103263995,0.0518376069808608,6.927279665464564,-0.002478955078125,0.0559234649508707,0.0559783810983367,-0.251,0.273,0.524,0.1287421197720286,0.0015753902206887,4.876882729344144,2nd_test,597,2004.02.16.14.02.39,0.0775787009131393,0
-0.0022939453125,0.0903547361362259,0.0903838510318284,-0.393,0.476,0.869,0.385410349683454,0.0111948147832529,5.266427515100142,-0.00176796875,0.0946177665527808,0.0946342826936279,-0.422,0.461,0.883,0.150290285757221,0.0950961228995516,4.871384733665543,-0.0020990234375,0.1001586766429091,0.1001806688251281,-0.754,0.735,1.489,1.748396879866723,0.0381459306862968,7.5264021376083,-0.0026289062499999,0.0560397414471191,0.056101370478191,-0.227,0.225,0.452,0.1015314109668747,-0.0413597016198367,4.046246964398098,2nd_test,598,2004.02.16.14.12.39,0.0773604394516059,0
-0.001754150390625,0.0909947755484357,0.0910116817815335,-0.391,0.388,0.779,0.5069703567366908,0.0152276454822402,4.296151794384691,-0.001680322265625,0.0936067259551191,0.0936218063645063,-0.413,0.459,0.872,0.1694515872648021,0.1155687835185289,4.902703951342601,-0.00219609375,0.0999992305848085,0.1000233420023171,-0.674,0.955,1.629,1.8029287574110109,0.0487035382731172,9.547771358892694,-0.003115966796875,0.0561116499899321,0.0561981006233473,-0.217,0.217,0.434,0.060544700799836,-0.0076431436393629,3.861340465054553,2nd_test,599,2004.02.16.14.22.39,0.0771503740312734,0
-0.001758154296875,0.093148473640287,0.0931650645255337,-0.447,0.547,0.994,0.5609820953544635,-0.00237552984301,5.871299534647048,-0.00163271484375,0.0928000142277817,0.0928143760332282,-0.386,0.396,0.782,0.0348665715654004,0.1332610245013213,4.266580425579355,-0.00161982421875,0.0973931846665892,0.0974066540334899,-0.898,0.979,1.877,2.485914505600973,-0.0166383273168412,10.050648076396854,-0.002947265625,0.0556542448784631,0.0557322289851774,-0.239,0.269,0.508,0.0510564154334591,-0.0029056137965965,4.826650663240417,2nd_test,601,2004.02.16.14.42.39,0.0761879056084022,0
-0.0018046386718749,0.0919425971987663,0.0919603061129671,-0.374,0.447,0.821,0.3948689754085976,-0.0060814349831588,4.860792866935753,-0.001576318359375,0.0931390789258959,0.0931524170525616,-0.452,0.452,0.904,0.2230047943180437,0.1385222062035079,4.852262714129091,-0.0015492187499999,0.0980546494396538,0.0980668871509071,-0.652,0.989,1.641,1.3899012679431166,0.1028929431388589,10.084953532460183,-0.00294033203125,0.0551194535039785,0.0551978233903407,-0.227,0.229,0.456,0.0992280437377233,-0.0086350169934994,4.148714313903993,2nd_test,602,2004.02.16.14.52.39,0.0762824290865753,0
-0.0020703124999999,0.0921813161988498,0.0922045619804139,-0.488,0.503,0.991,0.7432975552995371,0.0426821156731092,5.455261531434764,-0.001460986328125,0.0939432785845515,0.0939546383754715,-0.332,0.42,0.752,0.1201072169927761,0.14492251622988,4.470242313286131,-0.00018291015625,0.0986552034160501,0.0986553729767796,-0.586,0.798,1.384,1.1541623693432594,0.0393331066759772,8.08876370250747,-0.002683642578125,0.0560996546858556,0.0561638067919133,-0.232,0.222,0.454,0.0801783108285651,-0.0019657340110265,4.13077412746305,2nd_test,603,2004.02.16.15.02.39,0.0771838971702211,0
-0.0023229003906249,0.093382117695304,0.0934110045523779,-0.5,0.417,0.917,0.4625226492048617,-0.0029152523179089,5.3526883945915005,-0.0018276855468749,0.0938637255271631,0.093881517905799,-0.325,0.447,0.772,0.1073778588513749,0.1304875247230139,4.761320544942183,-0.001511279296875,0.1013609609466458,0.1013722268135638,-0.63,0.911,1.541,1.6101570165196684,0.0790590153439728,8.98668233525595,-0.00276943359375,0.0555931743863494,0.0556621127948019,-0.266,0.217,0.483,0.119667621626041,-0.0231327597533074,4.778834051374026,2nd_test,605,2004.02.16.15.22.39,0.0779361185514113,0
-0.00200390625,0.0935911314553091,0.0936125820995433,-0.503,0.422,0.925,0.5944372850986572,-0.062882687240454,5.373209334828083,-0.0017837890625,0.094663375283253,0.094680180203871,-0.342,0.4,0.742,0.0448629318662674,0.1087758616437058,4.224749035484207,-0.00129345703125,0.0991447328057676,0.0991531697638494,-0.688,0.779,1.467,1.2951554585112914,0.0268327956233915,7.856531484040981,-0.0031341308593749,0.0561857465237242,0.0562730920482594,-0.247,0.254,0.501,0.0609030562758792,0.0080144346519475,4.51370256636436,2nd_test,607,2004.02.16.15.42.39,0.0777558002667556,0
-0.00230234375,0.0945084362676519,0.0945364760952088,-0.449,0.371,0.8200000000000001,0.4948223120819719,-0.03499771217809,4.749489493801915,-0.0006587890625,0.0949339757250855,0.0949362615126591,-0.52,0.396,0.916,0.1984579183523931,0.105494312572242,5.477359142957026,-0.0011783203125,0.1017794885800481,0.1017863091696275,-0.74,0.789,1.529,1.443353543753731,0.0578997650912075,7.75153364365904,-0.00325927734375,0.0565008941254717,0.056594822429099,-0.225,0.251,0.476,0.0867708062644809,0.0139918536180941,4.435034676714698,2nd_test,608,2004.02.16.15.52.39,0.0786216324699562,0
-0.0018067382812499,0.0948645928163957,0.0948817963227799,-0.413,0.425,0.838,0.4545847496597348,-0.0534513286351401,4.479257523220852,-0.001323193359375,0.0935560649776342,0.0935654216832566,-0.486,0.471,0.957,0.1626523244195157,0.1160517989545845,5.194226576993825,-0.00076884765625,0.1002191601675434,0.100222109294338,-0.886,0.842,1.728,1.946202714217444,-0.0273383357574641,8.840364728196885,-0.003138818359375,0.0554980593073755,0.0555867499281809,-0.271,0.249,0.52,0.0827625498689377,0.0043324060215267,4.8752625462949615,2nd_test,609,2004.02.16.16.02.39,0.0774894753710277,0
-0.002327099609375,0.0958829216087837,0.0959111570612518,-0.405,0.498,0.903,0.5121334435393043,0.0112676290886329,5.1923052046673694,-0.002183642578125,0.0942018321047307,0.0942271376345311,-0.432,0.496,0.928,0.1360350823132354,0.1287213300063563,5.263876335907803,-0.001973828125,0.0981757148928412,0.0981955548494304,-0.652,0.632,1.284,1.1746826654010318,0.0287929417244335,6.639811761266727,-0.003283154296875,0.0573514006256367,0.0574452979438646,-0.264,0.244,0.508,0.1393586598126814,-0.0242976263120077,4.595676399021978,2nd_test,610,2004.02.16.16.12.39,0.0780277113987575,0
-0.001824365234375,0.0945186415253016,0.094536246510515,-0.466,0.479,0.945,0.4503024924997278,-0.0217043748930952,5.06683962686899,-0.00135546875,0.0936814432111505,0.0936912487784011,-0.376,0.466,0.8420000000000001,0.1497165091995898,0.11211941441762,4.9737836358357335,-0.001749951171875,0.0980765093412685,0.0980921200386242,-0.779,0.647,1.4260000000000002,1.6083886465209387,-0.0187338549267026,7.941514564934708,-0.00266806640625,0.0560432570076618,0.0561067307403933,-0.239,0.234,0.473,0.1952017469209721,-0.0141004167141783,4.259738481316916,2nd_test,611,2004.02.16.16.22.39,0.0768520185307316,0
-0.002173193359375,0.0948191403108815,0.0948440411342319,-0.42,0.452,0.872,0.5362435114092148,-0.0315201840246427,4.76571848468079,-0.00166044921875,0.0937590268476758,0.0937737287678764,-0.398,0.422,0.8200000000000001,0.146331166971541,0.123666399845386,4.500194303247779,-0.00232275390625,0.0985702875700114,0.0985976509727475,-0.605,0.791,1.396,1.4562806705242748,0.0773629517769138,8.02250349970924,-0.003099658203125,0.0570018484133578,0.0570860631285397,-0.244,0.254,0.498,0.1217424020131892,-0.0315395526845991,4.449422259573637,2nd_test,612,2004.02.16.16.32.39,0.0774989433938817,0
-0.00173466796875,0.0955829534259741,0.0955986927661343,-0.452,0.437,0.889,0.4700351608607565,-0.0296251220493369,4.728098124741219,-0.0013485839843749,0.0920847193090225,0.0920945938097583,-0.386,0.405,0.791,0.0779550055914684,0.1086284221684864,4.397652275140266,-0.0012739746093749,0.1006205525338153,0.1006286172195346,-0.557,0.964,1.521,1.602093994721396,0.0829088282032939,9.57977985414752,-0.002749755859375,0.0563236161071508,0.0563906986006723,-0.276,0.347,0.623,0.1921006168601651,-0.0205411643781714,6.153497094460699,2nd_test,613,2004.02.16.16.42.39,0.077284270474121,0
-0.00158505859375,0.0949751817468549,0.0949884074958294,-0.466,0.508,0.974,0.7511586473517373,0.0213828006793391,5.348021020533017,-0.0013333496093749,0.0940985923338378,0.0941080384472582,-0.415,0.413,0.828,0.1539931628482276,0.1289942668462693,4.409825205613783,-0.00095390625,0.0984330114273024,0.0984376334324492,-0.698,0.935,1.633,1.857723136871014,0.0411293622488565,9.498399823194914,-0.0028130859375,0.0568338649720788,0.0569034415493144,-0.327,0.249,0.5760000000000001,0.1578094028720649,-0.0430820119496563,5.74657685178609,2nd_test,616,2004.02.16.17.12.39,0.0774041227107978,0
-0.002324755859375,0.0954924497610474,0.0955207435647978,-0.464,0.503,0.967,0.6564783060272297,-0.038974765964673,5.265871906174147,-0.0015213378906249,0.0943995158232454,0.0944117739301652,-0.415,0.481,0.8959999999999999,0.2627089344475584,0.1411527844108322,5.094703552024059,-0.0012237304687499,0.0993719238092548,0.0993794584298611,-0.623,0.713,1.336,1.2535287566931324,0.0184874815073337,7.174520884474713,-0.0031461425781249,0.0572957298917749,0.0573820431577085,-0.229,0.229,0.458,0.0671462640157498,0.0036012934891511,3.990795506647031,2nd_test,617,2004.02.16.17.22.39,0.0778684513479152,0
-0.001941650390625,0.0949030228892958,0.0949228832250981,-0.437,0.461,0.898,0.5195036890723932,-0.0419114601098825,4.856573929617555,-0.000660498046875,0.0949706935786743,0.0949729903524385,-0.369,0.422,0.7909999999999999,0.1481157096562833,0.1369910035802049,4.443368566468661,-0.0008984863281249,0.1008845250772017,0.1008885259964401,-0.637,0.703,1.34,1.3640862804838765,0.074509416777867,6.968086737810376,-0.003306591796875,0.0572864333400977,0.057381782772415,-0.315,0.227,0.542,0.1797755983535371,-0.016432217229874,5.489547113651887,2nd_test,618,2004.02.16.17.32.39,0.0786413889290538,0
-0.00176201171875,0.0942655786520681,0.0942820449709606,-0.479,0.466,0.945,0.4795562273540734,0.0247942501098299,5.080500747968013,-0.001628662109375,0.0944770730536269,0.0944911100212441,-0.41,0.461,0.871,0.1681458537621418,0.1473348153537636,4.878765842537735,-0.001995166015625,0.0996018123407123,0.0996217933435469,-0.767,0.75,1.517,1.6526749274388504,-0.0229078079424517,7.699118578876533,-0.002622412109375,0.0568970901095278,0.0569574921165172,-0.283,0.286,0.569,0.2013117913087181,0.0051130623833031,5.021288497216696,2nd_test,619,2004.02.16.17.42.39,0.0777934716720998,0
-0.002434814453125,0.0932846908330259,0.0933164608482039,-0.386,0.493,0.879,0.6900665599350058,-0.0414475349772645,5.283097917704685,-0.001241650390625,0.093003369886079,0.0930116579029713,-0.432,0.4,0.8320000000000001,0.1377456243271613,0.0686316576688068,4.644579074657637,-0.0006927734375,0.096601511873336,0.096603995938315,-0.747,0.825,1.572,2.051874929754125,0.0597455051155893,8.540019405804395,-0.002974462890625,0.0556009611171688,0.0556804661137155,-0.217,0.256,0.473,0.049311474187522,-0.0296643162725058,4.597662660951448,2nd_test,620,2004.02.16.17.52.39,0.0759465929382842,0
-0.001748681640625,0.0984500506543692,0.0984655795764597,-0.552,0.493,1.045,0.6142024183200445,0.0071107286440092,5.606019914459134,-0.00172509765625,0.0934737179753694,0.0934896353296048,-0.576,0.53,1.106,0.2723032297273442,0.0584305422174986,6.161110779426048,-0.001661669921875,0.1005726889238207,0.1005864151080894,-0.649,0.62,1.269,1.2719679643096755,-0.025462516942714,6.4521635381491365,-0.002925537109375,0.057816842507556,0.0578908114032086,-0.232,0.232,0.464,0.0720511600726605,0.000602863022556,4.007544450882123,2nd_test,621,2004.02.16.18.02.39,0.0781861004647527,0
-0.0016535156249999,0.0950386869589978,0.0950530700862023,-0.447,0.42,0.867,0.5214360964550426,-0.0300287124153342,4.702636112541331,-0.0003012207031249,0.0937724464715509,0.0937729302686648,-0.469,0.454,0.923,0.15240151857143,0.0519440665304575,5.001443365918998,-0.0004775390625,0.0988762942560995,0.0988774474254619,-0.603,0.806,1.409,1.1978188291220562,0.1309981926982484,8.15150492835533,-0.002970556640625,0.0566831315699209,0.0567609162305201,-0.234,0.22,0.454,0.1156735003469116,4.093792504960379e-05,4.122555017356406,2nd_test,622,2004.02.16.18.12.39,0.077598541945556,0
-0.001448388671875,0.0955788694507816,0.0955898431593774,-0.427,0.432,0.859,0.5461967132436896,-0.0497348308944739,4.519308597203208,-0.00101591796875,0.0933085284681926,0.0933140588240526,-0.479,0.42,0.899,0.2003147752942071,0.0857542853076603,5.1332029281679885,-0.0014242675781249,0.1002913267517761,0.1003014394700575,-0.576,0.845,1.4209999999999998,1.4231675876047871,0.0743360007548768,8.424604915504013,-0.002979052734375,0.0566340190171966,0.0567123166978247,-0.283,0.259,0.542,0.1224627531250948,-0.0187655776499753,4.990097680242791,2nd_test,623,2004.02.16.18.22.39,0.0778352150494856,0
-0.00179560546875,0.0969280999644548,0.09694473044843,-0.537,0.493,1.03,0.7066014705423598,0.0370769469585209,5.539238672494111,-0.001657373046875,0.0940383790674337,0.0940529830629888,-0.444,0.452,0.896,0.0807717048502163,0.1051809108918022,4.805801849926249,-0.0019878417968749,0.1006233457677999,0.1006429790323976,-0.723,0.632,1.355,1.213508569555672,0.0059766603474801,7.183809610405887,-0.003522265625,0.056483489294091,0.0565932055813129,-0.254,0.222,0.476,0.079130443838983,0.0228776740755394,4.488171281101323,2nd_test,624,2004.02.16.18.32.39,0.0782591856476717,0
-0.0018451171874999,0.0964937702186099,0.0965114094210498,-0.513,0.498,1.011,0.5868126529442286,0.0053474238294409,5.31543371993069,-0.001602490234375,0.0946522925656814,0.0946658569014754,-0.432,0.518,0.95,0.1434705905706712,0.1276031149994334,5.471877791521419,-0.00198369140625,0.0978292603833575,0.0978493700477933,-0.54,0.74,1.28,1.2810392077658843,0.0631709199426452,7.562644497670175,-0.0026546875,0.0562134394856656,0.0562760885681587,-0.261,0.254,0.515,0.1042261343673209,0.0062272212273405,4.637848980553296,2nd_test,625,2004.02.16.18.42.39,0.0779551806408015,0
-0.00206416015625,0.0961030751810554,0.0961252402670924,-0.405,0.427,0.8320000000000001,0.5574171385605213,-0.0289775051739927,4.442121536540254,-0.002187060546875,0.0928573845516536,0.0928831367881671,-0.344,0.51,0.854,0.0757709747420709,0.1270775510828079,5.490770635337549,-0.001713134765625,0.0967665934945548,0.0967817567895191,-0.498,0.657,1.155,0.919337192120683,0.0491481471127197,6.78846945733848,-0.003230859375,0.0566911126264423,0.056783102267532,-0.327,0.266,0.593,0.1590994539989654,-0.0205106989826073,5.758755456043767,2nd_test,626,2004.02.16.18.52.39,0.0768584076930541,0
-0.002319677734375,0.0961254013091715,0.0961533862203543,-0.42,0.54,0.96,0.5643935427422329,0.0061078617968281,5.616026863129584,-0.001640966796875,0.0929882203952115,0.0930026983710519,-0.352,0.437,0.7889999999999999,0.1431696852931989,0.1103508944744031,4.698788396996896,-0.001483251953125,0.0983865449108917,0.0983977248510318,-0.801,0.696,1.497,1.4441579265993507,0.0086265386297612,8.140432120808937,-0.003028515625,0.0561460729800213,0.0562276926253314,-0.298,0.215,0.513,0.1028041937973895,-0.0357446258170282,5.2998795803412815,2nd_test,627,2004.02.16.19.02.39,0.0770957080208465,0
-0.0022940917968749,0.0956526491086336,0.0956801554068129,-0.447,0.435,0.882,0.5436207732186147,-0.0209130740332341,4.671815154300004,-0.000826904296875,0.094994301683473,0.0949979006244184,-0.388,0.413,0.8009999999999999,0.0631635936691505,0.1030426756536036,4.34746449427846,-0.00174560546875,0.0994170303718317,0.0994323542233927,-0.491,0.796,1.287,1.1577485379099466,0.070873735261067,8.005442556490584,-0.003209326171875,0.0573420791729938,0.0574318188668909,-0.242,0.232,0.474,0.1035227762141213,-0.0020811641510291,4.213692074713266,2nd_test,628,2004.02.16.19.12.39,0.0784480644160048,0
-0.0016488281249999,0.0958712562349331,0.0958854337542986,-0.422,0.461,0.883,0.5675984206307501,-0.0275140762235083,4.80782097911222,-0.001918408203125,0.0920010313981618,0.0920210305764903,-0.393,0.435,0.8280000000000001,0.1182629501203451,0.1018955955640991,4.727180268141955,-0.001287109375,0.1006247199619732,0.1006329514521399,-0.784,1.057,1.841,2.062629244750592,0.0638141383905674,10.503517831256252,-0.002764306640625,0.0567507405083821,0.0568180247760613,-0.237,0.242,0.479,0.1223593392570889,-0.0047651740351289,4.259211772136444,2nd_test,629,2004.02.16.19.22.39,0.0777553444483407,0
-0.0021183105468749,0.0935672433076481,0.0935912189244569,-0.383,0.432,0.815,0.5771797568819839,0.0456147651053534,4.615817647850887,-0.001649267578125,0.093860590940448,0.0938750798414274,-0.449,0.386,0.835,0.0664180251355772,0.0802655604095457,4.782951990599231,-0.0021556640625,0.0992345577326122,0.0992579686268941,-0.691,0.72,1.411,1.766519061067747,0.0016270362299412,7.253825662090577,-0.0035399414062499,0.0562476237900572,0.0563589067245586,-0.217,0.242,0.4589999999999999,0.0840654336525501,0.004601952509129,4.293908701572693,2nd_test,630,2004.02.16.19.32.39,0.0771758160724005,0
-0.0019236328125,0.0977824730672446,0.0978013926401038,-0.542,0.535,1.077,0.6771886124561832,-0.0284319363171045,5.541843376289605,-0.0006886718749999,0.0938392067695711,0.0938417337653868,-0.437,0.547,0.984,0.293605936474997,0.0978997385983182,5.828963064149287,-0.001412939453125,0.0983146934282901,0.0983248460044401,-0.635,0.818,1.4529999999999998,1.3466827764639682,0.0808463092479588,8.319362126992205,-0.0035005859375,0.0566832008055554,0.0567911908262958,-0.225,0.242,0.4669999999999999,-0.0120665166492881,0.0155725925216909,4.261224258106,2nd_test,631,2004.02.16.19.42.39,0.0776658300145059,0
-0.002181201171875,0.097082310579546,0.0971068106057223,-0.439,0.491,0.93,0.6499851458312187,0.0594813577092502,5.05628798775531,-0.001245947265625,0.0928670878410815,0.0928754455637865,-0.408,0.43,0.838,0.2119619917026449,0.0944080385876922,4.629856657861712,-0.0017109863281249,0.1027006297544316,0.1027148812303839,-0.747,0.767,1.514,1.3740827707931489,-0.0037911316908586,7.467272422505101,-0.002791357421875,0.0570087547545569,0.0570770513860156,-0.256,0.264,0.52,0.0846422992621889,-0.0136555266291474,4.625326529394907,2nd_test,632,2004.02.16.19.52.39,0.0787811924875559,0
-0.0020691894531249,0.0940687640559962,0.0940915188314846,-0.417,0.454,0.871,0.5973913543767053,0.0060157326689202,4.825089504701021,-0.00167724609375,0.0920224381914392,0.0920377220771801,-0.381,0.43,0.8109999999999999,0.1000494804919762,0.1038335143977087,4.67199741900112,-0.0016130859375,0.0991687349562388,0.0991818533758192,-0.723,0.789,1.512,1.6305395275342305,0.0278630873013979,7.95508425318865,-0.0026847656249999,0.0563560973570745,0.056420011306107,-0.283,0.271,0.554,0.2352882743744508,-0.0239254796761343,5.015950784900876,2nd_test,633,2004.02.16.20.02.39,0.0768881241605707,0
-0.00210263671875,0.0963140650874664,0.0963370137322293,-0.439,0.557,0.996,0.5472246871079167,0.0276087482568102,5.781786028186536,-0.001539404296875,0.0937559477802682,0.0937685848766292,-0.364,0.41,0.774,0.1179868217021629,0.1070165719730406,4.372466541273519,-0.002477734375,0.0983070400002814,0.098338259498783,-0.623,0.627,1.25,0.9653432288637503,-0.0446105732854182,6.375951772884317,-0.0029713378906249,0.0569806205814122,0.0570580403685854,-0.254,0.247,0.501,0.0995919254838315,0.0310842136791462,4.451607492208823,2nd_test,634,2004.02.16.20.12.39,0.0775595649209043,0
-0.001822119140625,0.0958748138494437,0.0958921271472696,-0.51,0.449,0.959,0.6811948931940965,-0.0071845460004638,5.318476241656747,-0.00150830078125,0.0924031161195174,0.0924154253349718,-0.425,0.447,0.872,0.2394520618148106,0.0893680628353833,4.836854868924242,-0.0021958984375,0.0995804377221107,0.0996046462112837,-0.767,0.664,1.431,1.5750494584585732,-0.0205557745636557,7.700443997013161,-0.00305419921875,0.0572768776627046,0.0573582500400443,-0.283,0.437,0.72,0.3127039771623914,0.0294015278617852,7.618781948321155,2nd_test,635,2004.02.16.20.22.39,0.0773433506970754,0
-0.002164306640625,0.0973951835699523,0.097419228111597,-0.488,0.552,1.04,0.5790203454839511,-0.0488742378285583,5.666232536373611,-0.0018983886718749,0.0929694247735034,0.0929888048222237,-0.447,0.398,0.845,0.1073263977108043,0.0995782999824294,4.807030274770912,-0.0019626464843749,0.0976264715659538,0.0976461977326338,-0.723,0.71,1.4329999999999998,1.8205509096108203,-0.0071323573965105,7.404282161321326,-0.0029095703125,0.056157504039724,0.0562328272397449,-0.264,0.21,0.474,0.1276031782557316,-0.0333653434107596,4.694766615054917,2nd_test,636,2004.02.16.20.32.39,0.0767593999341874,0
-0.001724658203125,0.097644226846774,0.0976594566973515,-0.442,0.454,0.896,0.6133940913684968,-0.026868208717565,4.648807349013888,-0.001742333984375,0.0923040500788495,0.0923204927882855,-0.396,0.403,0.799,0.1068783121770353,0.0495652412110654,4.365227998942952,-0.0008751953125,0.099829301820232,0.0998331381293305,-0.627,0.815,1.442,2.0145272324144408,0.062236446753224,8.163621972255648,-0.003511328125,0.0567711446066999,0.0568796297909563,-0.247,0.278,0.525,0.1839519764851913,0.0018710055053621,4.887514229906493,2nd_test,637,2004.02.16.20.42.39,0.077327537376056,0
-0.0020203125,0.0974899252482139,0.0975108567673364,-0.479,0.415,0.8939999999999999,0.5207344685544979,-0.0222609945972763,4.912273523942004,-0.001223974609375,0.0933730964363329,0.0933811182839075,-0.415,0.422,0.837,0.114985876422534,0.0768995489440396,4.519114867659544,-0.002089794921875,0.1000187799424132,0.1000406096741936,-0.654,0.552,1.206,1.0214688125169946,-0.0085145654078888,6.53734520534582,-0.002824609375,0.0566285689742038,0.056698970380312,-0.232,0.256,0.488,0.1491227624635449,0.0412062110999616,4.515073171141351,2nd_test,639,2004.02.16.21.02.39,0.0783524834480877,0
-0.0015130859375,0.0984363939652567,0.0984480222550839,-0.41,0.457,0.867,0.5386898269168503,-0.0151033736477765,4.642043481698873,-0.0015115234375,0.0938035621159873,0.0938157394510643,-0.408,0.378,0.786,0.1838073018899662,0.133752700981804,4.34895042540777,-0.000394677734375,0.0978272185461202,0.0978280146940761,-0.889,0.735,1.624,1.9263947632068792,0.0039278545534894,9.087376481787532,-0.0032312499999999,0.0562727943398273,0.0563654890813075,-0.239,0.229,0.4679999999999999,0.1323062341500818,-0.0049459805955995,4.240183202366982,2nd_test,640,2004.02.16.21.12.39,0.077909632335418,0
-0.00176455078125,0.0994038339320176,0.099419494264675,-0.432,0.439,0.871,0.6725187096744207,-0.0212307257201146,4.41563300278793,-0.001379833984375,0.0929616184952353,0.0929718584039177,-0.378,0.408,0.786,0.2582934449040737,0.0738689118326809,4.388424701838798,-0.000638671875,0.0980545517840953,0.0980566317356646,-0.676,0.789,1.465,1.265132194654421,0.0281490097719218,8.046370612840283,-0.003278955078125,0.0568993119953902,0.056993712389641,-0.239,0.308,0.5469999999999999,0.161853083612383,-0.0109591597173221,5.404104892991261,2nd_test,641,2004.02.16.21.22.39,0.0777117456166458,0
-0.0016810546874999,0.0983651064774757,0.0983794699985088,-0.422,0.493,0.915,0.5520838440108813,0.0330496423725162,5.011208131152376,-0.0014736328125,0.0942273834564701,0.0942389059079038,-0.354,0.469,0.823,0.1496912322863073,0.1422602974050205,4.976713125822572,-0.002224951171875,0.0977695264649133,0.0977948399093256,-0.803,0.896,1.699,2.002529282017104,0.0473518970889795,9.162037596478507,-0.00282939453125,0.0570694127044451,0.0571395076968969,-0.308,0.264,0.5720000000000001,0.1806314929668997,0.0375661861288814,5.390315954915654,2nd_test,642,2004.02.16.21.32.39,0.0777243263258723,0
-0.0018572265625,0.0980337241007299,0.0980513148895133,-0.413,0.396,0.8089999999999999,0.6552368688722146,-0.0316339919695697,4.2120801792527365,-0.00099228515625,0.0931730315470559,0.0931783152750681,-0.374,0.461,0.835,0.1934762580094138,0.1352206474653273,4.947503060493763,-0.0012503417968749,0.0978737910749111,0.0978817773335996,-0.757,0.791,1.548,1.70917260705676,0.0194654124936532,8.081177329831693,-0.002774658203125,0.0565398750708533,0.0566079164178639,-0.259,0.261,0.52,0.1934832261475603,-0.0097431265901629,4.6106625453012535,2nd_test,643,2004.02.16.21.42.39,0.0776334165415173,0
-0.0015690429687499,0.097914939960373,0.0979275107581176,-0.4,0.476,0.876,0.6111333437801081,4.218274879528586e-06,4.860738277835591,-0.00093642578125,0.0940681427985516,0.094072803630021,-0.408,0.408,0.816,0.1342638774293778,0.1154531982479319,4.337066444838682,-0.0015818359375,0.098424242371852,0.0984369528754636,-0.664,0.559,1.223,1.1618136584261185,-0.0780299675554725,6.745434317062886,-0.002600341796875,0.0561646347896525,0.0562247986080486,-0.356,0.232,0.588,0.1260479632753037,-0.0259998813205318,6.33172565855499,2nd_test,644,2004.02.16.21.52.39,0.0779293941545191,0
-0.0022640136718749,0.1037691020343504,0.1037937969963613,-0.488,0.496,0.984,1.0579778032148015,0.0222420967006117,4.778705610053067,-0.002093212890625,0.0934908791550552,0.0935143092012694,-0.486,0.576,1.0619999999999998,0.211073203724613,0.102283631032568,6.1594851623629525,-0.001084033203125,0.1014292545119141,0.1014350471919253,-0.779,0.791,1.57,1.474125626425728,0.0040838987162947,7.798093675606519,-0.002824072265625,0.0567607270338977,0.0568309380318337,-0.254,0.239,0.493,0.1041556582346823,-0.0165905365836605,4.469396578554679,2nd_test,647,2004.02.16.22.22.39,0.0788634572934233,0
-0.002164794921875,0.1050055822588701,0.1050278945927134,-0.457,0.498,0.955,0.8594033690020813,-0.03600538956874,4.741597476807921,-0.0013324707031249,0.0936322868302365,0.0936417674717557,-0.444,0.41,0.854,0.2848389263936877,0.1300390175892795,4.741473938210081,-0.00149521484375,0.1013358590270913,0.1013468894055831,-0.769,0.767,1.536,1.7665340061652328,-0.0104067675689648,7.58780071596404,-0.002600390625,0.0573409628055931,0.0573998958786076,-0.261,0.212,0.473,0.1192909606926937,-0.0148165294166043,4.54704657561452,2nd_test,649,2004.02.16.22.42.39,0.079401002611337,1
-0.00208916015625,0.1062556485616072,0.1062761847330165,-0.52,0.527,1.0470000000000002,0.8989962838910843,-0.0421417270167074,4.958777936175946,-0.001475732421875,0.0935596604077628,0.0935712981730876,-0.405,0.415,0.8200000000000001,0.0971758773460447,0.107135548946408,4.435120684420775,-0.00131357421875,0.0973561258752015,0.0973649871496743,-0.593,0.801,1.394,1.0982601098828129,0.0396498699868336,8.226776621049986,-0.003091162109375,0.0572322770399093,0.0573156943459588,-0.295,0.278,0.573,0.192755413262875,0.0042498432213315,5.146932325624923,2nd_test,651,2004.02.16.23.02.39,0.0784340788315679,0
-0.002149853515625,0.1042700012427267,0.1042921618785269,-0.457,0.435,0.892,0.7805928630818695,-0.0405011399857617,4.381920863122036,-0.0015078613281249,0.0929949560581756,0.0930071798198766,-0.369,0.466,0.835,0.1219608394082976,0.1380448327741894,5.010365876026706,-0.001730810546875,0.0980728665645037,0.098088138229493,-0.564,0.906,1.47,1.4129885564833795,0.1032035052831877,9.236590849252645,-0.00309052734375,0.0572460373911376,0.0573294004525601,-0.249,0.232,0.481,0.0312749312903237,-0.0413213745479865,4.343321193489601,2nd_test,652,2004.02.16.23.12.39,0.078599867850091,0
-0.0016638671875,0.1061968654046041,0.1062098991421291,-0.481,0.461,0.942,0.7618131670541999,-0.0186808433740849,4.52876807040181,-0.001688232421875,0.093069566755494,0.0930848773150914,-0.356,0.53,0.886,0.1026500176433771,0.1382431987778141,5.693728297027896,-0.0005892578125,0.0988942969763634,0.0988960524956317,-0.583,0.713,1.2959999999999998,1.3815299938346677,0.0447904559653612,7.209590089799425,-0.00259482421875,0.056343290629786,0.0564030097753546,-0.251,0.249,0.5,0.1024199932713432,-0.0193556923715996,4.450117130189472,2nd_test,654,2004.02.16.23.32.39,0.078704656417825,0
-0.0022435546875,0.1029914682708375,0.1030159020453577,-0.449,0.571,1.02,1.035295589771101,-0.0055498461913283,5.542833568967308,-0.0011640624999999,0.0935670727709999,0.0935743135077009,-0.537,0.393,0.93,0.1720924482384314,0.0932464100949921,5.738754363932015,-0.0023267089843749,0.0994998294670594,0.0995270296887829,-0.75,0.928,1.678,1.6824921420275665,-0.052016399478449,9.324100225762743,-0.003238671875,0.0579668612275999,0.0580572648003137,-0.261,0.208,0.469,0.1498265586814668,-0.0036973171980086,4.495561423591109,2nd_test,655,2004.02.16.23.42.39,0.0790375321731419,0
-0.00148330078125,0.1059589995442451,0.1059693812647077,-0.493,0.493,0.986,0.7446224362206095,-0.0505202608315942,4.65228723723366,-0.00085625,0.0929393705679272,0.0929433147979186,-0.476,0.386,0.862,0.125068553737687,0.1374404666453997,5.121401157574574,-0.000591845703125,0.0982610544726931,0.0982628368582032,-0.703,0.84,1.543,1.7787757672035207,0.0600851046186732,8.548501415683742,-0.003138671875,0.0578345262820344,0.0579196313127617,-0.264,0.249,0.513,0.0980211959875334,-0.0163038984443004,4.558040063650638,2nd_test,656,2004.02.16.23.52.39,0.0783600566744002,0
-0.00146591796875,0.1059492402719169,0.1059593810367326,-0.53,0.527,1.057,0.8544294796051406,-0.0228236165849396,5.001916723270254,-0.0014310058593749,0.0932299284361776,0.0932409101949588,-0.647,0.454,1.101,0.274546626197254,0.103682316459426,6.939014201386912,-0.00236494140625,0.1003108679841758,0.1003387421866237,-0.769,0.676,1.445,1.3671030342176618,-0.0228327175413846,7.66403866775651,-0.003010595703125,0.057722388683328,0.057800846376129,-0.239,0.242,0.481,0.0480781151133444,0.0010833893145142,4.186789903058508,2nd_test,657,2004.02.17.00.02.39,0.0794547408884287,1
-0.001632421875,0.1043467754858326,0.1043595436721948,-0.461,0.496,0.957,0.7816348788004697,-0.0370823353137832,4.752799624663358,-0.002053173828125,0.0943259747181463,0.0943483175753382,-0.43,0.532,0.962,0.251895181364655,0.0909061932670336,5.638680303647739,-0.002101513671875,0.0985745385287007,0.0985969371018155,-0.642,0.688,1.33,1.53398742125146,-0.043263962735153,6.977904387461476,-0.00259443359375,0.0587400487605357,0.0587973163848699,-0.269,0.283,0.552,0.1563361114726498,-0.0083988302708473,4.81314484053578,2nd_test,660,2004.02.17.00.32.39,0.079043402717432,0
-0.00187197265625,0.1066114381561284,0.1066278717190948,-0.505,0.459,0.964,0.7678642560795552,-0.0374055144280582,4.736097531100104,-0.00153017578125,0.0939886102410671,0.0940010653820942,-0.42,0.471,0.891,0.2350928162411527,0.1660605758994519,5.010581508629452,-0.001803369140625,0.0975277427396085,0.0975444142129144,-0.684,0.684,1.368,1.3484219806451971,-0.0274568520296421,7.012190349515977,-0.003193798828125,0.0581770087432405,0.0582646093032951,-0.244,0.229,0.473,0.1030880093454489,-0.0352594464390063,4.187790889074287,2nd_test,661,2004.02.17.00.42.39,0.0788074287185433,0
-0.00165927734375,0.1066088623570832,0.1066217742038416,-0.483,0.486,0.969,0.765469776591543,-0.0144854385139947,4.558168381875705,-0.001724755859375,0.0937139220811664,0.0937297923533887,-0.371,0.398,0.769,0.1421272592849063,0.125895883481106,4.246248604661122,-0.0020248046875,0.0999783441881414,0.0999988456964629,-0.674,0.696,1.37,1.2153298985240015,-0.0186654812640936,6.960080340383951,-0.00325498046875,0.0596161216250839,0.0597049148351184,-0.269,0.349,0.618,0.1829137267333038,-0.0004381034424509,5.845414920328678,2nd_test,662,2004.02.17.00.52.39,0.0798250606564916,1
-0.00235234375,0.1046762572058813,0.1047026854657988,-0.635,0.581,1.216,0.7869819151709754,-0.0387856641555299,6.064791912155474,-0.00148671875,0.0922465998027618,0.0922585795891769,-0.388,0.427,0.815,0.1648527531864889,0.1231902310916986,4.628295838682779,-0.00180654296875,0.096663560971493,0.0966804407167628,-0.698,0.791,1.489,1.2880893119545336,-0.0014660734804126,8.181592824024762,-0.002756640625,0.0577936173119129,0.0578593230994906,-0.271,0.217,0.488,0.0758730975785551,0.0086877526663135,4.6837741176011445,2nd_test,663,2004.02.17.01.02.39,0.0775456553720825,0
-0.00182509765625,0.104194119910933,0.1042101031832746,-0.466,0.491,0.957,0.8916386740504207,0.030037213066039,4.711635292518279,-0.00171357421875,0.0930718529725318,0.0930876262042584,-0.393,0.408,0.8009999999999999,0.163804217225322,0.0897662797608317,4.382967066969339,-0.001305810546875,0.0973006158718949,0.0973093777096245,-0.574,0.781,1.355,1.269071592529201,0.017349111758145,8.025947944323642,-0.0027970703125,0.0577316980198978,0.0577994165938874,-0.247,0.269,0.516,0.1710771190033413,0.0055325380623225,4.654026214233346,2nd_test,664,2004.02.17.01.12.39,0.0782250891981112,0
-0.001894970703125,0.106106360416329,0.1061232803618773,-0.527,0.479,1.006,0.8149963220300802,-0.0585508241766254,4.965922634486788,-0.001694384765625,0.0932844723465226,0.0932998591676489,-0.496,0.449,0.945,0.2349250846828381,0.1261952119768191,5.3161923760616805,-0.00077333984375,0.0993117162501412,0.0993147272012691,-0.637,0.796,1.433,1.5723532509562936,-0.0064298277023257,8.014924094578928,-0.003006298828125,0.0579077948506536,0.0579857787488395,-0.234,0.205,0.439,0.0360070300386072,-0.034762850639001,4.035472232071168,2nd_test,665,2004.02.17.01.22.39,0.0790691164827831,0
-0.001646240234375,0.1068436883067097,0.1068563701324849,-0.532,0.479,1.011,0.9259511693175684,-0.0243654630442581,4.978645628102711,-0.00155263671875,0.0928510944738985,0.0928640750009456,-0.415,0.435,0.85,0.2195734749482505,0.1192401243166699,4.684265686067365,-0.0007994628906249,0.0995882047096423,0.099591413576689,-0.53,0.632,1.162,1.1583167230556386,-0.0058177310238537,6.345928602639932,-0.002944384765625,0.0598201902278723,0.0598926085635521,-0.271,0.266,0.537,0.1909816507645847,0.0236015991796013,4.524765350768066,2nd_test,666,2004.02.17.01.32.39,0.0791667640745047,0
-0.00140625,0.1048311509754793,0.1048405825713795,-0.442,0.603,1.045,0.7773012336510239,-0.0477835702893134,5.751589558210462,-0.0013703125,0.0928862253347265,0.0928963326148091,-0.439,0.444,0.883,0.0885582151681592,0.1045606454112553,4.779521295380394,-0.001530078125,0.0972648756175637,0.0972769097369398,-0.618,0.769,1.387,1.3063793667742711,0.0493232673803778,7.905267571427333,-0.0023548828125,0.0573102076251093,0.0573585684191451,-0.269,0.234,0.503,0.177303850062132,0.0194045976493965,4.689796266001708,2nd_test,667,2004.02.17.01.42.39,0.0780209084587985,0
-0.00170537109375,0.1061471515569369,0.1061608500070471,-0.559,0.466,1.025,0.6430516614183497,-0.0460735586529551,5.26559461381128,-0.00127958984375,0.092840279162592,0.0928490968462065,-0.347,0.466,0.813,0.1286881879827,0.1344253657664148,5.018896422512912,-0.0004349609374999,0.0990182224016195,0.0990191777313554,-0.613,0.94,1.553,1.729040587640113,0.0692175755401681,9.493110542088925,-0.00293505859375,0.057749190685249,0.0578237286392878,-0.254,0.222,0.476,0.1279362967260371,-0.0062957200037378,4.392660348489341,2nd_test,669,2004.02.17.02.02.39,0.0788465190406769,0
-0.001649755859375,0.104899663438873,0.1049126354829787,-0.435,0.486,0.921,0.7594868721250303,-0.0597077527735009,4.632425806081453,-0.0015895019531249,0.094536802508139,0.0945501641718398,-0.547,0.466,1.013,0.1606813057511598,0.1474909207068665,5.785288738368252,-0.00147880859375,0.0996813886260835,0.0996923573463946,-0.52,0.964,1.484,1.6351820967046369,0.1062651694149465,9.669748270078328,-0.003075439453125,0.0570951185377702,0.0571778881095819,-0.237,0.239,0.476,0.046184540528332,-0.0070566427431481,4.179937523011942,2nd_test,671,2004.02.17.02.22.39,0.0797148827107143,1
-0.00222900390625,0.1029396136631431,0.1029637437136551,-0.474,0.483,0.957,0.7345061687411087,-0.0024288136598552,4.690971623356516,-0.0024074707031249,0.0946384430100182,0.0946690594151377,-0.4,0.415,0.815,0.1932179055596306,0.1295118614549496,4.383692016794847,-0.0020517578125,0.1009049427797213,0.1009258004055454,-0.776,0.828,1.604,1.5576539661030957,-0.0100256112126217,8.204046900442522,-0.003502978515625,0.0572914159258147,0.0573984076195988,-0.352,0.232,0.584,0.1751304837505336,-0.0020264381044432,6.132574309843326,2nd_test,672,2004.02.17.02.32.39,0.0794523122568669,1
-0.0017624511718749,0.1019883144072514,0.1020035416530505,-0.552,0.552,1.104,0.9054039207769428,-0.0179082727329248,5.411576804579314,-0.001567578125,0.0930839460870375,0.0930971445336133,-0.466,0.481,0.947,0.1432711616048738,0.1024810822748808,5.166646113632034,-0.00248662109375,0.1015098090083471,0.1015402610267228,-0.693,0.786,1.479,1.3835984825528105,0.0196394381111703,7.740771907070479,-0.0024143554687499,0.0579672800434802,0.0580175375896698,-0.251,0.244,0.495,0.0941516887915021,0.025038386282813,4.326278060452621,2nd_test,673,2004.02.17.02.42.39,0.0794393547110886,1
-0.0022574218749999,0.1048669769520988,0.1048912713651319,-0.461,0.442,0.903,0.7653851180387234,-0.0325805341438372,4.395027288694405,-0.0014263671875,0.0937563974280031,0.0937672468510793,-0.388,0.457,0.845,0.1519315220619188,0.1132431445657636,4.873770056626822,-0.0020474609375,0.0975581952395436,0.0975796779800358,-0.652,0.779,1.431,1.4101907779089773,-0.0205877597979448,7.983219622341802,-0.0031562988281249,0.0584228109410566,0.0585080085163294,-0.256,0.227,0.483,0.0779423731219797,-0.0134903131095686,4.3754693842326855,2nd_test,674,2004.02.17.02.52.39,0.0785893025735909,0
-0.00238818359375,0.1028109009042695,0.1028386345962693,-0.481,0.496,0.977,0.8056773825533741,-0.0213416794891681,4.823090095880856,-0.001550341796875,0.0928995152120881,0.0929124506529029,-0.391,0.483,0.874,0.1218684653865964,0.1138969553809159,5.198442152808621,-0.0018798828125,0.0987351572388795,0.0987530517724642,-0.632,0.637,1.269,1.257175068157686,0.0497450098902438,6.450433566967165,-0.003309619140625,0.0574534779977212,0.0575487246851798,-0.291,0.244,0.5349999999999999,0.0914488076622692,-0.0075839083223595,5.056584686921531,2nd_test,675,2004.02.17.03.02.39,0.0784706569259178,0
-0.0020735351562499,0.1041181460773327,0.104138791478608,-0.537,0.53,1.0670000000000002,0.767350526474162,-0.0453236704588022,5.1565799100439245,-0.001978515625,0.0933183690141061,0.0933393406851111,-0.381,0.493,0.874,0.1639904465927379,0.1061727316756521,5.281802896571756,-0.001982763671875,0.0986399468126674,0.0986598725875134,-0.869,0.767,1.636,1.9111243695235487,0.0269664342733686,8.808038944307073,-0.00327958984375,0.0573567888226888,0.0574504737455989,-0.281,0.232,0.513,0.1674088036716923,0.0038669003294429,4.891169413840305,2nd_test,676,2004.02.17.03.12.39,0.0782614677983277,0
-0.002402001953125,0.1052436466586359,0.105271053834331,-0.522,0.53,1.052,0.8042036898939058,-0.0214954815533119,5.034622345749916,-0.0014488769531249,0.0947018317521647,0.0947129145451697,-0.425,0.439,0.864,0.1285890586290548,0.1105951267964883,4.635059559760465,-0.001036962890625,0.1000178633993902,0.1000232387548794,-0.654,0.613,1.267,1.098818351838449,0.0165838446086102,6.538480538469438,-0.0025067382812499,0.0577050213226333,0.0577594427142112,-0.21,0.276,0.486,0.055319705121974,0.0152144692790297,4.778439455533633,2nd_test,677,2004.02.17.03.22.39,0.0794241387484921,1
-0.00197587890625,0.1052972323141334,0.1053157691443629,-0.457,0.508,0.965,0.8374606137177665,-0.005411978713467,4.823589136958482,-0.0016085937499999,0.0947134237634307,0.0947270827949628,-0.488,0.439,0.927,0.1645233031567374,0.1309134961832391,5.151641807139001,-0.002503173828125,0.0983009975673661,0.0983328632856438,-0.657,0.74,1.397,1.3097996294809118,0.0375851788394341,7.525459701533079,-0.00324033203125,0.0581475741974332,0.0582377895933452,-0.234,0.251,0.485,0.0734159806152301,0.0065861440804666,4.309916323204196,2nd_test,678,2004.02.17.03.32.39,0.0787137078949255,0
-0.001993505859375,0.1031952256477886,0.1032144789363845,-0.425,0.452,0.877,0.7876753191941406,0.0043441398393118,4.379230556152954,-0.00109658203125,0.093628329630573,0.0936347510359401,-0.371,0.444,0.815,0.0351775718854616,0.0964405385506267,4.741829236293222,-0.0019068847656249,0.09796678761722,0.0979853442385486,-0.525,1.045,1.5699999999999998,1.8906217716180844,0.1502609584273332,10.66486022078207,-0.00269453125,0.0579018781182788,0.0579645407838382,-0.283,0.269,0.552,0.1829706299173299,-0.0158472564654026,4.882295213042109,2nd_test,679,2004.02.17.03.42.39,0.0785720796187953,0
-0.001630029296875,0.1039903737779401,0.1040031481926598,-0.488,0.459,0.947,0.7657113842738918,-0.0293680278619762,4.692165655325314,0.000182177734375,0.0938260189956387,0.0938261958586027,-0.347,0.447,0.794,0.0967801134357437,0.0855120941721656,4.764127927224831,-0.00151171875,0.1003283455133799,0.1003397339394083,-0.659,0.82,1.479,1.5834312297968918,0.0159590654270477,8.172236140141623,-0.00264326171875,0.0574656859527269,0.0575264451755125,-0.266,0.259,0.525,0.0863247412322176,0.0149387382363929,4.623960322662265,2nd_test,680,2004.02.17.03.52.39,0.0788150556689445,0
-0.00172705078125,0.1047863092961646,0.1048005406489513,-0.469,0.5,0.969,0.8513716239181859,-0.0463869606950372,4.770967753592712,-0.0015078613281249,0.0930391211437399,0.0930513391036602,-0.557,0.43,0.987,0.1842019842294995,0.0866354331862573,5.985942871531485,-0.000814306640625,0.0969157844612626,0.0969192053880286,-0.728,0.759,1.487,1.5142759316713803,-0.0120410405682051,7.831265196133353,-0.002810888671875,0.0566863821950095,0.0567560307058587,-0.203,0.227,0.43,0.0693072782978685,0.0257988197361646,3.9995749733176487,2nd_test,681,2004.02.17.04.02.39,0.0781406708864911,0
-0.002862158203125,0.1048501031683071,0.1048891609461357,-0.505,0.525,1.03,0.8011197732616546,-0.0059337382285312,5.005283627586652,-0.001599267578125,0.094043492729982,0.0940570900126121,-0.376,0.376,0.752,0.1337474970278762,0.0885650599767506,3.9975721122733487,-0.00189208984375,0.097780545778503,0.0977988503854659,-0.693,0.776,1.469,1.4728456639479663,-0.0040478364478419,7.934653596985309,-0.003134619140625,0.0573657169501314,0.0574512951843505,-0.239,0.242,0.481,0.0718980383127338,0.0055919087240057,4.212263609014467,2nd_test,682,2004.02.17.04.12.39,0.0788401277194496,0
-0.00209873046875,0.1053039152581744,0.1053248272644263,-0.513,0.537,1.05,0.8239941692202497,-0.0535803275483833,5.098512990168218,0.002402197265625,0.0940402605824037,0.0940709368620796,-0.41,0.405,0.815,0.1589112843653843,0.0786253013385145,4.358413062227236,-0.0013188476562499,0.0985101710734587,0.09851899900051,-0.771,0.776,1.5470000000000002,1.669063712295337,0.0270994032804664,7.876653314231358,-0.002841064453125,0.0580007331180073,0.0580702737160169,-0.251,0.222,0.473,0.1097451585434812,-0.0152788577940626,4.32234918029062,2nd_test,684,2004.02.17.04.32.39,0.0790411419647298,0
-0.00174560546875,0.10709339131389,0.1071076169166437,-0.508,0.562,1.07,0.9259360914985332,-0.034821808850413,5.247059137093195,-0.0020310058593749,0.0923462889116073,0.0923686205404566,-0.41,0.437,0.847,0.1294276800387344,0.1358895969056807,4.731043913380375,-0.001836279296875,0.0973668607308371,0.0973841747422771,-0.615,0.652,1.267,1.2648076245669255,-0.014638011950838,6.695132979447569,-0.0025835449218749,0.0576909783005738,0.0577487980969355,-0.266,0.349,0.615,0.2517246940611772,-0.0407378916779591,6.043415819808662,2nd_test,685,2004.02.17.04.42.39,0.0786060692484084,0
-0.002123388671875,0.1051433891645179,0.1051648280769437,-0.417,0.51,0.927,0.8321046946773341,-0.0305134355856935,4.849530107366406,-0.019135302734375,0.094617890583973,0.0965334399537117,-0.449,0.383,0.8320000000000001,0.253346512590646,0.1220822486385259,4.651237956615306,-0.002114111328125,0.0996920777558411,0.0997144915946743,-0.608,0.605,1.213,1.0574691011906276,0.0008178330767352,6.097408614039159,-0.002688720703125,0.0583926635291409,0.0584545325278277,-0.247,0.229,0.476,0.0645573864707733,0.0282311689372486,4.225506377596776,2nd_test,688,2004.02.17.05.12.39,0.0796784862810132,1
-0.002530419921875,0.1057193442028981,0.1057496229954124,-0.491,0.454,0.945,0.8605328986184082,-0.0335244730774303,4.643042557387244,-0.0023634277343749,0.0940661834846083,0.0940958695481136,-0.457,0.576,1.033,0.2824228917075726,0.1397635574022206,6.121416410306456,-0.00223193359375,0.0993429946287512,0.0993680638302618,-0.667,0.72,1.387,1.4907314936539509,-0.0232821770718938,7.245788759884068,-0.003478564453125,0.0582538066209396,0.0583575736000424,-0.237,0.247,0.484,0.09689483923301,-0.0003443847801472,4.2325268985410265,2nd_test,689,2004.02.17.05.22.39,0.0796866482881894,1
-0.001684326171875,0.1054258376053985,0.1054392914878183,-0.583,0.562,1.145,0.9539876786626972,-0.0848568942211135,5.529248079799796,-0.005479150390625,0.0942389507514344,0.0943980981150275,-0.347,0.439,0.786,0.178274722093036,0.1211286807634601,4.650517423141425,-0.002608203125,0.0993365949329097,0.0993708298063684,-0.693,0.652,1.345,1.209929271634116,-0.0001495352109211,6.973877558871036,-0.003249169921875,0.0579821714103517,0.0580731375649759,-0.222,0.269,0.491,0.0843207189603711,0.0057573153375011,4.632090003650885,2nd_test,690,2004.02.17.05.32.39,0.0791467365836487,0
-0.0021205566406249,0.1066718073333731,0.1066928828002804,-0.461,0.483,0.944,0.9485028239098772,-0.0219603430725844,4.527012367822191,-0.00215107421875,0.0939338339729709,0.0939584604235097,-0.437,0.486,0.923,0.2325604569294506,0.1419026097037554,5.172498546743144,-0.0017428222656249,0.0978745581000742,0.0978900738212735,-0.706,0.769,1.475,1.5934724329496357,-0.0352288410415705,7.855750537037851,-0.00264287109375,0.0587859854714588,0.0588453639250259,-0.308,0.256,0.5640000000000001,0.1171454186484104,-0.0401256209290461,5.234057187362869,2nd_test,691,2004.02.17.05.42.39,0.0790847309526064,0
-0.0018029296875,0.107130800105575,0.1071459699975633,-0.471,0.557,1.028,0.932492736168892,-0.0237100105541682,5.198515632528861,-0.001232666015625,0.0930809166702058,0.0930890783801831,-0.352,0.427,0.7789999999999999,0.1596720348561935,0.1802556795264629,4.5870042697330335,-0.00238017578125,0.1014839436459672,0.1015118517941993,-0.662,0.798,1.46,1.476972773166939,-0.0226332816373569,7.861151046775982,-0.003202734375,0.0574985912900106,0.0575877201129937,-0.332,0.227,0.559,0.1652199660388422,0.014933907845646,5.765117968601863,2nd_test,692,2004.02.17.05.52.39,0.0793426667182689,1
-0.001559619140625,0.1082343439180492,0.1082455801187021,-0.503,0.505,1.008,1.0423942932084935,-0.0591739892083429,4.665317507112543,-0.000653125,0.0947152439243051,0.0947174957645431,-0.508,0.449,0.957,0.2378936685893498,0.1198751880105285,5.363317472597317,-0.0020576171875,0.099135558630328,0.0991569098622859,-0.537,0.618,1.155,1.007160265584612,0.0559417933794856,6.232545980427148,-0.00329189453125,0.058550014116577,0.0586424822347779,-0.273,0.244,0.517,0.0207293257613638,-0.0305213595625103,4.6553281783396585,2nd_test,693,2004.02.17.06.02.39,0.0795792118569971,1
-0.002083837890625,0.1066326650074859,0.1066530244622867,-0.51,0.544,1.054,1.1178083967298198,-0.0232007848134643,5.100652351282001,-0.00212861328125,0.0942212223018858,0.0942452636823861,-0.415,0.498,0.913,0.1279009545706539,0.1082259922997715,5.284085168173696,-0.00175771484375,0.098132126975716,0.0981478675583428,-0.62,0.708,1.3279999999999998,1.032960033600883,0.0967323895575972,7.213605528127489,-0.00320732421875,0.0579221829897088,0.0580109145845633,-0.261,0.237,0.498,0.0598024476865979,0.0404125323033044,4.499153338033269,2nd_test,694,2004.02.17.06.12.39,0.0790893468586645,0
-0.002018603515625,0.1057330327497328,0.1057523000913425,-0.486,0.491,0.977,0.9838773110024168,-0.0176094192684152,4.642925019798721,-0.0146501953125,0.092840170012396,0.0939889641959363,-0.454,0.42,0.874,0.150793274355486,0.0950673903694405,4.830354328075451,-0.001659521484375,0.0976455121204811,0.0976596131920873,-0.728,0.913,1.641,2.0329902820496004,0.1397864027273706,9.348798035835603,-0.003238525390625,0.057638486340215,0.0577293959287369,-0.232,0.217,0.449,0.0939182609370394,-0.0200138126886415,4.0187498286379,2nd_test,695,2004.02.17.06.22.39,0.0781678668272122,0
-0.0013639648437499,0.1072713631945812,0.1072800343107642,-0.52,0.554,1.074,1.068532133388807,-0.0535023900950797,5.164055022484728,-0.0075931640624999,0.0953045412258511,0.0956065464220416,-0.54,0.493,1.033,0.2923440464426479,0.1332446280620911,5.648148795278076,-0.0016721191406249,0.0990566518581421,0.0990707639001821,-0.569,0.671,1.24,1.1015400905327295,-0.0342384191986188,6.772936571573097,-0.003248583984375,0.0584424569500811,0.0585326752529356,-0.239,0.234,0.473,0.0750979228022412,-0.0124934845607225,4.08318941451305,2nd_test,696,2004.02.17.06.32.39,0.0797758198277214,1
-0.0016236328125,0.1092579223747478,0.1092699857470305,-0.53,0.498,1.028,1.1376804821538258,-0.0534147634320147,4.850371274158904,-0.00219697265625,0.09342591833853,0.0934517464055648,-0.376,0.547,0.923,0.1226359528494374,0.108493561276407,5.853288151729759,-0.0010166992187499,0.0982501029462493,0.0982553632442015,-0.62,0.696,1.3159999999999998,1.460441523101534,0.0534220452489574,7.083582788891576,-0.00272021484375,0.0569542548889355,0.0570191785169691,-0.264,0.247,0.511,0.1079695445394204,-0.0230607957705334,4.630021106263436,2nd_test,697,2004.02.17.06.42.39,0.0786438068877898,0
-0.0024064453125,0.1064736897952456,0.1065008807365284,-0.479,0.505,0.984,0.9490147794299428,-0.0430458749481006,4.741744824106885,-0.00208037109375,0.0932139308250772,0.0932371430479827,-0.354,0.417,0.7709999999999999,0.0538163329940206,0.1213796010757107,4.472466512416904,-0.00219052734375,0.0979573045951655,0.0979817938884247,-0.718,0.771,1.489,1.447269479973209,0.056217272920572,7.868808779619767,-0.002967626953125,0.0566388795147728,0.0567165714974192,-0.234,0.232,0.466,0.0896065648300661,0.0170092322016215,4.125778301082986,2nd_test,698,2004.02.17.06.52.39,0.0787232120609651,0
-0.002151513671875,0.109769509240233,0.1097905923561844,-0.522,0.576,1.098,1.0141714282015115,-0.0214912881119603,5.24635114569821,-0.008323681640625,0.0949589126080914,0.0953230232407975,-0.435,0.403,0.8380000000000001,0.107935429662989,0.1375379118155509,4.563430587976356,-0.001927490234375,0.0993528039586365,0.0993714992995822,-0.615,0.754,1.369,1.1473558767572838,-0.0258133969738983,7.58768867640082,-0.002944482421875,0.0586455662039053,0.058719438111322,-0.259,0.276,0.535,0.1185269947923517,-0.0205170922406509,4.70031745658143,2nd_test,699,2004.02.17.07.02.39,0.079891570743787,1
-0.0017068359374999,0.1127549056242452,0.1127678235635059,-0.552,0.54,1.092,1.0775865528894446,0.0106921697737999,4.895013334049518,-0.0010779785156249,0.0941646218036754,0.0941707918470975,-0.381,0.53,0.911,0.2156365546556951,0.1518466601288823,5.628072033788543,-0.001169189453125,0.0996531114173728,0.0996599699936771,-0.513,0.879,1.392,1.75931158448656,0.1418477042410204,8.819990614556152,-0.0025802734375,0.0588396257974822,0.0588961745362124,-0.239,0.237,0.476,0.1212732183783829,-0.0310323319916991,4.057988517556303,2nd_test,700,2004.02.17.07.12.39,0.0807799699110676,1
-0.0020744140625,0.1202708191991247,0.1202887074688694,-0.581,0.588,1.169,1.345963647530156,-0.0082058880185208,4.888239406407166,-0.0011372558593749,0.0947622748206713,0.094769098761559,-0.408,0.483,0.891,0.2199885291462653,0.0828817937370457,5.096598008282649,-0.0016244140625,0.0989925080500908,0.0990058350355864,-0.667,0.781,1.448,1.4365369530860708,0.0637404056843661,7.88842394704707,-0.002968017578125,0.0599482109057189,0.0600216387575399,-0.237,0.239,0.476,0.1050449108348989,-0.0697796231348251,3.981897278104469,2nd_test,701,2004.02.17.07.22.39,0.0814465158243897,1
-0.0019139160156249,0.1668853120693055,0.1668962865344354,-0.808,0.776,1.584,2.3890722982950106,-0.1349700516951401,4.8413300066352605,-0.001356982421875,0.0974254249808082,0.0974348748343444,-0.393,0.403,0.796,0.0828202852633865,0.0919607246162986,4.136096040365742,-0.0019180175781249,0.1043389054710568,0.1043565330313733,-0.693,0.769,1.462,1.308116674732286,-0.0119495139565499,7.368968455108042,-0.0030293457031249,0.0641782610208303,0.0642497169102469,-0.286,0.283,0.569,0.1650647401648552,-0.0202353572794912,4.45138148071646,2nd_test,702,2004.02.17.07.32.39,0.0921362025998744,1
-0.001823388671875,0.1717522618853552,0.1717619405135619,-0.869,0.881,1.75,2.3850877136573763,-0.0972869149868616,5.129192167721866,-0.00070224609375,0.0982741850343914,0.0982766940517944,-0.427,0.422,0.849,0.126511905121931,0.1197385496196041,4.344875497853183,-0.001108642578125,0.1041306077023566,0.1041365092022395,-0.608,0.662,1.27,0.8057911150388679,-0.0101021612860111,6.3570404372591165,-0.0032078124999999,0.064507235827627,0.064586945547504,-0.291,0.288,0.579,0.1275649453791549,-0.0262363526604755,4.50555445111524,2nd_test,703,2004.02.17.07.42.39,0.0930705664412689,1
-0.002023828125,0.1717672620242699,0.171779184372245,-0.786,0.974,1.76,2.6189030455499056,-0.1417596614112363,5.670070000353912,-0.0008425292968749,0.0979980845129741,0.0980017062291678,-0.417,0.4,0.817,0.1183993539448753,0.0963627994722068,4.255027958601345,-0.001988037109375,0.1026361700464856,0.1026554221332676,-0.786,0.652,1.4380000000000002,1.3983812845764865,-0.0350978200822046,7.656682751466896,-0.00309931640625,0.0647817896709422,0.064855886665408,-0.295,0.271,0.5660000000000001,0.1913506183365823,-0.0105228144030348,4.548546248659871,2nd_test,705,2004.02.17.08.02.39,0.0920278342725449,1
-0.0014052246093749,0.1691114231490597,0.1691172613771377,-0.82,0.847,1.6669999999999998,2.507133901376002,-0.1168414779399861,5.00835924788393,-0.0008480468749999,0.0969087282822298,0.0969124388341416,-0.334,0.464,0.798,0.1679826629319185,0.1317103045734909,4.787827089867309,-0.001448046875,0.1007107560437516,0.1007211657133506,-0.54,0.588,1.128,0.908697025329047,-0.0324698182674641,5.837899073443926,-0.0029128906249999,0.0646042136681156,0.0646698488901029,-0.281,0.364,0.645,0.1693811752640681,-0.0023664019641272,5.628588998451762,2nd_test,706,2004.02.17.08.12.39,0.0906221427710641,1
-0.0020058105468749,0.1736802226553966,0.1736918046931924,-0.828,0.867,1.6949999999999998,2.506406651824572,-0.0150410032055046,4.991599929118525,-0.0012829589843749,0.0978723257668378,0.097880734236956,-0.386,0.454,0.8400000000000001,0.3036602038983229,0.1462198901751592,4.638297858455871,-0.00247607421875,0.101411234535711,0.1014414581598359,-0.542,0.779,1.3210000000000002,0.8832941250629776,0.0426542333448938,7.679306016726331,-0.003274267578125,0.0629994808847558,0.0630845101425213,-0.269,0.242,0.511,0.1889108413237674,-0.0198023787957305,4.264121246055611,2nd_test,707,2004.02.17.08.22.39,0.0917478269645542,1
-0.0018554199218749,0.1685893255470164,0.1685995352054221,-0.774,0.869,1.643,2.4672653367974213,-0.1275104304523278,5.154225359732183,-0.001124951171875,0.0979897717801851,0.0979962289512809,-0.481,0.449,0.93,0.2237788357543619,0.1372079575432576,4.9083521390830445,-0.001580517578125,0.1026893262035464,0.1027014885576305,-0.762,0.654,1.416,1.4922883584596836,-0.0287294837176914,7.419561397739496,-0.002697216796875,0.0649882679621678,0.0650442153551864,-0.283,0.295,0.578,0.1709746744101719,0.0006576894962852,4.5353764110237975,2nd_test,708,2004.02.17.08.32.39,0.0915420553449976,1
-0.002476025390625,0.1668472343808269,0.1668656055700683,-0.82,0.842,1.662,2.686524509219736,-0.0789108034493282,5.045976953239718,-0.001266064453125,0.0983929654256525,0.098401110585466,-0.393,0.586,0.979,0.2071184567234327,0.1335661795790785,5.955217339595731,-0.00077470703125,0.1037906439821744,0.1037935351995428,-0.574,0.684,1.258,1.0112836032134114,0.0151052752996677,6.590005809884221,-0.003072265625,0.0640063317206641,0.0640800227559748,-0.315,0.33,0.645,0.3245934940356538,0.006257296875403,5.149810905210408,2nd_test,709,2004.02.17.08.42.39,0.091682641417363,1
-0.002374462890625,0.172507030999726,0.1725233718032411,-0.75,0.776,1.526,2.2215812294847064,-0.0916832106248443,4.497941304326651,-0.003162158203125,0.0975733719500435,0.0976245981205716,-0.388,0.532,0.92,0.2642053411579348,0.1563947698925367,5.449446248552047,-0.001639892578125,0.1014257640141193,0.1014390203694595,-0.664,0.781,1.445,1.3446502359814891,-0.0462394300725367,7.6992068451346976,-0.00273330078125,0.064412524443003,0.0644704912210326,-0.276,0.3,0.5760000000000001,0.2062912918081134,-0.0077462333980762,4.6532916736560495,2nd_test,710,2004.02.17.08.52.39,0.0918312347742924,1
-0.00190517578125,0.1698140825991547,0.169824769523618,-0.723,0.999,1.722,2.547557372864662,-0.0181091643244896,5.882534113230069,-0.0286820800781249,0.0981286974381482,0.1022345488497681,-0.42,0.449,0.869,0.0749493476333973,0.1348929854497278,4.391861704749201,-0.00164794921875,0.103068413384466,0.1030815869795316,-0.842,0.806,1.648,1.4909241259206212,0.0033259214428123,8.168287127351105,-0.003024462890625,0.0641252896344929,0.0641965742581672,-0.283,0.251,0.534,0.1720737758567687,-0.0214151796768929,4.408334919204632,2nd_test,711,2004.02.17.09.02.39,0.0934852092324708,1
-0.0023712402343749,0.1688202944534816,0.1688369467847881,-0.784,0.857,1.641,2.248777066522476,-0.0388410842415505,5.07590320907259,-0.000944921875,0.0968231488938086,0.0968277596511584,-0.576,0.447,1.023,0.1866744173533128,0.0948286869901754,5.948707292921036,-0.0013984863281249,0.1004037880361377,0.100413527056944,-0.652,0.791,1.443,1.2362986124417326,-0.0071141229776047,7.877424717324693,-0.00306083984375,0.0641507434138113,0.064223723195512,-0.278,0.269,0.547,0.262809830400621,-0.0376459780351276,4.328618556563193,2nd_test,712,2004.02.17.09.12.39,0.0907220630563399,1
-0.001768310546875,0.1684841983088115,0.1684934776243671,-0.776,0.793,1.569,2.29543109013067,-0.054797127103794,4.706413632005252,-0.00092978515625,0.0976664332268293,0.0976708589072887,-0.43,0.444,0.874,0.1747177656065166,0.142193407269818,4.545879958083592,-0.00153349609375,0.1025614709494954,0.1025729347030382,-0.588,1.169,1.757,2.011208696220044,0.137042555979744,11.396768585914089,-0.0026775390625,0.0652227966775711,0.0652777329713203,-0.332,0.259,0.591,0.2192428440932454,0.0006189505853743,5.085960937717886,2nd_test,713,2004.02.17.09.22.39,0.0911452304078261,1
-0.00167470703125,0.1695012422892808,0.1695095153118254,-0.725,0.767,1.492,2.236064581689714,-0.1002138237481717,4.52481973406933,-0.0017140624999999,0.0978433771027507,0.0978583897942583,-0.471,0.588,1.059,0.1945592288838384,0.1275338208203782,6.008682558850883,-0.001279541015625,0.1013148771283058,0.1013229566916322,-0.552,0.781,1.3330000000000002,0.8915626127387712,0.0933834549944071,7.708026152150287,-0.00248515625,0.0646560496792978,0.0647037924832752,-0.261,0.281,0.542,0.2529065793558542,0.0059053246883226,4.342867538534011,2nd_test,714,2004.02.17.09.32.39,0.0914989561525808,1
-0.002344287109375,0.1650787858528525,0.1650954306475594,-0.747,0.854,1.601,2.759009037211744,-0.0865169511274545,5.172765815777903,-0.0020035156249999,0.0973115480813255,0.0973321707599483,-0.493,0.469,0.962,0.1594166548401685,0.1199995545325577,5.065128992250951,-0.00188857421875,0.1026977807273678,0.1027151443503159,-0.74,0.857,1.597,1.5468127545572674,0.0301859833333841,8.343462937352333,-0.0031025390625,0.0648206226331802,0.0648948292792846,-0.259,0.278,0.537,0.1521214705754361,0.0235422285329164,4.283854400776699,2nd_test,716,2004.02.17.09.52.39,0.090866348025386,1
-0.00193876953125,0.1655156504025327,0.1655270049130012,-0.723,0.869,1.592,2.50987514293984,-0.1088437795146896,5.249898652195662,-0.00158125,0.0976396132828845,0.0976524164247549,-0.417,0.471,0.8879999999999999,0.1273508664412532,0.1265532063248869,4.823229339727613,-0.002225634765625,0.1001387665955631,0.1001634964714722,-0.559,0.627,1.186,1.0085530001418537,-0.0262281917829566,6.259765504215575,-0.003221875,0.0640870706691539,0.0641680068684445,-0.295,0.298,0.593,0.1818056476744307,-0.0230973965468802,4.6440588470560895,2nd_test,717,2004.02.17.10.02.39,0.090699180049842,1
-0.001725341796875,0.1650278637173305,0.165036882566964,-0.769,0.854,1.623,2.373606332702642,-0.1287337048788498,5.174600893520351,-0.001271337890625,0.0972128933805644,0.0972212062229898,-0.366,0.413,0.7789999999999999,0.0180918566604808,0.0701121856692726,4.2480443932004,-0.0011759277343749,0.1013304139420473,0.1013372369650126,-0.759,0.779,1.538,1.2357384491314063,0.0199132015721245,7.68720386822139,-0.0027405761718749,0.0646538690811928,0.0647119273775853,-0.264,0.276,0.54,0.1694406717416647,0.0108500623816373,4.265056090592272,2nd_test,718,2004.02.17.10.12.39,0.0906997872824434,1
-0.002041162109375,0.1680890322673415,0.1681014250722703,-0.74,0.759,1.499,2.3706120727907978,-0.0956198263391282,4.515131264765749,-0.0016240234375,0.0972258357321342,0.0972393983215522,-0.403,0.469,0.872,0.168064642675243,0.1224199588470612,4.823147901885229,-0.00249091796875,0.1019846716784461,0.1020150867748859,-0.642,0.645,1.287,1.111891394863619,-0.0211229967758835,6.322594239585195,-0.0029173828125,0.0638407940348025,0.0639074182350433,-0.283,0.295,0.578,0.2646985951839515,0.0247149249176431,4.616052535723028,2nd_test,719,2004.02.17.10.22.39,0.0912726872814515,1
-0.0021638671874999,0.1651500616836317,0.1651642370348753,-0.745,0.818,1.563,2.3421508310443384,-0.0996777928160888,4.952646012722003,-0.000984228515625,0.0964737157335206,0.0964787361712575,-0.41,0.52,0.93,0.1425166360984207,0.1331778609826392,5.38978867915069,-0.001150927734375,0.0997927149698482,0.0997993516797735,-0.559,0.825,1.384,1.1775600011491931,0.028644259106667,8.266586767406194,-0.003044580078125,0.0632914313948362,0.0633646175389655,-0.276,0.269,0.545,0.1582765347829293,0.0276292655436346,4.355743168905273,2nd_test,721,2004.02.17.10.42.39,0.0902511644535585,1
-0.00212587890625,0.164114131679758,0.1641279000600598,-0.728,0.825,1.553,2.578314431277734,-0.0965194764196342,5.026567693201938,-0.0012236328125,0.0974451748304664,0.0974528571925933,-0.435,0.415,0.85,0.1322465746223482,0.0950441286752147,4.463696730162131,-0.0020065429687499,0.0992414971767206,0.0992617800392603,-0.627,0.686,1.3130000000000002,1.1257452308590894,-0.0231574777157887,6.9110185181220825,-0.0031830078124999,0.0643428090352512,0.0644214918585502,-0.273,0.305,0.5780000000000001,0.2500726684863159,0.0010100537890009,4.734444844353368,2nd_test,722,2004.02.17.10.52.39,0.0899425031442313,1
-0.002123583984375,0.1638229823359712,0.1638367454217478,-0.774,0.801,1.5750000000000002,2.531885326050883,-0.1213566739620217,4.889013132757125,-0.0015458984374999,0.0978273573119806,0.0978395709343872,-0.649,0.435,1.084,0.1879986299455556,0.0758239894689021,6.633307912077783,-0.001191064453125,0.101186247136699,0.1011932569104316,-0.779,0.757,1.536,1.329071704720327,0.0279171331345431,7.698141395743508,-0.0032487792968749,0.0638252296120689,0.0639078594693416,-0.3,0.286,0.586,0.1635330381410491,0.0104833610228695,4.6942583038510906,2nd_test,723,2004.02.17.11.02.39,0.0903974520446616,1
-0.00228134765625,0.1631999544741705,0.1632158990034365,-0.784,0.769,1.553,2.6241708680097338,-0.1275452733973265,4.803453614397512,-0.00184755859375,0.0975075733431712,0.0975250754013102,-0.405,0.415,0.8200000000000001,0.1402967046774019,0.1334975449393883,4.255315858901342,-0.00242822265625,0.1021494626471753,0.1021783195417452,-0.747,0.798,1.545,1.4809918274601932,0.0040441620509091,7.809875946004034,-0.002967724609375,0.0655274377713434,0.065594607173413,-0.293,0.3,0.593,0.2325840321201835,-0.0075363729435699,4.573546712495946,2nd_test,724,2004.02.17.11.12.39,0.0905347067631283,1
-0.002597265625,0.1684588753608301,0.1684788962349958,-0.833,0.801,1.634,2.3984384000021723,-0.1001154263128815,4.944239418764829,-0.001725390625,0.098611151296411,0.0986262446451881,-0.376,0.461,0.837,0.1730651685444035,0.1028438671936424,4.674212240908004,-0.001448193359375,0.102999903536712,0.1030100839363706,-0.723,0.801,1.524,1.503680048397083,-0.0626152451281312,7.775937746900604,-0.002416845703125,0.0648161365859259,0.064861180262759,-0.269,0.276,0.545,0.1769384239826852,0.009226771893616,4.255241715886783,2nd_test,725,2004.02.17.11.22.39,0.0922584548762765,1
-0.0021315429687499,0.1669599008076411,0.1669735067402161,-0.815,0.847,1.662,2.304491357206317,-0.1027717810953076,5.072661025875936,-0.0013357421875,0.0975321930617451,0.0975413393932285,-0.347,0.515,0.862,0.1774179652384298,0.1356114803044009,5.279812674281077,-0.000758935546875,0.1010980811632078,0.1011009297585678,-0.71,0.837,1.547,1.2185404486229112,0.0236306625395034,8.278855614785174,-0.003056884765625,0.0653836166081692,0.0654550369737453,-0.269,0.269,0.538,0.1736540662644663,-0.0164279606307998,4.109691361167341,2nd_test,726,2004.02.17.11.32.39,0.0908823837839902,1
-0.001575,0.1656306076291268,0.1656380958855593,-0.759,0.852,1.611,2.6610620225085304,-0.0689838266353108,5.143744230092512,-0.001501513671875,0.0982590425906633,0.0982705143679457,-0.41,0.449,0.859,0.1356875085082647,0.1383820834042565,4.569020553960666,-0.00279423828125,0.1022245911565074,0.1022627733082156,-0.691,0.923,1.614,1.436570099822834,-0.0409425039303388,9.025767345552929,-0.002944384765625,0.0653081142569978,0.065374453645542,-0.293,0.286,0.579,0.1589669675545426,0.0121781283618824,4.4818730200661205,2nd_test,727,2004.02.17.11.42.39,0.0911223729971576,1
-0.001921044921875,0.1652385582108826,0.1652497247598407,-0.869,0.813,1.682,2.348742119130721,-0.0783421170070073,5.258707699862548,-0.001979638671875,0.0976622629422155,0.0976823247689449,-0.347,0.522,0.869,0.1640165075681507,0.1405970763016941,5.343853161044034,-0.001836328125,0.0998197436348633,0.099836633157937,-0.527,0.552,1.0790000000000002,1.015031804608821,-0.0466630395433758,5.529032605909614,-0.002915673828125,0.0635294989339587,0.0635963708765828,-0.273,0.266,0.539,0.179880310762198,-0.0184191817085474,4.292697778706584,2nd_test,729,2004.02.17.12.02.39,0.0898185092284305,1
-0.002077880859375,0.1662928675906602,0.1663058489662664,-0.84,0.864,1.704,2.555336429076207,-0.0506712498724195,5.195247222904703,-0.00081875,0.0977577765249074,0.0977612051002658,-0.374,0.457,0.831,0.1516142386254104,0.1290394958969463,4.674655959146748,-0.002309033203125,0.100947935105157,0.100974339494389,-0.681,0.828,1.509,1.4196611367918257,-0.0123583143453157,8.200103156285667,-0.003032373046875,0.0651778926647694,0.0652483944516309,-0.288,0.271,0.5589999999999999,0.1541381700672124,0.0104117355072534,4.4139017123108255,2nd_test,730,2004.02.17.12.12.39,0.0911258960876654,1
-0.001712353515625,0.155816765083172,0.1558261737820283,-0.723,0.803,1.526,2.464085946432145,-0.087405173312966,5.15317793221371,-0.0018220703124999,0.0972133671425003,0.0972304411766513,-0.376,0.471,0.847,0.1564945010596208,0.1038075003649117,4.844161913648302,-0.0025673828125,0.1008920435115256,0.1009247041037896,-0.706,0.713,1.419,1.3152275394254351,0.03963523036583,7.06467268172216,-0.003060546875,0.0637772701025387,0.0638506627131328,-0.286,0.271,0.5569999999999999,0.1818665722538295,-0.0043345791175168,4.479201747371937,2nd_test,733,2004.02.17.12.42.39,0.088210247564659,1
-0.00195458984375,0.1550153438361392,0.1550276660667177,-0.698,0.854,1.552,2.385724183032824,-0.0797491012810561,5.508694168349045,0.0003561035156249,0.0972331288429156,0.0972337809318185,-0.366,0.437,0.8029999999999999,0.1398630807443504,0.1253769767939294,4.494322814639238,-0.001924267578125,0.101558684913685,0.1015769131599763,-0.61,0.781,1.391,1.0749392990849571,0.026273536280774,7.688755010326926,-0.0029306640625,0.0630790517886803,0.0631470946790606,-0.254,0.305,0.5589999999999999,0.1566624632375872,-0.0348571101860565,4.829992599743578,2nd_test,736,2004.02.17.13.12.39,0.0888379301393995,1
-0.001620458984375,0.1547910730951419,0.1547995549000888,-0.703,0.842,1.545,2.326244291018452,-0.0451468627100626,5.439292125471591,-0.0011016601562499,0.0983400247406613,0.0983461952547923,-0.383,0.444,0.827,0.1441750659875005,0.1166582804690392,4.514663722833236,-0.001425927734375,0.1002772220951097,0.100287359826728,-0.73,0.769,1.499,1.172650937539614,5.912253993681893e-05,7.667965347985782,-0.003534521484375,0.0646993080984902,0.064795781579875,-0.308,0.31,0.618,0.2215402902961032,-0.0040024362617474,4.784262068250115,2nd_test,737,2004.02.17.13.22.39,0.0884610781264497,1
-0.0014601562499999,0.1425054791791155,0.1425129595943602,-0.706,0.74,1.446,2.398569851860411,-0.0843477331296018,5.192510225744354,-0.0016679199218749,0.0953547837876059,0.0953693700726122,-0.439,0.425,0.864,0.1342936292598633,0.1047577119289429,4.603155076531922,-0.002164013671875,0.1000739253310075,0.100097320075655,-0.62,0.654,1.274,1.017334111713625,0.0023457885591086,6.533641455127507,-0.0030890625,0.0636265101237475,0.0637014528692733,-0.308,0.271,0.579,0.1699879997483697,0.0056891793764672,4.835054557189388,2nd_test,739,2004.02.17.13.42.39,0.0852012287324878,1
-0.0018147460937499,0.1480777969268484,0.148088916688906,-0.657,0.793,1.4500000000000002,2.158488613774588,-0.0547643219664975,5.354890951498548,-0.0012748046875,0.0970354008268824,0.0970437743527373,-0.381,0.403,0.784,0.1168616004518132,0.1061486988803375,4.152765107125903,-0.0016858398437499,0.1022117595184868,0.102225661356842,-0.679,0.791,1.4700000000000002,1.500931643619846,0.0243613624426521,7.737783150466455,-0.003034765625,0.0642968576271525,0.0643684371654695,-0.269,0.269,0.538,0.1341720108134354,0.0079301831450187,4.179066819725834,2nd_test,740,2004.02.17.13.52.39,0.0874041150966631,1
-0.00204130859375,0.1452566719121925,0.1452710145754522,-0.837,0.72,1.557,2.2044594195762057,-0.1653935686616854,5.761644898263648,-0.001390966796875,0.0977331218766729,0.0977430197016166,-0.481,0.427,0.908,0.138002647311882,0.1176125446133757,4.921067524447714,-0.002798974609375,0.0993731715089412,0.0994125820739476,-0.701,0.64,1.341,1.2067589979935498,-0.0260581850247301,7.051421312762127,-0.002751318359375,0.0637713063600197,0.0638306295408256,-0.3,0.278,0.5780000000000001,0.2130898282955069,0.0003633862402541,4.699937978888677,2nd_test,741,2004.02.17.14.02.39,0.0857420021528951,1
-0.0016679199218749,0.1439067743142234,0.1439164398197462,-0.713,0.715,1.428,2.0271482740199875,-0.0942801805984062,4.968160697211254,-0.00197197265625,0.0972125766262357,0.0972325754594043,-0.405,0.417,0.8220000000000001,0.1468467740024022,0.1106703531736512,4.288686153025058,-0.00162822265625,0.1006931216635807,0.1007062851036369,-0.811,0.662,1.473,1.6714973016842585,-0.0331226866456676,8.053121998863787,-0.002840771484375,0.0638070071995559,0.0638702133266409,-0.256,0.251,0.507,0.1197893912693444,-0.0310491015912503,4.008128150234492,2nd_test,742,2004.02.17.14.12.39,0.0865366094452007,1
-0.001694677734375,0.1397168442716768,0.1397271215829603,-0.684,0.706,1.39,2.342641300811165,-0.1036659795089252,5.052705530585006,-0.00155400390625,0.0983377511158131,0.0983500290933167,-0.405,0.43,0.835,0.1407485042321532,0.1113123166498019,4.372139021815988,-0.0018580078124999,0.1016717674443104,0.1016887431738697,-0.793,0.757,1.55,1.1692628139651156,0.0508958941492701,7.798306629046557,-0.0027031738281249,0.0633152881426205,0.0633729663289333,-0.281,0.264,0.545,0.1264092066487494,-0.0132508441518814,4.434067336173806,2nd_test,743,2004.02.17.14.22.39,0.0863139586205376,1
-0.001689892578125,0.1397533579209593,0.1397635746076544,-0.706,0.669,1.375,2.071652361420829,-0.1608252571450786,5.051387687935417,-0.001119091796875,0.0980495586124539,0.0980559447996238,-0.386,0.413,0.7989999999999999,0.0696014939116502,0.1263641174746258,4.211881297352738,-0.00167412109375,0.1013526878681306,0.101366513304598,-0.862,0.867,1.729,1.575855089873934,0.02143583036228,8.553120470723732,-0.002931689453125,0.0627937710858713,0.0628621705816334,-0.283,0.256,0.5389999999999999,0.1839118718465946,-0.022845660224822,4.501912634849151,2nd_test,745,2004.02.17.14.42.39,0.085597537695426,1
-0.0019873046875,0.1385539913904875,0.1385682427908943,-0.781,0.71,1.491,2.225164410388868,-0.1446606286136689,5.636212051652611,-0.001038525390625,0.0985422990265343,0.0985477713214351,-0.452,0.432,0.884,0.1519629673074884,0.1527628196982912,4.586608037244358,-0.002037353515625,0.1022714831745902,0.1022917742542288,-0.652,0.815,1.467,1.2627445115439908,0.0369298193611406,7.967405061979744,-0.0030732421875,0.0636137791465081,0.0636879715083134,-0.266,0.298,0.5640000000000001,0.1942994367611792,-0.0208261979766524,4.679062512713592,2nd_test,747,2004.02.17.15.02.39,0.0861087379705441,1
-0.002184619140625,0.1405783469409978,0.1405953206527625,-0.71,0.715,1.4249999999999998,2.0884088755661026,-0.1316713518339742,5.085517758879021,-0.0005707031249999,0.0978309271834225,0.0978325917863009,-0.396,0.447,0.843,0.0863790995428139,0.116900935246819,4.569029521080544,-0.0015880859375,0.1022962349369411,0.102308561221526,-0.703,0.72,1.423,1.185250348264871,0.0090788917454622,7.037534214111027,-0.0031851074218749,0.0643722857656576,0.0644510363297936,-0.3,0.271,0.571,0.1794512862090953,-0.0066953734951686,4.654696294722961,2nd_test,748,2004.02.17.15.12.39,0.0865426296298476,1
-0.001386962890625,0.1344709937499976,0.1344781462772739,-0.676,0.757,1.433,2.5143137121380645,-0.0683680406190931,5.629167421995464,-0.001740673828125,0.0984606093208203,0.0984759947053246,-0.391,0.413,0.804,0.1658429332842996,0.1426262452175559,4.193915494143011,-0.00214052734375,0.1014759307885836,0.1014985043570532,-0.671,0.767,1.4380000000000002,1.2782668432554676,-0.0645099071765333,7.556761598124414,-0.003241259765625,0.0624279619746121,0.0625120484480541,-0.288,0.227,0.515,0.1373336541410399,-0.011326467858791,4.607111863158876,2nd_test,749,2004.02.17.15.22.39,0.0855202284997013,1
-0.00203291015625,0.1405208429926291,0.1405355472436155,-0.674,0.693,1.367,2.029423852596696,-0.0453170028682196,4.931136737908504,-0.00341669921875,0.0980981188022601,0.0981576015706055,-0.43,0.437,0.867,0.1637862078174983,0.119082687617894,4.452024020587038,-0.001352490234375,0.1000301303175088,0.1000392732939013,-0.63,0.652,1.282,1.3240758633182477,0.005208341106484,6.517440386417026,-0.002857373046875,0.0636847162613339,0.0637487856042421,-0.256,0.283,0.5389999999999999,0.1195389915468978,0.0164720190356512,4.439300251967916,2nd_test,750,2004.02.17.15.32.39,0.0860277525658005,1
-0.001759912109375,0.1395430759419887,0.1395541734739036,-0.696,0.745,1.4409999999999998,2.174915562196098,-0.0914008024227015,5.338428665008541,-0.000544775390625,0.0978864174926194,0.0978879334226932,-0.457,0.444,0.901,0.1845471187474952,0.1630930956445817,4.668604025196282,-0.00154697265625,0.1022224225523726,0.1022341273590917,-0.686,0.71,1.396,1.0545538708575428,-0.0211422215501813,6.944843354501563,-0.0033041015624999,0.0623743001806107,0.0624617515777155,-0.276,0.283,0.5589999999999999,0.0748764686896286,0.001298381003172,4.530772718458875,2nd_test,751,2004.02.17.15.42.39,0.0863106979526548,1
-0.0017565917968749,0.1350830223609948,0.1350944430571512,-0.652,0.701,1.353,2.2229778685297505,-0.0877227269969415,5.18896250749748,-0.0023259765625,0.0976280973871608,0.09765580149897,-0.469,0.422,0.891,0.1467274067430519,0.1436289528938397,4.802582056531927,-0.00238642578125,0.1006602010018884,0.1006884854079651,-0.635,0.652,1.287,1.0464703366135888,0.0366149591440889,6.475417694007216,-0.003003271484375,0.063327907483593,0.0633990812698368,-0.249,0.31,0.5589999999999999,0.1478548810501214,0.0075528569711984,4.889660761418604,2nd_test,752,2004.02.17.15.52.39,0.0850722734549292,1
-0.001325390625,0.1349648532078255,0.1349713608945199,-0.688,0.796,1.484,2.25379768583854,-0.1034686882208997,5.897547410936873,-0.001162646484375,0.0972911237220821,0.0972980703917252,-0.396,0.391,0.787,0.0290438454795372,0.1227087168116434,4.0699676612457045,-0.00160673828125,0.1010125409598138,0.1010253188020829,-0.747,0.959,1.706,1.2510617995827689,0.0749259682102069,9.492669870899078,-0.00272509765625,0.0632759011241752,0.0633345547099882,-0.298,0.269,0.567,0.1483408649451409,-0.0048285342216923,4.705172419066494,2nd_test,754,2004.02.17.16.12.39,0.0849987783336375,1
-0.0018705078124999,0.1318836357855794,0.1318968998403677,-0.854,0.605,1.459,2.279686743256488,-0.1824589126373735,6.47475415288081,-0.0018532714843749,0.0984832949232804,0.098500730932012,-0.408,0.449,0.857,0.1648741892675542,0.1535315691139669,4.558341808705503,-0.002184521484375,0.102694263246663,0.1027174952862978,-0.601,0.688,1.289,1.2271896431705018,0.0580210600905812,6.697982637482386,-0.00277255859375,0.0635683735371349,0.0636288079042229,-0.293,0.374,0.667,0.1525827692826404,0.0147382902225929,5.877840750326245,2nd_test,755,2004.02.17.16.22.39,0.0849145978923254,1
-0.0018416015624999,0.1285040365511332,0.128517231942841,-0.635,0.686,1.3210000000000002,1.9454752438008256,-0.1313684536038298,5.337805597149537,-0.001654443359375,0.0964970463581269,0.0965112280445745,-0.43,0.442,0.872,0.2033648445705083,0.1041330025561971,4.579778010816303,-0.00190869140625,0.1003960475804299,0.1004141895981651,-0.664,0.808,1.472,1.393695866259165,0.0410671963877771,8.046671523470803,-0.00301259765625,0.0621726280700985,0.0622455735436765,-0.256,0.266,0.522,0.0588706685177995,-0.017704563155009,4.273396240924333,2nd_test,756,2004.02.17.16.32.39,0.0825267785682074,1
-0.0017689453124999,0.1258799028202829,0.125892331385047,-0.676,0.588,1.264,1.997542800174501,-0.1075119819920067,5.369667815008173,-0.00162919921875,0.0964773471982186,0.0964911022452329,-0.374,0.471,0.845,0.1077010424042974,0.142861502844605,4.881279092429353,-0.001473193359375,0.1002764117530153,0.1002872327504073,-0.881,0.767,1.648,1.7706823377966892,-0.1013455790032288,8.784767271262021,-0.003150634765625,0.0620231403277882,0.0621031113193765,-0.242,0.225,0.4669999999999999,0.0373392946776598,-0.0111202221610742,3.8967451848197134,2nd_test,757,2004.02.17.16.42.39,0.0823648958949668,1
-0.0017800292968749,0.1257508600771994,0.1257634577866445,-0.649,0.703,1.352,1.909259789834607,-0.1225229509827468,5.589859028741377,-0.001528662109375,0.098370521155424,0.098382398020349,-0.562,0.579,1.141,0.2612405808351563,0.1012558179855743,5.885199097041289,-0.001723828125,0.0999653392011224,0.0999802011650306,-0.598,0.691,1.289,1.1119627774915015,0.0123988506105871,6.9113683703486535,-0.002614990234375,0.0626420250365798,0.0626965826390033,-0.239,0.227,0.4659999999999999,-0.0133943850698385,0.0124315181070571,3.812010000167168,2nd_test,758,2004.02.17.16.52.39,0.0833966812012942,1
-0.001952197265625,0.1227331479094297,0.1227486727827306,-0.681,0.64,1.3210000000000002,1.8499449241387067,-0.0786886758966911,5.5479214932111365,-0.0006163574218749,0.0958257973283114,0.0958277795322323,-0.408,0.42,0.828,0.1188119949998918,0.1313237555349973,4.382862694364605,-0.002130517578125,0.1013421138008031,0.1013645062867946,-0.698,0.72,1.418,1.6138612334598026,-0.0124408556730527,7.10307805333528,-0.0027776367187499,0.0617384080076669,0.0618008599378884,-0.278,0.293,0.571,0.1928549745780889,0.0090894134339972,4.741034352753864,2nd_test,760,2004.02.17.17.12.39,0.0818306071608801,1
-0.001862158203125,0.1204977145531385,0.1205121024864437,-0.662,0.903,1.565,1.8363394045741623,-0.0778795990452664,7.4930233674587505,-0.001732080078125,0.0976097456580596,0.0976251122858669,-0.347,0.466,0.813,0.0947636417356068,0.130990192221313,4.77336198734072,-0.0020020507812499,0.1011516743621332,0.1011714852791721,-0.706,0.745,1.451,1.2019791038299177,-0.0238360933066693,7.3637349292331375,-0.0029774414062499,0.0621814913781914,0.062252735099301,-0.261,0.254,0.515,0.0808626243569006,-0.0330288752889644,4.192586873162747,2nd_test,761,2004.02.17.17.22.39,0.0821728977773486,1
-0.0020005859375,0.1166460926784805,0.1166632473457258,-0.605,0.671,1.276,1.4947850896938135,-0.1193046837291084,5.75159714186399,-0.00175478515625,0.0979109973641197,0.0979267209487852,-0.388,0.408,0.796,0.106721826775372,0.1133561714813462,4.166380698167295,-0.0022714843749999,0.1047862371471219,0.1048108540978402,-0.557,0.854,1.411,1.184391766111852,0.0798426613807402,8.148011075214106,-0.00263857421875,0.0635414253127803,0.06359618545705,-0.281,0.256,0.537,0.0979082663343375,-0.0002383223532908,4.418504002655256,2nd_test,762,2004.02.17.17.32.39,0.0828889555328159,1
-0.001382373046875,0.1179150735990469,0.1179231764205381,-0.833,0.615,1.448,1.7735457066958284,-0.1091590982330408,7.063920980404118,-0.00240966796875,0.0970499898584764,0.0970799002433047,-0.386,0.432,0.8180000000000001,0.112255594032169,0.1147720982147319,4.449942767893846,-0.0026248046875,0.1016501340669122,0.1016840172075668,-0.613,0.63,1.243,1.232150476301138,-0.0092043710820388,6.195663952849049,-0.002625146484375,0.0613480828391967,0.0614042234875531,-0.269,0.315,0.5840000000000001,0.1001285059025005,-0.0085385806786413,5.129940289184206,2nd_test,763,2004.02.17.17.42.39,0.081732825913319,1
-0.0016829101562499,0.1124785732239689,0.1124911624132924,-0.583,0.579,1.162,1.552294876927517,-0.1629796665773571,5.182629350498447,-0.00199404296875,0.0965780062573191,0.0965985895342162,-0.388,0.457,0.845,0.0393028347271493,0.1124501602777351,4.730917937817246,-0.001163037109375,0.099254380073742,0.0992611939236105,-0.566,0.596,1.162,0.9496077116389312,0.0302404821280249,6.004360580758934,-0.00294609375,0.0600838348585017,0.0601560194800778,-0.239,0.271,0.51,0.0562842485185912,-0.0094745317582647,4.504952327925281,2nd_test,765,2004.02.17.18.02.39,0.0801013311220808,1
-0.002172265625,0.1110961977241939,0.1111174328659493,-0.603,0.596,1.1989999999999998,1.3866856891104478,-0.1641831282160322,5.426691244046513,-0.00147666015625,0.0966472228557057,0.0966585030451925,-0.383,0.457,0.8400000000000001,0.1345273573472658,0.1507654941596021,4.727985491163692,-0.00144296875,0.0990484831831059,0.0990589934316289,-0.581,0.769,1.35,1.166895038819944,0.0448338295496132,7.763050818025979,-0.002625830078125,0.0609830157483228,0.0610395215688931,-0.283,0.264,0.5469999999999999,0.0883074647999624,-0.0109172161792067,4.636340402438303,2nd_test,767,2004.02.17.18.22.39,0.0798764199856291,1
-0.001450927734375,0.1108580104043861,0.1108675049873017,-0.61,0.603,1.213,1.6093428330193849,-0.1888901687528788,5.502063026171325,-0.00152412109375,0.0969724711470236,0.0969844477504963,-0.386,0.442,0.8280000000000001,0.1675075156523475,0.1150341420649002,4.557431735163751,-0.0016626953125,0.1022827885948329,0.1022963019783095,-0.63,0.596,1.226,1.1287019058518464,0.0054915157397431,6.158580396458747,-0.003272509765625,0.0630008355455962,0.0630857717683581,-0.256,0.261,0.517,0.0646725009671014,-0.015667199211601,4.137224491034477,2nd_test,768,2004.02.17.18.32.39,0.0810672007548408,1
-0.001373095703125,0.1101633827867417,0.1101719397071147,-0.623,0.601,1.224,1.3689570075773425,-0.1317326690301738,5.654797416207357,-0.0017505371093749,0.0981025612516083,0.0981181782561054,-0.391,0.432,0.823,0.1228416672709049,0.1532009756145869,4.402853861269239,-0.001595556640625,0.103728263676467,0.1037405344420787,-0.71,0.71,1.42,1.0192467875779243,0.032838861031923,6.843997901221233,-0.0033063964843749,0.0611090950845595,0.0611984784105424,-0.308,0.322,0.63,0.1161822313671105,0.0010425688062489,5.261568724546407,2nd_test,769,2004.02.17.18.42.39,0.0814861986135097,1
-0.0017462890624999,0.110021218594035,0.1100350765274703,-0.547,0.549,1.096,1.273868225323242,-0.1547862477331709,4.989318109466234,-0.002189697265625,0.0976579864910919,0.0976825322133357,-0.439,0.54,0.979,0.1476536520101037,0.0918378825316606,5.528112219850403,-0.001715380859375,0.1004866488612624,0.1005012891999867,-0.515,0.747,1.262,1.2436479611945392,0.1444518776829745,7.432740474663142,-0.00265791015625,0.0610798934568082,0.0611376959910475,-0.239,0.244,0.483,0.0796146967899482,0.0341146969065313,3.990991090533379,2nd_test,770,2004.02.17.18.52.39,0.0803124689660006,1
-0.0012156738281249,0.107000054844626,0.1070069605194418,-0.557,0.544,1.101,1.2220807735566197,-0.1515965518399076,5.205268865604261,-0.00174306640625,0.0972404814427723,0.0972561026965339,-0.415,0.498,0.913,0.1449322048971737,0.113049165494768,5.120501296960027,-0.0017829101562499,0.1010282295448578,0.1010439604013706,-0.706,0.774,1.48,1.5060732675505486,-0.0109965604792109,7.660032296020743,-0.00297998046875,0.0623617932035482,0.0624329523181168,-0.269,0.276,0.545,0.161111870734997,0.022373877907531,4.420742408420264,2nd_test,771,2004.02.17.19.02.39,0.0799941374510147,1
-0.001424169921875,0.107275392680704,0.1072848457833893,-0.537,0.491,1.028,1.073305002899736,-0.1502087660987868,5.005366751229811,-0.001701025390625,0.0968895332794251,0.0969044640173216,-0.41,0.417,0.827,0.0731897445335465,0.1247755848831205,4.303207331306825,-0.0017304687499999,0.1002412013428374,0.100256136813414,-0.684,0.735,1.419,1.288714744315886,0.0065266667173165,7.331222041405521,-0.00301728515625,0.0618062575371994,0.0618798632874116,-0.344,0.293,0.637,0.1848205454723333,-0.0176662876160366,5.55915901747672,2nd_test,772,2004.02.17.19.12.39,0.0795645462119663,1
-0.002170556640625,0.1077959383216059,0.1078177890459901,-0.715,0.591,1.306,1.2331512796328292,-0.1398801368810436,6.631558728109164,-0.0024126953125,0.0978839150980527,0.0979136452880483,-0.422,0.498,0.92,0.2677698714920939,0.1490520444990033,5.08611438712007,-0.001882373046875,0.1011831365925012,0.1012006445581468,-0.679,0.723,1.402,1.4089283061430091,0.0815225834509771,7.144223271991531,-0.002723779296875,0.0604932332619321,0.0605545229040789,-0.261,0.288,0.5489999999999999,0.0873099871938363,0.0016610903907563,4.7560444073095685,2nd_test,773,2004.02.17.19.22.39,0.080415829148348,1
-0.001982861328125,0.1057184241478882,0.1057370178478633,-0.513,0.574,1.087,1.1528874123752004,-0.1133422140112855,5.428562405840257,-0.0012099609375,0.098167979532367,0.0981754358836134,-0.356,0.471,0.827,0.1469255397150379,0.1475156960686736,4.797534085344634,-0.0011434082031249,0.0997249835999442,0.0997315383232813,-0.613,0.83,1.443,1.135257256650955,-0.0131586179502156,8.322342299596542,-0.003121875,0.0604407484423019,0.0605213200102348,-0.237,0.288,0.5249999999999999,0.0456145602126194,0.0123626660886406,4.758653643815722,2nd_test,774,2004.02.17.19.32.39,0.079381224147967,1
-0.001585400390625,0.1038405047253576,0.1038526066885931,-0.647,0.522,1.169,0.9432393234140064,-0.1403092427573264,6.229983248603758,-0.001413916015625,0.0995526159940881,0.0995626562008347,-0.388,0.527,0.915,0.2049736244365907,0.1645588598726818,5.293149260016309,-0.001912451171875,0.1031023786801234,0.1031201142308539,-0.601,0.671,1.272,1.2060670541279297,0.0292969220055011,6.5069749485666,-0.002832275390625,0.0606957081480728,0.0607617541837328,-0.271,0.232,0.503,0.0881395871055552,-0.0101887716190105,4.460042400620689,2nd_test,775,2004.02.17.19.42.39,0.0809615924314459,1
-0.001611572265625,0.1052851932924546,0.1052975265226913,-0.513,0.53,1.043,0.8799226510924183,-0.1383967775232865,5.033356599129166,-0.0015912109375,0.0987987808752713,0.098811593726078,-0.405,0.459,0.8640000000000001,0.1391556020157724,0.1372300404048062,4.64520389447192,-0.0018055175781249,0.1050164315585456,0.1050319512863377,-0.835,0.664,1.499,1.2177241443061415,-0.0542571556012176,7.949961795108194,-0.00255751953125,0.0610383525381052,0.0610919093392795,-0.273,0.242,0.515,0.1917828582938976,0.0133562480580337,4.468676833775169,2nd_test,777,2004.02.17.20.02.39,0.0813721614849487,1
-0.0022591796875,0.1042221458110131,0.1042466285800768,-0.491,0.518,1.009,1.0331776509628554,-0.0998853991377256,4.968985635800492,-0.0013041503906249,0.0974427016249126,0.0974514284564527,-0.447,0.5,0.947,0.116150472440105,0.1087073342999753,5.130761117763398,-0.001387939453125,0.1019654235448656,0.1019748693287193,-0.762,0.825,1.587,2.025430898022223,-0.044040752500924,8.090228557513473,-0.00309296875,0.0615667610309554,0.0616444037973541,-0.295,0.269,0.5640000000000001,0.1682750617593704,0.019604348066733,4.785511446667219,2nd_test,778,2004.02.17.20.12.39,0.0796708204163693,1
-0.0018998046875,0.0993062415426988,0.0993244122418426,-0.532,0.483,1.015,0.7717927254108252,-0.1187097113345476,5.356185735076788,-0.001962890625,0.0971577672055252,0.0971775934460652,-0.383,0.437,0.8200000000000001,-0.0029268688755994,0.1244046899124478,4.496921404398054,-0.001481396484375,0.1009539032027883,0.1009647716157565,-0.688,0.576,1.2639999999999998,1.1741823810166885,-0.0873555412029977,6.814257973182169,-0.0033141113281249,0.0603012280277248,0.0603922299269274,-0.291,0.259,0.55,0.0751566966445302,-0.0034466082088276,4.818500663864896,2nd_test,781,2004.02.17.20.42.39,0.0787239218637652,0
-0.001654345703125,0.102757739052669,0.1027710552389235,-0.542,0.488,1.03,0.9268405707904264,-0.074357899818457,5.273858468560794,-0.00120927734375,0.0985714012500565,0.0985788186990174,-0.378,0.435,0.813,0.1040239860975669,0.0923198570524855,4.412712646960569,-0.00111064453125,0.1002645244698378,0.1002706756656077,-0.498,0.671,1.169,0.9611050070039986,0.0960841915612456,6.691886691090257,-0.002234326171875,0.0612437841507572,0.0612845274971331,-0.251,0.242,0.493,0.1347643796283804,0.0440497081923722,4.095650407154494,2nd_test,782,2004.02.17.20.52.39,0.0794758131420949,1
-0.0013151855468749,0.1015019652474111,0.1015104854786409,-0.693,0.615,1.3079999999999998,0.9667239500366184,-0.111147378854002,6.826880954470352,-0.0013520507812499,0.0995785341260099,0.0995877125954803,-0.544,0.422,0.966,0.1642723969756563,0.1299709409923247,5.462521287181628,-0.0013375,0.1004457164498566,0.1004546208960792,-0.75,0.837,1.587,1.4500884463333037,0.0607236837281622,8.332120439313071,-0.0028059082031249,0.060210485082926,0.0602758296066145,-0.232,0.364,0.596,0.2014374528718181,0.0214593250427815,6.038904854061383,2nd_test,783,2004.02.17.21.02.39,0.0800661535467716,1
-0.001916259765625,0.1004828410087141,0.1005011113802821,-0.483,0.483,0.966,0.6652145802848772,-0.1207717006506048,4.805917002923377,-0.001475390625,0.097508466578728,0.0975196279321821,-0.469,0.425,0.8939999999999999,0.1549883604599431,0.0928042151014101,4.809288242171577,-0.00140009765625,0.1009535406178095,0.1009632489409822,-0.698,0.703,1.4009999999999998,1.2764743192333663,-0.0101582869707881,6.962929653779006,-0.002817919921875,0.0603627486693844,0.0604284874840449,-0.308,0.256,0.5640000000000001,0.116678919565579,-0.0267982501645397,5.096933794284112,2nd_test,784,2004.02.17.21.12.39,0.0787314642597292,0
-0.001831787109375,0.0993630224470554,0.099379905784963,-0.471,0.4,0.871,0.7488124696956069,-0.1101675817646051,4.739388674954114,-0.0012396484375,0.0982562746002203,0.0982640942896361,-0.381,0.454,0.835,0.0885566743291423,0.0981820056952821,4.620202356490482,-0.001524560546875,0.1021280980936051,0.1021394767221671,-0.701,0.581,1.282,0.95732830583075,-0.0283296778165931,6.863164199479396,-0.003256396484375,0.0606893797428938,0.0607766808211885,-0.251,0.32,0.571,0.0990279423601188,-0.016399906792085,5.265177296144371,2nd_test,785,2004.02.17.21.22.39,0.0799245111457561,1
-0.002060205078125,0.1025864214483717,0.1026071065304293,-0.535,0.486,1.021,0.8222244311026881,-0.0699468672030448,5.214063802063509,-0.001054150390625,0.0986413209689571,0.0986469535036276,-0.422,0.43,0.852,0.1700693692860597,0.1117560297365762,4.35897901276625,-0.001273828125,0.102430884274784,0.1024388046172262,-0.715,0.752,1.467,0.973405527573385,0.0316059119721756,7.3409681302177345,-0.00298447265625,0.0603422178494903,0.0604159774565573,-0.244,0.239,0.483,0.0585149476580801,0.0496538641933421,4.038666761146281,2nd_test,786,2004.02.17.21.32.39,0.0802754416762428,1
-0.001567578125,0.1000000596854985,0.1000123454293581,-0.542,0.376,0.918,0.6527158309279764,-0.1563396856453402,5.419330960270424,-0.001964404296875,0.0982863480024008,0.0983059768675873,-0.486,0.449,0.935,0.0550091390010405,0.1253980236310017,4.943748238722767,-0.001088623046875,0.1010508472886419,0.1010567109987784,-0.767,0.649,1.416,1.1275785247544334,0.0158429071890103,7.589797772081477,-0.00292041015625,0.0592449225922084,0.0593168580459004,-0.247,0.291,0.538,0.0741170872187026,0.0255916600479699,4.905856607744012,2nd_test,787,2004.02.17.21.42.39,0.0792181500233877,0
-0.00192919921875,0.1027480462241223,0.1027661559682953,-0.518,0.474,0.992,0.6411511578676281,-0.06649134295298,5.040569972810593,-0.0018091796874999,0.0989818382849327,0.0989983709027893,-0.535,0.444,0.979,0.0652204267645997,0.0897488018947547,5.404129331784003,-0.000686279296875,0.1004839771082549,0.1004863206350278,-0.583,0.601,1.184,0.9088956483277792,0.0140588562553448,5.980913583022767,-0.0031723144531249,0.0604421828356022,0.0605253752150441,-0.264,0.239,0.503,0.0517844237913873,-0.0156521870832219,4.361806912516566,2nd_test,788,2004.02.17.21.52.39,0.0792441936072626,0
-0.00193212890625,0.1006987098186448,0.1007172442099663,-0.5,0.481,0.981,0.8693732490038779,-0.0430382926913859,4.964393177326021,-0.001250390625,0.0989838622216579,0.0989917595410408,-0.442,0.518,0.96,0.1711091781393143,0.1180438018439193,5.232758791200296,-0.0018689453124999,0.1051874898454249,0.1052040920143437,-0.664,0.688,1.352,0.9084041716740529,0.0330429105441407,6.539669577678186,-0.00334208984375,0.0603194245209518,0.0604119403682955,-0.259,0.264,0.523,0.1052811373854734,0.0091783872378888,4.369997030159592,2nd_test,790,2004.02.17.22.12.39,0.0808247838416406,1
-0.00140625,0.1027459715413151,0.1027555945291118,-0.608,0.52,1.128,0.7643725473661331,-0.0660021495477077,5.916952773036892,-0.00198544921875,0.0972764850021243,0.0972967447706692,-0.522,0.408,0.93,0.1633589650850071,0.101263317909654,5.365030466589623,-0.0022381347656249,0.1002768637091778,0.1003018376829563,-0.627,0.581,1.208,1.211267602730654,0.0731664020534233,6.251131728768822,-0.002767724609375,0.0601009242605389,0.0601646191418542,-0.242,0.281,0.523,0.0501951973183092,-0.0631711330699423,4.67051905261457,2nd_test,792,2004.02.17.22.32.39,0.0790610766154367,0
-0.001723974609375,0.103232814528766,0.1032472086014163,-0.53,0.439,0.969,0.8305410434162077,-0.0761693616457563,5.1333106935696495,-0.0015669921875,0.0977192941718935,0.0977318572317581,-0.378,0.388,0.766,0.0762256337342601,0.1125675557037205,3.970046318427568,-0.00153828125,0.1001190024312425,0.1001308192168188,-0.71,0.737,1.447,1.48573608183154,0.0061928529361083,7.360371219941511,-0.002804150390625,0.0600654141491997,0.060130834322568,-0.232,0.271,0.503,0.0107434155453121,0.0358460480388768,4.506839179076262,2nd_test,793,2004.02.17.22.42.39,0.0792879118385114,1
-0.0017345703125,0.1047246461905565,0.1047390101820054,-0.559,0.466,1.025,0.8673107336548807,-0.0474128874591128,5.337075450906839,-0.001671044921875,0.097475749896338,0.0974900723611608,-0.518,0.486,1.004,0.1823057311897327,0.0977447283267472,5.313361529527936,-0.0013359374999999,0.1018429001263826,0.1018516619165158,-0.701,0.654,1.355,0.9886892705428508,0.0839837981316744,6.882558289207903,-0.003310400390625,0.0611576942314446,0.0612472229121706,-0.273,0.273,0.546,0.0695627491527575,0.0065286780073399,4.457344954023927,2nd_test,794,2004.02.17.22.52.39,0.0797418488865906,1
-0.001966845703125,0.1054420652557695,0.1054604077719305,-0.535,0.513,1.048,1.0399953829715909,-0.0040606152555797,5.0729938495204925,-0.001433544921875,0.0982897257758795,0.0983001792681001,-0.437,0.632,1.069,0.1788084337959898,0.1188956907587222,6.429286342091789,-0.00206845703125,0.1021421325189065,0.1021630742979086,-0.586,0.735,1.321,1.0803685021134806,-0.0034508353419424,7.194380210696651,-0.002832373046875,0.0606618064562267,0.0607278939171232,-0.283,0.256,0.5389999999999999,0.0997795691092973,0.0113441686509139,4.660131971340164,2nd_test,795,2004.02.17.23.02.39,0.0802864274420236,1
-0.0018165039062499,0.1041603515219854,0.1041761897730234,-0.527,0.557,1.084,0.9779203766262876,-0.0332286028097886,5.346711193874832,-0.00210244140625,0.097278581485929,0.0973012984280335,-0.471,0.447,0.918,0.0469643019082877,0.0698544518240968,4.84063427317491,-0.002014404296875,0.1020610730607566,0.1020809505195968,-0.708,0.632,1.34,1.1184627584878897,-0.0433196878378025,6.9356720954233975,-0.002442041015625,0.0602250252968492,0.0602745156457364,-0.264,0.269,0.533,0.1703081535142061,0.0343023042879817,4.4629143364101855,2nd_test,796,2004.02.17.23.12.39,0.0793378458086585,1
-0.00155751953125,0.1051178255025213,0.1051293636690946,-0.547,0.525,1.072,0.8677298220452299,-0.0079142635665198,5.203113391959026,-0.001356201171875,0.098444592629513,0.0984539338960581,-0.435,0.442,0.877,0.1819856794003014,0.121381692079772,4.48940923439533,-0.0009442382812499,0.0999606461431171,0.0999651057283552,-0.718,0.874,1.592,1.6436138386301238,0.0756936797099794,8.743050823817068,-0.0030235839843749,0.0604146510296141,0.0604902646641641,-0.269,0.278,0.547,0.1961904498561502,-0.0166517598705925,4.595780850667992,2nd_test,797,2004.02.17.23.22.39,0.0796708247815905,1
-0.0017381347656249,0.1030165311694057,0.1030311933670605,-0.493,0.632,1.125,0.9835885532070135,-0.0106392795603171,6.134064639456254,-0.00183583984375,0.0964935787850963,0.0965110411024951,-0.371,0.513,0.884,0.1320347421721601,0.0934365909069603,5.315454005411428,-0.0018375488281249,0.0999767317961153,0.0999936172279417,-0.549,0.718,1.267,1.0710306847282771,0.0958817147642037,7.180458312215003,-0.002936767578125,0.0600420609059407,0.0601138393520213,-0.332,0.249,0.581,0.1536915865570391,-0.0042854315109876,5.522854696575188,2nd_test,798,2004.02.17.23.32.39,0.0789712055856874,0
-0.002063427734375,0.1061336133244936,0.1061536697968003,-0.586,0.493,1.079,0.9646319369650572,-0.0099011105853493,5.520299026083625,-0.000841943359375,0.0975018062159054,0.0975054413044952,-0.437,0.427,0.864,0.0743468461183214,0.0694704108902813,4.481801160520169,-0.001649755859375,0.1043031884088165,0.1043162346264502,-0.732,0.576,1.3079999999999998,0.9353785522768528,-0.0420775173107866,7.017124444859688,-0.0032099609375,0.0600372081764589,0.0601229591324624,-0.281,0.264,0.545,0.1112575674239946,-0.0246074298261174,4.673755318267506,2nd_test,799,2004.02.17.23.42.39,0.0808820436151117,1
-0.001682861328125,0.106231800183977,0.1062451287945858,-0.486,0.535,1.021,1.0616526237676327,-0.0162953337348556,5.035524979496545,-0.0017930175781249,0.0985353698991771,0.0985516820414706,-0.422,0.537,0.959,0.124852925317846,0.102973436810042,5.448917652857321,-0.001303857421875,0.1030490970892105,0.1030573454688122,-0.793,0.771,1.564,1.3832651039394823,-0.046366343460538,7.694745060479815,-0.0033016601562499,0.0595082716248349,0.0595997932174474,-0.234,0.239,0.473,0.1111685404134252,-0.0190305093737949,4.0100810270265175,2nd_test,801,2004.02.18.00.02.39,0.0805448873493153,1
-0.002316162109375,0.1063443018669428,0.1063695216990486,-0.527,0.486,1.013,0.943261495800948,0.0236950137340241,4.954426715258598,-0.001064404296875,0.0978240548413434,0.0978298454568409,-0.454,0.435,0.889,0.1460927035430201,0.0611099540564359,4.640710591694107,-0.001281494140625,0.102498335587258,0.102506346268856,-0.601,0.825,1.426,1.4901047356789006,0.0666257227929911,8.048282179799113,-0.002288818359375,0.0605129847246309,0.060556254918593,-0.273,0.229,0.502,0.1559679786571006,-0.002034495042198,4.50820481488644,2nd_test,802,2004.02.18.00.12.39,0.0805125111458439,1
-0.002109326171875,0.1088936179498597,0.1089140454078783,-0.645,0.481,1.126,1.0071678875967942,0.0431058963273918,5.922101209064279,-0.001481884765625,0.0976725259634882,0.097683766873247,-0.444,0.461,0.905,0.14570868917981,0.1259002626442729,4.71931022677972,-0.0012059082031249,0.1016806746818932,0.1016878253202386,-0.637,0.696,1.333,0.9174404472216628,0.0185666840439404,6.844477181032135,-0.002942138671875,0.0608425215088188,0.0609136159123362,-0.266,0.254,0.52,0.0987919461089892,0.0604806311126288,4.366839761711843,2nd_test,804,2004.02.18.00.32.39,0.080875560062503,1
-0.002089306640625,0.1074060371638662,0.1074263562701648,-0.537,0.508,1.045,0.9072687402430022,0.0268968887342603,4.998773286552777,-0.001608984375,0.0974317030294477,0.0974449874849266,-0.408,0.518,0.926,0.0823115217734562,0.1072703819941695,5.315819862718046,-0.001715966796875,0.1005102637742417,0.1005249106739997,-0.73,0.713,1.443,1.3870717507708674,-0.0115664371122822,7.261881608232545,-0.003115966796875,0.0595567389572132,0.059638195850452,-0.244,0.264,0.508,0.0815248169551501,0.0193225449184822,4.426693266469298,2nd_test,805,2004.02.18.00.42.39,0.0797158418192758,1
-0.0015421874999999,0.1087161049795916,0.10872704274567,-0.54,0.554,1.094,1.060751117656622,0.0806678389726326,5.095328503423013,-0.000961962890625,0.0981821149882652,0.0981868274065919,-0.417,0.442,0.859,0.1267719210186935,0.1424171601783825,4.501622179573793,-0.001669482421875,0.1007905789593386,0.1008044045591045,-0.908,0.662,1.57,1.617073393103869,-0.0241857406523058,9.007542914046036,-0.003156005859375,0.0601026435506893,0.0601854478654568,-0.256,0.264,0.52,0.2265745743061837,0.0564000654755066,4.3864423936128105,2nd_test,806,2004.02.18.00.52.39,0.080587734902088,1
-0.002250927734375,0.1085366498895948,0.1085599882319534,-0.508,0.459,0.967,0.8935671532086928,-0.0036356697877891,4.679440448260809,-0.00143828125,0.0968597240948651,0.0968704021086291,-0.396,0.439,0.835,0.1157988124871551,0.1073017573595053,4.531827993272698,-0.00087919921875,0.1018251994695566,0.1018289950764577,-0.857,0.857,1.714,1.7992887763221015,-0.0623324373569306,8.41607048511193,-0.002969873046875,0.0593002466974828,0.0593745686661964,-0.237,0.242,0.479,0.0914674540874664,0.0299626593051667,4.0758190826858405,2nd_test,809,2004.02.18.01.22.39,0.0801014542193757,1
-0.001853466796875,0.1096987287819679,0.109714385727428,-0.5,0.481,0.981,0.8486574602590657,-0.006496539322708,4.557287512301544,-0.0010475585937499,0.097180467912276,0.0971861138365777,-0.437,0.457,0.894,0.1461206234340863,0.1098134850172573,4.702317871910807,-0.00042412109375,0.1010126544140217,0.1010135447871657,-0.642,0.911,1.553,1.676000732176803,0.0848406312408387,9.018592525491966,-0.0031750976562499,0.0591638284648929,0.059248964917119,-0.278,0.261,0.539,-0.0060579481528417,0.045824703226908,4.692065091503133,2nd_test,810,2004.02.18.01.32.39,0.0801509938340111,1
-0.001722412109375,0.1102016849812077,0.1102151444955359,-0.505,0.508,1.013,0.906351215034003,0.0320043006859681,4.609166937271186,-0.001896435546875,0.0962689691483627,0.0962876466047014,-0.396,0.51,0.906,0.0743912895353671,0.1220329462395471,5.296629609075953,-0.002012109375,0.1013084430568994,0.1013284225612438,-0.771,0.645,1.416,1.2280292793116114,-0.0043279659649052,7.60892137175422,-0.00292861328125,0.0586520566697591,0.0587251268823129,-0.256,0.254,0.51,0.1880916937259149,0.0213785560833628,4.359292411724766,2nd_test,811,2004.02.18.01.42.39,0.0798536728238981,1
-0.002813916015625,0.1087509769698248,0.1087873757162768,-0.542,0.461,1.003,0.832382817194703,-0.0315173082519195,4.982195741246505,-0.001699072265625,0.0969586539978603,0.0969735398530992,-0.398,0.41,0.808,0.073318565581959,0.1120126862356238,4.227957447122814,-0.0015412109375,0.1016745764341552,0.1016862568109316,-0.649,1.001,1.65,1.76232141845514,0.101723836977669,9.844004798518103,-0.0030228515625,0.0591124488302789,0.0591896886144981,-0.303,0.244,0.5469999999999999,0.0863550586368742,0.0236905704413369,5.119134887975454,2nd_test,813,2004.02.18.02.02.39,0.0801406771751266,1
-0.001585400390625,0.1094436821485919,0.1094551645955576,-0.505,0.471,0.976,0.8226663722894187,0.0212237840280901,4.613761277152947,-0.0022082031249999,0.097583368359393,0.0976083497524994,-0.522,0.439,0.961,0.0930785097380613,0.0937595920666894,5.347903138596865,-0.001647802734375,0.1037652936302124,0.1037783764375586,-0.547,0.859,1.406,1.237084978530329,0.1009218708761427,8.277254178365045,-0.0030193359375,0.0596459133359865,0.0597222853479963,-0.256,0.239,0.495,0.1021793862177591,0.0221608061364134,4.286507097041325,2nd_test,814,2004.02.18.02.12.39,0.0811892704849505,1
-0.002318017578125,0.1102007272246223,0.1102251037029592,-0.535,0.488,1.023,0.8273301046767609,0.0081091216609612,4.853703757330036,-0.0018154785156249,0.0970287529100262,0.0970457358852805,-0.439,0.413,0.852,0.0743958511390143,0.1344379368361498,4.523640281469203,-0.0019621582031249,0.1025163034082032,0.1025350795059762,-0.664,0.603,1.267,0.9811456835647618,0.0332502588491087,6.47583249745101,-0.002784814453125,0.0594206496707145,0.0594858705814088,-0.247,0.222,0.469,0.0450936174279195,0.0267708919943732,4.152246534877859,2nd_test,815,2004.02.18.02.22.39,0.0807300686741282,1
-0.001716650390625,0.110058975827801,0.1100723627838892,-0.61,0.532,1.142,0.9088525634526534,-0.0081605627871187,5.541808902495377,-0.00150986328125,0.0996241045500695,0.099635545336648,-0.435,0.457,0.892,0.1375769579042782,0.1019462163205985,4.586716502140919,-0.0021416015625,0.1028617609369973,0.1028840527988303,-0.703,0.762,1.465,1.2774813377562817,-0.0050800102386009,7.406395639201111,-0.002819140625,0.0594012310876653,0.0594680906755358,-0.237,0.215,0.4519999999999999,0.048715230838257,0.000485351805196,3.9853305748306544,2nd_test,816,2004.02.18.02.32.39,0.0821192932571629,1
-0.0021333984375,0.1104703778070194,0.1104909759288909,-0.537,0.581,1.118,0.8800067254017039,0.0049617572680954,5.25834797919296,-0.00090224609375,0.0988910904399004,0.0988952062357233,-0.469,0.427,0.8959999999999999,0.1149727038919694,0.1093412035975369,4.742393669490559,-0.00155615234375,0.1021569108997063,0.1021687626169931,-0.566,0.837,1.403,1.2439041242492648,0.0333460349959282,8.192327855917421,-0.003055517578125,0.0608682041399316,0.0609448477140654,-0.256,0.239,0.495,0.0823004150848492,-0.0475883220273811,4.200519151296811,2nd_test,817,2004.02.18.02.42.39,0.081831814462096,1
-0.00189833984375,0.1110661341255183,0.1110823561316107,-0.564,0.564,1.128,0.9103188476473094,0.0062913692229055,5.077313982489654,-0.00196337890625,0.0978710119852681,0.0978907035614209,-0.386,0.466,0.8520000000000001,0.2024233437654561,0.14306297874056,4.760411183507844,-0.002415576171875,0.1006412520918596,0.1006702370656758,-0.635,0.681,1.316,1.1381168946637112,0.0274359477051241,6.764660736310381,-0.0032574218749999,0.058947002180005,0.0590369364320443,-0.261,0.288,0.5489999999999999,0.1498474489157684,0.0259221739529543,4.878301914033593,2nd_test,818,2004.02.18.02.52.39,0.0808468358231214,1
-0.0020310546875,0.1117925215891592,0.1118109702417712,-0.527,0.491,1.018,0.7821177360607572,-0.0330659868714664,4.713312109319358,-0.001493603515625,0.0988712692786559,0.0988825502312434,-0.425,0.42,0.845,0.0733068238682541,0.068832283518987,4.298028307338466,-0.001739794921875,0.1029521658607855,0.1029668652615824,-0.706,0.908,1.614,1.470107425020358,0.0669851719936251,8.818370819432548,-0.00291474609375,0.0601798156547543,0.0602503606381841,-0.273,0.242,0.515,0.0638326754322333,0.0039836365076255,4.531093210128488,2nd_test,819,2004.02.18.03.02.39,0.0819383017789663,1
-0.001701220703125,0.1137658343995897,0.1137785534646825,-0.657,0.618,1.275,1.0525077600426584,0.0703481234274203,5.774374695299337,-0.0002932617187499,0.0987170907065454,0.0987175263061225,-0.41,0.537,0.947,0.0987673656982726,0.1109426712276914,5.439763536307888,-0.001647900390625,0.1011671232015653,0.1011805435475522,-0.547,0.847,1.394,1.1407194033479158,0.0723359682397023,8.371174637874526,-0.0027470703124999,0.0603342026303649,0.0603967085389903,-0.256,0.31,0.5660000000000001,0.1468595429706254,-0.0104628115685943,5.13273003602076,2nd_test,820,2004.02.18.03.12.39,0.0815616385263742,1
-0.0015712890625,0.1112020279114529,0.1112131285457679,-0.542,0.62,1.162,1.0037087771263522,-0.0532524154474617,5.574881384073953,-0.002048779296875,0.0981231165895787,0.098144503187185,-0.479,0.479,0.958,0.211735851877763,0.1015976427718627,4.880558609396105,-0.001895556640625,0.1007230208710082,0.1007408560037057,-0.642,0.618,1.26,0.9153770750013566,-0.0888980566262076,6.372786826131508,-0.00276396484375,0.0601180743339618,0.0601815782717705,-0.259,0.269,0.528,0.0761965169825922,0.0430424915293933,4.469806338091837,2nd_test,821,2004.02.18.03.22.39,0.0808028731546825,1
-0.0021709960937499,0.1375897241298098,0.1376068508837995,-0.613,0.657,1.27,1.4340807064842034,0.0117234814727644,4.774471588991025,-0.001393994140625,0.0989536393829594,0.098963457734645,-0.464,0.43,0.894,0.1317608726686669,0.0798247364664063,4.688599313490586,-0.00062685546875,0.1035826687204599,0.1035845654865204,-0.637,0.959,1.596,1.2361065543629408,0.0104482347060383,9.25813605035141,-0.00289423828125,0.060810833465778,0.0608796688725493,-0.256,0.254,0.51,0.1408120774767662,0.0055311359952921,4.205016300790453,2nd_test,823,2004.02.18.03.42.39,0.0858061706229409,1
-0.0020646972656249,0.1371449676515855,0.137160508627495,-0.693,0.627,1.3199999999999998,1.427736582798958,-0.0752848815927722,5.052474702299476,-0.000916552734375,0.0995902911593017,0.0995945086945529,-0.442,0.383,0.825,0.0386560598044818,0.104246733968536,4.437995686600903,-0.000978515625,0.1036699169810564,0.1036745348660291,-0.581,0.693,1.274,1.0778583001277786,-0.0604880439612067,6.684380121780411,-0.0029408203125,0.0616266172590694,0.0616967452861676,-0.269,0.251,0.52,0.0998923474806887,-0.0287058664857151,4.360035505081165,2nd_test,824,2004.02.18.03.52.39,0.0871481259454429,1
-0.00162255859375,0.1358158669872001,0.1358255587946355,-0.737,0.691,1.428,1.5253678310169114,0.0082395400658821,5.426077437376107,-0.0008570800781249,0.1001358185755055,0.1001394864578747,-0.432,0.432,0.864,0.0767287671447629,0.1026540628055528,4.3139825784648265,-0.00119189453125,0.1043455777801346,0.1043523848066911,-0.627,0.754,1.381,1.0518326296549354,0.030514712305132,7.225517666793441,-0.00300458984375,0.062470685925697,0.0625428985589591,-0.283,0.244,0.5269999999999999,0.1539375124899429,0.0060155871008761,4.524894216866065,2nd_test,825,2004.02.18.04.02.39,0.0871663867883083,1
-0.0017740234375,0.141271784510056,0.1412829227394892,-0.713,0.625,1.338,1.3180243004515324,-0.0611720115624628,5.046611339642581,-0.00167421875,0.1022973249635695,0.1023110243479411,-0.53,0.493,1.023,0.2493025137888755,0.1162454702827502,5.180282412112173,-0.0014796875,0.1041298425002222,0.1041403551665671,-0.591,0.61,1.201,0.8957164410947862,0.0387364168566102,5.857479543050133,-0.0029726562499999,0.0615175941421483,0.0615893746860507,-0.269,0.288,0.5569999999999999,0.1497438247599292,-0.0144673044500466,4.67613125581144,2nd_test,826,2004.02.18.04.12.39,0.0882351124320394,1
-0.001969189453125,0.1392300597886716,0.1392439846307889,-0.596,0.774,1.37,1.6541833883366015,-0.0380744474049968,5.558588416201489,-0.0013788574218749,0.0988321783865559,0.0988417964852009,-0.4,0.459,0.859,0.104396333263117,0.1323572083128255,4.64378447496227,-0.001590576171875,0.102913052553118,0.1029253434211388,-0.591,0.586,1.177,0.7743705611191114,-0.0088993646628817,5.742026019539886,-0.0030323242187499,0.0609967206635519,0.0610720469762967,-0.288,0.293,0.581,0.1815473211736531,0.0440103741452554,4.797612238360395,2nd_test,827,2004.02.18.04.22.39,0.08692320111558,1
-0.002134130859375,0.1414760484750535,0.1414921439749946,-0.64,0.652,1.292,1.3526310858658794,-0.0040101830363458,4.608029687574861,-0.0015589355468749,0.1014685394363756,0.1014805142645159,-0.386,0.479,0.865,0.1262912600527017,0.1452197617127146,4.720117979957545,-0.00019150390625,0.104971849119199,0.1049720238027732,-0.742,0.618,1.36,1.24128194887959,-0.0104942728810482,7.06855001087755,-0.002891357421875,0.0622825989529747,0.0623496758618529,-0.251,0.298,0.5489999999999999,0.1506043371472074,-0.0057767183597856,4.7794955767772365,2nd_test,828,2004.02.18.04.32.39,0.0883204501001245,1
-0.0022471191406249,0.1454441561396579,0.1454615141527455,-0.789,0.718,1.507,1.4379920350952462,-0.03334219160927,5.424115131690893,-0.001521826171875,0.0994738394677815,0.0994854798116759,-0.547,0.425,0.972,0.1437562700705279,0.1229971630317174,5.49828981103536,-0.0014641601562499,0.104857332320095,0.1048675541158942,-0.681,0.798,1.479,1.136607179992562,0.0136136712821905,7.609598666814352,-0.002862353515625,0.0631027710608235,0.0631676561477717,-0.247,0.303,0.55,0.222232828135819,0.0188725103962936,4.796758633664954,2nd_test,829,2004.02.18.04.42.39,0.0880267287755491,1
-0.00166953125,0.1422563005571906,0.1422660970955923,-0.669,0.635,1.304,1.4857916003122569,-0.0529089364161842,4.702455564981015,-0.001076953125,0.1011236013504837,0.1011293358928308,-0.398,0.491,0.889,0.0574472177371001,0.1050647667285679,4.855168835633107,-0.0013169921875,0.1052719386110173,0.1052801763265228,-0.71,0.579,1.289,0.8441526240555257,-0.0098782473708587,6.743909677651139,-0.0025402832031249,0.061733106228403,0.0617853497470021,-0.337,0.256,0.593,0.1918214527205921,-0.0043056540397625,5.45436744105988,2nd_test,830,2004.02.18.04.52.39,0.0881815987060418,1
-0.00187568359375,0.1484733209229856,0.1484851683328801,-0.693,0.671,1.364,1.6212744292805032,-0.0914119430666453,4.66713280374062,-0.001084521484375,0.1002574763161857,0.1002633419757222,-0.425,0.408,0.833,0.1169125952771867,0.1574380885306763,4.238837361901128,-0.00173935546875,0.1026303298420638,0.1026450678841292,-0.781,0.659,1.44,0.9687330804249584,-0.0289864468778714,7.608743567435915,-0.0032818847656249,0.0626143211014423,0.0627002709293139,-0.261,0.344,0.605,0.1415711304344955,0.0487819184804824,5.486419674044578,2nd_test,831,2004.02.18.05.02.39,0.0887676232173187,1
-0.0019019042968749,0.1473289308437455,0.1473412064003672,-0.674,0.72,1.394,1.7901524761320955,-0.0295417124789981,4.886616701363718,-0.0012394531249999,0.1011761690019921,0.1011837606435378,-0.488,0.698,1.186,0.2823647850121591,0.149761626663353,6.898340164012079,-0.00152119140625,0.1039664160400153,0.1039775441501673,-0.75,0.771,1.521,1.2164934405989527,-0.0347367083385399,7.415062610818011,-0.00228828125,0.0626445554810703,0.0626863347349324,-0.3,0.349,0.649,0.1654347534807487,0.0297258708994899,5.567401595103143,2nd_test,832,2004.02.18.05.12.39,0.0892400487994094,1
-0.0020749999999999,0.1501929853607101,0.1502073183189238,-0.693,0.698,1.391,1.604501405928647,-0.0267674576917511,4.646910735157008,-0.00100595703125,0.1000738295021856,0.1000788853893829,-0.447,0.457,0.904,0.1176705791549164,0.1039519137392436,4.566397779285372,-0.001468408203125,0.1030838846920718,0.1030943427442038,-0.752,1.008,1.76,1.6471158794685792,0.051716079440439,9.777452119669237,-0.00292958984375,0.0627908437747188,0.0628591485672034,-0.276,0.242,0.518,0.1378132826180924,-0.0197908221659959,4.390768985687653,2nd_test,833,2004.02.18.05.22.39,0.0890483379891833,1
-0.0016179199218749,0.1564177176776524,0.1564260849997831,-0.742,0.818,1.56,2.043003855422814,-0.0602316637733575,5.22930686397927,-0.0018119140625,0.1007094539547684,0.1007257521611901,-0.464,0.464,0.928,0.0675797474151456,0.1372481792546955,4.6065677350600485,-0.0014977539062499,0.1044126774942466,0.1044234192520109,-0.693,0.818,1.511,1.2014706697801405,-0.0524428885806091,7.833491814877664,-0.0029826171875,0.0629275508101406,0.0629981956586853,-0.251,0.244,0.495,0.1843564579445074,-0.0377957727827636,3.9842410940766566,2nd_test,836,2004.02.18.05.52.39,0.0901435602260463,1
-0.0012828125,0.1585456721999684,0.1585508618117542,-0.769,0.745,1.514,1.7222144144207403,-0.0504929263300382,4.8501786190741445,-0.00152607421875,0.1023068693272419,0.1023182506401595,-0.444,0.481,0.925,0.1852685469134223,0.0749263209175124,4.701018606024802,-0.000958984375,0.104264773277578,0.10426918335566,-0.605,0.857,1.462,1.0082341093411191,0.0226408820452562,8.219111077801115,-0.002777490234375,0.0635471477830227,0.0636078174704915,-0.354,0.315,0.669,0.1945362438616511,-0.000158230366498,5.565353663622547,2nd_test,837,2004.02.18.06.02.39,0.0912346168141049,1
-0.0018984374999999,0.1618425562851203,0.161853690380676,-0.662,0.752,1.414,1.6780698803653469,-0.0607560046739617,4.646171478862592,-0.0017549316406249,0.1009892434619393,0.1010044903956162,-0.435,0.459,0.894,0.1208888823186229,0.1013602889277087,4.544352416388977,-0.00184716796875,0.104550962181854,0.1045672784510348,-0.566,0.828,1.394,1.006975935544368,0.053606560962383,7.918347041802421,-0.00310166015625,0.0634825518688019,0.0635582778833725,-0.271,0.242,0.513,0.1506438224728712,-0.0133125198812987,4.263803378892878,2nd_test,838,2004.02.18.06.12.39,0.0914721629838966,1
-0.00176826171875,0.1632388527746427,0.1632484297158398,-0.781,0.803,1.584,2.0147890195042253,-0.0392492265207076,4.918883455068032,-0.0021638671875,0.1021106372009112,0.102133562313185,-0.579,0.457,1.036,0.2116384010842629,0.1248726910442657,5.669047342330723,-0.00159775390625,0.1045840202881996,0.1045962242013902,-0.63,0.859,1.489,1.2565714201477096,0.0468265165604881,8.21253354555001,-0.0027635742187499,0.0630237776101703,0.0630843394727942,-0.276,0.227,0.503,0.1289239651508698,-0.0041071982975246,4.375095345409022,2nd_test,839,2004.02.18.06.22.39,0.0916503462798373,1
-0.0020975097656249,0.163846836269479,0.1638602615118576,-0.706,0.791,1.497,1.938961605684273,-0.0527473879080823,4.827283886263861,-0.0014131835937499,0.1021851728616013,0.1021949443007089,-0.396,0.459,0.855,0.1618184922196932,0.1617992964098918,4.491415922150706,-0.0023525390625,0.104855586298147,0.1048819737513017,-0.769,0.654,1.423,1.3768690472345808,-0.0767575572861456,7.332051185613042,-0.00269443359375,0.0632487052754056,0.0633060715208758,-0.273,0.281,0.554,0.1604220950393338,0.0023626266999799,4.438752764857608,2nd_test,841,2004.02.18.06.42.39,0.0921590877735278,1
-0.0021594238281249,0.1641265304338276,0.1641407356615524,-0.737,0.75,1.487,1.7150538029522142,-0.0785851097325375,4.569249656233308,-0.001750244140625,0.1016092900629112,0.1016243631303076,-0.417,0.491,0.908,0.2477668454433716,0.1111197653524118,4.831518593288352,-0.00204072265625,0.1056292977207449,0.1056490089207537,-0.691,0.786,1.477,1.3003553832930868,-0.027637736896052,7.43972904262766,-0.002606689453125,0.0638484346067747,0.0639016230751663,-0.259,0.249,0.508,0.0801773934788334,0.0171470100113986,4.053105187817999,2nd_test,842,2004.02.18.06.52.39,0.092538769547655,1
-0.002062841796875,0.1666442631932027,0.1666570303692117,-0.845,0.879,1.724,2.070871004476122,-0.0378697694676668,5.27430494859647,-0.0014929199218749,0.1020757920992288,0.1020867089418506,-0.403,0.549,0.952,0.2063016336098035,0.1540348753436465,5.377781355527259,-0.002230810546875,0.1053569796550676,0.1053805944077673,-0.642,0.632,1.274,0.7295235007311707,-0.0180817581825852,6.092203252429058,-0.00273134765625,0.0637091060147562,0.0637676285368897,-0.281,0.283,0.5640000000000001,0.2284226537740363,0.0118269032076611,4.437988466700559,2nd_test,844,2004.02.18.07.12.39,0.0932447530513855,1
-0.00135634765625,0.1676532905981243,0.1676587770662298,-0.811,0.793,1.604,2.181972050930778,-0.051197906703095,4.8372057472111685,-0.00154267578125,0.1027813646580215,0.1027929412437023,-0.405,0.491,0.896,0.1707650333301251,0.1326901598663611,4.776592575857483,-0.00057509765625,0.1057522625764079,0.105753826301197,-0.647,0.657,1.304,0.7785644058257715,0.016729877100063,6.212541172010066,-0.00297314453125,0.0652147665999813,0.0652825043261496,-0.298,0.288,0.586,0.1931899643253585,0.0162997689672898,4.564775862559363,2nd_test,845,2004.02.18.07.22.39,0.0941223781072407,1
-0.001411767578125,0.1664857246490363,0.1664917103029738,-0.781,0.901,1.682,2.246652075464767,-0.018545103252822,5.4116808479833045,-0.001289306640625,0.1010258806322769,0.1010341074545651,-0.427,0.432,0.859,0.1118090482097011,0.081754103159065,4.275783800930727,-0.001530712890625,0.104880651730906,0.1048918213658868,-0.596,0.667,1.263,1.013979374546795,0.0778952592797975,6.358932386796785,-0.0028430664062499,0.0647514605347122,0.0648138462673582,-0.286,0.269,0.5549999999999999,0.2287798958205611,-0.0177953499008187,4.41263736788328,2nd_test,846,2004.02.18.07.32.39,0.0925814908288578,1
-0.001423291015625,0.1642119678502848,0.1642181358516108,-0.713,0.859,1.572,2.048758309317642,-0.0726271109551205,5.2308473454537925,-0.001731396484375,0.100019591687289,0.1000345762977887,-0.41,0.493,0.903,0.1272674204847037,0.1429651420850197,4.928295977657569,-0.0009355468749999,0.1063518424874819,0.1063559572776132,-0.649,0.796,1.445,1.0664377084268866,0.0103979261171479,7.484301024293114,-0.002920068359375,0.0630580230044496,0.0631255975373946,-0.31,0.291,0.601,0.1470394549578397,0.0137792976254618,4.910844603276029,2nd_test,847,2004.02.18.07.42.39,0.0920926708102874,1
-0.0019080078125,0.1702728601642998,0.1702835500051128,-0.698,0.818,1.516,1.7639682780390604,-0.0875731543230991,4.803752329397852,-0.0010341308593749,0.1018398130238123,0.1018450634216473,-0.413,0.481,0.8939999999999999,0.0725266204802079,0.1145511822401318,4.722860233332032,-0.0005076171875,0.1062712200344169,0.1062724323745932,-0.72,0.652,1.372,0.8917701305836467,-0.0911851532006029,6.775040185918964,-0.00319228515625,0.0644392241756229,0.0645182477821197,-0.288,0.269,0.5569999999999999,0.20008477150746,-0.0164679231817613,4.463853404204677,2nd_test,848,2004.02.18.07.52.39,0.0945228527012345,1
-0.0013025390625,0.1736201824312467,0.1736250683382695,-0.837,0.857,1.694,1.9486580019141284,-0.0285797159259045,4.935923183197208,-0.001754443359375,0.1035237202248927,0.1035385856611105,-0.43,0.452,0.882,0.1749102684417338,0.1244701083692833,4.36552225539437,-0.001042529296875,0.1047615638094706,0.104766751019303,-0.659,0.559,1.218,0.8534951073726247,-0.0626698131220471,6.290163564128192,-0.0027448730468749,0.0650805555374715,0.0651384144503792,-0.273,0.254,0.527,0.1694293667658284,0.0050611348389121,4.191075301714218,2nd_test,849,2004.02.18.08.02.39,0.0945132068186326,1
-0.0016712890624999,0.1729784752118585,0.1729865488809751,-0.762,0.737,1.499,1.8538147939928216,-0.0979647691110277,4.404966772993983,-0.0020107421875,0.1016276458461496,0.1016475355548525,-0.557,0.461,1.018,0.1760933716387702,0.1247222139555532,5.479719670074481,-0.002698095703125,0.1058192934557182,0.1058536848101691,-0.801,0.796,1.597,1.527576038038344,-0.0168914414250753,7.567048812980792,-0.00304140625,0.0648157126462014,0.0648870307366002,-0.305,0.281,0.5860000000000001,0.2385022754297829,0.0365746490674652,4.700477068112488,2nd_test,850,2004.02.18.08.12.39,0.0934097230678522,1
-0.0023975097656249,0.1684714290492845,0.1684884876155768,-0.82,0.771,1.591,1.923412204252612,-0.0995516891241924,4.866801355983706,-0.001532958984375,0.1020726169378893,0.1020841275213579,-0.457,0.442,0.899,0.1254097208948006,0.1078877688168361,4.476699865999345,-0.001148974609375,0.1081172695209934,0.1081233744910328,-0.684,0.671,1.355,0.8404071126795825,0.0277485954782643,6.326106664848878,-0.00268798828125,0.0646403633534698,0.0646962275211526,-0.283,0.305,0.588,0.2093853674239558,0.0116079466985238,4.714339795091836,2nd_test,852,2004.02.18.08.32.39,0.0943417445738422,1
-0.002488720703125,0.1629063913824323,0.1629254003646588,-0.735,0.745,1.48,1.854188484898926,-0.0899559130237634,4.572644893478684,-0.0011667480468749,0.1020695964396572,0.1020762647159435,-0.454,0.464,0.918,0.0822866542279157,0.0987315849934107,4.5456208775533415,-0.00135419921875,0.1045809594619208,0.1045897267302099,-0.518,0.688,1.206,0.8194387599930493,0.0139601167715674,6.578083923750209,-0.003222705078125,0.0636672652633993,0.0637487764128898,-0.278,0.242,0.52,0.1585968045844583,-0.0379084985336743,4.360868014078903,2nd_test,853,2004.02.18.08.42.39,0.0916794420811619,1
-0.001824755859375,0.1632414843994758,0.1632516828791992,-0.73,0.779,1.509,1.88557456362995,-0.1450994003320889,4.771773168008701,-0.00129931640625,0.1020996036330832,0.1021078708286302,-0.439,0.481,0.92,0.1488915186527997,0.0930594009342766,4.710704435337422,-0.0016989257812499,0.105197410122599,0.1052111279538077,-0.691,0.549,1.24,0.7920976033574729,-0.0892350463253486,6.567746334749033,-0.0027486328125,0.0646795956680856,0.0647379724591757,-0.273,0.291,0.5640000000000001,0.1302082045956192,-0.0057538171800981,4.495043464313184,2nd_test,855,2004.02.18.09.02.39,0.0917711808988152,1
-0.002853125,0.1655558700364189,0.1655804530304868,-0.791,0.715,1.506,2.042238958693524,-0.1021852488922587,4.777133928058424,-0.001123095703125,0.1036721556316219,0.1036782387835828,-0.408,0.483,0.891,0.1765053750042238,0.1330977180791012,4.658643951345969,-0.002224853515625,0.106758785396125,0.1067819658576385,-0.671,0.62,1.291,0.8530515780025816,-0.0109405540484036,6.283832617281948,-0.00301552734375,0.065887353214324,0.0659563243271636,-0.298,0.269,0.567,0.1454168487302163,-0.0312361087905686,4.518141406990938,2nd_test,856,2004.02.18.09.12.39,0.0934393140409023,1
-0.00159970703125,0.1713690445602936,0.1713765109228617,-0.811,0.747,1.558,1.970578974050628,-0.0893823376707616,4.732270458933003,-0.0015875488281249,0.1030366669567025,0.1030488963979145,-0.396,0.481,0.877,0.1767583689242182,0.1439378840090076,4.667687057394499,-0.001131201171875,0.1066167879637424,0.1066227888014418,-0.718,0.681,1.399,1.062661326043119,-0.0607497263657365,6.734020072672836,-0.003101806640625,0.0647983691853413,0.0648725662627556,-0.305,0.288,0.593,0.2237748629619043,-0.0395409538876797,4.70152512172782,2nd_test,857,2004.02.18.09.22.39,0.0930761853795802,1
-0.0012562499999999,0.1615832749578178,0.1615881583228061,-0.82,0.706,1.5259999999999998,1.6569415578388549,-0.1704450391297974,5.074629282900817,-0.0014721679687499,0.101663980583264,0.1016746390530229,-0.454,0.459,0.913,0.1284673136296437,0.1209198039183122,4.514400092987975,-0.000300634765625,0.1050781967917385,0.1050786268575376,-0.735,0.967,1.702,1.3468491162257852,0.0378386602224669,9.202632627678188,-0.003333544921875,0.0651919673365282,0.0652771409220189,-0.349,0.276,0.625,0.2423242272095409,0.0178788675159543,5.346435138934377,2nd_test,858,2004.02.18.09.32.39,0.0912169090666182,1
-0.00187587890625,0.1604750352475552,0.1604859989512325,-0.776,0.781,1.557,1.985390302185132,-0.1038083784155774,4.86646813490851,-0.0010384765625,0.1008529976393135,0.1008583440594096,-0.393,0.459,0.8520000000000001,0.0761742052738796,0.1328277114782562,4.550937299992548,-0.001379833984375,0.1060498842193672,0.1060588604726904,-0.627,0.745,1.372,0.8485290311045603,0.0198521184749982,7.024401324628682,-0.002983056640625,0.0646316641271478,0.0647004685822724,-0.278,0.261,0.539,0.2548486601960888,-0.0616501634464527,4.296723131799291,2nd_test,859,2004.02.18.09.42.39,0.0904189428016385,1
-0.001698974609375,0.162632404168626,0.1626412782795026,-0.769,0.786,1.5550000000000002,1.7371857208364905,-0.1503320649166087,4.832721485651439,-0.0009812011718749,0.1015222919838344,0.1015270334708476,-0.422,0.491,0.913,0.1798268330830921,0.1159707387342093,4.836150365174895,-0.00112470703125,0.1055660771990112,0.1055720683755592,-0.83,0.598,1.428,1.1304928364067202,-0.0736222096306554,7.861927996328712,-0.003002294921875,0.0647642271758604,0.0648337789773538,-0.239,0.254,0.493,0.078093274961934,0.0182897059387716,3.9177108600256543,2nd_test,860,2004.02.18.09.52.39,0.0913521749158187,1
-0.002241943359375,0.1596552325169816,0.159670972878849,-0.82,0.767,1.587,1.9300105775150933,-0.2238139166301972,5.135560867516244,-0.0007851562499999,0.101619794100857,0.1016228272753592,-0.547,0.508,1.0550000000000002,0.0478245572926629,0.0709988962120093,5.382648905372955,-0.0011951660156249,0.1063319910946288,0.1063387076842347,-0.608,0.679,1.287,0.7517987883231596,-0.0225042195154099,6.38525721047746,-0.002820263671875,0.0647363822667978,0.0647977860437521,-0.291,0.259,0.55,0.1593173723564698,0.0095608692428153,4.490894176523608,2nd_test,861,2004.02.18.10.02.39,0.0910394846520939,1
-0.00103154296875,0.1635198465507432,0.1635231001934436,-0.75,0.728,1.478,1.797294405900856,-0.1686909341896882,4.586507955806749,-0.00127373046875,0.101671298327806,0.1016792766150937,-0.422,0.518,0.94,0.1015756409732184,0.1253953386781253,5.094450090904868,-1.0302734375000188e-05,0.1045141463086183,0.1045141468164268,-0.571,0.708,1.279,0.6982863942568316,0.0235328177518458,6.774202551132025,-0.003116357421875,0.0641436253562347,0.0642192833767387,-0.3,0.295,0.595,0.215869965551311,-0.0101953258968912,4.67149404697333,2nd_test,863,2004.02.18.10.22.39,0.0911730407201252,1
-0.00214765625,0.1617988276209282,0.1618130805802639,-0.715,0.732,1.447,1.8622805302434573,-0.1542554143459095,4.523738114190237,-0.001454931640625,0.1022615940291086,0.1022719435595761,-0.376,0.437,0.813,0.1674594895740351,0.1653763269000689,4.27292163213035,-0.000404443359375,0.105934146101881,0.1059349181562228,-0.522,0.864,1.386,0.8091813822466372,0.0567925335337512,8.155950984147628,-0.003140478515625,0.0647855630661822,0.0648616357110224,-0.305,0.266,0.571,0.1934451586864707,-0.0385556643839764,4.702317427734355,2nd_test,864,2004.02.18.10.32.39,0.0912954154084221,1
-0.001972119140625,0.1601317412771576,0.160143884736069,-0.801,0.798,1.5990000000000002,1.8024402637382264,-0.1194750635856015,5.001752026404975,-0.001310107421875,0.1012459160798104,0.1012543920247258,-0.43,0.483,0.913,0.1196842681696965,0.1190048306991915,4.770163450068252,-0.0004359863281249,0.1043789235036511,0.1043798340478627,-0.652,0.596,1.248,1.0555588663981093,-0.0724780339953213,6.246417288753138,-0.00336982421875,0.0635395096356174,0.0636288063694424,-0.4,0.269,0.669,0.2506983916288363,-0.0158812437167609,6.286460847170825,2nd_test,865,2004.02.18.10.42.39,0.0908027987779924,1
-0.0022296875,0.1511673863270938,0.1511838291462169,-0.75,0.771,1.521,1.9097440860459336,-0.2504137519454045,5.099751768089101,-0.00187802734375,0.1003079553371572,0.1003255345892809,-0.427,0.398,0.825,0.0519666987490761,0.0848476309170513,4.256144776539928,-0.001835302734375,0.1077375952374335,0.1077532262332403,-0.742,0.745,1.487,0.8364502515346244,-0.0435932820272652,6.913946115919304,-0.00263662109375,0.0636323806707952,0.0636869817201679,-0.3,0.286,0.586,0.1527147494431804,0.0075471792774609,4.71053882429928,2nd_test,867,2004.02.18.11.02.39,0.0893255338860058,1
-0.00157822265625,0.1498079536699522,0.1498162667053589,-0.776,0.815,1.591,2.010027807180683,-0.2006092108061188,5.4399967234359545,-0.000811572265625,0.1010941614794014,0.1010974190311781,-0.493,0.396,0.889,0.0563995269679225,0.0986536440598677,4.8764845306593205,-0.00201806640625,0.1057756246924295,0.1057948740303316,-0.635,0.754,1.389,0.8817826624923075,0.0415702234014341,7.126999364607202,-0.0031953125,0.0636021035476311,0.063682317778613,-0.298,0.283,0.581,0.1941227331478865,-0.0341064703218099,4.67947792087744,2nd_test,868,2004.02.18.11.12.39,0.0884443310932294,1
-0.0016171874999999,0.1493264383586212,0.149335195075646,-0.815,0.828,1.6429999999999998,1.8515875312725705,-0.2266428542048798,5.544573732769629,-0.0010708984374999,0.1015585920054542,0.1015642379658989,-0.498,0.469,0.967,0.0842844662248798,0.1090331227731542,4.903300708683546,-0.00216083984375,0.1055395235211715,0.105561641962913,-0.688,0.593,1.281,0.9684537535209836,-0.0841889903179565,6.517518932068119,-0.00283515625,0.0653664525540956,0.0654279086511921,-0.281,0.237,0.518,0.1003339770965316,-0.0533624844004579,4.294803330697397,2nd_test,869,2004.02.18.11.22.39,0.0882854781693716,1
-0.00231279296875,0.1498007290054314,0.1498185816975818,-0.825,0.747,1.572,1.824710659518746,-0.2217653343456522,5.506660059429793,-0.0014878417968749,0.1021036398476902,0.1021144795969669,-0.374,0.498,0.872,0.0792572084009126,0.1380770869589235,4.876879380482246,-0.001336328125,0.107037045776444,0.1070453872962597,-0.696,0.764,1.46,0.8805006103881934,0.0007845626827099,7.137159473097236,-0.0031205078125,0.0640521975659178,0.064128165278848,-0.271,0.286,0.5569999999999999,0.1128405223597939,-0.060690894151888,4.459818844838745,2nd_test,870,2004.02.18.11.32.39,0.0891180950023756,1
-0.0019315917968749,0.1671725164372373,0.1671836753359254,-0.881,0.808,1.689,2.348869356891683,-0.2521778034926367,5.269653261447446,-0.0017821289062499,0.1037084569169397,0.1037237678621985,-0.454,0.474,0.928,0.0988510513356049,0.156932929902751,4.569830134064927,-0.00125751953125,0.1075960707712404,0.1076034190942892,-0.703,0.63,1.333,0.7630665091769964,0.0172673355572531,6.5332496486701,-0.0027725585937499,0.0674176807711669,0.0674746675554518,-0.322,0.256,0.5780000000000001,0.132455751825018,-0.0098571736542282,4.772161340855849,2nd_test,872,2004.02.18.11.52.39,0.0934187094960427,1
-0.002054736328125,0.1699867523618936,0.1699991703506869,-0.891,0.833,1.724,2.207939092072202,-0.2761867034088642,5.241202049143756,-0.0013210449218749,0.1033411092915653,0.1033495526323015,-0.381,0.566,0.947,0.2046518141122564,0.156071409396456,5.476559748722336,-0.0011279296875,0.1073937139960717,0.1073996370163791,-0.632,0.671,1.303,0.6967065825452257,-0.0342715970669854,6.247693368753382,-0.00307392578125,0.0662032375044651,0.0662745628109401,-0.259,0.249,0.508,0.1243708100369684,-0.0412729369573614,3.9079850399758223,2nd_test,873,2004.02.18.12.02.39,0.0933528353976834,1
-0.00287421875,0.1603414691155711,0.1603672281096187,-0.991,0.806,1.7970000000000002,2.159949000136546,-0.3113723702897698,6.179566808478001,-0.001775244140625,0.1048560360835896,0.104871062714754,-0.381,0.415,0.796,0.0223192129712095,0.0895942135907603,3.95724034116856,-0.0024497558593749,0.1090191107948284,0.1090466314118213,-0.615,0.85,1.465,0.921219693270702,-0.0028577008711639,7.794830422428433,-0.002341552734375,0.0670088161172301,0.0670497151868717,-0.31,0.273,0.583,0.1312152846981966,-0.0209785600517638,4.623435000900257,2nd_test,874,2004.02.18.12.12.39,0.0919472174003676,1
-0.00191337890625,0.1594169479621516,0.1594284300757122,-0.84,0.828,1.668,2.3122078844081697,-0.2831181648361703,5.268821875720767,-0.0007434570312499,0.1046395440820781,0.104642185155235,-0.442,0.459,0.901,0.0908479983773817,0.0698983521107678,4.386376290926018,-0.00087197265625,0.1078671976991522,0.1078707220508941,-0.581,0.71,1.291,0.644235818733037,0.030405335989933,6.581952790289431,-0.00269150390625,0.0683376972491493,0.0683906796178671,-0.288,0.271,0.5589999999999999,0.1513030669415629,-0.0338557372967526,4.211100132430158,2nd_test,875,2004.02.18.12.22.39,0.0917074191369978,1
-0.00151376953125,0.1593916250699241,0.1593988131719461,-0.84,0.784,1.624,1.935710532877096,-0.2260298882977095,5.2698008427993,-0.0003558105468749,0.1039519448885895,0.1039525538275305,-0.349,0.476,0.825,0.1052675625889212,0.1235911965667222,4.579012082619546,-0.0006800292968749,0.1082330958564478,0.1082352321497747,-0.652,0.569,1.221,0.681497691413179,-0.004615381735548,6.023916492291028,-0.00286220703125,0.0673704526339089,0.0674312250903652,-0.291,0.276,0.567,0.0989184047297215,-0.0118143912229555,4.315508128551907,2nd_test,876,2004.02.18.12.32.39,0.0908027095093822,1
-0.0024787109375,0.1543522751362757,0.1543721764038333,-0.828,0.742,1.5699999999999998,2.0163595484224395,-0.2166872993386209,5.363660857048559,-0.001350537109375,0.104951655186897,0.1049603443065671,-0.432,0.593,1.025,0.1744754682557769,0.1340085131484849,5.649752808187457,-0.002233740234375,0.109994056143899,0.1100167350107331,-0.706,0.75,1.456,0.845896754520095,-0.018877896866564,6.817144681852388,-0.00324248046875,0.067216314984513,0.0672944773342322,-0.327,0.286,0.613,0.2098314611702871,-0.0419543629898201,4.859239761548722,2nd_test,877,2004.02.18.12.42.39,0.0907030845422658,1
-0.0017747558593749,0.1502080513451434,0.150218535631478,-0.784,0.715,1.499,1.9590216132875489,-0.2370123538629667,5.219062991787648,-0.0025282226562499,0.1053161594522081,0.1053465013731471,-0.388,0.417,0.8049999999999999,0.0119313577838058,0.1035215202481727,3.958365912114998,-0.0029022949218749,0.1083206844435867,0.10835955884988,-0.691,0.818,1.509,1.0133575991621155,-0.0342918427749522,7.548941770109063,-0.002627685546875,0.0669823780545198,0.0670338996416878,-0.3,0.239,0.5389999999999999,0.1136893640682461,-0.036760056216069,4.475347571886704,2nd_test,878,2004.02.18.12.52.39,0.0891251078019765,1
-0.00179677734375,0.1537774429566012,0.1537879396152174,-0.815,0.92,1.735,2.3246693265761538,-0.2185143927964665,5.982263643663401,-0.0017583984375,0.1055027552947255,0.105517407757411,-0.386,0.461,0.847,0.0627632979421437,0.1242006255503424,4.368947359429919,-0.0019986328125,0.1095111893098979,0.1095294258050662,-0.654,0.828,1.482,0.9482614002738274,0.0088350497062315,7.5596123498909265,-0.00309453125,0.0669305212673861,0.0670020208708756,-0.3,0.256,0.556,0.1563281103437583,-0.052932559092743,4.477476889445977,2nd_test,879,2004.02.18.13.02.39,0.0905367917471644,1
-0.0023980468749999,0.1555764349301021,0.1555949155158194,-0.859,0.725,1.584,2.143193923902857,-0.2198977058378289,5.520745952056151,-0.001237841796875,0.1055067784387052,0.1055140395816031,-0.432,0.503,0.935,0.0671166191656369,0.1298081669715464,4.76713811725708,-0.0019623046875,0.1102268144774431,0.110244279985545,-0.688,0.715,1.403,0.785560587515338,0.0154672108016059,6.485597258082353,-0.0028739746093749,0.0682187907010252,0.0682793023892718,-0.283,0.31,0.593,0.2387480406573137,0.0091435739288763,4.54017526758105,2nd_test,880,2004.02.18.13.12.39,0.0913907275228609,1
-0.002322119140625,0.1518824657340746,0.1519002160458161,-0.852,0.862,1.714,2.4133470314032266,-0.2739881794386947,5.674777972233619,-0.0012121582031249,0.1055630326669804,0.1055699919170186,-0.425,0.476,0.901,0.0696058184570485,0.1082688959118501,4.508857027948267,-0.001283251953125,0.1091689250297866,0.1091764669135907,-0.659,0.667,1.326,0.7262371229562823,-0.0259185429617351,6.109375205572436,-0.002890869140625,0.0677116758723331,0.0677733588796374,-0.305,0.259,0.5640000000000001,0.1111540380046856,-0.0230728591490082,4.500293404922821,2nd_test,881,2004.02.18.13.22.39,0.0899682141987845,1
-0.00189296875,0.1519661055489604,0.1519778949926806,-0.762,0.796,1.558,2.34280981199709,-0.2527532318933806,5.237603797796374,-0.0017065429687499,0.1071384582422824,0.1071520486198817,-0.405,0.413,0.8180000000000001,0.1075893358791941,0.1316427781974647,3.854336014248772,-0.002058154296875,0.1084243241586021,0.1084438567571228,-0.588,0.569,1.157,0.5202986149089726,0.0279147402417312,5.422160531522748,-0.00264150390625,0.0683379541158371,0.0683889868006903,-0.325,0.291,0.616,0.1925568212669022,-0.046907363993325,4.752227152339783,2nd_test,883,2004.02.18.13.42.39,0.0904338872882579,1
-0.002693798828125,0.1554396239696517,0.1554629642453569,-0.862,0.933,1.795,2.4550896454244606,-0.2826415045061952,6.001429372731542,-0.001078759765625,0.1066705898744585,0.1066760444842087,-0.442,0.471,0.913,0.0759649589646738,0.0832765575026791,4.415236825408416,-0.0017770996093749,0.1091055716032365,0.109120043245458,-0.72,0.583,1.303,0.6972987304190568,-0.0376931568817587,6.598237854193399,-0.002575341796875,0.0682211311954177,0.0682697233548893,-0.278,0.354,0.632,0.1534148392525045,-0.0396600711756406,5.1853146987955645,2nd_test,884,2004.02.18.13.52.39,0.0906081859398333,1
-0.001788330078125,0.1559150530892657,0.155925308735615,-0.771,0.732,1.503,2.241556979939596,-0.2351845224531844,4.944675154065932,-0.002261962890625,0.1080635793687716,0.1080872502291985,-0.493,0.586,1.079,0.1460284578185242,0.1289259665404759,5.4215460079886215,-0.0023915039062499,0.1112919590206774,0.1113176510423829,-0.586,0.513,1.099,0.4192544409785341,0.0379701025195705,5.2642145653219234,-0.0027708984375,0.0680349056836291,0.0680913083258887,-0.317,0.273,0.5900000000000001,0.196221706841817,-0.0460523042615233,4.655513424388395,2nd_test,885,2004.02.18.14.02.39,0.0916433351700463,1
-0.00072958984375,0.1544374055399465,0.154439128886594,-0.859,0.825,1.684,2.784423139432196,-0.1713738248327954,5.562061934609907,-0.0011123046874999,0.1089615017886233,0.1089671789749096,-0.476,0.447,0.923,0.1540588575188759,0.0885959606085291,4.36828781357397,-0.002569140625,0.1130706499482966,0.1130998336129689,-0.75,0.808,1.558,0.9590684438836096,-0.0330204082474204,7.14413075759118,-0.0028672851562499,0.0695555341304809,0.0696146080384264,-0.303,0.271,0.5740000000000001,0.1792748759691385,-0.0550198159728851,4.352534741392136,2nd_test,887,2004.02.18.14.22.39,0.0923462578133453,1
-0.0018160644531249,0.1553431436876487,0.1553537588243663,-0.845,0.798,1.643,2.61616408241109,-0.2874570594797429,5.439198937889024,-0.0009085449218749,0.1070827712914316,0.1070866255016382,-0.4,0.496,0.896,0.0357637516970759,0.0942059671983218,4.631764215857004,-0.001321484375,0.1106654289972274,0.1106733188085265,-0.874,0.688,1.5619999999999998,0.9406332717289256,-0.0507225558050979,7.897115667997551,-0.0033204589843749,0.0683346815498814,0.0684153064042734,-0.31,0.276,0.5860000000000001,0.1584363564074578,-0.0190204799864221,4.531149771714024,2nd_test,888,2004.02.18.14.32.39,0.0912027769619441,1
-0.001767724609375,0.1636560909850357,0.1636656377093154,-0.918,0.845,1.763,2.826460757283755,-0.2556832077288674,5.6089965666760175,-0.00197587890625,0.1086538165900263,0.1086717808680397,-0.378,0.496,0.874,0.1211472767778523,0.1480071629112294,4.564202371890169,-0.001299365234375,0.1122152702380432,0.1122227928034647,-0.547,0.581,1.128,0.42549076347054,-0.0214815188560887,5.177201399829047,-0.00321259765625,0.0713641479921312,0.0714364220992607,-0.31,0.293,0.603,0.1466694143789606,-0.0143694122686836,4.339523045609929,2nd_test,889,2004.02.18.14.42.39,0.0934525032619762,1
-0.0017377929687499,0.1562367291158404,0.1562463933958757,-0.937,0.85,1.787,2.986025426473298,-0.2770947793780192,5.996938422891854,-0.002012353515625,0.1090796847749102,0.109098245619559,-0.437,0.417,0.854,0.021472198081359,0.0451147117573046,4.005563953061859,-0.001599462890625,0.109753388640492,0.1097650427030818,-0.688,0.623,1.311,0.5170309855426609,0.0197719303618271,6.267933606647386,-0.0027507812499999,0.0693451547526638,0.0693996922554866,-0.293,0.286,0.579,0.155085648168495,-0.019196963171244,4.221920738742381,2nd_test,890,2004.02.18.14.52.39,0.0911086812757087,1
-0.00146767578125,0.1357431755092402,0.1357511096438303,-0.759,0.703,1.462,1.857488728289408,-0.2550957718975143,5.591114518222312,-0.00185302734375,0.1102239339076117,0.1102395088723015,-0.525,0.503,1.028,0.1732471529874453,0.0498229269440074,4.76235793651243,-0.0012994628906249,0.1136709199689459,0.1136783473243283,-0.593,0.803,1.396,0.7983581834256479,0.0721109522058145,7.063790237044429,-0.003063525390625,0.0697105358344176,0.0697778187831966,-0.327,0.281,0.6080000000000001,0.140609896680159,-0.0429625370159829,4.686302978476872,2nd_test,892,2004.02.18.15.12.39,0.0889082827043519,1
-0.002474609375,0.1319426623658594,0.1319658662069476,-0.713,0.698,1.411,1.7284183537364086,-0.1838940094452281,5.40291228700365,-0.001636279296875,0.1108887528561147,0.1109008247035245,-0.459,0.444,0.903,0.0251170682308492,0.0309050835440725,4.138833062990503,-0.0024393066406249,0.1141297551202846,0.1141558199160389,-0.591,0.73,1.321,0.4256295708417914,0.0102629436023601,6.394768138238737,-0.002428271484375,0.0685680883913577,0.0686110723429307,-0.273,0.305,0.5780000000000001,-0.0077058762776527,-0.0316027147553438,4.445346641298778,2nd_test,893,2004.02.18.15.22.39,0.0886655572634979,1
-0.002203955078125,0.1224854657113619,0.122505292655116,-0.703,0.588,1.291,0.7577765261606118,-0.133435717974904,5.7385275750770015,-0.0007150390625,0.111823124531899,0.1118254106227091,-0.562,0.427,0.989,0.0571045195738548,0.0707746954193205,5.025691359999758,-0.002080322265625,0.1149107586971266,0.114929588031447,-0.703,0.691,1.394,0.4664358301032418,0.0056752784765171,6.116788653253751,-0.0029822265625,0.0684009304159027,0.0684659109121557,-0.291,0.278,0.569,0.0532082414904406,-0.0177718799545443,4.250290343308412,2nd_test,895,2004.02.18.15.42.39,0.0878972494642551,1
-0.002520263671875,0.1188539314085091,0.1188806491412053,-0.544,0.571,1.115,0.7442252875255817,-0.0628648992638151,4.803136625852102,-0.0017072753906249,0.1113366985988052,0.1113497878046502,-0.518,0.444,0.962,0.0434844087766506,0.0462884629193166,4.652007068968255,-0.0026594238281249,0.1131344340595758,0.1131656869597764,-0.706,0.62,1.326,0.5285978025296196,0.0120048659778057,6.238640165235787,-0.0028787109375,0.0677671862995898,0.0678283017303617,-0.298,0.283,0.581,0.0346645809117176,-0.0294197264768215,4.393446281174008,2nd_test,897,2004.02.18.16.02.39,0.0875914457951309,1
-0.0020763671875,0.1212138957525968,0.1212316783032337,-0.591,0.532,1.123,0.7446591645433762,0.0034635156321588,4.874963444099748,-0.0023767578125,0.1129721189281374,0.1129971178075463,-0.432,0.552,0.984,0.0890515928838242,0.0658698504664484,4.8850803516534524,-0.002610302734375,0.1159620974635701,0.1159914726543103,-0.579,0.662,1.241,0.4551161480405516,-0.0238251821475787,5.707316105617978,-0.002612841796875,0.0678974688087496,0.0679477241185503,-0.31,0.291,0.601,0.0813982354990141,0.0172283577188671,4.562330880348132,2nd_test,898,2004.02.18.16.12.39,0.0893234733092638,1
-0.001963330078125,0.1201821890607181,0.1201982247473808,-0.569,0.625,1.194,0.6216526602009442,0.0151375648006303,5.199744017088066,-0.001229345703125,0.1109455040605593,0.1109523148118567,-0.483,0.535,1.018,0.0355167441299988,0.0777238047645273,4.82189128638176,-0.000675146484375,0.1151175833466982,0.1151195631435394,-0.588,0.701,1.289,0.5090312910784425,0.0262331232839359,6.089321231351899,-0.002937548828125,0.0677064807488766,0.0677701758040778,-0.305,0.283,0.588,0.1240623094530364,0.0266991593245366,4.500504777754271,2nd_test,899,2004.02.18.16.22.39,0.0877799526311479,1
-0.001525341796875,0.1207015007673095,0.1207111384880373,-0.576,0.608,1.184,0.6546762590964947,-0.0381479411691812,5.03681770887462,-0.001020263671875,0.1105311472006555,0.1105358558995818,-0.571,0.439,1.01,0.0149336795346459,0.0351347071895716,5.165744593442771,-0.000618017578125,0.1162220082965195,0.1162236514578815,-0.557,0.886,1.443,0.5747845060599737,0.0537014040892845,7.623233213537915,-0.0031586914062499,0.0674931934693701,0.0675670666530207,-0.283,0.271,0.554,0.0750221717734143,0.0216759153953268,4.188431051019427,2nd_test,900,2004.02.18.16.32.39,0.0879787279263421,1
-0.0017869140624999,0.126005569401374,0.1260182390847898,-0.564,0.566,1.13,0.6512671864651218,-0.0090779990613641,4.491413339101512,-0.00154580078125,0.1152008243613666,0.1152111949143561,-0.54,0.527,1.0670000000000002,0.1181664316470714,0.0771566005543036,4.687044521990504,-0.0016547363281249,0.117108029228545,0.1171197193563465,-0.713,0.796,1.509,0.6246592089667198,0.020495530941797,6.796464373102764,-0.00335869140625,0.0690171121546141,0.0690987885431068,-0.291,0.322,0.613,0.1352167995364817,0.0244941948908504,4.659994867991964,2nd_test,901,2004.02.18.16.42.39,0.0910128961153301,1
-0.0019898925781249,0.1288816186519848,0.1288969794014899,-0.679,0.618,1.2970000000000002,0.7079267107692919,-0.0291842222160564,5.267772783718805,-0.001509228515625,0.1129999084484839,0.1130099866386954,-0.432,0.493,0.925,0.0092386385680187,0.0315409743510445,4.362446316995056,-0.001154345703125,0.1167316917007793,0.116737399154376,-0.693,0.601,1.294,0.4783541588315043,0.042845338169643,5.936400887924745,-0.002328955078125,0.0688865606895474,0.0689259187489773,-0.278,0.298,0.5760000000000001,0.043021344375965,0.046655360449662,4.323482449047486,2nd_test,902,2004.02.18.16.52.39,0.0905306164874939,1
-0.001513818359375,0.1438586179465465,0.143866582650439,-0.73,0.618,1.348,0.8912405209916154,-0.0508896181569841,5.074145687943731,-0.0014811035156249,0.1160268373552984,0.1160362902470467,-0.435,0.505,0.94,-0.0020422875452084,0.0286165255542702,4.352086738730436,-0.002114111328125,0.1193344741260165,0.1193531992936956,-0.593,0.676,1.269,0.3429476129457405,-0.0540258714602655,5.663861580542008,-0.002930908203125,0.0695068866147123,0.0695686532122451,-0.332,0.305,0.637,0.1090192931771016,0.0304083420619644,4.772264298150747,2nd_test,903,2004.02.18.17.02.39,0.0951703835189999,1
-0.002479931640625,0.1530442988476243,0.1530643899497957,-0.708,0.586,1.294,0.942993069277872,-0.1122825369483,4.625504339889863,-0.0013958984375,0.1148743581778411,0.1148828390109626,-0.413,0.488,0.901,0.0500875204127631,0.0196365200952423,4.24780588812908,-0.0022284667968749,0.1188891331314635,0.118910016571421,-0.564,0.554,1.118,0.2680434259543167,-0.0316591909412737,4.743082342911801,-0.0025040527343749,0.0683344406895717,0.0683803046531172,-0.315,0.271,0.5860000000000001,0.0611803435745343,0.0219329354073142,4.6065895961321015,2nd_test,904,2004.02.18.17.12.39,0.0962143360481275,1
-0.002098828125,0.1662287401191366,0.1662419896448961,-0.837,0.774,1.611,1.348028731376786,-0.1538240012221991,5.034829057224667,-0.001369873046875,0.1175822292082005,0.1175902086813965,-0.471,0.588,1.059,0.0790551908109336,0.0551098752885102,5.000416332180766,-0.0007299316406249,0.119133033416311,0.1191352695517657,-0.764,0.754,1.518,0.5559976784608609,-0.0285454871950899,6.412878426918066,-0.003388671875,0.0699314899715595,0.0700135443090745,-0.273,0.291,0.5640000000000001,0.1089734250120217,0.0799323098554386,4.156338646579939,2nd_test,905,2004.02.18.17.22.39,0.099114242320871,1
-0.0019341796875,0.1828416319302177,0.1828518619483234,-0.974,0.806,1.78,1.385662486057388,-0.1474993992217441,5.326716335379398,-0.000990478515625,0.1179437451031241,0.1179479039942661,-0.503,0.513,1.016,0.0299184465600959,0.0572312722067951,4.349377840750687,-0.000604931640625,0.1228204117406062,0.1228219014769836,-0.593,0.618,1.211,0.3822999854545776,-0.0828814581430691,5.031675886493088,-0.0030625,0.0698538897840968,0.0699209898686993,-0.264,0.276,0.54,0.1482352407246061,0.0559178159425063,3.947312538256933,2nd_test,907,2004.02.18.17.42.39,0.1031326972855336,1
-0.00182734375,0.1830386890625192,0.1830478103635939,-0.767,0.703,1.47,1.2336770503160857,-0.185612125567444,4.190162113779412,-0.001457421875,0.1193708337116295,0.1193797303545759,-0.527,0.498,1.025,0.0539646522116061,-0.0170789996666151,4.414484757423355,-0.00113203125,0.1243342562401057,0.1243394095592031,-0.605,0.776,1.381,0.4434552554079807,-0.093470210028506,6.240981863632491,-0.002409716796875,0.0716740250884567,0.07171452159376,-0.322,0.325,0.647,0.1427817182244632,0.0749286777618941,4.531857603910262,2nd_test,908,2004.02.18.17.52.39,0.1042996105032883,1
-0.002658740234375,0.1843217385908753,0.1843409130301704,-0.793,0.71,1.503,1.3033661897808928,-0.1907354925191313,4.301812261643244,-0.00175810546875,0.1164325900682644,0.1164458628069016,-0.442,0.549,0.991,0.081343829520001,0.05658707282769,4.714637229367901,-0.00225419921875,0.1204812280014025,0.120502314147255,-0.569,0.645,1.214,0.3090213131930857,-0.0495290176399289,5.352594301271681,-0.0026356445312499,0.0713650144816589,0.0714136675578456,-0.276,0.32,0.5960000000000001,0.0844859578912333,0.0597813991366087,4.4809349657937165,2nd_test,909,2004.02.18.18.02.39,0.1029947161080139,1
-0.0020998046875,0.1736830173831212,0.1736957100996776,-0.774,0.723,1.497,1.0203749635404202,-0.124675867376542,4.4560686015295,-0.00167822265625,0.1174484244119138,0.1174604138768674,-0.447,0.503,0.95,0.0180826505718449,-0.0042951572472142,4.28229378216739,-0.0014550781249999,0.1224319443194367,0.1224405906641563,-0.632,0.674,1.306,0.4737704184590634,-0.0313263563365515,5.504710458668214,-0.00316240234375,0.0707899456061116,0.0708605474682492,-0.291,0.366,0.657,0.2553948571578481,0.0210568201268461,5.165074404185631,2nd_test,910,2004.02.18.18.12.39,0.1011424166757867,1
-0.001472314453125,0.173171151946053,0.1731774106983121,-0.789,0.703,1.492,1.146197452969874,-0.2219575504852191,4.556021462694926,-0.0012760742187499,0.1206030827474239,0.120609833486303,-0.505,0.493,0.998,0.046183161902864,0.0032800860623749,4.18705494733282,-0.0015596191406249,0.1270353215070589,0.1270448949083182,-0.784,0.85,1.634,0.4977707026522315,-0.0651284935409319,6.690548255454976,-0.0029453124999999,0.071205907666577,0.0712667955807173,-0.303,0.278,0.581,0.1303740551601118,0.0005654921742813,4.251629353147613,2nd_test,912,2004.02.18.18.32.39,0.1025548743832837,1
-0.001884912109375,0.1765443322701993,0.1765543943106221,-0.776,0.776,1.552,1.339958487414516,-0.2645034183124479,4.39524602616429,-0.00196953125,0.1193370176378081,0.1193532690462697,-0.479,0.486,0.965,0.0899927527034174,-0.0162093163243471,4.071945442964952,-0.0027787109374999,0.1239008733697055,0.123932028371402,-0.667,0.762,1.429,0.3363581025616868,-0.070587713527697,6.148531658904784,-0.0030857910156249,0.0720598791618714,0.0721259196892186,-0.295,0.293,0.588,0.1415669389620797,-0.0160939747582049,4.090069163305326,2nd_test,914,2004.02.18.18.52.39,0.101706822170464,1
-0.002313916015625,0.193023815376337,0.1930376841701268,-0.996,0.776,1.772,1.830056361432022,-0.3603035922234343,5.159614322336418,-0.001270947265625,0.1219877050016255,0.121994325599659,-0.483,0.469,0.952,0.0942567845933708,-0.0261159836766824,3.959200541679872,-0.002058984375,0.1264644486594938,0.1264812088470309,-0.659,0.72,1.379,0.2472396841190058,-0.0228131568095287,5.692545213297975,-0.003069775390625,0.0733516011226356,0.0734158082990518,-0.325,0.298,0.623,0.223097467344866,-0.0196346222856295,4.426839498541224,2nd_test,915,2004.02.18.19.02.39,0.1052099186720389,1
-0.002242138671875,0.1769034305543859,0.1769176388259078,-0.789,0.596,1.385,1.3679778747043594,-0.3393154272723732,4.459702295551997,-0.00137080078125,0.1230079857471126,0.1230156236107582,-0.498,0.459,0.957,0.0742311659727725,-0.0119996436361737,4.048266272028225,-0.00202109375,0.1294025508269542,0.1294183332471437,-0.745,0.791,1.536,0.2364760446903129,-0.0130834196958705,6.111962502896362,-0.002593408203125,0.073592958896394,0.073638640435809,-0.33,0.266,0.5960000000000001,0.2930457667418835,-0.0566807545713868,4.481342920544279,2nd_test,916,2004.02.18.19.12.39,0.1034505652887395,1
-0.0009047363281249,0.1710126327599943,0.1710150259811345,-0.928,0.667,1.5950000000000002,1.6965917277658908,-0.3344773035146301,5.426423758207922,-0.001292529296875,0.1208173645184689,0.1208242781942928,-0.488,0.479,0.967,0.0244907431168748,-0.0888794436477448,4.038923362829671,-0.0019228515624999,0.1278277325323757,0.1278421939834419,-0.623,0.735,1.358,0.2284310877639379,-0.0540721005989962,5.749275548958801,-0.0028892578124999,0.0756926649883785,0.0757477877152197,-0.322,0.308,0.63,0.3173731673467177,-0.0276756929090873,4.250949231762851,2nd_test,917,2004.02.18.19.22.39,0.0995941514048564,1
-0.002149951171875,0.175142612161416,0.1751558074537228,-0.872,0.764,1.636,1.7447864206890555,-0.3292469524712338,4.978424710384832,-0.001467822265625,0.1211136771496861,0.1211225713685185,-0.481,0.52,1.001,0.1745973421635867,-0.0506548662767693,4.293171736039135,-0.001772216796875,0.1268445292057239,0.1268569089241767,-0.706,0.664,1.37,0.320262508421917,0.0488778044013326,5.565325578100091,-0.002682568359375,0.075451002499431,0.0754986751616998,-0.369,0.337,0.706,0.3369013707985955,-0.0542273688477646,4.887502982069606,2nd_test,918,2004.02.18.19.32.39,0.1000080212858393,1
-0.002174462890625,0.1699246150129791,0.1699385273449545,-0.93,0.903,1.833,2.255060008475886,-0.4507716038414758,5.472567136625472,-0.001133447265625,0.123412252617494,0.1234174574313866,-0.591,0.496,1.087,0.1413164028449274,-0.0633357030007412,4.788625631214087,-0.002233203125,0.1293884609961751,0.1294077317441127,-0.598,0.825,1.423,0.290530534846086,0.0299621839205356,6.375198675338479,-0.00269580078125,0.0769159459167786,0.0769631735190604,-0.378,0.303,0.681,0.4222433802459626,-0.0669669483139714,4.911439883666888,2nd_test,919,2004.02.18.19.42.39,0.1005300360717294,1
-0.0016375,0.1755136350094167,0.1755212735837703,-0.894,0.852,1.746,2.0630298792829587,-0.4857158727636599,5.093399687350325,-0.0009353515625,0.1258182621020972,0.1258217388249641,-0.542,0.579,1.121,0.2052763402041071,-0.055385891975599,4.601748516612611,-0.001419091796875,0.1294229451345478,0.1294307249026602,-0.615,0.608,1.223,0.1091467829158925,0.0355676243264166,4.751576570847189,-0.0029689941406249,0.0776040107591244,0.0776607842614879,-0.374,0.317,0.6910000000000001,0.2934448356856167,-0.0616401748505085,4.8158153893463975,2nd_test,920,2004.02.18.19.52.39,0.1014529307787863,1
-0.00219892578125,0.1695818040373577,0.1695960599045751,-0.876,0.745,1.621,2.1145702826278567,-0.4971611916160733,5.165214336274819,-0.00171044921875,0.1258562596533793,0.1258678820448995,-0.537,0.579,1.116,0.040076523119827,-0.0245199193902193,4.600061513618376,-0.0004436035156249,0.133077476637433,0.1330782159944505,-0.845,0.701,1.5459999999999998,0.2903076099900223,-0.0315733054756119,6.349649292179326,-0.003194873046875,0.0794617904141589,0.0795259916606475,-0.327,0.347,0.6739999999999999,0.3965165088167124,-0.0206240571476784,4.363353323229863,2nd_test,921,2004.02.18.20.02.39,0.1015893506326238,1
-0.001822509765625,0.1845891195541155,0.1845981164573717,-0.959,0.803,1.762,2.4108261616448203,-0.5200580426597082,5.195069258554768,-0.001866064453125,0.128000420686945,0.1280140222498227,-0.671,0.613,1.284,0.1440011440157018,-0.0204273129791002,5.241613287373191,-0.00209453125,0.134320464040058,0.1343367936236895,-0.635,0.776,1.411,0.3009597508719865,0.0041187779717776,5.776526140470427,-0.00327001953125,0.0828557813759637,0.0829202842201849,-0.347,0.325,0.6719999999999999,0.5138241127090044,-0.0354633719712958,4.18474204784921,2nd_test,922,2004.02.18.20.12.39,0.1038670621326254,1
-0.00178720703125,0.1796444155749837,0.1796533054420374,-0.911,0.898,1.809,2.008146048458189,-0.4343205614019899,5.070878032293429,-0.0015685546874999,0.1276626872132371,0.1276723230395393,-0.559,0.508,1.0670000000000002,0.1270163960208474,-0.0724439994027609,4.378396089985005,-0.001211865234375,0.1349074128606841,0.1349128558074039,-0.703,0.759,1.462,0.1648016459755732,-0.0139815848170047,5.625853781331938,-0.0031388671875,0.0841485227438172,0.0842070446410958,-0.386,0.378,0.764,0.4557222547150639,-0.050252982095656,4.583939522407077,2nd_test,923,2004.02.18.20.22.39,0.1041915477742432,1
-0.0018041015625,0.1715594336098162,0.1715689192218938,-0.94,0.803,1.743,1.3135115993832214,-0.2936082830587539,5.478847825454903,-0.0009326171875,0.1296243910853357,0.129627746023228,-0.559,0.591,1.15,0.1525626570368468,-0.0767616479392803,4.5592091055069295,-0.001247900390625,0.1337053138716098,0.1337111372058836,-0.701,0.735,1.436,0.1377139914642895,0.0086153488272817,5.4969243052863765,-0.003413134765625,0.0820857513788541,0.0821566799983992,-0.398,0.315,0.7130000000000001,0.3712459346392167,-0.0502703679065906,4.84440218376534,2nd_test,924,2004.02.18.20.32.39,0.1021110409348984,1
-0.00231982421875,0.1579525577679508,0.1579695922949849,-0.735,0.667,1.402,0.7112063302087432,-0.0888377736029929,4.652794182204656,-0.0010034179687499,0.1307099061975076,0.1307137575995015,-0.52,0.498,1.018,-0.0503541333777266,-0.0286776548807674,3.9781581491159335,-0.0011326171875,0.1378524828287709,0.1378571356287007,-0.854,0.608,1.462,0.092557670052416,-0.008605779245052,6.194818977625769,-0.0029955078125,0.0809974595674626,0.0810528316805619,-0.383,0.371,0.754,0.260173677788317,-0.0518231567643523,4.725313009479047,2nd_test,926,2004.02.18.20.52.39,0.1024153792699651,1
-0.001451171875,0.1509220345292204,0.1509290111484535,-0.706,0.654,1.36,0.878651414831352,0.0068662190327915,4.677695789717339,-0.001176904296875,0.128651188963284,0.1286565720256475,-0.481,0.474,0.955,-0.127709994144884,-0.0289871052866484,3.738635286352684,-0.002244140625,0.1379940696077832,0.1380123161680235,-0.603,0.632,1.235,0.0062924135139312,-0.0832725455660154,4.579301453255738,-0.00315,0.0789341946804029,0.0789970226644254,-0.317,0.374,0.6910000000000001,0.2548452273157586,-0.0877821044627275,4.734355642541047,2nd_test,927,2004.02.18.21.02.39,0.100842659271759,1
-0.00208154296875,0.17049299206399,0.1705056983331129,-0.691,0.718,1.4089999999999998,0.3598556796663938,0.0681160814807222,4.211002957760681,-0.000782763671875,0.1307172749953343,0.1307196186544769,-0.608,0.569,1.177,-0.059265548807057,0.0039978453099131,4.651176359398947,-0.00154453125,0.1395800456019735,0.1395885908913448,-0.693,0.823,1.516,0.192904212404195,-0.1540986749448902,5.895897327559696,-0.00297216796875,0.0823737155319237,0.0824273182444312,-0.332,0.369,0.7010000000000001,0.1950096239046312,0.0035866209019404,4.476671179587391,2nd_test,929,2004.02.18.21.22.39,0.1068290875414568,1
-0.0017557617187499,0.167693436917376,0.1677026281379484,-0.632,0.718,1.35,0.397801942541891,-0.0004318289076717,4.281387882634182,-0.002012939453125,0.1264597386775675,0.1264757582765987,-0.439,0.452,0.891,-0.2081243484948718,0.0063975657817929,3.573807393254885,-0.001367919921875,0.1378413087666727,0.1378480961327427,-0.635,0.725,1.36,0.0848572096933235,-0.0448355218060315,5.259412500674597,-0.002636474609375,0.0770275165656711,0.0770726235873713,-0.305,0.312,0.617,0.2032044260402541,-0.0162237590315607,4.048130003544792,2nd_test,930,2004.02.18.21.32.39,0.1046872371176029,1
-0.00197138671875,0.1920354412724839,0.192045559881796,-0.947,0.835,1.782,0.7571049470480635,-0.0056297300738126,4.931121555624338,-0.0021966796875,0.1302020822242794,0.130220611337789,-0.513,0.483,0.996,-0.2190536118853203,-0.0001759764791891,3.939468527492559,-0.0007392578124999,0.1415804416811752,0.1415823716737009,-0.603,0.742,1.345,0.082099160811397,-0.0429755035193278,5.240765437273617,-0.00282392578125,0.0805408872884651,0.0805903783464952,-0.374,0.356,0.73,0.3331707235814001,-0.0139559801887362,4.640752502579906,2nd_test,932,2004.02.18.21.52.39,0.1119740130667848,1
-0.0019648437499999,0.1999865609116974,0.1999962128547688,-0.847,0.854,1.701,0.8609358829813223,-0.0392481219237388,4.270080857060422,-0.001577978515625,0.1299575782400062,0.1299671579984848,-0.461,0.591,1.052,-0.1316829312813121,0.0229572412429411,4.547302634734403,-0.00068203125,0.1428221945881233,0.1428238230604185,-0.601,0.942,1.543,0.051154741880548,-0.0724081334553832,6.595538333929849,-0.003233349609375,0.080924062537475,0.0809886315927465,-0.383,0.33,0.7130000000000001,0.3474144778243828,0.0078113139313564,4.729058788413619,2nd_test,933,2004.02.18.22.02.39,0.1139524803103988,1
-0.001583837890625,0.2244516971598273,0.2244572852468607,-1.003,0.991,1.994,1.4313680652798766,-0.1066916768695006,4.468556228381806,-0.0010728515625,0.1301765037710572,0.1301809246569222,-0.457,0.535,0.992,-0.1617815674594225,0.0552131850590486,4.109665078857177,-0.0018250488281249,0.1434131004829556,0.1434247126312595,-0.71,0.891,1.601,0.4930957982519977,-0.0180593440013177,6.212318530381308,-0.0034154296875,0.0823483838604301,0.0824191815318194,-0.354,0.32,0.6739999999999999,0.5077556650038066,-0.0111977657625938,4.295116663577116,2nd_test,934,2004.02.18.22.12.39,0.1181380688219619,1
-0.00174228515625,0.2659238102180243,0.2659295177268546,-1.211,1.169,2.38,2.188355898835968,-0.1112542197623799,4.553838213775524,-0.00184345703125,0.1336448973951781,0.1336576108330301,-0.571,0.52,1.091,0.0043573536680949,0.0419685470344976,4.272109881636604,-0.0007932128906249,0.1418482865228975,0.1418505043211756,-0.759,0.652,1.411,0.1702958252620217,-0.0892140208387484,5.350703570825053,-0.002784130859375,0.089146409114086,0.0891898741033875,-0.378,0.376,0.754,0.6275766429811225,0.0533581441779734,4.238149271940779,2nd_test,935,2004.02.18.22.22.39,0.1272585950176768,1
-0.002080859375,0.2011473498517603,0.2011581127574153,-1.064,0.969,2.033,1.816224804256944,-0.162985254922343,5.289371556581619,-0.0004875488281249,0.1330272772238585,0.133028170661154,-0.535,0.564,1.099,-0.0062753008743903,0.0009794834357426,4.239703494325022,-0.0010232421875,0.1437227492744954,0.1437263917434573,-0.593,0.669,1.262,-0.0147631892150683,-0.0157135035824198,4.654677487412812,-0.00286123046875,0.0845143431616695,0.0845627627259407,-0.359,0.344,0.703,0.539569905001799,-0.0115200289381353,4.245367445707006,2nd_test,936,2004.02.18.22.32.39,0.1132644456946352,1
-0.002433154296875,0.1968945543969747,0.1969095878595443,-1.028,0.837,1.865,1.4284091908193126,-0.1359941753525065,5.220670111442475,-0.001056005859375,0.1308771655371816,0.1308814257540843,-0.505,0.549,1.054,-0.0461203720796494,-0.0149982985237655,4.194636456874579,-0.0016719726562499,0.1465303956562827,0.1465399342969349,-0.728,0.911,1.639,0.0725181042039544,0.019167265922185,6.216735420037909,-0.00240576171875,0.0884682897264047,0.0885009942122827,-0.4,0.464,0.8640000000000001,0.5687705364955304,0.0820748308912985,5.242878954351457,2nd_test,937,2004.02.18.22.42.39,0.1128620083969249,1
-0.0017133300781249,0.1955900949741487,0.1955975990444492,-0.964,0.823,1.787,1.1907125645598269,-0.1275318383646438,4.928485854143864,-0.001971826171875,0.1340352967635802,0.1340497999884861,-0.525,0.522,1.0470000000000002,-0.0373262767504911,-0.0722571407079866,3.91645492974385,-0.0013044921874999,0.148812032953304,0.1488177504586146,-0.771,0.891,1.662,0.0668728633064472,-0.0970334682198304,5.987189009699449,-0.0029392578125,0.0897543882862373,0.0898025024880988,-0.403,0.386,0.789,0.5477026093224153,0.0647354389819754,4.487625498509023,2nd_test,938,2004.02.18.22.52.39,0.113884337258274,1
-0.00189736328125,0.1700587390274613,0.1700693232391757,-0.833,0.708,1.541,0.8079763666608222,-0.0455125760863787,4.898002674024983,-0.0019262207031249,0.1330248114631946,0.1330387567253078,-0.527,0.52,1.0470000000000002,0.0596848442453823,-0.096808311084489,3.961251690619477,-0.00281171875,0.1463398718902623,0.146366881046183,-0.937,0.876,1.813,0.032674671824374,-0.0969460922185805,6.401721436545111,-0.0028114746093749,0.0884037267400897,0.0884484216423087,-0.383,0.349,0.732,0.4619920187149735,0.0191998376544658,4.330207287864866,2nd_test,941,2004.02.18.23.22.39,0.1099092066947384,1
-0.002439453125,0.1630647085242762,0.1630829546508654,-0.776,0.64,1.416,0.2385955216466082,0.1172371960863236,4.758314574668662,-0.0013703613281249,0.1339205749720557,0.1339275859971187,-0.498,0.552,1.05,-0.0692884119930661,-0.003311653389956,4.121630326464288,-0.000924169921875,0.1481245034333529,0.1481273864193312,-0.576,0.598,1.174,-0.1614117701169717,-0.0234275063457823,4.037065761108449,-0.0032001953125,0.087098777438101,0.087157548618866,-0.396,0.298,0.694,0.1160450402193911,0.0633604605130557,4.543496303769822,2nd_test,942,2004.02.18.23.32.39,0.1099547289731534,1
-0.001482568359375,0.1979826136839745,0.197988164621217,-0.825,0.818,1.6429999999999998,0.6918752464391398,-0.0040041385348459,4.166915742535367,-0.002203515625,0.1352873377562425,0.1353052816348321,-0.623,0.564,1.1869999999999998,-0.1121648106245594,-0.0404018568537813,4.604402669784727,-0.0015495605468749,0.1503443615036483,0.1503523467519816,-0.715,0.608,1.323,-0.0314560280843774,-0.0512310738666638,4.755496109247265,-0.0025029785156249,0.0885887470529394,0.0886240994643069,-0.312,0.371,0.683,0.0583339785749368,0.1547216724443862,4.186220252034636,2nd_test,943,2004.02.18.23.42.39,0.1186871446976512,1
-0.002016015625,0.1884655444962016,0.1884763268457076,-0.83,0.759,1.589,0.6431576445294054,-0.0540376429082731,4.403736075963849,-0.0013759765625,0.1339354918079714,0.1339425596192029,-0.457,0.471,0.928,-0.2061870249564061,-0.0106944308630784,3.516432725606638,-0.0013729003906249,0.1503837417515247,0.1503900084402945,-0.659,0.732,1.391,-0.0438664722661754,0.0137114719072567,4.867344630050603,-0.002984814453125,0.086609511229511,0.0866609286399261,-0.366,0.339,0.7050000000000001,0.1535335251353666,0.1378977090343189,4.22335654302179,2nd_test,944,2004.02.18.23.52.39,0.1159411125822161,1
-0.001586474609375,0.2154314379012599,0.2154372793596563,-1.118,0.955,2.073,1.458711595945802,-0.0800775765003318,5.18944540758145,-0.000223291015625,0.1356929790554782,0.1356931627747991,-0.486,0.53,1.016,-0.0649067968758201,-0.0031807447333988,3.9058710782333206,-0.0009977539062499,0.1505551549514498,0.1505584610552077,-0.737,0.554,1.291,-0.1240857399838084,-0.0428226585365443,4.895108483639834,-0.0034722656249999,0.0896159885437829,0.0896832316057466,-0.334,0.339,0.673,0.2370573819396537,0.1463897501291612,3.7799708365381615,2nd_test,945,2004.02.19.00.02.39,0.1231101760504926,1
-0.00183427734375,0.1838418883682761,0.1838510388662177,-1.021,0.71,1.731,0.8855776669293616,-0.1466722522955569,5.553408924370529,-0.0011802246093749,0.1389241804707906,0.1389291936549312,-0.525,0.498,1.023,-0.0175597230614741,-0.1011937967442953,3.778903383692003,-0.00118466796875,0.1564856069886822,0.156490091164944,-0.745,0.825,1.5699999999999998,-0.0417968155911938,0.042312249214631,5.27189928674244,-0.00313271484375,0.088947473220092,0.0890026229643332,-0.312,0.342,0.654,0.0953121509323127,0.1201033924985576,3.842583382438179,2nd_test,946,2004.02.19.00.12.39,0.1171900390386456,1
-0.00168818359375,0.1638671260414708,0.1638758217704414,-0.728,0.693,1.4209999999999998,0.2644797653217505,0.1206111315654004,4.442388096856324,-0.0014138183593749,0.1363208846374971,0.1363282159741816,-0.569,0.63,1.1989999999999998,-0.0462517286483894,-0.0379590713041627,4.621200354552357,-0.00163896484375,0.1556560204566376,0.1556646488775028,-0.759,0.894,1.653,0.0125708272840614,0.0111253251767262,5.743115128841952,-0.003097705078125,0.0869010790139905,0.0869562724048522,-0.347,0.354,0.701,0.258329779588466,0.0869028055364566,4.071011672944886,2nd_test,947,2004.02.19.00.22.39,0.1131969384876759,1
-0.0019110351562499,0.1611921610636869,0.1612034889316915,-0.769,0.593,1.362,0.5962783117213477,-0.2505573194864186,4.770368216540811,-0.00167783203125,0.1269569632757737,0.1269680496996439,-0.474,0.515,0.989,-0.1629520358581584,0.0093645899257097,4.056138542052349,-0.0027361328125,0.1482229377013764,0.1482481894782993,-0.62,0.615,1.235,-0.0625724373792575,-0.0134394303228794,4.182175864525979,-0.003371826171875,0.0838840344029767,0.0839517744866249,-0.352,0.342,0.694,-0.0835057945736998,0.0800285430181988,4.19288338034936,2nd_test,949,2004.02.19.00.42.39,0.1119017694605096,1
-0.001475390625,0.1829302670350198,0.1829362166849418,-0.918,0.669,1.5870000000000002,0.9118408191974584,-0.423249668139527,5.01814247955061,-0.001592138671875,0.1357547964259556,0.1357641324437464,-0.544,0.535,1.0790000000000002,-0.1142833637506264,-0.0574468799880237,4.006949333406585,-0.001503955078125,0.1512958123542084,0.1513032871975915,-0.64,0.742,1.382,-0.0646503473322419,0.0042795986951246,4.904057365429844,-0.002722119140625,0.0923863209772549,0.092426415251962,-0.347,0.344,0.691,0.0219635606696035,0.1358248456629756,3.754337967671849,2nd_test,950,2004.02.19.00.52.39,0.1197534307568553,1
-0.0017118652343749,0.2144178830009812,0.2144247164699143,-1.091,0.901,1.992,1.374046176080066,-0.2926748782430145,5.088032844142709,-0.001167919921875,0.1429421767523382,0.1429469479619646,-0.571,0.505,1.076,0.1350721115057873,-0.1620512473545454,3.994488921497906,-0.00083798828125,0.1540833848111445,0.1540856635096813,-0.618,0.618,1.236,-0.1216150981239194,0.0552098704507409,4.010756003637935,-0.0030098144531249,0.0994786603184554,0.0995241821960717,-0.374,0.435,0.8089999999999999,0.2901797192976967,0.2574620385356279,4.370797030400507,2nd_test,951,2004.02.19.01.02.39,0.127079853437157,1
-0.001976904296875,0.2372792907526995,0.23728752594838,-1.23,1.147,2.377,1.2521377158068745,-0.1798419516678101,5.18358474630644,-0.001775634765625,0.1439223430268941,0.1439332960130208,-0.647,0.588,1.235,0.3337137770361083,-0.1684564440301693,4.495137802840105,-0.0020763671875,0.152383540406445,0.1523976859650434,-0.737,0.937,1.674,0.0083617651184537,0.0831990748183207,6.148387320059296,-0.002832275390625,0.1013407335702914,0.1013803041248798,-0.364,0.449,0.813,0.3852631973901772,0.2712428439471619,4.428868150193106,2nd_test,952,2004.02.19.01.12.39,0.1309244623955763,1
-0.00160322265625,0.1987533735694553,0.198759839575617,-0.759,0.693,1.452,0.3930067403957853,-0.1909367796518029,3.818678872033524,-0.00175888671875,0.1320637033677236,0.1320754156900045,-0.632,0.525,1.157,-0.1632404191731029,0.0025732872019309,4.785144886301838,-0.00158623046875,0.14432853414149,0.1443372505437569,-0.696,0.659,1.355,-0.0142909086947495,-0.0183315726702468,4.822040030367492,-0.002947119140625,0.0922852531858034,0.0923322991525548,-0.369,0.325,0.694,-0.1420881496754265,0.1117433432527858,3.996434653775145,2nd_test,953,2004.02.19.01.22.39,0.1213726461779118,1
-0.0021794921875,0.2361333975837167,0.2361434556379342,-0.974,0.825,1.799,0.6124751846308487,-0.1931955108265849,4.124611445888452,-0.0017267089843749,0.136431971263058,0.1364428976042381,-0.505,0.481,0.986,-0.1591476849898261,0.0189127652568345,3.7011820245938,-0.0013516113281249,0.1444294704210832,0.1444357946608003,-0.63,0.676,1.306,0.0473445471017841,0.0657714814340752,4.680280269741093,-0.0032361816406249,0.095381710166301,0.0954365941652329,-0.337,0.383,0.72,-0.1200586393730511,0.1236705559785345,4.013135667151791,2nd_test,954,2004.02.19.01.32.39,0.1290025785364258,1
-0.0025938476562499,0.2072049313492078,0.2072211659582431,-0.808,0.681,1.489,0.1687446154006875,-0.1609940615000826,3.8992155857231294,-0.001302197265625,0.1207040262306814,0.1207110503061572,-0.593,0.486,1.079,-0.0091455315193398,0.0405113028959182,4.912557702804111,-0.001302685546875,0.1216491241515956,0.1216560988873323,-0.735,0.703,1.438,0.2672653684486152,0.0456351782685501,6.041620656229113,-0.002810986328125,0.089123294855729,0.0891676136838825,-0.332,0.334,0.666,-0.1780257767078286,-0.0239609993185894,3.7457546097437633,2nd_test,957,2004.02.19.02.02.39,0.113504754035719,1
-0.002513427734375,0.2615191287506679,0.2615312065920325,-1.064,0.994,2.058,0.819911092895623,-0.1026115129104329,4.068348148049826,-0.0019646484375,0.1350198586387555,0.1350341514962511,-0.552,0.52,1.072,0.0882695695459405,-0.0373764601416179,4.087854767697319,-0.0019306640624999,0.1273656552369359,0.1273802873197271,-0.613,0.664,1.277,0.183598590032481,0.0326449508797742,5.212737496251155,-0.0025294921875,0.0995016533180397,0.0995338000065806,-0.352,0.366,0.718,-0.0043483232253405,0.081199601292047,3.677142839639647,2nd_test,958,2004.02.19.02.12.39,0.127696182138098,1
-0.001050634765625,0.2016198993479404,0.201622636741226,-0.806,0.732,1.538,0.5009320077403623,-0.2648368710711501,3.997567004494981,-0.00113447265625,0.1277002516848967,0.1277052908402535,-0.515,0.483,0.998,-0.1351892761271869,0.1540510042844581,4.032722502000175,-0.00081728515625,0.122137277538451,0.1221400119515764,-0.63,0.937,1.5670000000000002,0.475181308328243,0.0473361084777655,7.671523729372244,-0.00325390625,0.0910264238999998,0.0910845637520774,-0.354,0.381,0.735,-0.1791063054668851,-0.0173080445965793,4.182926110650966,2nd_test,959,2004.02.19.02.22.39,0.114028875139217,1
-0.0017356933593749,0.2228926784548936,0.2228994363838418,-0.84,1.113,1.953,0.5709460275133078,-0.0414220243372993,4.993283150695704,-0.0036246582031249,0.1585366433126184,0.1585780735786693,-0.627,0.598,1.225,0.0094025633985368,0.0198797200830362,3.95388836455373,-0.0035544433593749,0.1485859082604298,0.1486284165332184,-0.903,0.84,1.743,0.0301367194129413,0.0157157791143164,6.075554197888558,-0.0023173828124999,0.1017647277548823,0.1017911100151924,-0.381,0.43,0.8109999999999999,-0.1952233906567975,0.0694515369519673,4.224337468484211,2nd_test,960,2004.02.19.02.32.39,0.1272799781916687,1
-0.002728662109375,0.2592280876459518,0.2592424483403217,-1.301,1.067,2.368,0.1682813727891927,-0.0859534587024061,5.018468265224404,-0.00172939453125,0.1723178355268224,0.1723265134739682,-0.642,0.698,1.34,0.2355209844978807,0.0791854076647212,4.050450426488725,-0.0009094726562499,0.163919556204751,0.1639220791927524,-0.701,0.74,1.4409999999999998,-0.1961628259816383,0.0277876617337915,4.514340006176566,-0.002534765625,0.110663305790052,0.1106923316456756,-0.388,0.405,0.793,-0.1538946074919227,0.0703597870103859,3.658790035182741,2nd_test,961,2004.02.19.02.42.39,0.141405318360034,1
-0.001923095703125,0.2345685371629041,0.2345764202212748,-1.023,0.972,1.995,0.4463146708758181,0.0897884369818921,4.361052142541214,-0.0018010742187499,0.1394094747119831,0.1394211085446264,-0.513,0.483,0.996,-0.3338197956159554,0.0491553279814154,3.6795002231108898,-0.0008271484375,0.1648992868687956,0.1649013613781736,-0.676,0.715,1.391,-0.4076421921114965,0.0560621327309749,4.3359253921253655,-0.00368623046875,0.0957708914966142,0.0958418069170495,-0.327,0.308,0.635,-0.2565489694450216,0.0247948943646469,3.411872235251205,2nd_test,963,2004.02.19.03.02.39,0.1327173215829945,1
-0.0009138671874999,0.2474955277040018,0.2474972149069939,-0.945,0.991,1.936,0.162353071198769,0.1196653650113233,4.004085461601659,-0.0008209960937499,0.1402050935257713,0.1402074972501693,-0.493,0.527,1.02,-0.096043704164384,0.0008883840546563,3.758714835740388,-0.0014314941406249,0.1502298775468065,0.1502366975249493,-0.686,0.701,1.387,-0.0675777676281295,0.1185040655693946,4.665970508829382,-0.003146435546875,0.0914889641354832,0.0915430533423174,-0.337,0.369,0.706,-0.2427225857097319,0.1017037626159344,4.0308902371447575,2nd_test,964,2004.02.19.03.12.39,0.1316099626062621,1
-0.000628076171875,0.2971874369131276,0.2971881006007338,-1.199,1.072,2.271,0.4668719209344352,-0.1670041367819853,4.034481857020237,-0.00107998046875,0.1705132505206695,0.1705166706247148,-0.632,0.552,1.1840000000000002,-0.3469354854149258,-0.1038881219865566,3.706382476744716,-0.00155732421875,0.1644251801823444,0.1644325549783824,-0.659,0.679,1.338,-0.2013873402253598,0.1229702035176511,4.129352609555555,-0.0028572753906249,0.1086264514197405,0.1086640233504315,-0.403,0.378,0.781,-0.0020355984298343,0.0404035333136168,3.708679170627184,2nd_test,965,2004.02.19.03.22.39,0.1478835416836397,1
-0.001956982421875,0.2916445465934363,0.2916511123549687,-1.03,1.162,2.192,0.1737045854862606,-0.0271667484990647,3.984212474327013,-0.00110419921875,0.1767887913307262,0.1767922396376429,-0.557,0.627,1.1840000000000002,-0.5621264719189871,0.0575351049088612,3.546535760175706,-0.000982666015625,0.1639151333457877,0.1639180788450915,-0.718,0.872,1.59,-0.212638715454696,0.0999851194747066,5.319730478410205,-0.003355517578125,0.1099622938918371,0.1100134790658484,-0.376,0.464,0.8400000000000001,0.0463650502697094,0.3219552851016181,4.217664998286761,2nd_test,966,2004.02.19.03.32.39,0.151210424283687,1
-0.0008244140624999,0.3437345275348092,0.3437355161721363,-1.257,1.128,2.385,-0.2645413360708852,-0.0626977532369813,3.65688135457862,-0.002089794921875,0.175370887094716,0.1753833381002971,-0.53,0.596,1.126,-0.4576937682256865,0.042035685284565,3.3982703628081534,-0.0019251464843749,0.1610502372504789,0.1610617431528104,-0.547,0.615,1.162,-0.2361030913277622,0.0802246146573283,3.818411423827001,-0.003176025390625,0.11693019051774,0.1169733157254118,-0.371,0.498,0.869,0.6516244075268829,0.5680324244984739,4.257381240391349,2nd_test,967,2004.02.19.03.42.39,0.167557769369748,1
-0.0019333984374999,0.3148052008934165,0.3148111378891517,-1.025,1.086,2.111,-0.2588740512312379,0.007877226991928,3.449687349940403,-0.000736767578125,0.1464699744444922,0.1464718274626024,-0.745,0.645,1.39,0.2190863511849401,0.0888000991492574,5.086302348382517,-0.00104892578125,0.1500157294774215,0.1500193965323734,-0.706,0.728,1.434,-0.0544424316019998,0.0505482722999635,4.852705828862926,-0.00353017578125,0.1093341051564411,0.109391081407061,-0.432,0.437,0.869,0.0543306564842605,0.2867892783493003,3.9948412098593393,2nd_test,968,2004.02.19.03.52.39,0.1560921328272002,1
-0.0006234375,0.3257149715216355,0.3257155681690027,-2.28,1.66,3.94,1.5961439154093575,-0.1222707637618923,6.999972438560215,-0.0007155273437499,0.1483604333924702,0.1483621588403904,-0.645,0.579,1.224,-0.0597599019080345,0.0297865560594455,4.347469766125135,-0.0023214843749999,0.1560879599381079,0.1561052226139271,-0.681,0.632,1.3130000000000002,-0.0794315317857212,0.0004525276762612,4.362442130971224,-0.0033373535156249,0.1187441837030707,0.1187910732832937,-0.349,0.481,0.83,0.0465539757043043,0.2691953646240966,4.0491258029873896,2nd_test,969,2004.02.19.04.02.39,0.161813729638564,1
-0.0030344726562499,0.3530770677965697,0.3530901072362761,-2.583,1.973,4.556,2.2372547302258763,-0.2796229613719415,7.3154131114305825,-0.0018500488281249,0.1842105596806252,0.1842198495779312,-0.671,0.703,1.374,-0.2588116846864277,0.0588397711353219,3.816092574208681,-0.0027486328125,0.1838244733702494,0.1838450216682178,-0.947,0.71,1.657,0.0011215245736377,0.1884138240971922,5.151077746907308,-0.003098779296875,0.1341410669346029,0.1341768544551718,-0.483,0.532,1.015,0.1802296466906172,0.3088899470890068,3.964916320003424,2nd_test,970,2004.02.19.04.12.39,0.1822960194084948,1
-0.002303662109375,0.4155634455432109,0.4155698306312181,-2.678,2.122,4.8,2.710834902830197,-0.0655885074232399,6.444163658189245,-0.0018054199218749,0.1628025866101413,0.162812597018925,-0.61,0.806,1.416,0.1567344927085541,0.1009631653508417,4.950476896461283,-0.002597900390625,0.1553776833961195,0.1553994002047124,-0.879,0.874,1.753,0.4652180564780432,0.3746158958111781,5.656392488236183,-0.002758544921875,0.1278041544885117,0.1278339214551809,-0.486,0.527,1.013,0.8134602805347289,0.5271454080878122,4.122536444136586,2nd_test,972,2004.02.19.04.32.39,0.1867957333952425,1
-0.002442333984375,0.4476661278303975,0.4476727901067397,-3.12,2.073,5.193,3.161553346450286,-0.468654951277646,6.969376001720188,-0.001783837890625,0.1908486615712875,0.1908569980408679,-0.664,0.708,1.372,-0.0613456781918393,0.0092205534045454,3.709583653016942,-0.002883154296875,0.1651876010020608,0.1652127601110629,-0.847,0.686,1.533,-0.2140138926106392,0.0712396476288095,5.126722654021908,-0.0034499023437499,0.1298642136777145,0.1299100297140775,-0.452,0.562,1.014,0.3580915002494853,0.2392031770413792,4.326070906400337,2nd_test,974,2004.02.19.04.52.39,0.1972299961870959,1
0.0033890625,0.6721289437226655,0.6721374879698163,-5.0,4.998,9.998,14.110009232265156,-0.7660666557271534,7.43895421619021,-0.0007151367187499,0.1910733091719275,0.1910746474507738,-0.674,0.852,1.526,0.4743032850899515,0.1961273078785103,4.4589903022850805,-0.00111337890625,0.1761750162877064,0.176178534380788,-0.759,0.969,1.728,-0.1633991725430612,0.141543541567336,5.5001025147599805,-0.0034029296874999,0.1245983557087459,0.1246448160806587,-0.525,0.547,1.072,0.7860189649897813,0.1262135081261587,4.388469710939627,2nd_test,975,2004.02.19.05.02.39,0.2643670233572117,1
-0.005277880859375,0.5309298963726813,0.530956128967989,-4.25,4.097,8.347000000000001,9.796460845214698,-0.416445831645933,8.004427801318826,-0.001956787109375,0.1710634192231581,0.1710746106589442,-0.754,0.725,1.479,0.6182460598491453,-0.0509533168014499,4.407433675232926,-0.001947216796875,0.1604145301445962,0.1604263480066962,-0.715,0.676,1.391,0.1503524949537573,0.2604670564327938,4.456873879381076,-0.003272119140625,0.1468577946172595,0.146894242921619,-0.566,0.706,1.2719999999999998,0.9702485897479214,0.3879917719028575,4.806178826027285,2nd_test,976,2004.02.19.05.12.39,0.2244991667666013,1
-0.003201806640625,0.4459067523416139,0.4459182473835416,-3.066,2.803,5.869,1.624277812551865,-0.1593117319267757,6.875699790226364,-0.001549462890625,0.173189411231742,0.1731963423344929,-0.608,0.676,1.284,0.1283123837509894,0.1046774147557914,3.903084735418618,-0.002037060546875,0.1494637175857831,0.1494775986234538,-0.615,0.796,1.411,0.2827088715802075,0.2566828069650995,5.325212656110853,-0.00312373046875,0.1463869455100799,0.1464202701398017,-0.549,0.54,1.089,-0.0426122765894874,0.1450779641590775,3.749480857206907,2nd_test,977,2004.02.19.05.22.39,0.2026950784542355,1
-0.0027521972656249,0.724996245861816,0.7250014697250727,-5.0,4.998,9.998,12.577704574521317,-0.5105564427793186,6.896537743418851,-0.0008377929687499,0.2182928680189564,0.218294475708846,-0.884,1.118,2.002,2.452738748815693,0.6420072241098808,5.121522184033781,-0.001910986328125,0.1705660745216882,0.1705767793296742,-0.769,0.686,1.455,-0.0980371889252205,-0.0119760102398441,4.508233787843088,-0.00293916015625,0.1483220057586311,0.1483511242110672,-0.544,0.542,1.086,-0.0932865896544186,-0.0519483204174946,3.666975918715348,2nd_test,979,2004.02.19.05.42.39,0.2820609128619239,1
-0.0044865234375,0.4619898811734555,0.4620116656527395,-2.881,2.688,5.569,3.759971680444238,-0.325367873567202,6.235773280580325,-0.0009095703125,0.1708144636224575,0.1708168852917686,-0.637,0.908,1.545,0.911258398675006,0.4644416778702296,5.315633746884853,-0.00134794921875,0.1778726991289098,0.1778778065484842,-0.725,0.764,1.489,-0.3192059075503621,0.1110593787828629,4.29508332051228,-0.00331513671875,0.1165826742150382,0.1166297991878308,-0.449,0.527,0.976,0.2595908868908063,0.1198931770656153,4.518570756919116,2nd_test,980,2004.02.19.05.52.39,0.2065437428056686,1
-0.001703076171875,0.4838323979711101,0.4838353953514789,-3.696,3.501,7.197,4.891755233183495,-0.377095385435107,7.638961587974413,-0.0016322265625,0.1936342138819155,0.1936410931316458,-0.752,0.891,1.643,0.3306274909856532,0.3868612470310413,4.601296065756338,-0.0013654785156249,0.1874004735062761,0.1874054481650763,-0.784,0.845,1.629,-0.135662387530298,0.2470953113254842,4.508940419123629,-0.003310888671875,0.1305403582626579,0.1305823384655851,-0.479,0.625,1.104,0.6971666810946306,0.1679784108520022,4.786252163495542,2nd_test,981,2004.02.19.06.02.39,0.2199343389496084,1
0.0018568359375,0.0009873279856301,0.0021030112339214,0.0,0.005,0.005,3.637512638586317,0.5796982508442869,2.377543170941098,0.003731494140625,0.0014895876611855,0.004017825272691,0.0,0.007,0.007,-1.8710393454475824,-0.2896389679347121,1.7422360414317617,0.003655810546875,0.0014962976532871,0.0039501718218167,0.0,0.007,0.007,-1.9354181434079027,-0.1961212519961512,1.772074814459215,0.001785546875,0.0012042024776497,0.0021536669310736,-0.002,0.005,0.007,1.6527216082391964,0.656680034260563,2.3216217538270287,2nd_test,982,2004.02.19.06.12.39,0.0380750309021721,0
-0.001161962890625,0.0009995548103707,0.0015327320633838,-0.005,0.002,0.007,-1.6097740354671497,0.3170322768004378,3.262148757884753,-0.000701171875,0.0010211429878861,0.0012386989141837,-0.002,0.002,0.004,-1.0940985534953698,-0.2503399043659282,1.6145973613800402,-0.000663623046875,0.0009963237888765,0.00119710343773,-0.005,0.002,0.007,-1.069012350891199,-0.3954494226899888,4.176748506632346,-0.00169521484375,0.0012798683681455,0.0021241036712575,-0.005,0.002,0.007,1.1704938581594888,-0.6591190009716752,2.353934068898702,2nd_test,983,2004.02.19.06.22.39,0.0320564320832438,0
