ch1_mean,ch1_std,ch1_rms,ch1_min,ch1_max,ch1_peak_to_peak,ch1_kurtosis,ch1_skewness,ch1_crest_factor,ch2_mean,ch2_std,ch2_rms,ch2_min,ch2_max,ch2_peak_to_peak,ch2_kurtosis,ch2_skewness,ch2_crest_factor,ch3_mean,ch3_std,ch3_rms,ch3_min,ch3_max,ch3_peak_to_peak,ch3_kurtosis,ch3_skewness,ch3_crest_factor,ch4_mean,ch4_std,ch4_rms,ch4_min,ch4_max,ch4_peak_to_peak,ch4_kurtosis,ch4_skewness,ch4_crest_factor,dataset,file_index,timestamp,quantization_error,label
-0.002238525390625,0.0769018492885405,0.0769344228542846,-0.342,0.393,0.7350000000000001,0.3992394228624758,0.0493117736793891,5.108246548352507,-0.002332568359375,0.0918233969337783,0.0918530190010615,-0.356,0.42,0.776,0.1446492519880253,0.121831641252081,4.572522542678467,-0.00205771484375,0.0997089474824567,0.099730177972555,-0.713,0.623,1.336,1.5627694128802103,-0.01059803665587,7.149290360126127,-0.002848828125,0.056026486469586,0.0560988681509039,-0.271,0.242,0.513,0.1990257947915035,-0.0039614590928094,4.830756999698981,2nd_test,496,2004.02.15.21.12.39,0.0748341888536932,0
-0.0022748046875,0.0785494350087652,0.0785823674660066,-0.4,0.403,0.803,0.4890447103350155,-0.0026227136240164,5.128376924622465,-0.002049658203125,0.0949000225611655,0.0949221543205766,-0.452,0.452,0.904,0.1655068894218261,0.119998155319044,4.761796687301441,-0.0014609863281249,0.1048632230491029,0.1048734000082808,-0.64,0.635,1.275,0.9570967413089556,0.0138449245402346,6.102596081974674,-0.0034757812499999,0.0543237851424415,0.0544348664690196,-0.225,0.222,0.447,0.0734951184794376,-0.039652698569022,4.13338021365259,2nd_test,30,2004.02.12.15.32.39,0.0769108168546963,0
-0.0020714355468749,0.0769147313771686,0.0769426198413264,-0.361,0.408,0.7689999999999999,0.3944622448109758,-0.0011731127230121,5.302652818893979,-0.001820654296875,0.0960085751234135,0.0960258365196412,-0.364,0.469,0.833,0.1059972898755998,0.1517102887695825,4.88410220617225,-0.0020623046874999,0.102144942996923,0.1021657598242618,-0.649,0.698,1.347,1.2396369321629832,0.070575558699833,6.832034540670154,-0.002686181640625,0.0555371418553313,0.0556020655845232,-0.244,0.254,0.498,0.0169624208784893,-0.0139816117500895,4.568175612276756,2nd_test,63,2004.02.12.21.02.39,0.0764397740116558,0
-0.002419287109375,0.0773480587756847,0.0773858846721052,-0.339,0.369,0.708,0.468679864414069,0.0201020078995498,4.768311450579598,-0.00057529296875,0.0936006586291603,0.0936024265594247,-0.432,0.452,0.884,0.1185105362048148,0.1191344550333319,4.8289346399392,-0.001638818359375,0.1016470752035288,0.1016602853775596,-0.796,0.925,1.721,1.810123081357004,-0.0104579138135102,9.098931766279344,-0.0029263671875,0.0553452255598567,0.055422537087249,-0.281,0.232,0.513,0.1129960418962392,-0.0261421920027854,5.070139599574175,2nd_test,352,2004.02.14.21.12.39,0.07589458515097,0
-0.0020143554687499,0.0842471704653664,0.0842712487113784,-0.41,0.42,0.83,0.3980557698648219,0.0139954058883545,4.983906212585967,-0.0017482421875,0.0916953861683691,0.0917120504367474,-0.378,0.513,0.891,0.1578116554512965,0.1343828549211889,5.59359427197864,-0.0017033203125,0.1006774473600928,0.1006918552169501,-0.847,1.284,2.131,3.300239014685106,0.0386481936929,12.751776171178378,-0.003025146484375,0.0558586070968024,0.0559404638705014,-0.249,0.261,0.51,0.1199902567496273,0.0161541840721435,4.665674575018408,2nd_test,537,2004.02.16.04.02.39,0.0753718196536004,0
-0.001818896484375,0.0769817936087472,0.0770032787070825,-0.369,0.374,0.743,0.447202651604071,-0.0131075382577956,4.856936045773123,-0.0011681640625,0.0937316473814905,0.0937389264293388,-0.398,0.415,0.813,0.1756680884843851,0.1225288346543008,4.427189597785751,-0.001227001953125,0.1006804398100626,0.1006879163263428,-0.706,0.574,1.2799999999999998,1.2773012743106928,0.0480393212871803,7.011764924251174,-0.003128173828125,0.0552561235222319,0.0553445991782678,-0.281,0.247,0.528,0.1183781049108025,0.0184272741147075,5.077279520803956,2nd_test,225,2004.02.14.00.02.39,0.0760360988731243,0
-0.0019248046875,0.077804620647507,0.0778284258300751,-0.366,0.398,0.764,0.458982255928821,0.0088313412485238,5.113812797188656,-0.0016973144531249,0.0909143802902989,0.0909302228080514,-0.427,0.43,0.857,0.1875220017560717,0.1029555496035843,4.728900762763739,-0.001697216796875,0.0993948617733395,0.0994093511285375,-0.947,0.876,1.823,2.148852572255282,0.0687235848060424,9.52626678717569,-0.002290576171875,0.0548079761269193,0.0548558199859242,-0.254,0.212,0.4659999999999999,0.1324142124084768,-0.028613218290867,4.630319992674341,2nd_test,529,2004.02.16.02.42.39,0.0747584513096062,0
-0.002181201171875,0.097082310579546,0.0971068106057223,-0.439,0.491,0.93,0.6499851458312187,0.0594813577092502,5.05628798775531,-0.001245947265625,0.0928670878410815,0.0928754455637865,-0.408,0.43,0.838,0.2119619917026449,0.0944080385876922,4.629856657861712,-0.0017109863281249,0.1027006297544316,0.1027148812303839,-0.747,0.767,1.514,1.3740827707931489,-0.0037911316908586,7.467272422505101,-0.002791357421875,0.0570087547545569,0.0570770513860156,-0.256,0.264,0.52,0.0846422992621889,-0.0136555266291474,4.625326529394907,2nd_test,632,2004.02.16.19.52.39,0.0787811924875559,0
-0.00210263671875,0.0963140650874664,0.0963370137322293,-0.439,0.557,0.996,0.5472246871079167,0.0276087482568102,5.781786028186536,-0.001539404296875,0.0937559477802682,0.0937685848766292,-0.364,0.41,0.774,0.1179868217021629,0.1070165719730406,4.372466541273519,-0.002477734375,0.0983070400002814,0.098338259498783,-0.623,0.627,1.25,0.9653432288637503,-0.0446105732854182,6.375951772884317,-0.0029713378906249,0.0569806205814122,0.0570580403685854,-0.254,0.247,0.501,0.0995919254838315,0.0310842136791462,4.451607492208823,2nd_test,634,2004.02.16.20.12.39,0.0775595649209043,0
-0.0016638671875,0.1061968654046041,0.1062098991421291,-0.481,0.461,0.942,0.7618131670541999,-0.0186808433740849,4.52876807040181,-0.001688232421875,0.093069566755494,0.0930848773150914,-0.356,0.53,0.886,0.1026500176433771,0.1382431987778141,5.693728297027896,-0.0005892578125,0.0988942969763634,0.0988960524956317,-0.583,0.713,1.2959999999999998,1.3815299938346677,0.0447904559653612,7.209590089799425,-0.00259482421875,0.056343290629786,0.0564030097753546,-0.251,0.249,0.5,0.1024199932713432,-0.0193556923715996,4.450117130189472,2nd_test,654,2004.02.16.23.32.39,0.078704656417825,0
-0.00165908203125,0.0767142901296416,0.0767322283221414,-0.369,0.522,0.891,0.4150533719613865,-0.0173367235688941,6.802878157033416,-0.00156025390625,0.0940270343352008,0.0940399786161449,-0.435,0.464,0.899,0.2258023524879679,0.1544316880044564,4.9340717301631285,-0.001125634765625,0.0984889155757961,0.0984953478339046,-0.598,0.679,1.277,1.2217844085424554,0.0482438821867304,6.893726606642599,-0.0025194824218749,0.055378196431145,0.0554354798990738,-0.222,0.237,0.4589999999999999,0.0438867805714648,0.0122232531546203,4.275240341153503,2nd_test,353,2004.02.14.21.22.39,0.0751877207251445,0
-0.00177568359375,0.0763720064785267,0.0763926464116884,-0.342,0.366,0.708,0.3466352920025497,0.0101505211423457,4.791037059022599,-0.00157314453125,0.0938106102068286,0.0938237995984694,-0.425,0.437,0.862,0.1727151300520293,0.1279848622102282,4.6576668378976125,-0.001827294921875,0.1024702967971224,0.1024865880611793,-0.613,1.008,1.621,1.4752786856683269,0.0486312881331492,9.835433289948522,-0.002866748046875,0.0544817286582287,0.0545570985477886,-0.239,0.249,0.488,0.1240922676240043,0.0142366353640265,4.564025701941008,2nd_test,124,2004.02.13.07.12.39,0.0759622572635653,0
-0.00220166015625,0.0782165673210853,0.0782475476352933,-0.415,0.349,0.764,0.3297582489932256,0.0258243383048177,5.303680594936776,-0.0019171386718749,0.0960081291277445,0.0960272684152625,-0.43,0.481,0.911,0.182610544256581,0.0980110009323957,5.008993881976769,-0.00145703125,0.1045971728291103,0.1046073205082046,-0.627,0.667,1.294,0.9536161721882284,0.0260300211285527,6.3762267951534914,-0.003188134765625,0.056138616334764,0.0562290711933393,-0.232,0.217,0.449,0.1125582876738215,-0.0059701317063463,4.125979587999237,2nd_test,48,2004.02.12.18.32.39,0.0775647108379202,0
-0.002073046875,0.0766363670204398,0.0766644003005143,-0.347,0.403,0.75,0.4049766158613508,0.0341819012082842,5.2566771332592,-0.001310986328125,0.094822602236627,0.0948316644379825,-0.435,0.488,0.923,0.3758928634671683,0.1093862719819807,5.145960506830431,-0.0019103515625,0.1008232890531815,0.1008413856439594,-0.835,0.947,1.782,2.5845421273232567,-0.0077649446009407,9.390985595281094,-0.002855517578125,0.0550676038162561,0.0551415902083275,-0.293,0.232,0.525,0.1076503257573699,-0.0351883601922734,5.313593584945926,2nd_test,365,2004.02.14.23.22.39,0.0763292523072601,0
-0.002343896484375,0.0782777702997387,0.0783128544609895,-0.398,0.356,0.754,0.3938119643810864,-0.0259097939342769,5.082179710269354,-0.0011470703124999,0.0932778069465651,0.0932848596454028,-0.469,0.42,0.889,0.1536347197199172,0.1099532465308404,5.027611144806875,-0.00184541015625,0.1033167617108555,0.1033332414524121,-0.82,0.632,1.452,1.75782908656711,-0.0739112201834538,7.935490926893043,-0.0026488769531249,0.0557223218473447,0.0557852462679145,-0.251,0.225,0.476,0.1009076923020511,0.0005989510413227,4.499397543035778,2nd_test,445,2004.02.15.12.42.39,0.0764867907993222,0
-0.00182724609375,0.0764806107975274,0.0765024356229917,-0.398,0.398,0.796,0.4433637639149004,0.0263791850457102,5.202448742366368,-0.001838525390625,0.0917255291903372,0.0917439528299243,-0.33,0.457,0.787,0.0690577399583936,0.1104383984867979,4.9812547410313694,-0.00125576171875,0.0989806287077462,0.0989885942766892,-0.767,0.754,1.521,1.6679211123410305,0.0059212416157979,7.74836743158875,-0.00333232421875,0.0542205458102127,0.0543228494526589,-0.212,0.21,0.422,0.0501952343824831,0.0321097040974757,3.902593515107308,2nd_test,521,2004.02.16.01.22.39,0.0743561005818775,0
-0.00181630859375,0.0765141840381884,0.0765357389455246,-0.398,0.356,0.754,0.3525296268183013,-0.1138956322310759,5.200184978655287,-0.002201904296875,0.0956641990035093,0.0956895362801786,-0.474,0.488,0.962,0.2883813120650536,0.1286720228117908,5.099826156185331,-0.002109375,0.1010114036240927,0.1010334257807781,-0.54,0.728,1.268,1.3116460503929748,0.1147239605985222,7.205536131897632,-0.00282177734375,0.0555518749891468,0.0556234954150447,-0.22,0.242,0.4619999999999999,0.1214468166903799,-0.0389845654486317,4.350679477978196,2nd_test,198,2004.02.13.19.32.39,0.0764189602782727,0
-0.0018869140625,0.0778511720207746,0.0778740356581543,-0.449,0.361,0.81,0.5209914178339541,-0.0231160857859808,5.765721478275774,-0.00160771484375,0.0935121541181943,0.0935259734771242,-0.364,0.405,0.769,0.0830527127157871,0.1139588703564644,4.330347869565128,-0.0019242675781249,0.0991910284942186,0.099209691761708,-0.84,0.825,1.665,1.9573301409064028,0.0010649583941825,8.466914724512304,-0.00312646484375,0.055289348286872,0.0553776743499241,-0.232,0.234,0.466,0.0545241115329737,0.0370453052315842,4.2255295611939125,2nd_test,354,2004.02.14.21.32.39,0.0751843348447579,0
-0.0017133300781249,0.1955900949741487,0.1955975990444492,-0.964,0.823,1.787,1.1907125645598269,-0.1275318383646438,4.928485854143864,-0.001971826171875,0.1340352967635802,0.1340497999884861,-0.525,0.522,1.0470000000000002,-0.0373262767504911,-0.0722571407079866,3.91645492974385,-0.0013044921874999,0.148812032953304,0.1488177504586146,-0.771,0.891,1.662,0.0668728633064472,-0.0970334682198304,5.987189009699449,-0.0029392578125,0.0897543882862373,0.0898025024880988,-0.403,0.386,0.789,0.5477026093224153,0.0647354389819754,4.487625498509023,2nd_test,938,2004.02.18.22.52.39,0.113884337258274,1
-0.002043603515625,0.0775424921508704,0.0775694166814272,-0.361,0.374,0.735,0.272213678600965,0.0153946994345142,4.821487849150309,-0.00140771484375,0.0931583800235179,0.0931690153950738,-0.43,0.479,0.909,0.1584298237395294,0.1075168007582449,5.141194183105913,-0.001242041015625,0.0986867546685274,0.0986945703313542,-0.735,0.637,1.372,1.2840368974672849,0.096752768741761,7.447218195741525,-0.0030191894531249,0.0552659812588111,0.0553483892218475,-0.234,0.237,0.471,0.0415787263476405,0.0016415665037213,4.28196743080949,2nd_test,323,2004.02.14.16.22.39,0.0753125025451377,0
-0.0018719726562499,0.0772601424092203,0.0772828175386919,-0.396,0.437,0.833,0.5316575196159739,0.0418055599042889,5.65455574617941,-0.001222314453125,0.095798543198831,0.0958063407694951,-0.461,0.488,0.949,0.2109481424887671,0.1293213426033962,5.0936085866071,-0.0022306640625,0.1016505388475463,0.1016750112375516,-0.654,0.647,1.3010000000000002,1.2569894540156232,-0.0310751404378596,6.432258939864528,-0.003227099609375,0.0557729496449268,0.0558662338446433,-0.229,0.237,0.4659999999999999,0.1444020536617589,-0.0046145130127011,4.242276303335991,2nd_test,104,2004.02.13.03.52.39,0.0771774792262507,0
-0.0019072265625,0.0752865572960773,0.0753107112080097,-0.381,0.342,0.7230000000000001,0.2905308522713739,-0.0198732566490799,5.05904132205857,-0.001212109375,0.0945464808486441,0.0945542503010837,-0.457,0.444,0.901,0.2046315103830425,0.1219997095490761,4.833204203300936,-0.001657373046875,0.0993229710463501,0.0993367981308569,-0.696,0.771,1.467,1.397093061685152,-0.0004601060781037,7.761474242169509,-0.00284580078125,0.0537094719294901,0.0537848115831156,-0.239,0.203,0.442,-0.0160028517935049,-0.0088974675037311,4.4436336757677575,2nd_test,190,2004.02.13.18.12.39,0.0754888525764256,0
-0.0027931640625,0.0755739619366432,0.075625561077464,-0.366,0.452,0.8180000000000001,0.4161307415388537,0.0412225610074664,5.97681516082948,-0.001384521484375,0.0954884801863878,0.0954985169939663,-0.405,0.405,0.81,0.153427556239738,0.1298063814730103,4.240903552683937,-0.00202041015625,0.1020146597032162,0.1020346649505083,-0.667,0.781,1.448,1.4336103958056094,0.0350238464399455,7.654261425478955,-0.002915869140625,0.0566838641175367,0.056758812039547,-0.247,0.276,0.523,0.1834113750433248,-0.0107078712709306,4.862681054755567,2nd_test,147,2004.02.13.11.02.39,0.0765115298939957,0
-0.001661767578125,0.0776049843558754,0.0776227741604187,-0.444,0.405,0.849,0.4477488811593342,0.0203905108983827,5.71997077915161,-0.001669921875,0.092927570888536,0.0929425740460877,-0.41,0.454,0.864,0.1176072740378524,0.0964077773366913,4.884736673744251,-0.001410791015625,0.1042058568240989,0.1042154063837702,-0.769,0.984,1.753,2.3669886579075623,0.0581502460932949,9.441982084366744,-0.0027646484375,0.0547601988242101,0.0548299430626186,-0.278,0.308,0.5860000000000001,0.2029543008346217,-0.0336121488104585,5.617368590783156,2nd_test,17,2004.02.12.13.22.39,0.075725837664726,0
-0.001817138671875,0.0773611836994193,0.0773825221631352,-0.403,0.444,0.847,0.5335850965343232,0.0208525794418079,5.737729755799844,-0.0008595703125,0.0933338676253647,0.0933378257033623,-0.488,0.449,0.937,0.1828170749711293,0.0954275003897813,5.22831977622543,-0.00128447265625,0.1012557233775656,0.1012638700955022,-0.859,0.601,1.46,1.7359995932883248,-0.0967222718833263,8.482788571890369,-0.002896240234375,0.0548682426214305,0.0549446289991967,-0.266,0.217,0.483,0.1119800738313698,-0.0245563647742471,4.8412375302242445,2nd_test,440,2004.02.15.11.52.39,0.0757420382817073,0
-0.002053271484375,0.086954618102862,0.0869788568170628,-0.383,0.398,0.781,0.4364173780138687,0.0329537787145547,4.575824683836814,-0.0016318359375,0.0930386748703426,0.093052984423694,-0.413,0.415,0.828,0.1499757516203028,0.0989296607927789,4.459824717775185,-0.0010448242187499,0.0982440024935143,0.0982495581852343,-0.891,0.964,1.855,2.0000726971706984,0.0500636898105575,9.811748956394442,-0.00322744140625,0.0558950408768566,0.0559881413574004,-0.237,0.215,0.4519999999999999,0.0263992964106098,-0.0251814114809437,4.23303925170291,2nd_test,545,2004.02.16.05.22.39,0.0759371119701796,0
-0.00219794921875,0.0789091037583785,0.0789397088715099,-0.447,0.466,0.913,0.530290575512856,0.0167850127531181,5.903239404551189,-0.0011050781249999,0.094925381846711,0.094931814037267,-0.378,0.469,0.847,0.154000408929416,0.1138946083799083,4.940388053797708,-0.00150029296875,0.1043633273783308,0.1043741106810915,-0.803,1.018,1.821,2.41325322744855,0.0214623968503367,9.753376515951173,-0.0027684082031249,0.0559291398082676,0.0559976139105218,-0.229,0.281,0.51,0.1225251727884164,-0.0069293904274235,5.018070956451634,2nd_test,151,2004.02.13.11.42.39,0.0767878838014128,0
-0.001688134765625,0.0776181744925759,0.0776365301294878,-0.356,0.4,0.756,0.3779436618099709,-0.0433338184921486,5.152213775238263,-0.000913037109375,0.0937846660176053,0.0937891103316204,-0.325,0.459,0.784,0.0766473456743801,0.1107994529985824,4.893958353716859,-0.0011944824218749,0.0999065677721412,0.0999137081298938,-0.571,0.881,1.452,1.761175122403141,0.0632100787051856,8.817608879512598,-0.002993798828125,0.0550229010438366,0.0551042872261598,-0.232,0.256,0.488,0.1173754454899698,-0.0331292007794959,4.645736527625793,2nd_test,503,2004.02.15.22.22.39,0.0757926670861939,0
-0.00220458984375,0.0785222316152539,0.0785531735464503,-0.356,0.349,0.705,0.3618641876245507,-0.0066133725480891,4.531962031870764,-0.001731103515625,0.0936832080266526,0.0936992005598066,-0.479,0.496,0.975,0.2443397512792868,0.1553113805727739,5.293535025180047,-0.001289794921875,0.1006944105197447,0.1007026706739169,-0.981,0.996,1.977,2.810303905373808,0.0586531754971304,9.89050234045167,-0.002594580078125,0.0555786353462602,0.0556391638392811,-0.237,0.244,0.481,0.1192084420693766,-0.0019277309661523,4.385400195812268,2nd_test,304,2004.02.14.13.12.39,0.0756693139294241,0
-0.0015443359375,0.0773466955698473,0.0773621114568527,-0.425,0.413,0.838,0.4052045632928984,-0.03941316211408,5.493645299890015,-0.001565283203125,0.0942654576174228,0.0942784525293458,-0.383,0.4,0.783,0.1142397172170728,0.0909859134034222,4.242751013241864,-0.002041162109375,0.099953272847598,0.0999741121276059,-0.659,0.735,1.394,1.2880026189052298,0.0185365892910321,7.351903251258701,-0.00311875,0.0543501825548912,0.0544395898709064,-0.261,0.247,0.508,0.1993947601978769,-0.0117043020495615,4.794305038192235,2nd_test,271,2004.02.14.07.42.39,0.0752993863925401,0
-0.00241171875,0.0772870866893098,0.0773247059887718,-0.381,0.444,0.825,0.4880416166718633,0.0437283345652837,5.742019892823524,-0.001124072265625,0.0959806681514943,0.0959872501807694,-0.422,0.432,0.854,0.1715128251316944,0.0837310216093558,4.500597727114057,-0.001303759765625,0.1038276924159767,0.1038358777203386,-0.522,1.055,1.577,1.579198650474679,0.0620591323899337,10.160264671053994,-0.0032920898437499,0.0557908687078757,0.0558879136014107,-0.225,0.212,0.437,0.1378021885222122,0.0306388637427517,4.025915184464761,2nd_test,69,2004.02.12.22.02.39,0.0768975029555494,0
-0.00206689453125,0.0760964361546202,0.0761245009733233,-0.337,0.461,0.798,0.2680942154490044,-0.0084212123295015,6.055868926556179,-0.0015004394531249,0.0914645855507099,0.0914768917733633,-0.439,0.427,0.866,0.1812327730196461,0.0676771569352806,4.799026196504756,-0.001980859375,0.0987431382349185,0.0987630049783002,-0.762,0.999,1.761,1.8003903400201082,0.0339070755427334,10.115123574959885,-0.002379931640625,0.0552860692288444,0.0553372706716786,-0.232,0.237,0.469,0.0856389059210211,-0.0126302619696328,4.282827778078557,2nd_test,486,2004.02.15.19.32.39,0.0742405435390165,0
-0.0019869140625,0.0792080325877021,0.0792329492945091,-0.344,0.432,0.776,0.3589869077111522,0.001791114953653,5.452277162986858,-0.00233974609375,0.0950233159213333,0.0950521171803592,-0.488,0.479,0.967,0.2489028236871915,0.1450467834726259,5.1340255690349,-0.002915185546875,0.1001534914980147,0.1001959089285367,-0.706,0.576,1.282,1.1413766718216003,0.0257646999494044,7.046195873091964,-0.002977490234375,0.0559728373991669,0.0560519756530434,-0.249,0.244,0.493,0.1755316258043433,-0.0113215594925338,4.442305504748748,2nd_test,300,2004.02.14.12.32.39,0.0760777731925899,0
-0.001730615234375,0.0776092472203775,0.077628540390781,-0.33,0.449,0.779,0.4307640222326752,0.0446958300367771,5.783955201707464,-0.0009978515624999,0.0950388294169636,0.0950440676985549,-0.374,0.449,0.823,0.1384097036275555,0.1179178740459167,4.724124407420564,-0.001357373046875,0.1029830622134763,0.1029920072843185,-0.583,0.654,1.237,1.1634253579081315,0.0488761984451644,6.350007318414769,-0.0032916992187499,0.0549814907548738,0.0550799383566739,-0.239,0.22,0.4589999999999999,0.1682948222939555,-0.0026616037102073,4.339147920754739,2nd_test,42,2004.02.12.17.32.39,0.0764820405063468,0
-0.002174072265625,0.0775614154437837,0.0775918794453348,-0.308,0.405,0.7130000000000001,0.3099755507638151,0.0266197723662214,5.219618378752014,-0.00150888671875,0.0947391294840797,0.0947511445552572,-0.381,0.603,0.984,0.2615943824726452,0.1441104129130868,6.364039218987764,-0.0019612792968749,0.1065750529388105,0.106593097925666,-0.688,0.566,1.254,1.022536467478275,-0.0045346871984464,6.454451680101563,-0.0032119140625,0.0554067621473125,0.0554997809328446,-0.259,0.242,0.501,0.1271939001086788,-0.0341557767317721,4.666685086716397,2nd_test,25,2004.02.12.14.42.39,0.0775066304235936,0
-0.0013962890625,0.0760441636812381,0.0760569816198684,-0.381,0.344,0.725,0.3156659175567031,0.0113294803132415,5.009402054622974,-0.0008650390625,0.0955831942337163,0.0955871085058021,-0.393,0.518,0.911,0.2490389543651701,0.1480453735481681,5.4191408035230815,-0.00104189453125,0.1029567643001699,0.102962036010245,-0.676,0.627,1.303,1.2270335840738875,0.0771470718834566,6.565526733816435,-0.002798388671875,0.0550979164560171,0.0551689348905081,-0.266,0.212,0.478,0.1555462206876634,-0.0226865617180218,4.821554023529718,2nd_test,146,2004.02.13.10.52.39,0.0769480582190393,0
-0.0019039550781249,0.0774226649428793,0.0774460721521555,-0.383,0.459,0.8420000000000001,0.4911372191123604,0.0423987202231687,5.926704702238386,-0.00095810546875,0.0954970748832366,0.0955018810146886,-0.454,0.496,0.95,0.1388645532315853,0.0980940601847956,5.193614981452765,-0.00165634765625,0.1047998789021742,0.1048129672582011,-0.625,0.718,1.343,1.2221989216192428,-0.0606297222796984,6.850297427649338,-0.003030224609375,0.0552417955106331,0.0553248428142536,-0.264,0.242,0.506,0.262734499268757,-0.0363356015243086,4.771816539661498,2nd_test,66,2004.02.12.21.32.39,0.0775563428801903,0
-0.0015690429687499,0.097914939960373,0.0979275107581176,-0.4,0.476,0.876,0.6111333437801081,4.218274879528586e-06,4.860738277835591,-0.00093642578125,0.0940681427985516,0.094072803630021,-0.408,0.408,0.816,0.1342638774293778,0.1154531982479319,4.337066444838682,-0.0015818359375,0.098424242371852,0.0984369528754636,-0.664,0.559,1.223,1.1618136584261185,-0.0780299675554725,6.745434317062886,-0.002600341796875,0.0561646347896525,0.0562247986080486,-0.356,0.232,0.588,0.1260479632753037,-0.0259998813205318,6.33172565855499,2nd_test,644,2004.02.16.21.52.39,0.0779293941545191,0
-0.00103154296875,0.1635198465507432,0.1635231001934436,-0.75,0.728,1.478,1.797294405900856,-0.1686909341896882,4.586507955806749,-0.00127373046875,0.101671298327806,0.1016792766150937,-0.422,0.518,0.94,0.1015756409732184,0.1253953386781253,5.094450090904868,-1.0302734375000188e-05,0.1045141463086183,0.1045141468164268,-0.571,0.708,1.279,0.6982863942568316,0.0235328177518458,6.774202551132025,-0.003116357421875,0.0641436253562347,0.0642192833767387,-0.3,0.295,0.595,0.215869965551311,-0.0101953258968912,4.67149404697333,2nd_test,863,2004.02.18.10.22.39,0.0911730407201252,1
-0.001795751953125,0.0782387798435483,0.0782593853571849,-0.435,0.439,0.874,0.5410550470181565,0.0050618803095192,5.609550828833414,-0.0026619140625,0.0943244320993644,0.094361985340198,-0.403,0.393,0.796,0.1511798731806655,0.1258398368871918,4.270787632782583,-0.00162734375,0.1003020866595348,0.1003152871497535,-0.593,0.693,1.286,1.4506509607476987,0.0957019432199562,6.908219272288596,-0.003195654296875,0.0562703951798189,0.0563610643980232,-0.278,0.259,0.537,0.1677805294209076,-0.0280330225911258,4.932483141762982,2nd_test,275,2004.02.14.08.22.39,0.0759312434046902,0
-0.0018572265625,0.0980337241007299,0.0980513148895133,-0.413,0.396,0.8089999999999999,0.6552368688722146,-0.0316339919695697,4.2120801792527365,-0.00099228515625,0.0931730315470559,0.0931783152750681,-0.374,0.461,0.835,0.1934762580094138,0.1352206474653273,4.947503060493763,-0.0012503417968749,0.0978737910749111,0.0978817773335996,-0.757,0.791,1.548,1.70917260705676,0.0194654124936532,8.081177329831693,-0.002774658203125,0.0565398750708533,0.0566079164178639,-0.259,0.261,0.52,0.1934832261475603,-0.0097431265901629,4.6106625453012535,2nd_test,643,2004.02.16.21.42.39,0.0776334165415173,0
-0.00162255859375,0.1358158669872001,0.1358255587946355,-0.737,0.691,1.428,1.5253678310169114,0.0082395400658821,5.426077437376107,-0.0008570800781249,0.1001358185755055,0.1001394864578747,-0.432,0.432,0.864,0.0767287671447629,0.1026540628055528,4.3139825784648265,-0.00119189453125,0.1043455777801346,0.1043523848066911,-0.627,0.754,1.381,1.0518326296549354,0.030514712305132,7.225517666793441,-0.00300458984375,0.062470685925697,0.0625428985589591,-0.283,0.244,0.5269999999999999,0.1539375124899429,0.0060155871008761,4.524894216866065,2nd_test,825,2004.02.18.04.02.39,0.0871663867883083,1
-0.0022212890625,0.0882457049896456,0.0882736573062357,-0.381,0.396,0.777,0.3659394532713698,-0.0422673919097439,4.486049542750054,-0.0019783203124999,0.0935100414410326,0.0935309660035782,-0.417,0.525,0.942,0.1557262159985475,0.1275373639511508,5.61311427035087,-0.001945703125,0.0989211214189713,0.0989402548179329,-0.625,0.986,1.611,2.069027350409196,0.0927327792704976,9.965610072507332,-0.00293681640625,0.0558303470207599,0.0559075356196505,-0.227,0.217,0.444,0.1290269717933885,-0.0054521581330119,4.060275551050276,2nd_test,559,2004.02.16.07.42.39,0.0764617817216257,0
-0.002467822265625,0.0783156906506825,0.078354563037695,-0.422,0.364,0.786,0.4422175697993737,0.0207842397697551,5.385774403356665,-0.001910400390625,0.0918866894627596,0.0919065467204492,-0.361,0.383,0.744,0.1542288177478576,0.1463217762641802,4.167276583253616,-0.00082919921875,0.0986875807816293,0.0986910642959888,-0.603,0.564,1.1669999999999998,1.0410534543837784,0.0160529018344896,6.109975652764322,-0.0032222656249999,0.0549430103566818,0.0550374180245812,-0.269,0.225,0.494,0.1583350342984979,0.0085962562688806,4.887583931989135,2nd_test,516,2004.02.16.00.32.39,0.0745676817479026,0
-0.0024634765625,0.078723879187447,0.0787624140760918,-0.427,0.461,0.888,0.6552318596666904,-0.0004117681603815,5.853045585281044,-0.001655517578125,0.0943909828861867,0.0944054997797897,-0.457,0.43,0.887,0.1361397014735557,0.1417256034453125,4.84081966687489,-0.0008648437499999,0.098326727824448,0.0983305311659354,-0.742,0.762,1.504,1.4328607222122989,0.0819370398981632,7.749373373223775,-0.002980810546875,0.0553886435023508,0.0554687935739265,-0.232,0.281,0.513,0.1484912644778386,-0.0327188167718308,5.065911513298532,2nd_test,326,2004.02.14.16.52.39,0.0757493870291711,0
-0.002005615234375,0.0788877844588661,0.0789132753679434,-0.325,0.364,0.6890000000000001,0.3564760255027606,0.0683907659629997,4.612658621736199,-0.0009242675781249,0.095781686769756,0.0957861461330166,-0.393,0.393,0.786,0.1346844751907334,0.083810546405634,4.102889779594476,-0.00175927734375,0.1070339705943702,0.1070484279098425,-0.71,0.745,1.455,1.7336051729812525,-0.0223198650017901,6.959466986479133,-0.0028974121093749,0.0559343266657677,0.0560093197288127,-0.269,0.317,0.5860000000000001,0.1850172740601894,0.016862917765479,5.659772365192048,2nd_test,46,2004.02.12.18.12.39,0.0781350223563214,0
-0.001981591796875,0.075534687182636,0.0755606754458172,-0.366,0.405,0.771,0.4429353349113323,0.0049516109309045,5.359930911219236,-0.0018024414062499,0.0944185419727411,0.0944357446271339,-0.415,0.422,0.837,0.1911646007063012,0.1179717860949893,4.468646926666786,-0.0021216796875,0.1000331275143572,0.1000556251542111,-0.784,0.681,1.465,1.1489999634937489,-0.0305880306406608,7.835641412302621,-0.0032347656249999,0.0558250822388674,0.0559187224069452,-0.259,0.239,0.498,0.1532879077561535,-0.0002441141556326,4.631722415088651,2nd_test,178,2004.02.13.16.12.39,0.0758036657319435,0
-0.001646240234375,0.1068436883067097,0.1068563701324849,-0.532,0.479,1.011,0.9259511693175684,-0.0243654630442581,4.978645628102711,-0.00155263671875,0.0928510944738985,0.0928640750009456,-0.415,0.435,0.85,0.2195734749482505,0.1192401243166699,4.684265686067365,-0.0007994628906249,0.0995882047096423,0.099591413576689,-0.53,0.632,1.162,1.1583167230556386,-0.0058177310238537,6.345928602639932,-0.002944384765625,0.0598201902278723,0.0598926085635521,-0.271,0.266,0.537,0.1909816507645847,0.0236015991796013,4.524765350768066,2nd_test,666,2004.02.17.01.32.39,0.0791667640745047,0
-0.00184248046875,0.0767718692892115,0.0767939753394594,-0.374,0.342,0.716,0.3194399375811279,0.0068579063652088,4.870173712741181,-0.001959716796875,0.0936625831417176,0.0936830826280984,-0.325,0.422,0.747,0.173230548639129,0.1522170930746444,4.504548613870274,-0.002226953125,0.1012585415768914,0.1012830270208192,-0.693,0.886,1.579,2.178081611190562,0.0206490611313349,8.747763826303595,-0.00304990234375,0.0560083755768375,0.0560913544056702,-0.234,0.266,0.5,0.1480071064790098,-0.0032566339935605,4.742263808990287,2nd_test,83,2004.02.13.00.22.39,0.0751929343237964,0
-0.001673779296875,0.0772621430331082,0.0772802709829819,-0.354,0.378,0.732,0.4806387098295492,0.0157454160498199,4.891287196422341,-0.0014930175781249,0.0926018218621171,0.0926138570283727,-0.415,0.396,0.8109999999999999,0.141732576082592,0.1213756604830679,4.480970918513645,-0.001309619140625,0.0995497126972104,0.0995583266251026,-0.657,0.657,1.314,1.4154892453817682,0.0535288559761632,6.599146673762441,-0.00297939453125,0.0546352148739337,0.0547163914754413,-0.247,0.254,0.501,0.1830564853694962,-0.02350626712799,4.64211899115025,2nd_test,416,2004.02.15.07.52.39,0.0748837549714992,0
-0.002490185546875,0.0765534363344586,0.0765939269046304,-0.381,0.369,0.75,0.4165630099460307,-0.0611595149988313,4.974284716716783,-0.0011771484375,0.0951453240098066,0.0951526056362882,-0.503,0.566,1.069,0.1722858300953147,0.1592244837915963,5.948339472252944,-0.0011845703124999,0.1022982657334961,0.1023051239132539,-0.74,0.764,1.504,1.2532962430208163,-0.0201836366824742,7.467856650467859,-0.002703955078125,0.0557164382230559,0.0557820119870924,-0.22,0.232,0.452,0.0642020030984791,-0.0103598215874071,4.159046827667745,2nd_test,101,2004.02.13.03.22.39,0.0769833832284711,0
-0.0016349121093749,0.0753248450845004,0.0753425857308426,-0.381,0.32,0.7010000000000001,0.2916771063217673,0.0051300026649737,5.056901038093452,-0.00188818359375,0.0946587100261251,0.0946775402146346,-0.366,0.466,0.8320000000000001,0.1496741644817172,0.1417680742379944,4.921969866756709,-0.001466650390625,0.0997555051206,0.0997662862155065,-0.647,0.642,1.289,1.021461269306645,-0.011483645338929,6.48515670510097,-0.002719140625,0.0542481712757349,0.0543162757605857,-0.249,0.222,0.471,0.1349939368179629,-0.0706719834004379,4.584261282805048,2nd_test,173,2004.02.13.15.22.39,0.0757315641470218,0
-0.00202314453125,0.0780393439902234,0.0780655642663187,-0.349,0.376,0.725,0.3386926978437445,0.0612995651324943,4.816464257050248,-0.001771044921875,0.0934059487463878,0.0934227373893964,-0.43,0.486,0.916,0.2568576802751403,0.1025943465919283,5.202159705180715,-0.0017404296875,0.1009097611179308,0.1009247689339688,-0.569,0.935,1.504,1.372176639956006,0.1331419670644665,9.264326387533966,-0.00245556640625,0.0559913007531593,0.0560451208082046,-0.264,0.232,0.496,0.2016027221022467,-0.0008299651128596,4.7104903368616124,2nd_test,468,2004.02.15.16.32.39,0.0759154348665998,0
-0.001850146484375,0.0773896824151287,0.0774117948786108,-0.337,0.366,0.7030000000000001,0.4319008103829311,0.0506572152330478,4.727961682960525,-0.0015939453125,0.0952258548919528,0.0952391941459108,-0.396,0.403,0.799,0.0929000524035972,0.0816114128032226,4.231451175220508,-0.002135205078125,0.1027678518691033,0.1027900310269221,-0.806,0.889,1.695,1.9797426001961025,0.0346532420926149,8.648698624855065,-0.00347119140625,0.0557484195241436,0.0558563823499047,-0.278,0.22,0.498,0.068190470417035,-0.0093449692395143,4.977049860721906,2nd_test,203,2004.02.13.20.22.39,0.0769954984622297,0
-0.00255166015625,0.0774870854107122,0.077529087283419,-0.327,0.366,0.6930000000000001,0.3029990008129091,-0.0021083022448274,4.720808832139507,-0.0012275390625,0.0919613974263116,0.0919695899129163,-0.354,0.427,0.7809999999999999,0.053420771645599,0.1336429233375822,4.642839012326495,-0.00195234375,0.1020465674488886,0.1020652417535899,-0.715,0.676,1.391,1.2709424884420022,0.0507366369627178,7.005323141439051,-0.00322880859375,0.0545725138482842,0.0546679473975038,-0.259,0.2,0.459,0.1460577981878317,-0.0181782929456668,4.73769388325504,2nd_test,511,2004.02.15.23.42.39,0.0755830774452017,0
-0.002397607421875,0.0769863685436662,0.077023694165436,-0.388,0.408,0.796,0.3219624132001542,-0.0003301365783288,5.297071302739342,-0.001212841796875,0.0944607198721253,0.0944685057782982,-0.425,0.42,0.845,0.193687762680133,0.0798472426593577,4.4988538401666345,-0.001836572265625,0.1004371791394253,0.1004539693151638,-0.566,0.586,1.152,1.197597833624215,-0.0179769693608324,5.833517619952405,-0.002854638671875,0.0552550620998873,0.0553287524674953,-0.276,0.215,0.491,0.0407937383080745,0.0016113773333135,4.98836477755678,2nd_test,221,2004.02.13.23.22.39,0.076233792379766,0
-0.0016622070312499,0.0767837921677502,0.0768017816972692,-0.388,0.474,0.862,0.3561730038030797,-0.0038746256224301,6.171731820782509,-0.00150595703125,0.0929298146602855,0.092942016114215,-0.464,0.493,0.957,0.2489400327712498,0.1612938024479524,5.3043824591544855,-0.001368017578125,0.0991429024195457,0.0991523402258646,-0.581,0.647,1.228,1.0801917275828918,0.0177347232155621,6.525312448699013,-0.003230810546875,0.0555337567836633,0.0556276575032319,-0.232,0.256,0.488,0.0907441196739151,-0.0190348742845731,4.60202732751284,2nd_test,513,2004.02.16.00.02.39,0.0751083108224596,0
-0.0020525390625,0.0768859378232418,0.0769133301291947,-0.386,0.352,0.738,0.3985078570542333,-0.0478419629433012,5.01863590286105,-0.002010009765625,0.0957881448752021,0.0958092314857531,-0.378,0.671,1.049,0.2914047717655528,0.1463230166453122,7.003500493506981,-0.0022109375,0.1031511853000662,0.1031748771428272,-0.559,0.608,1.167,1.089851746767514,0.0643467068686552,5.892907428931941,-0.003000732421875,0.0572286203721348,0.0573072367573731,-0.271,0.244,0.515,0.1900659310638115,-0.0208975515221372,4.7288966512663695,2nd_test,53,2004.02.12.19.22.39,0.0773501225197399,0
-0.0017693847656249,0.0869737028672563,0.0869916991033663,-0.381,0.403,0.784,0.4340085155916307,-0.0278157613348429,4.632625918899571,-0.000981298828125,0.0929859232661417,0.0929911010422334,-0.432,0.435,0.867,0.1746976133327269,0.1031883157344664,4.677866969203424,-0.000799072265625,0.0986309671689687,0.0986342040124615,-0.73,0.652,1.382,1.2732677311286738,-0.0023161612470436,7.401083704192212,-0.0029285644531249,0.0557286886860418,0.055805584240485,-0.244,0.217,0.4609999999999999,0.1088353058725295,-0.0302947095600027,4.372322292051446,2nd_test,548,2004.02.16.05.52.39,0.0763473740063392,0
-0.0022353515625,0.0767178480106945,0.0767504071650437,-0.386,0.371,0.757,0.4102122577509011,-0.0007493083957233,5.029289280054474,-0.001273388671875,0.0949942906119544,0.0950028250505116,-0.383,0.408,0.7909999999999999,0.0835591891473579,0.0994771242010795,4.294609131662954,-0.0020176269531249,0.1059166486293285,0.1059358639715116,-0.71,0.652,1.362,1.2690827344473936,0.0032987891035125,6.702168400535547,-0.002666259765625,0.0547610487056866,0.0548259190208825,-0.239,0.229,0.4679999999999999,0.1432678514503216,0.0103903287809187,4.359252052019562,2nd_test,133,2004.02.13.08.42.39,0.0773863946650074,0
-0.00176015625,0.0772934709957402,0.0773135098711328,-0.403,0.352,0.755,0.4825257504421647,0.0018541488833849,5.212543068688942,-0.0003945800781249,0.0950207693164174,0.0950215885729231,-0.381,0.444,0.825,0.1938923668641869,0.1392116411729506,4.672622365754127,-0.000319921875,0.099434144121531,0.0994346587824763,-0.552,0.728,1.28,1.2979963491462687,0.0959559899424361,7.321390840041542,-0.00251943359375,0.0561155025134359,0.056172031901728,-0.261,0.215,0.476,0.0651666051538457,-0.0412207453988151,4.646440428787916,2nd_test,247,2004.02.14.03.42.39,0.0760910029456896,0
-0.0018037109375,0.083618500692753,0.0836379520986137,-0.396,0.4,0.796,0.3818054415969727,-0.00505633396605,4.782517863703736,-0.0015340332031249,0.0934186776293816,0.0934312720018871,-0.378,0.393,0.771,0.1584689866699773,0.0868784890068961,4.206300434268472,-0.0013419921874999,0.0990559428741528,0.0990650329920641,-0.613,0.879,1.492,1.5455891976813954,0.0659920550693013,8.872959241446392,-0.00326826171875,0.0558674728265495,0.0559629882573071,-0.259,0.203,0.462,0.1072717961025233,0.001243230515499,4.628058794940314,2nd_test,541,2004.02.16.04.42.39,0.0764062970828499,0
-0.001820947265625,0.0901323507138055,0.090150743170207,-0.42,0.483,0.903,0.6217770021628457,0.0045143365066542,5.357692937513842,-0.00118349609375,0.092737323937337,0.0927448754059355,-0.378,0.479,0.857,0.1414869512418941,0.1259521308382314,5.164705843835552,-0.00203203125,0.097828930575739,0.0978500322360383,-0.64,0.879,1.519,1.753627274239574,0.0960752488199893,8.983134495762375,-0.003157177734375,0.0551145464883177,0.0552049001978934,-0.222,0.208,0.43,0.0357972077120001,-0.0468268637843176,4.021382145428639,2nd_test,578,2004.02.16.10.52.39,0.0760839732580474,0
-0.001763818359375,0.0760414433253226,0.0760618968880156,-0.366,0.42,0.786,0.4773209140232182,0.0167511483895828,5.521818639532951,-0.00147822265625,0.0954994166906128,0.0955108566104856,-0.508,0.513,1.021,0.2711515130004951,0.134365327353293,5.37111715044873,-0.0014521484375,0.104693038357574,0.1047031089109822,-0.745,0.798,1.543,1.870874263480986,0.0347298255996816,7.621550193612991,-0.003008837890625,0.0548907070168855,0.0549731099926648,-0.22,0.242,0.4619999999999999,0.136238083399959,0.0344359623545057,4.402152252763004,2nd_test,107,2004.02.13.04.22.39,0.0772134396482177,0
-0.001968701171875,0.0885143142934321,0.0885362051318025,-0.435,0.505,0.94,0.4423948373689219,-0.0065256364948938,5.703881245446536,-0.0012366699218749,0.0936028626252688,0.0936110316369851,-0.361,0.432,0.7929999999999999,0.1079503161833423,0.1418955408135659,4.614840713118525,-0.001260693359375,0.0993334571082762,0.0993414568487302,-0.686,0.71,1.396,1.725185078693536,-0.0087364985561638,7.147066516992882,-0.0027578125,0.0562304570000421,0.0562980445861021,-0.251,0.237,0.488,0.1093216391985549,-0.0042319060983861,4.458414174788298,2nd_test,569,2004.02.16.09.22.39,0.0766963406576225,0
-0.002498779296875,0.0759509903042572,0.0759920839704496,-0.359,0.359,0.718,0.3630223685147573,0.01813517338495,4.724176272555924,-0.0015677734375,0.0930752126586271,0.0930884156326661,-0.413,0.439,0.852,0.1127507255682047,0.1093415364783653,4.715946630004005,-0.001567236328125,0.0997155631090311,0.0997278785288214,-0.557,0.789,1.346,1.49747355327,0.0802005701038704,7.911528968943888,-0.00289619140625,0.0547110339107968,0.0547876368923683,-0.271,0.225,0.496,0.1924248707038658,-0.0236932375314188,4.946371396295843,2nd_test,449,2004.02.15.13.22.39,0.0750323865660357,0
-0.00165830078125,0.0774603706607056,0.0774781193910577,-0.347,0.381,0.728,0.4064589681713531,0.0178432542129148,4.917517397035015,-0.0011328613281249,0.0939856807069332,0.0939925079606581,-0.374,0.405,0.779,0.0569964973780114,0.1345182267404518,4.308854064892168,-0.00116884765625,0.1011944832665989,0.1012012334333801,-0.737,0.708,1.4449999999999998,1.2005952184040298,-0.0098858385989234,7.282519935667363,-0.002856396484375,0.0561642100394764,0.0562367983640105,-0.264,0.266,0.53,0.0926880629942625,-0.0263059270514432,4.729998999471853,2nd_test,215,2004.02.13.22.22.39,0.0764096315270011,0
-0.001818603515625,0.0802103037504367,0.0802309176470291,-0.378,0.396,0.774,0.4867117699711172,0.0230622075772486,4.935753093804076,-0.0017956054687499,0.0948762404204187,0.0948932305030896,-0.466,0.427,0.893,0.1657361179752685,0.1364709642541114,4.910782334256359,-0.0016982421875,0.1048905147047868,0.1049042615986714,-0.679,0.637,1.316,1.1352691918982902,-0.0222789700043889,6.472568317492703,-0.00293701171875,0.0567331596473365,0.0568091316727007,-0.239,0.234,0.473,0.1435002725648448,-0.0015947123342306,4.207070112825591,2nd_test,31,2004.02.12.15.42.39,0.0771344124946851,0
-0.0017658203125,0.0760737733256275,0.0760942646286499,-0.391,0.383,0.774,0.4232333804035528,0.0436053223652424,5.138363606021997,-0.001442236328125,0.0934966565624579,0.0935077795372362,-0.378,0.459,0.837,0.0960153122733205,0.134510506296379,4.90868248895067,-0.0025745605468749,0.1028403201689084,0.1028725415961573,-0.955,0.969,1.924,2.341060280683603,0.0606755477710553,9.419423151753607,-0.0031439453125,0.0546892489225785,0.0547795430780848,-0.234,0.217,0.451,0.0739348131874733,-0.04658689734776,4.271667612527836,2nd_test,375,2004.02.15.01.02.39,0.0758325699762842,0
-0.001868994140625,0.0774170768288911,0.0774396340631083,-0.371,0.439,0.81,0.4181568338101229,0.0024534857235017,5.668931746714795,-0.0007980957031249,0.0949402233104232,0.094943577765873,-0.498,0.442,0.94,0.1985391128189086,0.1001296719809558,5.24522049530093,-0.0015887207031249,0.0994399102067076,0.0994526006466931,-0.635,0.786,1.421,1.4868721479061593,-0.0084182837280483,7.903262407228281,-0.002975341796875,0.0551546576202535,0.0552348523671026,-0.227,0.242,0.469,0.0776741281528421,-0.0576965038708647,4.381291695816166,2nd_test,261,2004.02.14.06.02.39,0.075887333905091,0
-0.0017297363281249,0.0775906284267439,0.0776099066319621,-0.366,0.474,0.84,0.5830624514456066,0.0605070504592358,6.107467726274586,-0.0016940917968749,0.0931354467937322,0.0931508529026137,-0.371,0.469,0.84,0.1386445239317457,0.1257942757276574,5.03484386219512,-0.0017146484374999,0.0993851995565337,0.0993999894877069,-0.593,0.876,1.469,1.3768200203253045,-0.0001968235842797,8.812878195520575,-0.0030576171875,0.0551375490657542,0.0552222630815122,-0.256,0.229,0.485,0.1121470471856254,0.0043445689788817,4.635811459184294,2nd_test,400,2004.02.15.05.12.39,0.0752969023910457,0
-0.00193974609375,0.077760340715668,0.07778453061583,-0.347,0.374,0.721,0.4203109108981144,-0.0141182653667166,4.808153973986681,-0.0016271484375,0.0952940399401693,0.0953079307306388,-0.43,0.466,0.896,0.1450110428849109,0.0941764096724908,4.889414725749623,-0.001552783203125,0.1052906248009039,0.1053020740851794,-0.603,0.642,1.245,1.0177974456419454,0.0227084820045796,6.096746009718532,-0.002844140625,0.0553243942441327,0.055397452417733,-0.254,0.259,0.513,0.175120593671362,-0.0010298189270264,4.675305247654623,2nd_test,89,2004.02.13.01.22.39,0.0775052456382469,0
-0.0022375,0.0758783722994405,0.0759113548098207,-0.417,0.334,0.751,0.3737099239461083,-0.0456872313522567,5.493249343780104,-0.001319873046875,0.0946024116222705,0.0946116184705101,-0.457,0.474,0.931,0.1860633193743437,0.0783192439103705,5.009955517701379,-0.00204912109375,0.1031942912533169,0.1032146338681257,-0.566,0.769,1.335,0.896473570951168,0.0199913926743288,7.450493899683622,-0.002798828125,0.0554997251417897,0.0555702522010427,-0.3,0.256,0.556,0.2818539517426885,-0.0379189435469161,5.398571863760084,2nd_test,144,2004.02.13.10.32.39,0.0771072702147083,0
-0.00187197265625,0.1066114381561284,0.1066278717190948,-0.505,0.459,0.964,0.7678642560795552,-0.0374055144280582,4.736097531100104,-0.00153017578125,0.0939886102410671,0.0940010653820942,-0.42,0.471,0.891,0.2350928162411527,0.1660605758994519,5.010581508629452,-0.001803369140625,0.0975277427396085,0.0975444142129144,-0.684,0.684,1.368,1.3484219806451971,-0.0274568520296421,7.012190349515977,-0.003193798828125,0.0581770087432405,0.0582646093032951,-0.244,0.229,0.473,0.1030880093454489,-0.0352594464390063,4.187790889074287,2nd_test,661,2004.02.17.00.42.39,0.0788074287185433,0
-0.002485498046875,0.0773812231484056,0.0774211301679611,-0.439,0.386,0.825,0.505432538984969,0.0112191831205412,5.670286639344352,-0.0018167968749999,0.0954257146819057,0.0954430079861144,-0.405,0.427,0.8320000000000001,0.2094677968581395,0.1122284438715605,4.473874084706639,-0.00158125,0.1038967568031781,0.1039087889727392,-0.762,0.73,1.492,1.6041066340936236,0.0194435654585439,7.333354642335209,-0.00329853515625,0.0551629673477074,0.0552614992628796,-0.234,0.217,0.451,0.0843101206940595,-0.0159046067823907,4.23441280307334,2nd_test,141,2004.02.13.10.02.39,0.0769580919497759,0
-0.001801708984375,0.0794662982995857,0.0794867204047514,-0.342,0.344,0.6859999999999999,0.4149724425540562,0.0197077538694556,4.327766930677256,-0.001448779296875,0.0943236616027936,0.0943347873247688,-0.347,0.417,0.764,0.1334861481249847,0.1042897768253586,4.420426566076442,-0.0012916503906249,0.1065206729156787,0.1065285037872053,-0.618,0.972,1.59,1.9633041034020016,0.179469427378601,9.124318519787735,-0.0027037109374999,0.0546861161065831,0.0547529117733134,-0.293,0.269,0.562,0.2284064437457211,-0.0197333673939046,5.35131357411126,2nd_test,22,2004.02.12.14.12.39,0.0770786850208069,0
-0.001950830078125,0.0786808722778091,0.0787050532074696,-0.461,0.422,0.883,0.5518785151478065,-0.0409455604886703,5.857311331445626,-0.0013611328125,0.0931989290918784,0.0932088679601155,-0.447,0.42,0.867,0.1787709401374013,0.1569979149226076,4.795681030977412,-0.002889501953125,0.0998185362683693,0.0998603495101878,-0.613,0.608,1.221,1.161583151458868,-0.0047593219480583,6.138572546567369,-0.0032050292968749,0.0557763373545677,0.055868345433567,-0.295,0.234,0.529,0.0954062343460186,-0.0216213375745303,5.280270924534602,2nd_test,347,2004.02.14.20.22.39,0.0756946588232662,0
-0.00190322265625,0.0766708322183344,0.0766944507088436,-0.515,0.354,0.869,0.4542567805615856,0.019394003539227,6.714957799859439,-0.001331396484375,0.0928901526512539,0.0928996936279763,-0.369,0.398,0.767,0.0801012639022782,0.1233793372476045,4.284190662560589,-0.0011062011718749,0.097715755873454,0.0977220171044024,-0.605,0.64,1.245,1.1132409553617535,-0.0018782502651262,6.549189414599367,-0.00324775390625,0.054519254991947,0.0546159049207508,-0.337,0.212,0.549,0.2490234257138719,-0.0464221854832587,6.170363751783031,2nd_test,209,2004.02.13.21.22.39,0.0744626847742855,0
-0.00148330078125,0.1059589995442451,0.1059693812647077,-0.493,0.493,0.986,0.7446224362206095,-0.0505202608315942,4.65228723723366,-0.00085625,0.0929393705679272,0.0929433147979186,-0.476,0.386,0.862,0.125068553737687,0.1374404666453997,5.121401157574574,-0.000591845703125,0.0982610544726931,0.0982628368582032,-0.703,0.84,1.543,1.7787757672035207,0.0600851046186732,8.548501415683742,-0.003138671875,0.0578345262820344,0.0579196313127617,-0.264,0.249,0.513,0.0980211959875334,-0.0163038984443004,4.558040063650638,2nd_test,656,2004.02.16.23.52.39,0.0783600566744002,0
-0.001374951171875,0.0777373707808257,0.0777495293017303,-0.378,0.403,0.781,0.566700093050676,0.0520253140218555,5.183311122448786,-0.00143779296875,0.0950772246640409,0.0950880954611958,-0.454,0.43,0.884,0.1477743705814767,0.1394952169135327,4.77451985754091,-0.00112353515625,0.1000404628723868,0.1000467717768482,-0.642,0.664,1.306,1.1526137701806984,-0.0196069364746975,6.636895805837677,-0.00307421875,0.0547422659650054,0.0548285190745313,-0.256,0.232,0.488,0.1518151145042789,-0.0372659727758949,4.669102947087378,2nd_test,286,2004.02.14.10.12.39,0.0763614164581006,0
-0.002102587890625,0.076036267258561,0.0760653325402126,-0.413,0.369,0.782,0.450632419481404,-0.0211450942067463,5.42954308095918,-0.001607861328125,0.0949518226251615,0.0949654349639416,-0.53,0.388,0.918,0.1839427238400239,0.0897834856381444,5.580977965252937,-0.00211015625,0.1021718947104612,0.1021936829169249,-0.598,0.627,1.225,0.971371164444832,-0.0627764925240318,6.135408589820213,-0.0027189453125,0.0553029786337285,0.0553697761362189,-0.249,0.229,0.478,0.046643141497908,-0.005309882703252,4.497038228634358,2nd_test,113,2004.02.13.05.22.39,0.0765273082273005,0
-0.00193212890625,0.1006987098186448,0.1007172442099663,-0.5,0.481,0.981,0.8693732490038779,-0.0430382926913859,4.964393177326021,-0.001250390625,0.0989838622216579,0.0989917595410408,-0.442,0.518,0.96,0.1711091781393143,0.1180438018439193,5.232758791200296,-0.0018689453124999,0.1051874898454249,0.1052040920143437,-0.664,0.688,1.352,0.9084041716740529,0.0330429105441407,6.539669577678186,-0.00334208984375,0.0603194245209518,0.0604119403682955,-0.259,0.264,0.523,0.1052811373854734,0.0091783872378888,4.369997030159592,2nd_test,790,2004.02.17.22.12.39,0.0808247838416406,1
-0.0019158203124999,0.0884358902443541,0.0884566393821359,-0.425,0.403,0.8280000000000001,0.4848934953524821,-0.0755773088492326,4.80461390986356,-0.0016351074218749,0.0928713281990373,0.0928857210648352,-0.4,0.515,0.915,0.1485994122137848,0.1179512347668744,5.544447457483589,-0.0022884765625,0.0978368354512585,0.0978635963782945,-0.715,0.728,1.443,1.3646989962390217,0.0066367561198575,7.438925473149953,-0.0026900390625,0.0560514971295791,0.0561160105551437,-0.217,0.205,0.422,0.0298814541500522,-0.0375360004495892,3.866989079398168,2nd_test,577,2004.02.16.10.42.39,0.0760949897643423,0
-0.0019475097656249,0.0896032712538145,0.0896244331288732,-0.493,0.383,0.876,0.5000568354441408,-0.0324185736536843,5.500732141709638,-0.0010821289062499,0.0924746084921707,0.0924809397592282,-0.364,0.4,0.764,0.141259599384929,0.1285339704032319,4.3252155637374,-0.002367626953125,0.0972798960757126,0.0973087038136395,-0.667,0.53,1.197,0.9664338477277736,0.050704323699364,6.854474202744994,-0.002889404296875,0.0551649720886685,0.055240590173661,-0.244,0.217,0.4609999999999999,0.064794277602461,0.0014265851113746,4.417041874978434,2nd_test,591,2004.02.16.13.02.39,0.0756972333881327,0
-0.0023246582031249,0.0859558026951817,0.085987231916921,-0.413,0.476,0.889,0.4703129065721358,0.0146745085071717,5.535705585386963,-0.001772216796875,0.0952005224367715,0.0952170164655949,-0.42,0.51,0.93,0.2367480294414528,0.1815206300108481,5.356185469000951,-0.000643310546875,0.1026893143535375,0.1026913293850039,-0.881,0.669,1.55,1.5958101677892378,-0.0243439853832214,8.579107946771538,-0.003163134765625,0.0576358220784402,0.0577225554545458,-0.239,0.273,0.512,0.107128351933373,0.0277161704105603,4.729520338202051,2nd_test,538,2004.02.16.04.12.39,0.0785179118813659,0
-0.002094580078125,0.0770541382699897,0.0770826017349854,-0.452,0.378,0.8300000000000001,0.4444705851182164,-0.0145535995887149,5.863839437440619,-0.00189814453125,0.0937909935191393,0.0938101989016586,-0.435,0.435,0.87,0.1590807677564583,0.1388334740543708,4.637022467582381,-0.0014543457031249,0.1006980575512329,0.1007085592986794,-0.671,0.825,1.496,2.1082780912099617,0.1107274157182012,8.191955140029753,-0.002699267578125,0.0550737346605762,0.055139843080316,-0.215,0.222,0.437,0.0704259415578163,-0.0230985137177425,4.026126800408398,2nd_test,239,2004.02.14.02.22.39,0.0756246268491563,0
-0.002190771484375,0.0775912912593135,0.0776222130513191,-0.439,0.317,0.756,0.4408628476384644,-0.0558593930458422,5.655597576226075,-0.0016274902343749,0.0950802696253086,0.0950941974911423,-0.415,0.4,0.815,0.1329951509850957,0.1146600164756492,4.364093824276625,-0.001543310546875,0.1015191459350601,0.1015308760861843,-0.649,0.652,1.3010000000000002,1.0648674244824656,-0.021038909188214,6.421691854999152,-0.003056884765625,0.0538290610083931,0.0539157894639003,-0.244,0.227,0.471,0.0273747659035459,-0.0275167704917359,4.525575947633045,2nd_test,165,2004.02.13.14.02.39,0.0757626196794918,0
-0.00224169921875,0.0769426428739301,0.0769752915409386,-0.378,0.439,0.817,0.501785914417268,-0.0251647476382789,5.703128772962406,-0.00121748046875,0.0940685243455971,0.0940764026270669,-0.415,0.488,0.903,0.2314087283869521,0.1038299826989215,5.187273177624771,-0.002125341796875,0.0982377470412001,0.0982607348918395,-0.54,0.581,1.121,1.2085322668245198,-0.0038520767421372,5.912839962306638,-0.00285908203125,0.0551664603291808,0.0552404986881228,-0.239,0.278,0.517,0.1667440741279255,-0.0326454246490374,5.032539651108179,2nd_test,277,2004.02.14.08.42.39,0.075259696935955,0
-0.002287548828125,0.0767530013997796,0.0767870829209941,-0.361,0.337,0.698,0.4109711039546799,0.0145193365334866,4.7013115521881454,-0.0014584960937499,0.0951043050751753,0.0951154879853302,-0.41,0.493,0.903,0.114392563688856,0.0925772402759624,5.183172692872613,-0.00174267578125,0.1003611160184321,0.1003762448358362,-0.618,0.583,1.201,1.1286349662703108,-0.0027023713607497,6.156835225352095,-0.003070458984375,0.0552419674447982,0.0553272327660337,-0.239,0.249,0.488,0.2142686082559102,-0.0097719314102166,4.5004961850968375,2nd_test,140,2004.02.13.09.52.39,0.0760567169174164,0
-0.00206484375,0.077148440233386,0.077176067599718,-0.364,0.371,0.735,0.280075909188402,0.0077931261524684,4.80718973554631,-0.0016351562499999,0.0929007681824097,0.0929151573471398,-0.398,0.396,0.794,0.1295671908636397,0.1121281159684297,4.283477651646769,-0.002647412109375,0.0980435606917023,0.0980792974280728,-0.525,0.671,1.1960000000000002,0.8550665562019057,-0.0174331436732944,6.841403003373279,-0.002768310546875,0.0543004758848892,0.0543709961708388,-0.225,0.229,0.454,0.0445009287482593,-0.0164651899395743,4.21180438328274,2nd_test,464,2004.02.15.15.52.39,0.0746657210491845,0
-0.002018603515625,0.1057330327497328,0.1057523000913425,-0.486,0.491,0.977,0.9838773110024168,-0.0176094192684152,4.642925019798721,-0.0146501953125,0.092840170012396,0.0939889641959363,-0.454,0.42,0.874,0.150793274355486,0.0950673903694405,4.830354328075451,-0.001659521484375,0.0976455121204811,0.0976596131920873,-0.728,0.913,1.641,2.0329902820496004,0.1397864027273706,9.348798035835603,-0.003238525390625,0.057638486340215,0.0577293959287369,-0.232,0.217,0.449,0.0939182609370394,-0.0200138126886415,4.0187498286379,2nd_test,695,2004.02.17.06.22.39,0.0781678668272122,0
-0.001972119140625,0.1601317412771576,0.160143884736069,-0.801,0.798,1.5990000000000002,1.8024402637382264,-0.1194750635856015,5.001752026404975,-0.001310107421875,0.1012459160798104,0.1012543920247258,-0.43,0.483,0.913,0.1196842681696965,0.1190048306991915,4.770163450068252,-0.0004359863281249,0.1043789235036511,0.1043798340478627,-0.652,0.596,1.248,1.0555588663981093,-0.0724780339953213,6.246417288753138,-0.00336982421875,0.0635395096356174,0.0636288063694424,-0.4,0.269,0.669,0.2506983916288363,-0.0158812437167609,6.286460847170825,2nd_test,865,2004.02.18.10.42.39,0.0908027987779924,1
-0.001768310546875,0.1684841983088115,0.1684934776243671,-0.776,0.793,1.569,2.29543109013067,-0.054797127103794,4.706413632005252,-0.00092978515625,0.0976664332268293,0.0976708589072887,-0.43,0.444,0.874,0.1747177656065166,0.142193407269818,4.545879958083592,-0.00153349609375,0.1025614709494954,0.1025729347030382,-0.588,1.169,1.757,2.011208696220044,0.137042555979744,11.396768585914089,-0.0026775390625,0.0652227966775711,0.0652777329713203,-0.332,0.259,0.591,0.2192428440932454,0.0006189505853743,5.085960937717886,2nd_test,713,2004.02.17.09.22.39,0.0911452304078261,1
-0.0015506835937499,0.0773136795681128,0.0773292290661736,-0.378,0.383,0.761,0.2258166101647494,-0.0236228831190028,4.952849066519197,-0.001754833984375,0.094473807966397,0.0944901044236081,-0.422,0.481,0.903,0.1392814492612575,0.1386676567830131,5.090480140000063,-0.0017744140625,0.0995012856663975,0.0995171060397721,-0.64,0.669,1.3090000000000002,1.2566001608837256,0.0768040119046175,6.722462364670361,-0.00331865234375,0.055028290165117,0.0551282701694421,-0.215,0.198,0.413,0.0071648457953581,-0.0133226121083236,3.899995398645316,2nd_test,324,2004.02.14.16.32.39,0.0753306494893309,0
-0.0020203125,0.0974899252482139,0.0975108567673364,-0.479,0.415,0.8939999999999999,0.5207344685544979,-0.0222609945972763,4.912273523942004,-0.001223974609375,0.0933730964363329,0.0933811182839075,-0.415,0.422,0.837,0.114985876422534,0.0768995489440396,4.519114867659544,-0.002089794921875,0.1000187799424132,0.1000406096741936,-0.654,0.552,1.206,1.0214688125169946,-0.0085145654078888,6.53734520534582,-0.002824609375,0.0566285689742038,0.056698970380312,-0.232,0.256,0.488,0.1491227624635449,0.0412062110999616,4.515073171141351,2nd_test,639,2004.02.16.21.02.39,0.0783524834480877,0
-0.0025842285156249,0.0764479757953956,0.0764916416364191,-0.366,0.376,0.742,0.4558731292846363,-0.0070740924336791,4.915569753127947,-0.00206435546875,0.0951602885995118,0.0951826774672983,-0.466,0.42,0.886,0.184837239499668,0.1044063120009786,4.895848828745192,-0.0005785156249999,0.1046567766826837,0.1046583756129317,-0.776,0.769,1.545,1.6668174487363387,-0.0383865050763767,7.414600078091618,-0.00322861328125,0.056331447818349,0.0564238952663785,-0.234,0.273,0.507,0.1942111751274593,0.0059257668778184,4.838375633343327,2nd_test,153,2004.02.13.12.02.39,0.0770922456516137,0
-0.001808837890625,0.077225618308069,0.0772467994002219,-0.422,0.361,0.7829999999999999,0.3107750326515637,-0.0027746109288867,5.463009513288969,-0.0014873046875,0.0936791009773406,0.0936909068968608,-0.591,0.471,1.0619999999999998,0.2203127075989601,0.1000531011749082,6.307976084000246,-0.001659423828125,0.1008956302191738,0.100909275514026,-0.725,0.693,1.418,1.6646595042645511,-0.0295779099216452,7.184671540844057,-0.00315654296875,0.0556651041013257,0.055754529664638,-0.22,0.254,0.474,0.0861353019264048,-0.0256112821978122,4.555683664147962,2nd_test,262,2004.02.14.06.12.39,0.0757184889284736,0
-0.0019560546875,0.0767527261989159,0.0767776473259388,-0.308,0.371,0.679,0.2859746134143255,-0.0199172784093431,4.832135561802082,-0.0012389648437499,0.0961073406309174,0.0961153263378492,-0.452,0.381,0.833,0.1077085362131096,0.0992018161669032,4.702683923753214,-0.001190185546875,0.1044418279294968,0.1044486091955782,-0.952,0.564,1.516,1.2527696486758764,-0.0272787421958611,9.114530172520364,-0.003181982421875,0.0548815071025865,0.0549736740084231,-0.247,0.205,0.4519999999999999,0.0612407367385889,-0.0199664360946696,4.493059713594209,2nd_test,143,2004.02.13.10.22.39,0.0776009893053909,0
-0.001696533203125,0.076706570747191,0.0767253297203936,-0.393,0.415,0.808,0.6543006059840124,0.0245794239445527,5.40890474510771,-0.000932763671875,0.0944999024510637,0.094504505772625,-0.391,0.457,0.8480000000000001,0.1531224526838275,0.1175347092007226,4.835748266804253,-0.00109208984375,0.0995325815056528,0.0995385726309466,-0.669,0.686,1.355,1.3640326168518468,0.0166609777905748,6.891800654370945,-0.002852734375,0.0551500456172585,0.0552237777139521,-0.266,0.225,0.491,0.134524079738691,0.0223054015337147,4.816765730388976,2nd_test,78,2004.02.12.23.32.39,0.0753472976521824,0
-0.00143525390625,0.0782323556593168,0.0782455201642959,-0.408,0.386,0.794,0.462614995853301,-0.0346317113593478,5.214356031349626,-0.0014103515625,0.0958012207477097,0.0958116015328063,-0.442,0.41,0.852,0.2065439554906825,0.1392419973639571,4.613220037283733,-0.0022345703125,0.1019272778836386,0.1019517693875393,-0.591,0.728,1.319,1.2239199108187266,-0.0069398808185146,7.14063134329316,-0.003107373046875,0.055664436900789,0.0557511013589361,-0.254,0.234,0.488,0.1195330609582536,-0.0233920728240857,4.555963807067126,2nd_test,310,2004.02.14.14.12.39,0.0772153311835794,0
-0.001560986328125,0.077220672852702,0.0772364486116537,-0.376,0.344,0.72,0.412106396846204,0.0166870646413019,4.868167901992319,-0.0019346191406249,0.0923769508460246,0.0923972066613927,-0.425,0.493,0.918,0.1368844570023872,0.0948537141736318,5.335659137416968,-0.001637548828125,0.097761081863873,0.097774795798096,-0.742,0.852,1.594,1.8939994196155825,0.0596111078610598,8.713902115946706,-0.002914404296875,0.055722229346083,0.0557983924114586,-0.232,0.217,0.449,0.0906904793301626,-0.0315395608868178,4.157825879374244,2nd_test,404,2004.02.15.05.52.39,0.0743640391397803,0
-0.001966845703125,0.1054420652557695,0.1054604077719305,-0.535,0.513,1.048,1.0399953829715909,-0.0040606152555797,5.0729938495204925,-0.001433544921875,0.0982897257758795,0.0983001792681001,-0.437,0.632,1.069,0.1788084337959898,0.1188956907587222,6.429286342091789,-0.00206845703125,0.1021421325189065,0.1021630742979086,-0.586,0.735,1.321,1.0803685021134806,-0.0034508353419424,7.194380210696651,-0.002832373046875,0.0606618064562267,0.0607278939171232,-0.283,0.256,0.5389999999999999,0.0997795691092973,0.0113441686509139,4.660131971340164,2nd_test,795,2004.02.17.23.02.39,0.0802864274420236,1
-0.001752685546875,0.0760203773412639,0.0760405791517553,-0.339,0.369,0.708,0.4479454656885884,0.0358434139483311,4.852672140472894,-0.0016619628906249,0.0949936574694769,0.0950081948048594,-0.369,0.532,0.901,0.2539670358570585,0.1142243097543967,5.599516979425755,-0.00176494140625,0.1023773753034331,0.1023925875841972,-0.884,0.647,1.531,1.8875397548532409,-0.0533937703667558,8.633437447456389,-0.002814208984375,0.0550892422579752,0.0551610767186938,-0.239,0.259,0.498,0.0812677486045161,-0.0009320199567963,4.695339819346399,2nd_test,108,2004.02.13.04.32.39,0.0765447488662192,0
-0.002122119140625,0.0774890118155462,0.077518064615913,-0.342,0.466,0.808,0.4184945898308085,0.0086474763553612,6.011501993798836,-0.0014464843749999,0.0928420085000743,0.0928532759754603,-0.386,0.42,0.806,0.1186474792387479,0.1152817043174984,4.523265286907875,-0.00105263671875,0.0984181546609965,0.0984237837666155,-0.486,0.696,1.182,1.1792154697306492,0.0574988572401049,7.071461524414642,-0.003133740234375,0.0550202451577742,0.0551094157570022,-0.215,0.254,0.469,0.0388069927799588,-0.0067328024968442,4.609012752292109,2nd_test,431,2004.02.15.10.22.39,0.0748557852199295,0
-0.00214462890625,0.0781552465228149,0.0781846659658241,-0.439,0.435,0.874,0.3804427448967304,0.0002416790573314,5.614911755027252,-0.0014999023437499,0.0948923439144814,0.0949041971707521,-0.378,0.437,0.815,0.1007393675081225,0.1291775510436331,4.604643556587308,-0.00111708984375,0.1016872765292553,0.1016934122628218,-0.735,0.747,1.482,1.2361330491115572,0.0877848227172486,7.345608563729455,-0.00310986328125,0.0548091659153893,0.0548973215919388,-0.237,0.264,0.501,0.0469994843238184,-0.0070440147792862,4.808977785064784,2nd_test,171,2004.02.13.15.02.39,0.0767192430215123,0
-0.001803759765625,0.077098690150829,0.0771197871642915,-0.376,0.398,0.774,0.3937705929486976,0.0047849747143423,5.160802624454383,-0.001960693359375,0.0919651941840832,0.0919860927519243,-0.537,0.422,0.959,0.147023528497435,0.0782742127479794,5.83783900292828,-0.0018544921875,0.0989949539006357,0.0990123226626994,-0.735,0.818,1.553,1.817146476069485,-0.0012566921796888,8.261597930374588,-0.003121923828125,0.0555787239724722,0.0556663360281317,-0.273,0.249,0.522,0.2188547976827299,0.0322166946945105,4.904220745858532,2nd_test,531,2004.02.16.03.02.39,0.0747763985273708,0
-0.0024084960937499,0.078411275659006,0.078448256857028,-0.361,0.393,0.754,0.4749347955380534,0.0099617599387142,5.009671543259818,-0.000831298828125,0.093883498735595,0.0938871790639069,-0.393,0.42,0.813,0.2432528230151436,0.1009699372408702,4.473454247780112,-0.001390869140625,0.1004373624407236,0.1004469924438538,-0.608,0.552,1.16,1.0606396778502498,-0.0612539658734324,6.052943798529326,-0.002794140625,0.0560275767832143,0.0560972065439202,-0.259,0.261,0.52,0.0796630574454977,-0.0126846778320763,4.652638091542086,2nd_test,296,2004.02.14.11.52.39,0.0759374959646674,0
-0.00174228515625,0.2659238102180243,0.2659295177268546,-1.211,1.169,2.38,2.188355898835968,-0.1112542197623799,4.553838213775524,-0.00184345703125,0.1336448973951781,0.1336576108330301,-0.571,0.52,1.091,0.0043573536680949,0.0419685470344976,4.272109881636604,-0.0007932128906249,0.1418482865228975,0.1418505043211756,-0.759,0.652,1.411,0.1702958252620217,-0.0892140208387484,5.350703570825053,-0.002784130859375,0.089146409114086,0.0891898741033875,-0.378,0.376,0.754,0.6275766429811225,0.0533581441779734,4.238149271940779,2nd_test,935,2004.02.18.22.22.39,0.1272585950176768,1
-0.002173193359375,0.0948191403108815,0.0948440411342319,-0.42,0.452,0.872,0.5362435114092148,-0.0315201840246427,4.76571848468079,-0.00166044921875,0.0937590268476758,0.0937737287678764,-0.398,0.422,0.8200000000000001,0.146331166971541,0.123666399845386,4.500194303247779,-0.00232275390625,0.0985702875700114,0.0985976509727475,-0.605,0.791,1.396,1.4562806705242748,0.0773629517769138,8.02250349970924,-0.003099658203125,0.0570018484133578,0.0570860631285397,-0.244,0.254,0.498,0.1217424020131892,-0.0315395526845991,4.449422259573637,2nd_test,612,2004.02.16.16.32.39,0.0774989433938817,0
-0.001760888671875,0.0780440124199216,0.0780638751505177,-0.349,0.332,0.681,0.4058667694625035,0.0385825112961812,4.470697865339248,-0.001596875,0.0944118237865529,0.0944253275369948,-0.386,0.43,0.8160000000000001,0.1298859292199767,0.1250372684536422,4.553862943466909,-0.002659765625,0.0997572598898261,0.0997927114267682,-0.75,0.703,1.4529999999999998,1.69520034168393,-0.0109540101542733,7.515578936271946,-0.00309052734375,0.0558122393621016,0.0558977407582363,-0.239,0.242,0.481,0.1064443155022676,-0.0043940962980604,4.3293341861945045,2nd_test,284,2004.02.14.09.52.39,0.0756169020082177,0
-0.002181689453125,0.0757309578393852,0.0757623768379835,-0.347,0.312,0.659,0.3518243628605009,-0.015463087013837,4.580109738867789,-0.00153857421875,0.0941861872436632,0.094198753060351,-0.396,0.437,0.833,0.2317241217401764,0.1270889844003537,4.639127226189338,-0.001271728515625,0.0983319580113615,0.0983401813083829,-0.576,0.542,1.118,1.024008631116879,0.0366438433082618,5.85721921935324,-0.0029249999999999,0.0552088412515943,0.0552862711470374,-0.298,0.249,0.5469999999999999,0.1204447616024984,-0.0342023531562492,5.390126586798722,2nd_test,250,2004.02.14.04.12.39,0.0750507687720986,0
-0.00132509765625,0.0762639374748652,0.0762754484940518,-0.364,0.354,0.718,0.387836383529768,-0.0203846835729125,4.772177773869315,-0.00202861328125,0.0932943566045068,0.0933164093077619,-0.349,0.437,0.786,0.1172356909502676,0.1233776384255288,4.682992018628475,-0.0008739746093749,0.1031789720810897,0.1031826735034914,-0.908,0.793,1.701,2.095860168540722,0.024944609826152,8.799927053261275,-0.00234873046875,0.0547240437576132,0.0547744237760654,-0.242,0.212,0.4539999999999999,0.0512250155596709,-0.0338563315865236,4.418120416655625,2nd_test,111,2004.02.13.05.02.39,0.0759671378691683,0
-0.0019430664062499,0.0915979452551865,0.0916185520625121,-0.454,0.449,0.903,0.4773219216195352,-0.0359566767705576,4.955328258028749,-0.001127978515625,0.0938466630750804,0.0938534416303386,-0.352,0.461,0.813,0.174484836859913,0.1418762061165606,4.911913638828856,-0.001528564453125,0.0982766879132432,0.0982885745978868,-0.901,0.713,1.614,1.6724239958040474,-0.0378011899967968,9.166884387905284,-0.00291650390625,0.055111482018517,0.0551885988707133,-0.261,0.247,0.508,0.0624640421381283,0.0189979067511023,4.729237656616327,2nd_test,596,2004.02.16.13.52.39,0.0766109442675612,0
-0.0017930175781249,0.0769754880581647,0.0769963679262088,-0.381,0.371,0.752,0.4364865722352333,0.0403405329980825,4.948285357566364,-0.001588427734375,0.0957070899325034,0.0957202704029591,-0.486,0.449,0.935,0.1990169885737378,0.123254022410078,5.077294474294527,-0.0014183105468749,0.1020689419596908,0.1020787956315028,-0.618,0.569,1.1869999999999998,1.0030363022559836,0.0382327090443824,6.05414666357234,-0.003047705078125,0.055617697199755,0.0557011377625886,-0.237,0.215,0.4519999999999999,0.0558695977707137,-0.0422100142878542,4.254850251100706,2nd_test,65,2004.02.12.21.22.39,0.0765993030346995,0
-0.002038427734375,0.0822398528473641,0.0822651115843428,-0.457,0.396,0.853,0.5003740741636844,-0.0072230627825329,5.555210358231906,-0.00193154296875,0.0930753412121592,0.0930953811958466,-0.376,0.405,0.781,0.1305353187646991,0.1226218368295324,4.350376944519329,-0.00074765625,0.1004425446693933,0.1004453272657879,-0.706,0.615,1.321,1.6170526870390542,-0.0211195367933912,7.028699285580776,-0.002797412109375,0.0562875484324659,0.0563570192881674,-0.229,0.22,0.449,0.1082467389684969,-0.0175295480072364,4.06338026546441,2nd_test,532,2004.02.16.03.12.39,0.076164943457708,0
-0.001972509765625,0.0774230419068841,0.0774481646838104,-0.337,0.352,0.6890000000000001,0.2876786871169621,0.0020209516267208,4.544975357809041,-0.0013029785156249,0.0950017200240853,0.0950106549843062,-0.432,0.559,0.991,0.2699943139571945,0.1251263156854288,5.883550640572381,-0.00219814453125,0.0996069114718626,0.0996311630582708,-0.63,0.676,1.306,1.4989831356545302,0.0363259357625463,6.785025681150042,-0.0027375,0.0559513263289508,0.0560182543838948,-0.251,0.244,0.495,0.2181842381594698,-0.0072040073665129,4.480682283946384,2nd_test,192,2004.02.13.18.32.39,0.0756431669778527,0
-0.002283251953125,0.0761109060021734,0.0761451459513548,-0.308,0.403,0.7110000000000001,0.3286110755448455,0.0097976296118276,5.292523836675857,-0.0014230468749999,0.0942673808787949,0.0942781213227981,-0.349,0.398,0.747,0.0875750241081658,0.126328857271146,4.221552088772211,-0.001036083984375,0.0969715844972082,0.0969771193113193,-0.74,0.591,1.331,1.287454522728301,-0.0058073175403293,7.630665926637758,-0.00285068359375,0.0548697407210779,0.0549437425349784,-0.239,0.225,0.4639999999999999,0.0392065878765781,0.0036324348528979,4.349903901131183,2nd_test,232,2004.02.14.01.12.39,0.0748696306051615,0
-0.001947705078125,0.0767803345590963,0.0768050345360128,-0.352,0.374,0.726,0.4783552562370219,0.0311093072007488,4.869472453915335,-0.001518359375,0.0961046114534617,0.0961166050056518,-0.439,0.444,0.883,0.2325355542114002,0.1441948097207531,4.619389126044063,-0.001278662109375,0.1015965982844685,0.1016046443808826,-0.786,0.835,1.621,1.825469462174052,-0.0012430280447541,8.218128266476082,-0.00306328125,0.0546610650338945,0.0547468329920211,-0.271,0.212,0.483,0.1345572311237233,0.0048359911329274,4.950058024991984,2nd_test,114,2004.02.13.05.32.39,0.0765323441088382,0
-0.0022009277343749,0.0754565337493542,0.0754886254236979,-0.391,0.386,0.777,0.4047138169573614,-0.0252278264580984,5.179588286317832,-0.00156591796875,0.0925012597598819,0.0925145132195484,-0.549,0.483,1.032,0.2819338766177917,0.1667689700863627,5.93420406040748,-0.002465869140625,0.0988757333802925,0.0989064768461063,-0.73,0.537,1.267,1.6636273905289023,-0.1088122207696812,7.380709770184853,-0.003197216796875,0.0558162155998989,0.0559077107306373,-0.261,0.222,0.483,0.1690469110366081,-0.0374345398655935,4.668407927715485,2nd_test,483,2004.02.15.19.02.39,0.0746003497654855,0
-0.001894873046875,0.0842799020394355,0.0843012006536124,-0.366,0.41,0.776,0.3658697395741912,-0.008100766957841,4.863513174382852,-0.001441650390625,0.0925479125997614,0.0925591404585299,-0.417,0.413,0.83,0.2100491829558208,0.1502398488516104,4.505227662332568,-0.00184697265625,0.0975378708533296,0.0975553563808453,-0.544,0.674,1.218,1.126877112944782,0.0468631252393478,6.908897932388963,-0.002808349609375,0.0553348801705321,0.0554060988611869,-0.242,0.232,0.474,0.0824750429764287,-0.0211487013634706,4.367750211072121,2nd_test,544,2004.02.16.05.12.39,0.0752842049028644,0
-0.001555029296875,0.0776233336871973,0.077638908086269,-0.439,0.474,0.913,0.6415150749455005,0.0195652981323881,6.1051863257428405,-0.001974072265625,0.0933081873878812,0.0933290672562512,-0.415,0.403,0.8180000000000001,0.0591476196236211,0.0700584167610666,4.446631817889042,-0.001922607421875,0.1045864527100282,0.1046041228143787,-0.728,0.867,1.595,1.6360985486862392,0.1048336718447379,8.28839224176865,-0.002776904296875,0.0547037269120932,0.0547741630291771,-0.276,0.229,0.505,0.1100550414613756,0.0015078217586123,5.038872065428755,2nd_test,11,2004.02.12.12.22.39,0.0762091210221193,0
-0.0017716796874999,0.0784287645702927,0.0784487728453256,-0.369,0.391,0.76,0.3924706247737952,-0.0184471824507389,4.984144248705269,-0.000821875,0.0948716886876855,0.0948752485792198,-0.425,0.454,0.879,0.2047345819491473,0.1434283608632472,4.78523120407036,-0.0009170410156249,0.1005182610442191,0.1005224440987092,-0.591,0.696,1.287,1.5061057425767466,0.1061090117717889,6.923826875017388,-0.00308916015625,0.0549138579646366,0.0550006791506364,-0.239,0.237,0.476,0.1314234305309161,-0.0243882977060009,4.345400887525026,2nd_test,356,2004.02.14.21.52.39,0.0762916174447238,0
-0.0023460449218749,0.0755687770667566,0.0756051849686291,-0.349,0.393,0.742,0.389790037405521,0.0035128804980339,5.198056193604571,-0.001474658203125,0.0918472425245082,0.0918590799876194,-0.427,0.42,0.847,0.1661089259718569,0.0732192872505578,4.648424522136532,-0.0016493652343749,0.0989982888040016,0.0990120275107871,-0.918,1.008,1.926,2.85517808622574,0.0973222458003239,10.180581342807065,-0.00294609375,0.0539467884200251,0.0540271732484566,-0.242,0.208,0.4499999999999999,0.1447967999738968,0.014588914033314,4.479227496923204,2nd_test,350,2004.02.14.20.52.39,0.0741007585412386,0
-0.001625146484375,0.078617870692761,0.0786346659772862,-0.549,0.378,0.927,0.6568070391325245,-0.0068223258440086,6.981653615106575,-0.00054287109375,0.0930572662541422,0.0930588497227359,-0.393,0.43,0.823,0.1440400248346929,0.1495265140656087,4.620731948401922,-0.000810498046875,0.098934446894745,0.0989377667498773,-0.813,0.842,1.6549999999999998,2.1442872997827225,0.1338400541111183,8.51040030163743,-0.0027869140625,0.0563250359299329,0.0563939408314403,-0.264,0.212,0.476,0.1035297919749469,-0.0475620663212348,4.681353991280834,2nd_test,447,2004.02.15.13.02.39,0.0753437968943941,0
-0.00199072265625,0.0781908779237923,0.078216215500288,-0.347,0.435,0.782,0.4036836853433656,-0.0079295166345092,5.561506616141975,-0.00158984375,0.0950239152380235,0.0950372141337934,-0.398,0.476,0.874,0.1697084017933861,0.1408896551163783,5.008564322233589,-0.001972119140625,0.0999708446463183,0.0999902946950509,-0.61,0.725,1.335,1.3330152048998087,0.0238954596428844,7.250703702832807,-0.00279150390625,0.0553331942757138,0.0554035638096729,-0.234,0.229,0.463,0.1696329311639481,-0.0497015970207762,4.22355501894487,2nd_test,228,2004.02.14.00.32.39,0.0758222628526791,0
-0.001396826171875,0.0800961141360331,0.080108293097824,-0.498,0.393,0.891,0.5260048179163537,0.0215290841587302,6.216584834552051,-0.0012041992187499,0.094021683430062,0.0940293946103092,-0.4,0.496,0.896,0.2647331876532508,0.1159323443258198,5.274946223468978,-0.0011084960937499,0.0997492473640347,0.0997554064363493,-0.715,0.759,1.474,1.8750917723132408,0.0690928124225467,7.608610170684676,-0.0022861328124999,0.0567845379748185,0.0568305389403443,-0.247,0.242,0.489,0.1480670485644726,-0.0448857720407003,4.346254753187053,2nd_test,525,2004.02.16.02.02.39,0.076281173373476,0
-0.0017381347656249,0.1030165311694057,0.1030311933670605,-0.493,0.632,1.125,0.9835885532070135,-0.0106392795603171,6.134064639456254,-0.00183583984375,0.0964935787850963,0.0965110411024951,-0.371,0.513,0.884,0.1320347421721601,0.0934365909069603,5.315454005411428,-0.0018375488281249,0.0999767317961153,0.0999936172279417,-0.549,0.718,1.267,1.0710306847282771,0.0958817147642037,7.180458312215003,-0.002936767578125,0.0600420609059407,0.0601138393520213,-0.332,0.249,0.581,0.1536915865570391,-0.0042854315109876,5.522854696575188,2nd_test,798,2004.02.17.23.32.39,0.0789712055856874,0
-0.00113837890625,0.0772649572879957,0.0772733429537638,-0.408,0.417,0.825,0.6148985783371206,-0.025768231835504,5.396427591389617,-0.000979736328125,0.0952790834326938,0.0952841205188297,-0.442,0.53,0.972,0.2219679100667959,0.1224943929105685,5.562311926777984,-0.0017170410156249,0.1040116052467706,0.1040257768817872,-0.73,0.557,1.287,1.2394721520612686,-0.0434891370896041,7.017491451398048,-0.002857861328125,0.055504834756655,0.0555783595721785,-0.286,0.237,0.5229999999999999,0.1784933925693717,0.009044753872654,5.145887755528862,2nd_test,119,2004.02.13.06.22.39,0.0773302399782903,0
-0.0018244140625,0.0754621459950106,0.0754841967887567,-0.327,0.344,0.671,0.3288086624212525,-0.0009185564863228,4.557245286164072,-0.000823681640625,0.0954814543292074,0.0954850070548545,-0.374,0.415,0.7889999999999999,0.2230944877062914,0.1643167776661545,4.346232071357999,-0.001196484375,0.1009207477746294,0.1009278400950401,-0.547,0.605,1.152,1.0564855286428898,-0.033333382655228,5.994381722865549,-0.0031406249999999,0.0552703675163339,0.0553595253843568,-0.227,0.251,0.478,0.1115040317410778,0.0190770609589418,4.533998408635058,2nd_test,175,2004.02.13.15.42.39,0.0762747235339391,0
-0.0020975097656249,0.163846836269479,0.1638602615118576,-0.706,0.791,1.497,1.938961605684273,-0.0527473879080823,4.827283886263861,-0.0014131835937499,0.1021851728616013,0.1021949443007089,-0.396,0.459,0.855,0.1618184922196932,0.1617992964098918,4.491415922150706,-0.0023525390625,0.104855586298147,0.1048819737513017,-0.769,0.654,1.423,1.3768690472345808,-0.0767575572861456,7.332051185613042,-0.00269443359375,0.0632487052754056,0.0633060715208758,-0.273,0.281,0.554,0.1604220950393338,0.0023626266999799,4.438752764857608,2nd_test,841,2004.02.18.06.42.39,0.0921590877735278,1
-0.001991064453125,0.0780971529635708,0.0781225296484431,-0.339,0.444,0.783,0.4536244074601785,0.0417070544600161,5.683379711235002,-0.001694384765625,0.0926094296108346,0.0926249285698948,-0.476,0.544,1.02,0.2437065394716264,0.1090196688562151,5.873148928623722,-0.001030908203125,0.0980475274966105,0.0980529470231358,-0.725,0.872,1.597,1.6769416502505088,0.0899991909660041,8.893154427937352,-0.002872412109375,0.0554844122310675,0.055558714455548,-0.298,0.229,0.527,0.1464604625948973,-0.0204806850860421,5.36369501913265,2nd_test,493,2004.02.15.20.42.39,0.0746390684125774,0
-0.002130712890625,0.0764761359459168,0.0765058122409051,-0.352,0.337,0.6890000000000001,0.3214339391366456,0.0030977003711386,4.60095762250069,-0.001494677734375,0.0932991878219526,0.0933111596207314,-0.437,0.527,0.964,0.1873608303243132,0.1324495086716136,5.6477703431869655,-0.00192626953125,0.1009948300490202,0.1010131982017077,-0.833,0.708,1.541,1.6800658221566716,-0.0749760215501851,8.246447145732192,-0.002746044921875,0.0555437653751766,0.0556116052165878,-0.251,0.283,0.534,0.182483096540869,-0.0332061132157248,5.088865874177241,2nd_test,346,2004.02.14.20.12.39,0.0757646887134493,0
-0.001794287109375,0.0767781523882917,0.0767991155573462,-0.32,0.356,0.6759999999999999,0.3961449284507443,0.0152139858457036,4.635470049515578,-0.005523193359375,0.0916706515128306,0.0918368880879131,-0.505,0.488,0.993,0.2944641093665838,0.1331409739690604,5.49887970410188,-0.0024826171875,0.0997634149157411,0.0997943001566221,-0.566,0.747,1.313,1.399380498471535,0.0267288863843457,7.485397450757563,-0.0026513671875,0.0546994508199652,0.0547636710600079,-0.288,0.244,0.532,0.2085173703902172,-0.0163433294438132,5.258960811432121,2nd_test,282,2004.02.14.09.32.39,0.074605982217205,0
-0.0016064453124999,0.0786160318654563,0.0786324432585717,-0.408,0.388,0.796,0.4786149756059883,0.0585945791507246,5.188697986315403,-0.001695947265625,0.093903171659097,0.0939184853198007,-0.457,0.583,1.04,0.2501083955512979,0.0992138544432151,6.207510672777846,-0.00185634765625,0.1073718661719825,0.1073879121310913,-0.718,0.896,1.614,1.8220329786922909,0.1456167593280247,8.343583390446073,-0.0029048828125,0.0562040579362548,0.056279076686245,-0.217,0.239,0.4559999999999999,0.1077937548325289,-0.0197747493528394,4.246693692723044,2nd_test,6,2004.02.12.11.32.39,0.0773757759554178,0
-0.001822119140625,0.0958748138494437,0.0958921271472696,-0.51,0.449,0.959,0.6811948931940965,-0.0071845460004638,5.318476241656747,-0.00150830078125,0.0924031161195174,0.0924154253349718,-0.425,0.447,0.872,0.2394520618148106,0.0893680628353833,4.836854868924242,-0.0021958984375,0.0995804377221107,0.0996046462112837,-0.767,0.664,1.431,1.5750494584585732,-0.0205557745636557,7.700443997013161,-0.00305419921875,0.0572768776627046,0.0573582500400443,-0.283,0.437,0.72,0.3127039771623914,0.0294015278617852,7.618781948321155,2nd_test,635,2004.02.16.20.22.39,0.0773433506970754,0
-0.001984423828125,0.0784095922810452,0.0784346995889534,-0.376,0.378,0.754,0.3733421371332839,-0.0166315034434179,4.819295566581316,-0.001217138671875,0.0931689119896977,0.0931768618697293,-0.464,0.452,0.916,0.1546839094421179,0.093354403228522,4.979777067870551,-0.00197216796875,0.099142484994309,0.0991620984920334,-0.884,0.625,1.509,2.540314977997876,-0.0683068206760025,8.914696375269875,-0.002787353515625,0.0545289831748406,0.0546001771581661,-0.217,0.222,0.439,0.0607041059558604,-0.0304218256417313,4.065920873348875,2nd_test,472,2004.02.15.17.12.39,0.0751053772056354,0
-0.001889697265625,0.0757651606071181,0.0757887228918532,-0.347,0.398,0.745,0.4080605046318513,0.0204651963631394,5.251440911105926,-0.001306201171875,0.091856355679577,0.0918656423274467,-0.405,0.398,0.803,0.1194137112868642,0.0926598888332316,4.408612292199576,-0.0018775390624999,0.0987701460037396,0.0987879896269341,-0.762,0.889,1.651,2.178945672277532,0.0753935014427307,8.999069657640026,-0.002734130859375,0.053826040572182,0.0538954368683878,-0.266,0.21,0.476,0.0959517968472831,-0.0142335126579352,4.935482769063256,2nd_test,469,2004.02.15.16.42.39,0.0741857152275378,0
-0.001714990234375,0.0778539878724052,0.0778728747327374,-0.366,0.349,0.715,0.4005970384193849,0.0220041848818913,4.699967751947327,-0.0015397949218749,0.0934666926509876,0.0934793752841535,-0.435,0.444,0.879,0.2401486444701874,0.1002329600478121,4.749710817446125,-0.00090888671875,0.1001430958558238,0.1001472202442796,-0.83,0.674,1.504,1.7676274830343344,-0.1067556310363861,8.287798682451413,-0.0027354003906249,0.055974659067741,0.0560414567355888,-0.249,0.222,0.471,0.17259691901093,0.0062547781572242,4.443139320420818,2nd_test,363,2004.02.14.23.02.39,0.0759293551772353,0
-0.00229462890625,0.077092184383544,0.0771263263409048,-0.327,0.342,0.669,0.3950734414213919,0.0089467048873354,4.434283547797896,-0.001943408203125,0.0955974540109942,0.0956172058200203,-0.386,0.43,0.8160000000000001,0.2052111430541443,0.1810267482641815,4.49709857454828,-0.0018148437499999,0.1045811339043786,0.1045968796215379,-0.618,0.591,1.209,1.065480887483738,-0.0114182184646333,5.908398053844398,-0.003135986328125,0.0544569471748939,0.0545471677162011,-0.234,0.232,0.466,0.0665951734962488,-0.0141474133106818,4.289865263273962,2nd_test,61,2004.02.12.20.42.39,0.0767901737072686,0
-0.001943994140625,0.0785155011694543,0.0785395635148895,-0.427,0.403,0.8300000000000001,0.5791138307510244,-0.0238302704124404,5.436750357208342,-0.00106044921875,0.0961041338809988,0.0961099844010106,-0.525,0.52,1.045,0.2713402186131421,0.1343229756961232,5.462491782373207,-0.002068798828125,0.1034532470222932,0.1034739302822062,-0.613,0.942,1.555,1.4894622658892924,0.0327648264902187,9.103742338014642,-0.003169775390625,0.0561487755403099,0.0562381762746901,-0.254,0.249,0.503,0.1447980616240283,-0.0375737413583762,4.516504922827582,2nd_test,51,2004.02.12.19.02.39,0.0773297252738891,0
-0.0015173828125,0.0765672784898211,0.0765823124875287,-0.4,0.515,0.915,0.6014717502352931,-0.046256797279889,6.724790402185123,-0.0012400390625,0.0949919065137839,0.095,-0.491,0.405,0.896,0.1164550566859925,0.0995842780767428,5.168421052577174,-0.001096923828125,0.1040350227908835,0.104040805499498,-0.845,0.867,1.712,1.9699047242008705,0.0162946525768769,8.333268815338515,-0.003212841796875,0.0556726591925752,0.0557652878947502,-0.315,0.247,0.562,0.2664685927397037,0.0085442609273186,5.648675222279372,2nd_test,142,2004.02.13.10.12.39,0.0769290945690766,0
-0.002183740234375,0.0778710163963743,0.07790162973915,-0.356,0.347,0.703,0.3905431033629876,-0.0077691810627729,4.569865883261743,-0.00190732421875,0.0948663847839729,0.0948855565808424,-0.388,0.454,0.8420000000000001,0.1868184866042401,0.1266607891313692,4.784711354972214,-0.002255859375,0.0988668531569996,0.0988925859439801,-0.779,0.549,1.328,1.1872757661457385,-0.0237063794816754,7.877233591943932,-0.00278408203125,0.0549756005940887,0.0550460513882467,-0.244,0.249,0.493,0.1283179513180998,-0.0138279065379549,4.523485222205098,2nd_test,266,2004.02.14.06.52.39,0.0756677331054685,0
-0.0016198242187499,0.0779485168985776,0.0779653456170592,-0.356,0.342,0.698,0.267938429937038,0.0180311315393953,4.566131236613656,-0.001192138671875,0.0936513895276794,0.0936589769059972,-0.378,0.427,0.8049999999999999,0.1168279274847297,0.1209821292163125,4.559093149437327,-0.00159501953125,0.0985009639398007,0.0985138771157393,-0.566,0.627,1.193,1.355326219401241,0.0739487558172921,6.3645855624685455,-0.00292177734375,0.0554170316494942,0.0554940012946219,-0.232,0.232,0.464,0.0493848937009855,-0.0210645436983841,4.180632042806096,2nd_test,390,2004.02.15.03.32.39,0.0755811170093816,0
0.0033890625,0.6721289437226655,0.6721374879698163,-5.0,4.998,9.998,14.110009232265156,-0.7660666557271534,7.43895421619021,-0.0007151367187499,0.1910733091719275,0.1910746474507738,-0.674,0.852,1.526,0.4743032850899515,0.1961273078785103,4.4589903022850805,-0.00111337890625,0.1761750162877064,0.176178534380788,-0.759,0.969,1.728,-0.1633991725430612,0.141543541567336,5.5001025147599805,-0.0034029296874999,0.1245983557087459,0.1246448160806587,-0.525,0.547,1.072,0.7860189649897813,0.1262135081261587,4.388469710939627,2nd_test,975,2004.02.19.05.02.39,0.2643670233572117,1
-0.00158505859375,0.0949751817468549,0.0949884074958294,-0.466,0.508,0.974,0.7511586473517373,0.0213828006793391,5.348021020533017,-0.0013333496093749,0.0940985923338378,0.0941080384472582,-0.415,0.413,0.828,0.1539931628482276,0.1289942668462693,4.409825205613783,-0.00095390625,0.0984330114273024,0.0984376334324492,-0.698,0.935,1.633,1.857723136871014,0.0411293622488565,9.498399823194914,-0.0028130859375,0.0568338649720788,0.0569034415493144,-0.327,0.249,0.5760000000000001,0.1578094028720649,-0.0430820119496563,5.74657685178609,2nd_test,616,2004.02.16.17.12.39,0.0774041227107978,0
-0.0017200683593749,0.0758763160640291,0.075895809993763,-0.396,0.359,0.755,0.3326513606656682,-0.0033407729033218,5.217679342605672,-0.001822314453125,0.0933406459776142,0.0933584330496414,-0.449,0.444,0.893,0.2201012112829437,0.1370867279939773,4.809420909586648,-0.0016166015624999,0.0977481591387434,0.0977615262545803,-0.645,0.818,1.463,1.525199720946924,0.0538572998675842,8.367299809349156,-0.0032334960937499,0.0553062855891439,0.0554007285390386,-0.249,0.234,0.483,0.1027168409003769,-0.0110263763992386,4.494525732094756,2nd_test,448,2004.02.15.13.12.39,0.074802248941497,0
-0.002044921875,0.0794376532600419,0.0794639695770196,-0.364,0.349,0.713,0.330437393168955,0.0443539342750777,4.580692380873524,-0.00215263671875,0.0937866336908588,0.0938113346238408,-0.371,0.432,0.8029999999999999,0.1670021931261778,0.1408365776661851,4.604987251568298,-0.002563818359375,0.0997972257091762,0.0998301528789179,-0.85,0.544,1.394,1.3273999136932195,-0.1004390743551086,8.51446156776334,-0.003036083984375,0.0563482684743324,0.0564300023570407,-0.266,0.251,0.517,0.1127331782603882,-0.0333973134415569,4.713804516828936,2nd_test,530,2004.02.16.02.52.39,0.0761480025879519,0
-0.0021183105468749,0.0935672433076481,0.0935912189244569,-0.383,0.432,0.815,0.5771797568819839,0.0456147651053534,4.615817647850887,-0.001649267578125,0.093860590940448,0.0938750798414274,-0.449,0.386,0.835,0.0664180251355772,0.0802655604095457,4.782951990599231,-0.0021556640625,0.0992345577326122,0.0992579686268941,-0.691,0.72,1.411,1.766519061067747,0.0016270362299412,7.253825662090577,-0.0035399414062499,0.0562476237900572,0.0563589067245586,-0.217,0.242,0.4589999999999999,0.0840654336525501,0.004601952509129,4.293908701572693,2nd_test,630,2004.02.16.19.32.39,0.0771758160724005,0
-0.002210498046875,0.0776264201834281,0.0776578869923034,-0.376,0.393,0.769,0.4890323080068861,0.0040332695110799,5.06065790888553,-0.00145673828125,0.092937644394568,0.0929490604149996,-0.422,0.435,0.857,0.1791280389530256,0.1398563540382811,4.679982756717808,-0.00251494140625,0.0961157900100414,0.09614868704008,-0.54,0.566,1.106,0.933464270464011,0.0064122724148374,5.886715850401301,-0.003103466796875,0.05548596376996,0.055572688270774,-0.261,0.215,0.476,0.1157882192990391,-0.0275248688892754,4.69655163564518,2nd_test,456,2004.02.15.14.32.39,0.0741308637285083,0
-0.00244462890625,0.0898811756856558,0.0899144146014697,-0.454,0.432,0.886,0.4496169147110769,-0.0389746566821824,5.049246019197565,-0.0010071289062499,0.0926260297890997,0.0926315049166588,-0.454,0.42,0.874,0.2020839793711761,0.1366783128774178,4.901140280551043,-0.002303076171875,0.0988090008191607,0.0988358376437129,-0.742,0.735,1.477,1.3356225085933815,0.0161785727412014,7.507398304927427,-0.00315693359375,0.055453388548714,0.0555431771800101,-0.249,0.208,0.4569999999999999,0.1708258520956618,-0.0387906580088882,4.48299886030163,2nd_test,580,2004.02.16.11.12.39,0.0759048979821685,0
-0.00167529296875,0.0815182335270772,0.0815354463034712,-0.483,0.413,0.8959999999999999,0.5666889213621578,0.009621055882152,5.923803963694168,-0.0014719238281249,0.0937359197385323,0.0937474757472667,-0.403,0.427,0.8300000000000001,0.1740596461420387,0.1440700913644862,4.5547893059712,-0.00130244140625,0.1004649140689588,0.1004733562318886,-0.696,0.725,1.4209999999999998,1.3488460736869785,0.0600044400393644,7.215843355720215,-0.0032422363281249,0.0558674068812886,0.0559614085602469,-0.276,0.242,0.518,0.1751888520180293,-0.0220975051093146,4.9319702111845904,2nd_test,512,2004.02.15.23.52.39,0.0765116543647024,0
-0.001724658203125,0.097644226846774,0.0976594566973515,-0.442,0.454,0.896,0.6133940913684968,-0.026868208717565,4.648807349013888,-0.001742333984375,0.0923040500788495,0.0923204927882855,-0.396,0.403,0.799,0.1068783121770353,0.0495652412110654,4.365227998942952,-0.0008751953125,0.099829301820232,0.0998331381293305,-0.627,0.815,1.442,2.0145272324144408,0.062236446753224,8.163621972255648,-0.003511328125,0.0567711446066999,0.0568796297909563,-0.247,0.278,0.525,0.1839519764851913,0.0018710055053621,4.887514229906493,2nd_test,637,2004.02.16.20.42.39,0.077327537376056,0
-0.002105029296875,0.078310920363278,0.0783392072750572,-0.349,0.442,0.7909999999999999,0.613387552300388,0.0508267209147819,5.642130107883902,-0.00194560546875,0.0963085529600887,0.0963282033150533,-0.505,0.425,0.93,0.3700609545993831,0.1357897059272033,5.242493710207513,-0.001716650390625,0.1051239862099546,0.1051380015276796,-0.71,0.513,1.223,1.0193944038430145,-0.0336014873959283,6.753029253712086,-0.0036416015625,0.0563039946387354,0.0564216365786986,-0.3,0.251,0.5509999999999999,0.1410640808870447,-0.029403350661844,5.31710914794599,2nd_test,55,2004.02.12.19.42.39,0.0780082031115621,0
-0.00154453125,0.0768388124263563,0.0768543341124949,-0.398,0.369,0.767,0.3601853709222538,-0.0402462929743845,5.1786279146242045,-0.00160087890625,0.0932357069475465,0.0932494496674444,-0.354,0.398,0.752,0.0910113050743657,0.1708070968059158,4.268121703829026,-0.002017431640625,0.0989406226748069,0.0989611885827121,-0.642,0.713,1.355,1.240576687746258,0.0451891645676278,7.204844749786595,-0.0037978515625,0.0549785083655692,0.0551095278386029,-0.278,0.259,0.537,0.1244840294302722,-0.049153469094345,5.044499760715118,2nd_test,318,2004.02.14.15.32.39,0.0746933444601315,0
-0.001931103515625,0.0753338772134344,0.0753586240373115,-0.366,0.378,0.744,0.4605992204506139,0.0316475578937975,5.016015151866739,-0.0008187011718749,0.0922143869259322,0.0922180211657915,-0.378,0.42,0.798,0.1953687518031706,0.1142017818153088,4.554424337954081,-0.001224267578125,0.0959506599634039,0.0959584700717744,-0.515,0.662,1.177,0.9200501900429864,-0.0187618692713866,6.898817785422617,-0.002847265625,0.054512580188184,0.0545868878057038,-0.205,0.225,0.43,0.1020320194099957,-0.0024824274381407,4.121868987965414,2nd_test,361,2004.02.14.22.42.39,0.0738784587986525,0
-0.002257177734375,0.0775834122835936,0.0776162400074277,-0.41,0.42,0.83,0.5162164874021524,-0.0103048479839078,5.411238678328086,-0.001839990234375,0.0948201073929761,0.0948379582766211,-0.52,0.471,0.991,0.2047578538084966,0.0882792879636102,5.483036638956243,-0.00327861328125,0.0989766623950225,0.0990309497273769,-0.613,0.747,1.36,1.280230718383768,-0.0253422816223264,7.543096396115348,-0.0033635742187499,0.0556070014887398,0.055708637087024,-0.281,0.286,0.567,0.1578585419157243,0.014836908291938,5.133853832182206,2nd_test,193,2004.02.13.18.42.39,0.0758131794941142,0
-0.0017819824218749,0.0779258334891341,0.0779462057211775,-0.361,0.388,0.749,0.5248632368505843,0.0329649759572099,4.977792009311429,-0.001885498046875,0.0948430602561719,0.0948618004343193,-0.378,0.417,0.7949999999999999,0.1320935328878878,0.0910304428471702,4.395868495921366,-0.0014565917968749,0.1025740465702236,0.1025843881370509,-0.718,0.637,1.355,1.2515653595283167,0.0466376503610703,6.999115684481787,-0.00285546875,0.0552920089990884,0.0553656929960919,-0.266,0.276,0.542,0.168217665111467,-0.0040182298560237,4.98503649208359,2nd_test,100,2004.02.13.03.12.39,0.0766682674881525,0
-0.001632421875,0.1043467754858326,0.1043595436721948,-0.461,0.496,0.957,0.7816348788004697,-0.0370823353137832,4.752799624663358,-0.002053173828125,0.0943259747181463,0.0943483175753382,-0.43,0.532,0.962,0.251895181364655,0.0909061932670336,5.638680303647739,-0.002101513671875,0.0985745385287007,0.0985969371018155,-0.642,0.688,1.33,1.53398742125146,-0.043263962735153,6.977904387461476,-0.00259443359375,0.0587400487605357,0.0587973163848699,-0.269,0.283,0.552,0.1563361114726498,-0.0083988302708473,4.81314484053578,2nd_test,660,2004.02.17.00.32.39,0.079043402717432,0
-0.002040234375,0.0761473427953255,0.0761746701410235,-0.334,0.332,0.666,0.3254543370500293,-0.0323410589672767,4.384659616868375,-0.0014788574218749,0.0948803674281665,0.0948918918695276,-0.383,0.461,0.8440000000000001,0.2422450508243283,0.1363653370396212,4.858160069450375,-0.0016358398437499,0.0993210319488304,0.0993345023613396,-0.562,0.715,1.277,1.432323391410307,0.0094447936126165,7.197901866885228,-0.0024380859375,0.0546006853301665,0.0546550921832769,-0.212,0.225,0.437,0.0784317700136134,-0.010246099708886,4.116725285932781,2nd_test,164,2004.02.13.13.52.39,0.0752807124683731,0
-0.001976904296875,0.2372792907526995,0.23728752594838,-1.23,1.147,2.377,1.2521377158068745,-0.1798419516678101,5.18358474630644,-0.001775634765625,0.1439223430268941,0.1439332960130208,-0.647,0.588,1.235,0.3337137770361083,-0.1684564440301693,4.495137802840105,-0.0020763671875,0.152383540406445,0.1523976859650434,-0.737,0.937,1.674,0.0083617651184537,0.0831990748183207,6.148387320059296,-0.002832275390625,0.1013407335702914,0.1013803041248798,-0.364,0.449,0.813,0.3852631973901772,0.2712428439471619,4.428868150193106,2nd_test,952,2004.02.19.01.12.39,0.1309244623955763,1
-0.0018202636718749,0.0798444408576325,0.0798651870072506,-0.457,0.352,0.8089999999999999,0.5706517890996232,-0.0097771001510573,5.722142739774569,-0.002276025390625,0.0964936679807248,0.0965205068985504,-0.435,0.442,0.877,0.2158220815230112,0.131739865666037,4.579337740735162,-0.00146455078125,0.1049106474967943,0.1049208695502829,-0.569,0.764,1.333,1.1663803941882165,-0.0090097345466855,7.2816781186375295,-0.003012158203125,0.0563866811504496,0.0564670780916024,-0.264,0.232,0.496,0.1600982637971602,0.0294147471940574,4.675290610345675,2nd_test,37,2004.02.12.16.42.39,0.0782091749192886,0
-0.00155859375,0.0776150336067212,0.0776306811528148,-0.42,0.452,0.872,0.6069125322892983,0.0510543194591798,5.822440216702753,-0.00135390625,0.0958514819202275,0.0958610434349506,-0.393,0.601,0.994,0.2352122767714362,0.1148812433925863,6.269491531265844,-0.0008954101562499,0.1056590505323707,0.1056628445516682,-0.63,0.94,1.5699999999999998,1.8648148562940623,0.1359471792913205,8.89622084262034,-0.0029212402343749,0.0565393106644831,0.0566147268378279,-0.22,0.239,0.4589999999999999,0.1547480612014649,0.0259355020248596,4.221516438300418,2nd_test,88,2004.02.13.01.12.39,0.0780190695000046,0
-0.0011814453125,0.0750895434700203,0.075098837218445,-0.369,0.391,0.76,0.3680355169904707,-0.0098190022824236,5.206472090339638,-0.0013513183593749,0.0939617980635334,0.0939715146022486,-0.454,0.408,0.862,0.130892805246805,0.1034746566069735,4.831251277760134,-0.00153193359375,0.098770487667885,0.098782367124338,-0.703,0.703,1.406,1.4579274185596027,0.0867173611897121,7.116654727538696,-0.0025804687499999,0.0546458597665369,0.0547067528609928,-0.225,0.217,0.442,0.064137377347281,-0.0207399971729637,4.112837780147563,2nd_test,388,2004.02.15.03.12.39,0.0750573584034688,0
-0.001896142578125,0.0774802407066733,0.0775034389987994,-0.352,0.403,0.755,0.5782366156865968,0.0466536933536361,5.199769264445709,-0.00119375,0.0958684546942775,0.0958758866688139,-0.457,0.444,0.901,0.2120960933234386,0.1240861284455451,4.766579125091777,-0.001033984375,0.0989638473552009,0.0989692487949224,-0.593,0.835,1.428,1.5597001222615532,0.084663284286017,8.436964109142579,-0.002843408203125,0.0559995670018954,0.0560717083261191,-0.283,0.22,0.503,0.2085105961861706,0.0010458693745541,5.047108576556902,2nd_test,290,2004.02.14.10.52.39,0.0761592000138556,0
-0.00211962890625,0.0769204682957081,0.0769496671177416,-0.378,0.369,0.747,0.320109256981544,0.022963086515134,4.912301952089086,-0.0024300292968749,0.0937654746947174,0.0937969577710779,-0.415,0.474,0.889,0.127760602992228,0.1073075359521012,5.053468803879515,-0.00087021484375,0.1028131185940391,0.1028168012968029,-0.911,0.742,1.653,2.725315526258852,-0.0632650376087245,8.860419586107735,-0.0034055175781249,0.0540492592061002,0.0541564397897713,-0.239,0.261,0.5,0.1251773655670067,-0.0432758419347336,4.819371454407838,2nd_test,213,2004.02.13.22.02.39,0.0756239499697282,0
-0.0023229003906249,0.093382117695304,0.0934110045523779,-0.5,0.417,0.917,0.4625226492048617,-0.0029152523179089,5.3526883945915005,-0.0018276855468749,0.0938637255271631,0.093881517905799,-0.325,0.447,0.772,0.1073778588513749,0.1304875247230139,4.761320544942183,-0.001511279296875,0.1013609609466458,0.1013722268135638,-0.63,0.911,1.541,1.6101570165196684,0.0790590153439728,8.98668233525595,-0.00276943359375,0.0555931743863494,0.0556621127948019,-0.266,0.217,0.483,0.119667621626041,-0.0231327597533074,4.778834051374026,2nd_test,605,2004.02.16.15.22.39,0.0779361185514113,0
-0.0018176269531249,0.0762862266135319,0.0763078773041936,-0.349,0.4,0.749,0.259737428643497,0.027416412410051,5.241922775550398,-0.001729541015625,0.0934329061704354,0.0934489126077886,-0.383,0.452,0.835,0.1845263582154275,0.0774268971916064,4.836867411098054,-0.001194189453125,0.1000795149465697,0.1000866394699643,-0.962,0.806,1.768,2.0615758865863034,-0.0281711118833622,9.611672497797082,-0.002554052734375,0.0547728121013464,0.0548323274251547,-0.242,0.276,0.518,0.2137703902377388,0.0015979945320553,5.03352698956108,2nd_test,360,2004.02.14.22.32.39,0.0751284099371958,0
-0.001756396484375,0.0760862482384238,0.076106518115135,-0.396,0.334,0.73,0.3022605356791517,-0.0083797227103057,5.203233701950762,-0.00184658203125,0.0927912954419856,0.0928096674651945,-0.352,0.447,0.7989999999999999,0.1575288579671943,0.1726959925098701,4.816308604519215,-0.00216845703125,0.0997153695425628,0.0997389448956938,-0.679,0.881,1.56,2.0953473490254284,0.0742558420288394,8.833059151693547,-0.00225224609375,0.0547669935174411,0.0548132848076654,-0.251,0.222,0.473,0.0986527666645114,-0.0038162657878922,4.579181869434676,2nd_test,412,2004.02.15.07.12.39,0.0749096689121415,0
-0.002093017578125,0.0778272374979241,0.0778553763020937,-0.444,0.386,0.8300000000000001,0.5050743337064105,0.0169573152337637,5.702881690167319,-0.0013461914062499,0.0940875769891952,0.0940972070520693,-0.459,0.479,0.938,0.2253001289997973,0.0949816851302338,5.090480525419333,-0.002324755859375,0.1020174304023455,0.1020439150351608,-0.601,0.723,1.3239999999999998,1.1247372963215962,-0.0532145376728384,7.085184841681091,-0.003109765625,0.0569557150675094,0.0570405480434203,-0.264,0.242,0.506,0.1601350876283005,-0.0396012182983445,4.628286526882767,2nd_test,231,2004.02.14.01.02.39,0.0767128986423785,0
-0.00244453125,0.0788232846592158,0.0788611814361159,-0.488,0.383,0.871,0.5350200636292444,-0.0068174888782596,6.188088881081904,-0.001529052734375,0.095864855108643,0.0958770485948833,-0.474,0.474,0.948,0.2907499147594046,0.089013394469668,4.943831781867677,-0.001786328125,0.1048934389919054,0.1049086484124104,-0.723,0.776,1.499,2.017434683384363,-0.0131306409946257,7.396911615351666,-0.00291376953125,0.0551704716602324,0.0552473618926166,-0.266,0.283,0.5489999999999999,0.2345610991748845,-0.0381566600803578,5.122416533570234,2nd_test,29,2004.02.12.15.22.39,0.0772794352462734,0
-0.0016810546874999,0.0983651064774757,0.0983794699985088,-0.422,0.493,0.915,0.5520838440108813,0.0330496423725162,5.011208131152376,-0.0014736328125,0.0942273834564701,0.0942389059079038,-0.354,0.469,0.823,0.1496912322863073,0.1422602974050205,4.976713125822572,-0.002224951171875,0.0977695264649133,0.0977948399093256,-0.803,0.896,1.699,2.002529282017104,0.0473518970889795,9.162037596478507,-0.00282939453125,0.0570694127044451,0.0571395076968969,-0.308,0.264,0.5720000000000001,0.1806314929668997,0.0375661861288814,5.390315954915654,2nd_test,642,2004.02.16.21.32.39,0.0777243263258723,0
-0.00208916015625,0.1062556485616072,0.1062761847330165,-0.52,0.527,1.0470000000000002,0.8989962838910843,-0.0421417270167074,4.958777936175946,-0.001475732421875,0.0935596604077628,0.0935712981730876,-0.405,0.415,0.8200000000000001,0.0971758773460447,0.107135548946408,4.435120684420775,-0.00131357421875,0.0973561258752015,0.0973649871496743,-0.593,0.801,1.394,1.0982601098828129,0.0396498699868336,8.226776621049986,-0.003091162109375,0.0572322770399093,0.0573156943459588,-0.295,0.278,0.573,0.192755413262875,0.0042498432213315,5.146932325624923,2nd_test,651,2004.02.16.23.02.39,0.0784340788315679,0
-0.001577197265625,0.0768780283801128,0.0768942052356881,-0.413,0.356,0.7689999999999999,0.5470773142021708,0.0127764944497082,5.371015913731656,-0.00064501953125,0.0929453146124002,0.0929475527305251,-0.459,0.449,0.908,0.2711996631345044,0.1090350796080141,4.938268803330423,-0.002497412109375,0.1016922435372854,0.1017229053010708,-0.645,0.684,1.3290000000000002,1.340120910300023,0.0297337334335476,6.724149275611334,-0.002743603515625,0.0556800862515803,0.0557476399969933,-0.269,0.247,0.516,0.1495542753188568,0.0472944663090764,4.825316372310697,2nd_test,291,2004.02.14.11.02.39,0.075902976475129,0
-0.001569091796875,0.0751486834272887,0.0751650628278981,-0.327,0.342,0.669,0.267315005954134,0.0169456524809512,4.549986218710561,-0.0013675781249999,0.0938566598658069,0.0938666227745184,-0.464,0.483,0.947,0.2001157170094614,0.1065836479549044,5.145598996941564,-0.0017660156249999,0.0995487216677705,0.0995643851830311,-0.698,0.718,1.416,1.4095585224003937,0.0700995267548959,7.21141398777158,-0.00274140625,0.054252224216132,0.0543214427332798,-0.232,0.234,0.466,0.1158838883024735,-0.0143154861101702,4.307691184577708,2nd_test,182,2004.02.13.16.52.39,0.074922862526075,0
-0.0022435546875,0.1029914682708375,0.1030159020453577,-0.449,0.571,1.02,1.035295589771101,-0.0055498461913283,5.542833568967308,-0.0011640624999999,0.0935670727709999,0.0935743135077009,-0.537,0.393,0.93,0.1720924482384314,0.0932464100949921,5.738754363932015,-0.0023267089843749,0.0994998294670594,0.0995270296887829,-0.75,0.928,1.678,1.6824921420275665,-0.052016399478449,9.324100225762743,-0.003238671875,0.0579668612275999,0.0580572648003137,-0.261,0.208,0.469,0.1498265586814668,-0.0036973171980086,4.495561423591109,2nd_test,655,2004.02.16.23.42.39,0.0790375321731419,0
-0.002127880859375,0.0755417258715849,0.0755716893063095,-0.361,0.4,0.761,0.3718072446196725,0.0268652350373427,5.292987409258706,-0.001750244140625,0.0917701967879282,0.0917868856266889,-0.374,0.459,0.833,0.0614647912692714,0.0742563160832568,5.000714392487629,-0.00187685546875,0.0997968300917515,0.0998144773207398,-0.889,0.601,1.49,1.668858201748848,-0.1465246320079684,8.906523621161849,-0.0029373046875,0.0539791153819955,0.0540589738734467,-0.215,0.229,0.444,0.0609708654890539,0.005736973870132,4.236114442938889,2nd_test,518,2004.02.16.00.52.39,0.0741970444735756,0
-0.0022775878906249,0.0906818202565492,0.0907104179884572,-0.452,0.439,0.891,0.4888141347703794,-0.0222852386554766,4.982889617513761,-0.001360400390625,0.0950564318629284,0.0950661660515158,-0.64,0.525,1.165,0.3385818455777811,0.1246989274470399,6.732153263091051,-0.00102255859375,0.0979430572315355,0.097948395014607,-0.574,0.662,1.236,1.1704135021263171,0.0252688771736609,6.758661026497853,-0.00280712890625,0.05740609526346,0.0574746878729563,-0.298,0.247,0.5449999999999999,0.1214404560634414,-0.023229468064068,5.184891141184148,2nd_test,579,2004.02.16.11.02.39,0.0773688718455931,0
-0.0021155761718749,0.0763458220372216,0.0763751281837099,-0.42,0.464,0.884,0.6446447698043443,0.03505867031403,6.07527621921414,-0.00189580078125,0.0951885709781723,0.095207447741596,-0.364,0.449,0.813,0.1746671357142024,0.1323917311126075,4.71601760834847,-0.001253857421875,0.1056505690194981,0.1056580091265121,-0.798,0.845,1.643,1.8029677459203703,0.0111176453180563,7.997500681469603,-0.0031810546874999,0.0552456413762672,0.0553371484628544,-0.234,0.251,0.485,0.0776550893301646,0.0109128384009023,4.535831841135615,2nd_test,131,2004.02.13.08.22.39,0.0776608867760958,0
0.0018568359375,0.0009873279856301,0.0021030112339214,0.0,0.005,0.005,3.637512638586317,0.5796982508442869,2.377543170941098,0.003731494140625,0.0014895876611855,0.004017825272691,0.0,0.007,0.007,-1.8710393454475824,-0.2896389679347121,1.7422360414317617,0.003655810546875,0.0014962976532871,0.0039501718218167,0.0,0.007,0.007,-1.9354181434079027,-0.1961212519961512,1.772074814459215,0.001785546875,0.0012042024776497,0.0021536669310736,-0.002,0.005,0.007,1.6527216082391964,0.656680034260563,2.3216217538270287,2nd_test,982,2004.02.19.06.12.39,0.0380750309021721,0
-0.001489013671875,0.078248852305405,0.0782630183983989,-0.476,0.496,0.972,0.4398804995476126,0.0213900906489869,6.337603764127368,-0.001490771484375,0.0953437357259418,0.0953553896840491,-0.444,0.496,0.94,0.1253816529619897,0.0900479631196236,5.201593760334325,-0.0021984375,0.1003793302376781,0.1004034016675045,-0.498,0.781,1.279,0.9975440280393886,0.0172863171823527,7.778620913448506,-0.002873828125,0.0554939088946522,0.0555682716349896,-0.232,0.251,0.483,0.1519241440251173,0.0277364795699775,4.516966114120343,2nd_test,176,2004.02.13.15.52.39,0.076333447438745,0
-0.01019599609375,0.0734749310430519,0.0741789985651262,-0.386,0.454,0.8400000000000001,0.6287626426442561,0.0839934354125321,6.120330670078885,-0.0126949707031249,0.0900534746415632,0.0909438869642807,-0.513,0.464,0.977,0.5068005370841773,0.126914860438278,5.640840930802152,-0.0145409667968749,0.1084335093891196,0.1094041391987895,-0.911,1.023,1.934,3.213074668222574,0.204839716409692,9.350651698212598,-0.0100259765625,0.0531663902091768,0.0541034680395466,-0.264,0.193,0.457,0.0659590511486278,-0.0220800088349978,4.879539326428222,2nd_test,0,2004.02.12.10.32.39,0.0757072838694456,0
-0.0020212890625,0.0776600661530803,0.077686366142168,-0.439,0.391,0.8300000000000001,0.5379390953077108,-0.0527000449197799,5.650927206338465,-0.0013076171875,0.0957493798965413,0.0957583083250808,-0.469,0.42,0.889,0.1756658574163196,0.1355765379399091,4.897747341180446,-0.0013810546874999,0.1035175710310519,0.1035267831250384,-0.774,0.842,1.616,1.7070486727823626,0.0445998603685722,8.133161048527015,-0.002835986328125,0.0551387862216771,0.0552116705457562,-0.254,0.217,0.471,0.1180539515001983,-0.0055295862668773,4.600476629028987,2nd_test,167,2004.02.13.14.22.39,0.0772343076802895,0
-0.001570068359375,0.0751970657918662,0.0752134550353816,-0.312,0.344,0.6559999999999999,0.3069850202401407,0.005750047966008,4.57364975234289,-0.0009936523437499,0.0951608776519453,0.0951660652778539,-0.42,0.415,0.835,0.2301618683088411,0.1661193253618165,4.413337871743709,-0.001009375,0.1002214735461698,0.100226556349384,-0.762,0.737,1.499,1.7157602948617263,-0.0109744319592064,7.602775429459124,-0.00298759765625,0.0535968015028706,0.0536800043879818,-0.247,0.203,0.45,0.0456473792499037,-0.0010740907227723,4.601340905454514,2nd_test,139,2004.02.13.09.42.39,0.0754873596805529,0
-0.001894970703125,0.106106360416329,0.1061232803618773,-0.527,0.479,1.006,0.8149963220300802,-0.0585508241766254,4.965922634486788,-0.001694384765625,0.0932844723465226,0.0932998591676489,-0.496,0.449,0.945,0.2349250846828381,0.1261952119768191,5.3161923760616805,-0.00077333984375,0.0993117162501412,0.0993147272012691,-0.637,0.796,1.433,1.5723532509562936,-0.0064298277023257,8.014924094578928,-0.003006298828125,0.0579077948506536,0.0579857787488395,-0.234,0.205,0.439,0.0360070300386072,-0.034762850639001,4.035472232071168,2nd_test,665,2004.02.17.01.22.39,0.0790691164827831,0
-0.0013693359375,0.0768418241240749,0.0768540240691728,-0.322,0.466,0.788,0.3818657000263892,0.0333425857513888,6.0634430745553525,-0.00161650390625,0.0929511417205422,0.0929651968858844,-0.352,0.469,0.821,0.1593512848962888,0.1376421872795089,5.044898690105037,-0.0009679687499999,0.0972626631043756,0.0972674796509925,-0.566,0.623,1.189,1.2397175364146626,0.0515057733567409,6.405018431946567,-0.002781884765625,0.0556571758587575,0.0557266552685685,-0.239,0.227,0.4659999999999999,0.1734304377367133,0.0538039607597493,4.288791402316842,2nd_test,377,2004.02.15.01.22.39,0.0746502957816311,0
-0.001966943359375,0.0844199690988402,0.0844428803915885,-0.471,0.515,0.986,0.4865130026451254,0.0122738967289585,6.098797170414867,-0.0012630859374999,0.0937318962970756,0.0937404062799562,-0.408,0.425,0.833,0.2251067640293556,0.1162432658585903,4.533797290425663,-0.001781884765625,0.1008956513187828,0.1009113847311559,-0.779,0.923,1.702,1.711095870437382,0.0398998177765813,9.146638929292992,-0.0028833984375,0.0572730249974355,0.0573455611090017,-0.237,0.242,0.479,0.1180671880161052,0.0259705149734638,4.220030204880016,2nd_test,539,2004.02.16.04.22.39,0.0769325423005586,0
-0.001161962890625,0.0009995548103707,0.0015327320633838,-0.005,0.002,0.007,-1.6097740354671497,0.3170322768004378,3.262148757884753,-0.000701171875,0.0010211429878861,0.0012386989141837,-0.002,0.002,0.004,-1.0940985534953698,-0.2503399043659282,1.6145973613800402,-0.000663623046875,0.0009963237888765,0.00119710343773,-0.005,0.002,0.007,-1.069012350891199,-0.3954494226899888,4.176748506632346,-0.00169521484375,0.0012798683681455,0.0021241036712575,-0.005,0.002,0.007,1.1704938581594888,-0.6591190009716752,2.353934068898702,2nd_test,983,2004.02.19.06.22.39,0.0320564320832438,0
-0.001947021484375,0.0769310141198675,0.0769556484357832,-0.386,0.369,0.755,0.4469901117158317,-0.0126964097722315,5.015876129184814,-0.0016390625,0.0956320156612501,0.0956460607934927,-0.393,0.439,0.8320000000000001,0.1302977212296454,0.1229919244684127,4.589838790572309,-0.002064404296875,0.1040034052483783,0.1040238918150987,-0.654,0.762,1.416,1.3927113991049564,0.0821964743214649,7.325240256797165,-0.00307841796875,0.0543469647826898,0.054434081587561,-0.232,0.208,0.44,0.1326356189831212,-0.0398365525144402,4.262035717871895,2nd_test,68,2004.02.12.21.52.39,0.0767949694496352,0
-0.001969189453125,0.1392300597886716,0.1392439846307889,-0.596,0.774,1.37,1.6541833883366015,-0.0380744474049968,5.558588416201489,-0.0013788574218749,0.0988321783865559,0.0988417964852009,-0.4,0.459,0.859,0.104396333263117,0.1323572083128255,4.64378447496227,-0.001590576171875,0.102913052553118,0.1029253434211388,-0.591,0.586,1.177,0.7743705611191114,-0.0088993646628817,5.742026019539886,-0.0030323242187499,0.0609967206635519,0.0610720469762967,-0.288,0.293,0.581,0.1815473211736531,0.0440103741452554,4.797612238360395,2nd_test,827,2004.02.18.04.22.39,0.08692320111558,1
-0.002322119140625,0.1518824657340746,0.1519002160458161,-0.852,0.862,1.714,2.4133470314032266,-0.2739881794386947,5.674777972233619,-0.0012121582031249,0.1055630326669804,0.1055699919170186,-0.425,0.476,0.901,0.0696058184570485,0.1082688959118501,4.508857027948267,-0.001283251953125,0.1091689250297866,0.1091764669135907,-0.659,0.667,1.326,0.7262371229562823,-0.0259185429617351,6.109375205572436,-0.002890869140625,0.0677116758723331,0.0677733588796374,-0.305,0.259,0.5640000000000001,0.1111540380046856,-0.0230728591490082,4.500293404922821,2nd_test,881,2004.02.18.13.22.39,0.0899682141987845,1
-0.001861181640625,0.0760743867622998,0.0760971505272002,-0.347,0.391,0.738,0.4046983336170258,0.0553139665602651,5.138168739381408,-0.0008675781249999,0.0909711248165291,0.0909752617044188,-0.452,0.483,0.935,0.221416533389275,0.1255107370395474,5.309135592970001,-0.001265283203125,0.0976900285872054,0.0976982222302592,-0.581,0.977,1.5579999999999998,2.1162770492780822,0.0879499014288255,10.000181965311151,-0.0026890625,0.0552964392069222,0.0553617850696105,-0.261,0.251,0.512,0.1478021154586564,0.0013898435848655,4.714443359568531,2nd_test,500,2004.02.15.21.52.39,0.0737097845179914,0
-0.002389208984375,0.0759900835864513,0.0760276339435002,-0.364,0.315,0.679,0.3787525414114188,-0.013967775473019,4.787732842846561,-0.00163671875,0.0941185648913228,0.0941327950581982,-0.442,0.447,0.889,0.1278679655968271,0.1237484152407993,4.748610722956761,-0.001649462890625,0.1016834718235678,0.1016968493608424,-0.835,0.659,1.494,2.2208050112346047,-0.0997500420240608,8.21067717672382,-0.00255341796875,0.0547375028370231,0.0547970269280756,-0.242,0.286,0.528,0.1747594662944531,0.0418472610262323,5.219261263392494,2nd_test,222,2004.02.13.23.32.39,0.0757684903098162,0
-0.00177626953125,0.0753601855216987,0.0753811163044996,-0.454,0.371,0.825,0.5001967130650411,-0.0380326559000168,6.022728532701196,-0.00136298828125,0.0945232851874747,0.0945331115519186,-0.459,0.41,0.869,0.1966840983407185,0.1212014040940837,4.855441574490611,-0.0015764160156249,0.1021092710904539,0.1021214391304691,-0.806,0.789,1.5950000000000002,1.8698230403120155,-0.0666450324512211,7.892564057605681,-0.002979638671875,0.0551197641846887,0.0552002413979379,-0.256,0.234,0.49,0.1848128588020445,-0.0159708579658031,4.637660878144735,2nd_test,301,2004.02.14.12.42.39,0.0761220158132382,0
-0.0017623046875,0.0761465361377795,0.0761669264418208,-0.369,0.405,0.774,0.5528697268991065,-0.0182213176489012,5.317268516854711,-0.001254638671875,0.0951971651208029,0.09520543243552,-0.459,0.532,0.991,0.2725350886008999,0.0979934439244433,5.587916428558009,-0.00117158203125,0.1042160782689638,0.1042226634385187,-0.791,0.83,1.621,1.58167939303896,0.0011680368316551,7.963718951412671,-0.002949365234375,0.056073441872121,0.0561509540317159,-0.264,0.225,0.489,0.0646508032963835,-0.0373259062436865,4.701612012614824,2nd_test,246,2004.02.14.03.32.39,0.077019576131478,0
-0.0018308593749999,0.0781990474389248,0.0782204772831657,-0.457,0.398,0.855,0.545918411380272,0.0275305494241848,5.842459875817083,-0.002103271484375,0.093508128767222,0.0935317801417484,-0.374,0.371,0.745,0.0952340137701641,0.1113537270941864,3.998640883656871,-0.002201318359375,0.0983813875200553,0.0984060120769591,-0.713,0.723,1.436,1.447449848286639,0.0445332545951199,7.347112079160627,-0.0033343749999999,0.0551682636526937,0.0552689367646397,-0.237,0.276,0.513,0.0383394807718553,-0.024403451386206,4.993763516210554,2nd_test,509,2004.02.15.23.22.39,0.0751461897161844,0
-0.001757666015625,0.0781090853466685,0.0781288589671935,-0.349,0.388,0.737,0.3479309532451049,0.0165210416119201,4.966154697817301,-0.0014138183593749,0.0971517176616029,0.0971620045437162,-0.398,0.432,0.8300000000000001,0.1915876504630875,0.1671247698068285,4.446182456035925,-0.00167548828125,0.1054610838174769,0.1054743924416609,-0.562,0.645,1.207,1.1733696112988712,0.0456722835650623,6.1152283986906255,-0.00283828125,0.0541704712950436,0.0542447767142722,-0.222,0.234,0.456,0.1297392002764903,-0.015381890073115,4.313779393511984,2nd_test,59,2004.02.12.20.22.39,0.0778745634504322,0
-0.00192919921875,0.1027480462241223,0.1027661559682953,-0.518,0.474,0.992,0.6411511578676281,-0.06649134295298,5.040569972810593,-0.0018091796874999,0.0989818382849327,0.0989983709027893,-0.535,0.444,0.979,0.0652204267645997,0.0897488018947547,5.404129331784003,-0.000686279296875,0.1004839771082549,0.1004863206350278,-0.583,0.601,1.184,0.9088956483277792,0.0140588562553448,5.980913583022767,-0.0031723144531249,0.0604421828356022,0.0605253752150441,-0.264,0.239,0.503,0.0517844237913873,-0.0156521870832219,4.361806912516566,2nd_test,788,2004.02.17.21.52.39,0.0792441936072626,0
-0.00140625,0.1027459715413151,0.1027555945291118,-0.608,0.52,1.128,0.7643725473661331,-0.0660021495477077,5.916952773036892,-0.00198544921875,0.0972764850021243,0.0972967447706692,-0.522,0.408,0.93,0.1633589650850071,0.101263317909654,5.365030466589623,-0.0022381347656249,0.1002768637091778,0.1003018376829563,-0.627,0.581,1.208,1.211267602730654,0.0731664020534233,6.251131728768822,-0.002767724609375,0.0601009242605389,0.0601646191418542,-0.242,0.281,0.523,0.0501951973183092,-0.0631711330699423,4.67051905261457,2nd_test,792,2004.02.17.22.32.39,0.0790610766154367,0
-0.001596875,0.0772861356750234,0.0773026311152715,-0.33,0.369,0.6990000000000001,0.3969041106344453,0.0004034613001456,4.773446837080925,-0.002212109375,0.094359666230734,0.094385592327762,-0.398,0.393,0.791,0.1258747465816494,0.1300977650344341,4.216745269910413,-0.0019219238281249,0.1015846610812971,0.1016028403057863,-0.669,0.725,1.394,1.0816698868995376,0.0888549748792607,7.135627289659293,-0.0026509765625,0.0566195754767847,0.0566816019878253,-0.273,0.249,0.522,0.0833869957172006,-0.0415477910551304,4.816377632619155,2nd_test,298,2004.02.14.12.12.39,0.0764849941543764,0
-0.0016681640625,0.0765744476784151,0.0765926158881765,-0.376,0.457,0.833,0.4330988391266683,-0.0088045019554171,5.966632614575313,-0.001012890625,0.0931386154572878,0.0931441229317166,-0.53,0.474,1.004,0.1834145885970852,0.1118897991362564,5.690106721847059,-0.0013865234375,0.0992134674480726,0.0992231554140085,-0.598,1.008,1.606,1.7313525705314472,0.118368562816392,10.15891901224025,-0.002947509765625,0.0549241160518052,0.0550031484361634,-0.254,0.291,0.5449999999999999,0.2181566136518005,-0.0137350885146724,5.290606233794847,2nd_test,485,2004.02.15.19.22.39,0.0751142265370878,0
-0.002369189453125,0.0771850516940105,0.0772214041809126,-0.371,0.371,0.742,0.3501330939408524,-0.0178897496627608,4.8043674410015225,-0.001833544921875,0.095466211493112,0.0954838176018749,-0.449,0.439,0.888,0.1183756208095143,0.1077885854241911,4.702367492965435,-0.0019077148437499,0.0994333863417486,0.0994516852311337,-0.498,0.762,1.26,1.3501368331425097,0.124698318120162,7.662011942999143,-0.003332080078125,0.0558616492209197,0.055960938263472,-0.244,0.217,0.4609999999999999,0.2162758920817449,-0.0018689217888543,4.3601842207658015,2nd_test,207,2004.02.13.21.02.39,0.0759623079246946,0
-0.0020180175781249,0.0775222688367752,0.0775485303571052,-0.334,0.391,0.7250000000000001,0.2677201212044107,-0.0194342281800038,5.042003996651283,-0.0017718749999999,0.0934137125343657,0.0934305155207266,-0.371,0.364,0.735,0.0849439620502683,0.1277386298436994,3.9708653851291897,-0.0004156249999999,0.0993449920789763,0.0993458614906152,-0.723,0.562,1.285,0.9054034323123584,-0.0244899328962768,7.277605620854385,-0.003001708984375,0.0553757843042764,0.0554570801984798,-0.239,0.251,0.49,0.0887163321731581,-0.0478383200139571,4.526022630422477,2nd_test,505,2004.02.15.22.42.39,0.0756173278606964,0
-0.00170791015625,0.0758711009598973,0.0758903216356917,-0.376,0.471,0.847,0.5098311593414597,-0.0104390307656087,6.206324994309667,-0.002366650390625,0.0935010532773584,0.0935310001980459,-0.327,0.442,0.769,0.1429211956128586,0.1256936566868979,4.7257059056288,-0.001629052734375,0.1004398172068627,0.1004530272981326,-0.557,0.657,1.214,1.0792334087241322,0.028315898102627,6.540370336909429,-0.002511865234375,0.0557639491363256,0.0558204934610432,-0.266,0.256,0.522,0.150671927117449,0.015858799671853,4.765274964487268,2nd_test,204,2004.02.13.20.32.39,0.0757576313153617,0
-0.00196455078125,0.0766133798616249,0.0766385636190668,-0.352,0.403,0.755,0.4142624303884452,0.0443898574423054,5.258449284068781,-0.001638427734375,0.0938927089751907,0.0939070031687766,-0.481,0.439,0.92,0.1945899777395041,0.088275251249527,5.122088702270576,-0.0019277832031249,0.1001633578287545,0.1001819075462699,-0.701,0.891,1.592,1.717192648686849,0.0732886713203657,8.893821467509888,-0.003288818359375,0.0551178817680425,0.0552159145246809,-0.251,0.229,0.48,0.0955813722853671,-0.0029980563514747,4.54579086765392,2nd_test,331,2004.02.14.17.42.39,0.0751442601603529,0
-0.0019760253906249,0.077318939590237,0.0773441859204887,-0.415,0.43,0.845,0.4460425802924233,-0.0405825784070411,5.559564625018984,-0.001369921875,0.0933575973868096,0.0933676479075126,-0.398,0.454,0.8520000000000001,0.1482686310195058,0.0922368461712244,4.862497986935015,-0.00168701171875,0.098058925739792,0.0980734363922323,-0.627,0.684,1.311,1.2486175947363725,0.0244875885010193,6.974365589245324,-0.002353955078125,0.0550820043756311,0.0551322801138033,-0.266,0.371,0.637,0.160337471431363,-0.0040316406974833,6.729270025245778,2nd_test,457,2004.02.15.14.42.39,0.0746182848788499,0
-0.0023712402343749,0.1688202944534816,0.1688369467847881,-0.784,0.857,1.641,2.248777066522476,-0.0388410842415505,5.07590320907259,-0.000944921875,0.0968231488938086,0.0968277596511584,-0.576,0.447,1.023,0.1866744173533128,0.0948286869901754,5.948707292921036,-0.0013984863281249,0.1004037880361377,0.100413527056944,-0.652,0.791,1.443,1.2362986124417326,-0.0071141229776047,7.877424717324693,-0.00306083984375,0.0641507434138113,0.064223723195512,-0.278,0.269,0.547,0.262809830400621,-0.0376459780351276,4.328618556563193,2nd_test,712,2004.02.17.09.12.39,0.0907220630563399,1
-0.002165966796875,0.0781940347735232,0.0782240275511823,-0.364,0.332,0.696,0.4252786985695489,-0.0150143010556006,4.653301695021776,-0.001753515625,0.0944223866305834,0.0944386674729292,-0.493,0.479,0.972,0.3018494572188555,0.1264847635604807,5.220319316090496,-0.001803076171875,0.1016550657031674,0.101671055206469,-0.686,0.759,1.445,1.3409778418580984,-0.002432066178053,7.465251525630292,-0.002887451171875,0.0555208512241294,0.0555958837947727,-0.247,0.225,0.472,0.1469201258769779,-0.0194243439094741,4.442774952680593,2nd_test,274,2004.02.14.08.12.39,0.076605295105556,0
-0.0017729003906249,0.0761903431969599,0.0762109675326696,-0.361,0.32,0.681,0.4421486925018034,0.0020508795778689,4.736851029223739,-0.00200078125,0.0941142756142214,0.0941355405784659,-0.391,0.632,1.023,0.1803936738712015,0.1030104116080064,6.713723595887654,-0.0016524902343749,0.1016959118401997,0.1017093368820403,-0.796,0.75,1.546,2.2838638589885445,-0.0329602080818432,7.826223475582702,-0.003027490234375,0.0549687648890498,0.0550520736262211,-0.264,0.31,0.5740000000000001,0.1386559244687486,-0.0085880365858914,5.631032213230144,2nd_test,148,2004.02.13.11.12.39,0.0756906877434,0
-0.000971923828125,0.0780010582035218,0.0780071132448629,-0.359,0.381,0.74,0.3481483745968718,0.0210130612122557,4.884169970489274,-0.0017982421875,0.0940902415322524,0.094107423865296,-0.474,0.398,0.872,0.1580053514374362,0.0695311762538168,5.0367971040567365,-0.000817333984375,0.1002877670167446,0.1002910975513124,-0.659,0.784,1.443,1.4464525038060518,0.0101431850133715,7.817244193494448,-0.0024126953125,0.0562312659337893,0.0562830024713278,-0.286,0.203,0.489,0.1185709877691136,-0.0130132444096433,5.0814630960850895,2nd_test,338,2004.02.14.18.52.39,0.0761617625691155,0
-0.002044580078125,0.0768670811147464,0.0768942681010546,-0.359,0.356,0.715,0.4095598092509278,-0.0073059147616999,4.668748514824698,-0.0017568359375,0.0947834675193343,0.0947997478240316,-0.459,0.427,0.886,0.2083317921908536,0.1012279333910574,4.841785031402815,-0.00194560546875,0.0994920108593083,0.0995110325816627,-0.752,0.605,1.357,1.2141667937177385,0.0203069939680732,7.556951028272382,-0.003164794921875,0.055422199136148,0.0555124858386325,-0.244,0.205,0.4489999999999999,0.1246946936673185,-0.0281921785627295,4.395407561190477,2nd_test,174,2004.02.13.15.32.39,0.0755745141353436,0
-0.002217529296875,0.0776115263275734,0.0776431996705321,-0.325,0.378,0.7030000000000001,0.4177640583898037,0.029726571727968,4.868423784685853,-0.0006406249999999,0.0934994754225758,0.0935016700636277,-0.43,0.41,0.84,0.0774485995235396,0.1081031822081292,4.598848338246651,-0.0019697265625,0.0977810585524823,0.0978008958771595,-0.796,0.684,1.48,1.802505984390284,-0.0244827537627615,8.138984749093279,-0.003223291015625,0.0567026138764273,0.0567941548523316,-0.312,0.293,0.605,0.2399660781653607,-0.0106324925505535,5.493523071268972,2nd_test,309,2004.02.14.14.02.39,0.0751425712284591,0
-0.0021158203125,0.07690524724884,0.0769343470109417,-0.4,0.361,0.761,0.468162355143447,0.0007117606449284,5.199238253597084,-0.001716845703125,0.0931314225418026,0.0931472459272313,-0.332,0.466,0.798,0.0735805649199381,0.1013109894577505,5.002831756926515,-0.001094677734375,0.1006081564464257,0.1006141116488667,-0.688,1.04,1.728,1.7573328281635172,0.0493476062846473,10.33652221289952,-0.00306474609375,0.055148953194164,0.0552340448186736,-0.232,0.266,0.498,0.1704951150511484,-0.0154900598763632,4.815870372492696,2nd_test,470,2004.02.15.16.52.39,0.0757951087565546,0
-0.001748681640625,0.0984500506543692,0.0984655795764597,-0.552,0.493,1.045,0.6142024183200445,0.0071107286440092,5.606019914459134,-0.00172509765625,0.0934737179753694,0.0934896353296048,-0.576,0.53,1.106,0.2723032297273442,0.0584305422174986,6.161110779426048,-0.001661669921875,0.1005726889238207,0.1005864151080894,-0.649,0.62,1.269,1.2719679643096755,-0.025462516942714,6.4521635381491365,-0.002925537109375,0.057816842507556,0.0578908114032086,-0.232,0.232,0.464,0.0720511600726605,0.000602863022556,4.007544450882123,2nd_test,621,2004.02.16.18.02.39,0.0781861004647527,0
-0.00206416015625,0.0961030751810554,0.0961252402670924,-0.405,0.427,0.8320000000000001,0.5574171385605213,-0.0289775051739927,4.442121536540254,-0.002187060546875,0.0928573845516536,0.0928831367881671,-0.344,0.51,0.854,0.0757709747420709,0.1270775510828079,5.490770635337549,-0.001713134765625,0.0967665934945548,0.0967817567895191,-0.498,0.657,1.155,0.919337192120683,0.0491481471127197,6.78846945733848,-0.003230859375,0.0566911126264423,0.056783102267532,-0.327,0.266,0.593,0.1590994539989654,-0.0205106989826073,5.758755456043767,2nd_test,626,2004.02.16.18.52.39,0.0768584076930541,0
-0.00221806640625,0.0761174251271019,0.0761497355646262,-0.376,0.361,0.737,0.4668559319086989,0.0249984878415992,4.937640258461059,-0.0006296874999999,0.094531595441001,0.0945336926337311,-0.356,0.464,0.8200000000000001,0.1587111442617614,0.1449966986901881,4.908302924258447,-0.0012850585937499,0.1016432601570223,0.1016513832219586,-0.688,0.942,1.63,2.187641940698472,0.156152807968758,9.266966863931888,-0.0035829101562499,0.0548758769944134,0.054992718800708,-0.254,0.232,0.486,0.2145379055718068,-0.0178113250120168,4.6187932790860815,2nd_test,264,2004.02.14.06.32.39,0.0759385954841661,0
-0.0018132812499999,0.0769650552260709,0.0769864125339254,-0.432,0.356,0.788,0.3960282953144136,-0.048938440253877,5.611379797753533,-0.0014763183593749,0.0938020164326766,0.0938136333521646,-0.496,0.461,0.957,0.289294221539206,0.138125452439845,5.287078031961422,-0.0015378417968749,0.1001896908565742,0.1002014925603811,-0.71,0.645,1.355,1.8389831859347403,-0.0022615915449574,7.08572279564668,-0.0031119140625,0.0540723417220404,0.0541618144861996,-0.266,0.264,0.53,0.1251201700682207,-0.0390369888374975,4.9112091704916105,2nd_test,452,2004.02.15.13.52.39,0.0750716539456103,0
-0.00140625,0.1048311509754793,0.1048405825713795,-0.442,0.603,1.045,0.7773012336510239,-0.0477835702893134,5.751589558210462,-0.0013703125,0.0928862253347265,0.0928963326148091,-0.439,0.444,0.883,0.0885582151681592,0.1045606454112553,4.779521295380394,-0.001530078125,0.0972648756175637,0.0972769097369398,-0.618,0.769,1.387,1.3063793667742711,0.0493232673803778,7.905267571427333,-0.0023548828125,0.0573102076251093,0.0573585684191451,-0.269,0.234,0.503,0.177303850062132,0.0194045976493965,4.689796266001708,2nd_test,667,2004.02.17.01.42.39,0.0780209084587985,0
-0.00197587890625,0.1052972323141334,0.1053157691443629,-0.457,0.508,0.965,0.8374606137177665,-0.005411978713467,4.823589136958482,-0.0016085937499999,0.0947134237634307,0.0947270827949628,-0.488,0.439,0.927,0.1645233031567374,0.1309134961832391,5.151641807139001,-0.002503173828125,0.0983009975673661,0.0983328632856438,-0.657,0.74,1.397,1.3097996294809118,0.0375851788394341,7.525459701533079,-0.00324033203125,0.0581475741974332,0.0582377895933452,-0.234,0.251,0.485,0.0734159806152301,0.0065861440804666,4.309916323204196,2nd_test,678,2004.02.17.03.32.39,0.0787137078949255,0
-0.002658740234375,0.1843217385908753,0.1843409130301704,-0.793,0.71,1.503,1.3033661897808928,-0.1907354925191313,4.301812261643244,-0.00175810546875,0.1164325900682644,0.1164458628069016,-0.442,0.549,0.991,0.081343829520001,0.05658707282769,4.714637229367901,-0.00225419921875,0.1204812280014025,0.120502314147255,-0.569,0.645,1.214,0.3090213131930857,-0.0495290176399289,5.352594301271681,-0.0026356445312499,0.0713650144816589,0.0714136675578456,-0.276,0.32,0.5960000000000001,0.0844859578912333,0.0597813991366087,4.4809349657937165,2nd_test,909,2004.02.18.18.02.39,0.1029947161080139,1
-0.001824365234375,0.0945186415253016,0.094536246510515,-0.466,0.479,0.945,0.4503024924997278,-0.0217043748930952,5.06683962686899,-0.00135546875,0.0936814432111505,0.0936912487784011,-0.376,0.466,0.8420000000000001,0.1497165091995898,0.11211941441762,4.9737836358357335,-0.001749951171875,0.0980765093412685,0.0980921200386242,-0.779,0.647,1.4260000000000002,1.6083886465209387,-0.0187338549267026,7.941514564934708,-0.00266806640625,0.0560432570076618,0.0561067307403933,-0.239,0.234,0.473,0.1952017469209721,-0.0141004167141783,4.259738481316916,2nd_test,611,2004.02.16.16.22.39,0.0768520185307316,0
-0.0016909179687499,0.0774515339604659,0.077469989779309,-0.393,0.432,0.825,0.4164259373181851,-0.0202522648843478,5.576352871932398,-0.0009208984375,0.0924220680617882,0.0924266558886017,-0.4,0.391,0.791,0.1449120292530321,0.1318905755201644,4.327755842186659,-0.0024230957031249,0.0977470699877897,0.0977770989750891,-0.735,0.63,1.365,1.6722173955776911,-0.0252150070173875,7.517097640417214,-0.002631103515625,0.0548602850728506,0.0549233427968871,-0.234,0.198,0.432,0.0441297760410397,-0.0242443895002151,4.260483577285136,2nd_test,501,2004.02.15.22.02.39,0.074233619519861,0
-0.00235234375,0.1046762572058813,0.1047026854657988,-0.635,0.581,1.216,0.7869819151709754,-0.0387856641555299,6.064791912155474,-0.00148671875,0.0922465998027618,0.0922585795891769,-0.388,0.427,0.815,0.1648527531864889,0.1231902310916986,4.628295838682779,-0.00180654296875,0.096663560971493,0.0966804407167628,-0.698,0.791,1.489,1.2880893119545336,-0.0014660734804126,8.181592824024762,-0.002756640625,0.0577936173119129,0.0578593230994906,-0.271,0.217,0.488,0.0758730975785551,0.0086877526663135,4.6837741176011445,2nd_test,663,2004.02.17.01.02.39,0.0775456553720825,0
-0.0016513671875,0.0762488872747058,0.0762667674955399,-0.415,0.374,0.7889999999999999,0.4773930745507346,-0.0029892546066891,5.44142637248691,-0.00037158203125,0.0927893285102753,0.0927900725217614,-0.344,0.503,0.847,0.2013844918656264,0.1313153106911977,5.4208385264125525,-0.0019577148437499,0.0984434966876459,0.0984629609929541,-0.652,0.679,1.331,1.4603158899595758,0.0595003496827004,6.8959941194709,-0.002857373046875,0.056666983257772,0.0567389775398325,-0.256,0.3,0.556,0.1835502639085815,0.014297319886585,5.287370569624788,2nd_test,428,2004.02.15.09.52.39,0.0750504308378523,0
-0.001984619140625,0.0766876528609383,0.0767133287926754,-0.352,0.391,0.743,0.3933019145314724,0.0024107010572614,5.0968978422461015,-0.001842626953125,0.0934852725352487,0.093503430178139,-0.366,0.41,0.776,0.0854002335150054,0.1118457478660002,4.384865872989892,-0.0014078125,0.0997162762027648,0.099726213583898,-0.598,0.696,1.294,1.34223923887075,0.0105207213839745,6.979107849186386,-0.0034710449218749,0.0554987466556989,0.05560718508613,-0.269,0.244,0.513,0.1145241749881633,-0.0442017642394498,4.837504354491385,2nd_test,450,2004.02.15.13.32.39,0.0752122882201319,0
-0.00205166015625,0.0897054025423817,0.0897288613250357,-0.403,0.505,0.908,0.51467069938347,0.0176094339476761,5.628066516580979,-0.0016618652343749,0.0925751203143069,0.092590035626225,-0.408,0.422,0.83,0.1238577560446718,0.1119076248236966,4.557725862629603,-0.001739697265625,0.0973786427547237,0.0973941816092117,-0.618,0.64,1.258,1.3548264747662593,0.0368977790788273,6.571234435352512,-0.00297626953125,0.0556561063248216,0.0557356291034962,-0.244,0.254,0.498,0.0933406607945581,0.0072200991194058,4.557228546282067,2nd_test,585,2004.02.16.12.02.39,0.075892143572164,0
-0.001608056640625,0.0768796069728095,0.0768964226375526,-0.361,0.356,0.717,0.2979657430445224,-0.0099437433313407,4.694626714910526,-0.00089091796875,0.0929156598178784,0.0929199309847933,-0.408,0.386,0.794,0.0927930395308358,0.1125451129505597,4.390877131219349,-0.00179111328125,0.1000970530945528,0.1001130766933071,-0.679,0.654,1.3330000000000002,1.197504930014369,-0.0462311047389004,6.782330764574443,-0.00239384765625,0.0551763911635779,0.0552282957227316,-0.232,0.242,0.474,0.0679198113845487,-0.0127813732307325,4.381811838093935,2nd_test,281,2004.02.14.09.22.39,0.0751010083775735,0
-0.0014443847656249,0.076737200128153,0.0767507923793583,-0.374,0.513,0.887,0.7083040858036118,0.0250649921771239,6.683970081477413,-0.0021964355468749,0.0947638339020235,0.0947892849689345,-0.53,0.4,0.93,0.2391049848343445,0.1090512788368723,5.591349277168898,-0.0021115234375,0.100044032610448,0.1000663129738849,-0.559,0.757,1.316,1.3853169976107085,0.0094359473084835,7.56498343443507,-0.002502392578125,0.0548234514976877,0.0548805320923036,-0.234,0.212,0.446,0.1289709486757648,0.022209914341584,4.263807056428883,2nd_test,180,2004.02.13.16.32.39,0.0755310636290589,0
-0.00178046875,0.078071224926339,0.0780915247031888,-0.334,0.322,0.656,0.3541207352122204,0.0078822270363892,4.277032639139702,-0.001792578125,0.0951498978975583,0.0951667820526154,-0.391,0.647,1.038,0.2935591625769955,0.1278796686612581,6.79859070610889,-0.0020697753906249,0.1018473786584514,0.1018684078101038,-0.745,0.693,1.438,1.5405732076815708,0.0234344715386854,7.313356672673877,-0.00337626953125,0.0557161807398878,0.0558183839983521,-0.229,0.278,0.507,0.2176681441276833,0.0206648738060444,4.9804379862237935,2nd_test,183,2004.02.13.17.02.39,0.076689739201128,0
-0.001766796875,0.0765257980339962,0.076546190864977,-0.442,0.391,0.833,0.5200155088401144,-0.0199039441630376,5.774291248194014,-0.001383935546875,0.0957225069952149,0.0957325107946452,-0.42,0.457,0.877,0.2727503627682002,0.1640726965468852,4.773717895851826,-0.002284912109375,0.1017174564380694,0.1017431165611616,-0.676,0.586,1.262,1.005629002333853,-0.0386364025529828,6.644184126077823,-0.0027486328125,0.054648444965921,0.0547175247935362,-0.247,0.239,0.486,0.1846672528157351,-0.0251913779195191,4.514093079456402,2nd_test,202,2004.02.13.20.12.39,0.0767962758252628,0
-0.0022078125,0.0768922927545966,0.0769239827433145,-0.322,0.435,0.757,0.4776599891458457,0.0356005056576371,5.654933409335867,-0.00212412109375,0.0959023639048998,0.095925884374181,-0.42,0.461,0.881,0.2218267663564121,0.1231323462876255,4.805793587442545,-0.00191953125,0.1028984617335168,0.1029163642349638,-0.635,0.613,1.248,1.292513908977008,0.0520147325705232,6.17005861715139,-0.00256357421875,0.0549731376279584,0.0550328790218856,-0.247,0.22,0.4669999999999999,0.085192512339006,-0.0125093083041292,4.488226027522277,2nd_test,152,2004.02.13.11.52.39,0.076971699004046,0
-0.0021205566406249,0.1066718073333731,0.1066928828002804,-0.461,0.483,0.944,0.9485028239098772,-0.0219603430725844,4.527012367822191,-0.00215107421875,0.0939338339729709,0.0939584604235097,-0.437,0.486,0.923,0.2325604569294506,0.1419026097037554,5.172498546743144,-0.0017428222656249,0.0978745581000742,0.0978900738212735,-0.706,0.769,1.475,1.5934724329496357,-0.0352288410415705,7.855750537037851,-0.00264287109375,0.0587859854714588,0.0588453639250259,-0.308,0.256,0.5640000000000001,0.1171454186484104,-0.0401256209290461,5.234057187362869,2nd_test,691,2004.02.17.05.42.39,0.0790847309526064,0
-0.002096630859375,0.0756885263166924,0.0757175598983031,-0.344,0.378,0.722,0.32520331504832,0.0463210669448799,4.992236946128513,-0.00171689453125,0.0947263133513455,0.0947418712500906,-0.466,0.417,0.883,0.196032358893337,0.0895134384682029,4.918627781427059,-0.001896240234375,0.1097543689759166,0.1097707485459041,-0.664,0.781,1.445,1.4615057334105144,0.0062993013316436,7.11482804242958,-0.0027732910156249,0.0553902298073814,0.0554596132439803,-0.254,0.291,0.5449999999999999,0.206106647540921,0.0296855264587324,5.247061473627183,2nd_test,9,2004.02.12.12.02.39,0.0776377755623721,0
-0.00191455078125,0.0768705900868857,0.0768944284392569,-0.339,0.376,0.7150000000000001,0.3490666820212755,0.0202381067593458,4.889821117431584,-0.00067724609375,0.0930174254394559,0.0930198908710188,-0.43,0.466,0.896,0.2092950825477197,0.1418410059058526,5.009681215828827,-0.00081044921875,0.1000035488051615,0.1000068327743784,-0.667,0.588,1.255,1.2643446869082338,-0.0027715173979529,6.669544285020237,-0.0026030761718749,0.054247672583914,0.0543100910174907,-0.259,0.21,0.469,0.0926152698277218,-0.0148490722121453,4.768911175490747,2nd_test,478,2004.02.15.18.12.39,0.0751258341509385,0
-0.002080712890625,0.0772955517692959,0.0773235519712663,-0.371,0.347,0.718,0.4491927431890046,0.007486065846597,4.798020661713351,-0.001663623046875,0.0924131221286297,0.0924280952048841,-0.476,0.464,0.94,0.2109924697695162,0.134246250212833,5.149949254495693,-0.002014208984375,0.1012206412067612,0.1012406797890088,-0.781,0.715,1.496,2.342945161502163,-0.0470679983514434,7.714290358578514,-0.003014599609375,0.0540109475279505,0.0540950114490409,-0.234,0.22,0.454,0.1476612132490835,-0.0111698837829565,4.3257223490212,2nd_test,444,2004.02.15.12.32.39,0.074825877148755,0
-0.002189208984375,0.0764761240490756,0.0765074518301771,-0.32,0.342,0.662,0.2582723095291377,-0.0287246643661754,4.470152799686284,-0.0012849609374999,0.0950945076189752,0.0951031887157641,-0.449,0.454,0.903,0.2849633821768464,0.1108048880373421,4.7737621222365165,-0.001395849609375,0.1016970757071393,0.1017066546668192,-0.588,0.579,1.1669999999999998,1.107342884336811,-0.0093022523409161,5.781332617029312,-0.003259765625,0.0550053664138333,0.0551018729831391,-0.251,0.239,0.49,0.0955670363070129,-0.0072462866477982,4.55519905960818,2nd_test,154,2004.02.13.12.12.39,0.0765143865386986,0
-0.0014970703125,0.077168452806859,0.0771829730453874,-0.312,0.386,0.698,0.336034830856613,0.0202561865084471,5.001103025248998,-0.0012181640625,0.0934218295918335,0.0934297713149762,-0.476,0.435,0.911,0.1766854765083216,0.1178413487527199,5.094735792408018,-0.0008337890625,0.1018357118975178,0.1018391252018348,-0.793,1.155,1.948,2.137928282161252,0.1053600360411345,11.341417139037327,-0.002606640625,0.054999764335821,0.0550614988203531,-0.205,0.229,0.434,0.1282954185588365,0.0286222241342433,4.158985950291505,2nd_test,399,2004.02.15.05.02.39,0.0759523874155355,0
-0.0021367675781249,0.0790171170124404,0.0790460027872417,-0.425,0.388,0.813,0.5919121753524377,-0.0141927048789222,5.376615957906726,-0.000757470703125,0.0957626654984513,0.0957656612008415,-0.408,0.444,0.852,0.1701303528908009,0.1329631065142055,4.636317385875907,-0.000855712890625,0.1006128764609465,0.1006165153158112,-0.647,0.918,1.565,1.885135561266096,0.0342882015195031,9.123750679592645,-0.0030328125,0.055260499015706,0.0553436600083966,-0.229,0.239,0.4679999999999999,0.0961741296290825,-0.0126943255231594,4.318471166515206,2nd_test,157,2004.02.13.12.42.39,0.0765026869794224,0
-0.00176201171875,0.0942655786520681,0.0942820449709606,-0.479,0.466,0.945,0.4795562273540734,0.0247942501098299,5.080500747968013,-0.001628662109375,0.0944770730536269,0.0944911100212441,-0.41,0.461,0.871,0.1681458537621418,0.1473348153537636,4.878765842537735,-0.001995166015625,0.0996018123407123,0.0996217933435469,-0.767,0.75,1.517,1.6526749274388504,-0.0229078079424517,7.699118578876533,-0.002622412109375,0.0568970901095278,0.0569574921165172,-0.283,0.286,0.569,0.2013117913087181,0.0051130623833031,5.021288497216696,2nd_test,619,2004.02.16.17.42.39,0.0777934716720998,0
-0.0021998046874999,0.0776748023611058,0.0777059461206155,-0.386,0.398,0.784,0.417840869010627,-0.0024398842163091,5.121873162410259,-0.00169775390625,0.0950622814697623,0.0950774406815965,-0.461,0.505,0.966,0.2139451545112658,0.0959082451160934,5.3114597571665385,-0.002222900390625,0.1013996038508976,0.101423966335702,-0.691,0.957,1.648,1.8653791980310643,0.0237249981110246,9.43563966748254,-0.003132373046875,0.0562305279389971,0.0563177062139707,-0.261,0.251,0.512,0.0883756220259601,-0.0283110323473686,4.634421703961712,2nd_test,267,2004.02.14.07.02.39,0.0761411465942818,0
-0.0014893554687499,0.0773862666220173,0.0774005971644033,-0.356,0.522,0.878,0.5063321280777151,-0.0021355182041216,6.744134013391362,-0.001281787109375,0.0945912652482213,0.0945999494685548,-0.444,0.444,0.888,0.2139954072747212,0.1399433247511132,4.693448595793309,-0.00028525390625,0.1012598074789682,0.1012602092653809,-0.679,0.627,1.306,1.5505272809658193,0.0107114927059306,6.705496709114863,-0.0028000488281249,0.0562729346473572,0.0563425544971616,-0.251,0.225,0.476,0.1106508784917355,-0.0447346248716985,4.45489208353501,2nd_test,238,2004.02.14.02.12.39,0.0762848850690311,0
-0.0021383789062499,0.0760897964303332,0.076119838315358,-0.361,0.361,0.722,0.3437128400504776,-0.0176196796385838,4.742521896849873,-0.0015445800781249,0.0947727543429103,0.094785340076192,-0.359,0.459,0.8180000000000001,0.0967802701575433,0.1338356554116614,4.84252100194182,-0.0006513671875,0.1023746858687466,0.1023767580358818,-0.608,0.527,1.135,0.9102303869839864,0.0025844676230908,5.938847953956152,-0.00331962890625,0.0550674008660617,0.0551673687447457,-0.295,0.217,0.512,0.0912540897497233,0.0059710964527951,5.347363970893555,2nd_test,181,2004.02.13.16.42.39,0.07651738876298,0
-0.002301123046875,0.0775539347274367,0.07758806582835,-0.327,0.398,0.7250000000000001,0.4161077726251578,-0.0136327611505855,5.129654873410242,-0.00153056640625,0.0941523871971048,0.0941648270238813,-0.417,0.476,0.893,0.1372312705605622,0.0848678464303421,5.054966010548986,-0.001271875,0.0983520889874898,0.0983603124955322,-0.581,0.713,1.294,1.5632614779060088,0.0796418127103703,7.248858629085156,-0.0032349609375,0.0549365415907444,0.0550317051727342,-0.251,0.312,0.563,0.1589097750319852,-0.0059166795436132,5.66945906936775,2nd_test,359,2004.02.14.22.22.39,0.0753548543796652,0
-0.0021406249999999,0.0780336406446964,0.0780629960202415,-0.339,0.376,0.7150000000000001,0.3311462198582431,-0.0074616710436332,4.816622717089763,-0.001468212890625,0.0952358301536161,0.095247146908139,-0.376,0.479,0.855,0.1777286659936714,0.1397818040560291,5.029022028942679,-0.001116064453125,0.1024738441081837,0.10247992157575,-0.649,0.769,1.418,1.5929099854929527,0.0642622436483154,7.503908943022315,-0.002785498046875,0.0563392359416617,0.0564080535549612,-0.244,0.264,0.508,0.1049270997906264,-0.0046549433915934,4.680182763939748,2nd_test,211,2004.02.13.21.42.39,0.0768045355858426,0
-0.0019158203125,0.0875834052473281,0.0876043562968617,-0.393,0.435,0.8280000000000001,0.4443845022745201,0.0274501950126262,4.965506492861675,-0.0020280761718749,0.0930237145441308,0.0930458196833521,-0.464,0.364,0.8280000000000001,0.0999373921010793,0.0918680026762274,4.986790396108819,-0.00202392578125,0.1029061812642989,0.1029260823016632,-0.972,0.71,1.682,2.0938357017424982,-0.1142716938717991,9.443670430802449,-0.0029156738281249,0.055842437278526,0.055918502797179,-0.278,0.222,0.5,0.1972708909162488,0.010727239872514,4.971520804184563,2nd_test,554,2004.02.16.06.52.39,0.0774925331563677,0
-0.001969384765625,0.0774689434384711,0.0774939718547715,-0.308,0.344,0.6519999999999999,0.3096160191130583,0.0505269953114314,4.439054958239048,-0.0011323730468749,0.0916929409323835,0.0916999328546475,-0.361,0.454,0.815,0.1429655285908491,0.0757634051914536,4.950930560818172,-0.00113076171875,0.0980325843221166,0.0980391055188566,-0.488,0.723,1.211,1.0412363523932733,0.0616982936166746,7.374608286828619,-0.00333076171875,0.0558391582384544,0.0559384086867534,-0.325,0.251,0.5760000000000001,0.2697062756243653,-0.00814419412485,5.80996148485633,2nd_test,477,2004.02.15.18.02.39,0.0746486390610624,0
-0.002309033203125,0.07739473796891,0.077429174731553,-0.378,0.356,0.734,0.3569692841046232,0.0451482578368148,4.881880780799279,-0.001729443359375,0.0954686220962866,0.0954842855096946,-0.386,0.581,0.967,0.2629708782870037,0.0947300897275858,6.084770880281925,-0.0022916015625,0.1074285110576331,0.1074529498235448,-0.752,0.798,1.55,1.8640022241691008,0.0208655713441825,7.426506217865761,-0.0027642578125,0.056033258572441,0.0561014009406182,-0.281,0.308,0.589,0.2587931953743996,-0.0276927216381427,5.490058979463264,2nd_test,38,2004.02.12.16.52.39,0.0776563082680035,0
-0.0019019042968749,0.1473289308437455,0.1473412064003672,-0.674,0.72,1.394,1.7901524761320955,-0.0295417124789981,4.886616701363718,-0.0012394531249999,0.1011761690019921,0.1011837606435378,-0.488,0.698,1.186,0.2823647850121591,0.149761626663353,6.898340164012079,-0.00152119140625,0.1039664160400153,0.1039775441501673,-0.75,0.771,1.521,1.2164934405989527,-0.0347367083385399,7.415062610818011,-0.00228828125,0.0626445554810703,0.0626863347349324,-0.3,0.349,0.649,0.1654347534807487,0.0297258708994899,5.567401595103143,2nd_test,832,2004.02.18.05.12.39,0.0892400487994094,1
-0.0023765624999999,0.0758384861011946,0.0758757143191252,-0.347,0.31,0.657,0.3259681516945001,0.0036747950322403,4.5732683126511535,-0.00125234375,0.0921722195724562,0.0921807269757689,-0.388,0.449,0.837,0.2914941535586925,0.172190232786177,4.870866337527969,-0.001194384765625,0.0988666442113302,0.0988738584893809,-0.671,0.598,1.269,1.2885650506973765,-0.0347347524700189,6.7864247460847205,-0.002572607421875,0.0558071377396613,0.0558664025299698,-0.239,0.269,0.508,0.1717570546663944,-0.0175752306858168,4.8150585649555335,2nd_test,487,2004.02.15.19.42.39,0.0746540374194752,0
-0.00203896484375,0.0855928340888765,0.085617116425397,-0.398,0.364,0.762,0.4048794403025244,0.0063726409252904,4.648603183712111,-0.001463330078125,0.0923855701784203,0.0923971585716215,-0.43,0.42,0.85,0.3062823433338528,0.1298596479453785,4.653822765145232,-0.001481787109375,0.0960251902798979,0.0960366225006279,-0.518,0.652,1.17,1.4482003748924184,0.0748376173268264,6.789076739854606,-0.00297548828125,0.0558007300085594,0.0558800053686468,-0.234,0.215,0.449,0.1346965855250315,-0.0184135850551767,4.187544336334391,2nd_test,558,2004.02.16.07.32.39,0.0747740720517682,0
-0.0019934570312499,0.078507982253412,0.0785332868816624,-0.332,0.327,0.659,0.3653585893301865,-0.0184850215550041,4.227506744955742,-0.000771142578125,0.0949175125914395,0.0949206450537599,-0.41,0.479,0.889,0.1857848728531017,0.169330348513715,5.0463205314677735,-0.0022129394531249,0.0994470469890191,0.0994716655930691,-0.576,0.627,1.2029999999999998,1.0566328951245856,0.0443276282258782,6.303302515901412,-0.00259638671875,0.0555025177729055,0.0555632135780949,-0.259,0.212,0.471,0.1341957520552923,-0.0270258578211515,4.661357457867514,2nd_test,237,2004.02.14.02.02.39,0.0759327069514006,0
-0.0023975097656249,0.1684714290492845,0.1684884876155768,-0.82,0.771,1.591,1.923412204252612,-0.0995516891241924,4.866801355983706,-0.001532958984375,0.1020726169378893,0.1020841275213579,-0.457,0.442,0.899,0.1254097208948006,0.1078877688168361,4.476699865999345,-0.001148974609375,0.1081172695209934,0.1081233744910328,-0.684,0.671,1.355,0.8404071126795825,0.0277485954782643,6.326106664848878,-0.00268798828125,0.0646403633534698,0.0646962275211526,-0.283,0.305,0.588,0.2093853674239558,0.0116079466985238,4.714339795091836,2nd_test,852,2004.02.18.08.32.39,0.0943417445738422,1
-0.00199609375,0.0752476444319269,0.0752741149586795,-0.459,0.415,0.874,0.4514792731300825,-0.0092279881274679,6.097713672832456,-0.002032275390625,0.0930143631974843,0.0930365621908767,-0.374,0.408,0.782,0.1703065183293053,0.1308502703246981,4.385372700665239,-0.0019856445312499,0.1008382154362026,0.1008577635909229,-0.645,0.635,1.28,1.0198624824728109,-0.0050471673562504,6.395144776456792,-0.003151513671875,0.0540309801780225,0.0541228127264453,-0.242,0.227,0.469,0.1835617198229382,-0.019892310025011,4.471312332170854,2nd_test,197,2004.02.13.19.22.39,0.0753690469070987,0
-0.0022574218749999,0.1048669769520988,0.1048912713651319,-0.461,0.442,0.903,0.7653851180387234,-0.0325805341438372,4.395027288694405,-0.0014263671875,0.0937563974280031,0.0937672468510793,-0.388,0.457,0.845,0.1519315220619188,0.1132431445657636,4.873770056626822,-0.0020474609375,0.0975581952395436,0.0975796779800358,-0.652,0.779,1.431,1.4101907779089773,-0.0205877597979448,7.983219622341802,-0.0031562988281249,0.0584228109410566,0.0585080085163294,-0.256,0.227,0.483,0.0779423731219797,-0.0134903131095686,4.3754693842326855,2nd_test,674,2004.02.17.02.52.39,0.0785893025735909,0
-0.0022939453125,0.0903547361362259,0.0903838510318284,-0.393,0.476,0.869,0.385410349683454,0.0111948147832529,5.266427515100142,-0.00176796875,0.0946177665527808,0.0946342826936279,-0.422,0.461,0.883,0.150290285757221,0.0950961228995516,4.871384733665543,-0.0020990234375,0.1001586766429091,0.1001806688251281,-0.754,0.735,1.489,1.748396879866723,0.0381459306862968,7.5264021376083,-0.0026289062499999,0.0560397414471191,0.056101370478191,-0.227,0.225,0.452,0.1015314109668747,-0.0413597016198367,4.046246964398098,2nd_test,598,2004.02.16.14.12.39,0.0773604394516059,0
-0.002347216796875,0.0854843335717082,0.085516552274344,-0.42,0.374,0.794,0.3946015078150089,0.0142667128764005,4.911329898423574,-0.0013400878906249,0.0923791107973606,0.0923888302083408,-0.408,0.391,0.7989999999999999,0.0619493665980943,0.1098447453955566,4.416118258836336,-0.001376416015625,0.0999087877983841,0.0999182686018459,-0.649,0.715,1.364,1.3930930387347908,-0.0253431121029323,7.155848575018593,-0.003388623046875,0.0560308421403387,0.0561332168783277,-0.254,0.215,0.469,0.082943813789134,0.0296979310052369,4.524950005021735,2nd_test,543,2004.02.16.05.02.39,0.0763955289412038,0
-0.0020170898437499,0.0784274489384918,0.078453383600948,-0.381,0.439,0.8200000000000001,0.4799660990734948,0.0164555313351937,5.595679623295425,-0.0012224609375,0.0956860937570085,0.0956939023617427,-0.43,0.476,0.906,0.165848195193623,0.0986409661498912,4.974193634570857,-0.00162607421875,0.1086957682837348,0.1087079305301883,-0.757,0.962,1.719,2.0724590260877376,-0.0387628652470474,8.849400363886073,-0.002717138671875,0.0561138605943057,0.0561796065610945,-0.3,0.276,0.5760000000000001,0.2139803382727145,-0.0200155721917075,5.3400160371079535,2nd_test,16,2004.02.12.13.12.39,0.0783287481524042,0
-0.0018564453124999,0.076993353364847,0.0770157311954025,-0.383,0.359,0.742,0.3112997957537118,0.007963625337304,4.9730099818605655,-0.001779150390625,0.0937246689989656,0.0937415540466346,-0.349,0.439,0.788,0.1733552682663792,0.1565731065900741,4.683088566858222,-0.001826025390625,0.1014121529311559,0.1014285912889426,-0.691,0.913,1.604,1.786866967898007,-0.0225402457409517,9.001406688081747,-0.002653173828125,0.05432846675084,0.0543932130955634,-0.278,0.227,0.505,0.1602884883983946,0.0042517415353342,5.110931753681674,2nd_test,383,2004.02.15.02.22.39,0.0759364885879948,0
-0.001960400390625,0.076181751245863,0.076206970761067,-0.449,0.374,0.823,0.5239826539737651,-0.0167443967438167,5.891849466131717,-0.001917041015625,0.093641091442159,0.0936607124291416,-0.479,0.381,0.86,0.0722451230680141,0.056326825284549,5.11420410513394,-0.002465625,0.1000958636699245,0.100126226486714,-0.708,0.596,1.3039999999999998,1.0595344412264955,0.014950781681067,7.071074431101977,-0.0031276367187499,0.0546660084366809,0.054755406946198,-0.215,0.254,0.469,0.1154557164277845,-0.0241303909394314,4.638811291183325,2nd_test,303,2004.02.14.13.02.39,0.0750988069946947,0
-0.00219892578125,0.1695818040373577,0.1695960599045751,-0.876,0.745,1.621,2.1145702826278567,-0.4971611916160733,5.165214336274819,-0.00171044921875,0.1258562596533793,0.1258678820448995,-0.537,0.579,1.116,0.040076523119827,-0.0245199193902193,4.600061513618376,-0.0004436035156249,0.133077476637433,0.1330782159944505,-0.845,0.701,1.5459999999999998,0.2903076099900223,-0.0315733054756119,6.349649292179326,-0.003194873046875,0.0794617904141589,0.0795259916606475,-0.327,0.347,0.6739999999999999,0.3965165088167124,-0.0206240571476784,4.363353323229863,2nd_test,921,2004.02.18.20.02.39,0.1015893506326238,1
-0.0015823242187499,0.0775458701203552,0.0775620121106734,-0.371,0.425,0.796,0.5701837051718384,0.0388834536970139,5.479486522191907,-0.000879443359375,0.0947267578852764,0.0947308401740326,-0.459,0.381,0.8400000000000001,0.213306002517748,0.0970628762516106,4.845306968162775,-0.00119306640625,0.099094603092608,0.0991017848957891,-0.615,0.818,1.4329999999999998,1.4383741433543848,0.0603854873311333,8.25413993150494,-0.0029563964843749,0.0563860646284195,0.0564635153391384,-0.278,0.259,0.537,0.1306959621978278,-0.0152088540935563,4.923533335204458,2nd_test,340,2004.02.14.19.12.39,0.0760000176093222,0
-0.0018712402343749,0.0775409132998566,0.0775634886747019,-0.405,0.349,0.754,0.4734358466541311,0.013195322849001,5.221528929588655,-0.001442041015625,0.0936065155116078,0.0936176224250307,-0.505,0.378,0.883,0.2373568826328611,0.0841297278881556,5.394283543133249,-0.0025177734375,0.1014549386028961,0.1014861751668669,-0.718,0.737,1.455,1.909554926289526,-0.0175599369100527,7.262072876240906,-0.003003466796875,0.0550087034812169,0.0550906368767359,-0.303,0.259,0.562,0.1794399560852624,-0.0471438786412932,5.500027176531936,2nd_test,224,2004.02.13.23.52.39,0.0755378594254965,0
-0.00172705078125,0.1047863092961646,0.1048005406489513,-0.469,0.5,0.969,0.8513716239181859,-0.0463869606950372,4.770967753592712,-0.0015078613281249,0.0930391211437399,0.0930513391036602,-0.557,0.43,0.987,0.1842019842294995,0.0866354331862573,5.985942871531485,-0.000814306640625,0.0969157844612626,0.0969192053880286,-0.728,0.759,1.487,1.5142759316713803,-0.0120410405682051,7.831265196133353,-0.002810888671875,0.0566863821950095,0.0567560307058587,-0.203,0.227,0.43,0.0693072782978685,0.0257988197361646,3.9995749733176487,2nd_test,681,2004.02.17.04.02.39,0.0781406708864911,0
-0.001999267578125,0.0766363995996953,0.0766624733129131,-0.371,0.391,0.762,0.4292422492209682,0.043096600129636,5.100278964376159,-0.001586474609375,0.0948954664533134,0.0949087269700638,-0.427,0.43,0.857,0.1302463333801613,0.1289727574527933,4.530668714280617,-0.002139013671875,0.100231302619533,0.1002541241261269,-0.759,0.698,1.457,1.671673802267418,0.0340062928612324,7.570760870022185,-0.002779150390625,0.0552794684639167,0.0553492846434972,-0.237,0.225,0.4619999999999999,0.0622124484964441,-0.0410658130278046,4.281898158616263,2nd_test,256,2004.02.14.05.12.39,0.0763117276299465,0
-0.001699560546875,0.091427261045636,0.0914430564250745,-0.449,0.4,0.849,0.5755229887249769,0.0180242989336387,4.910159585085452,-0.001574462890625,0.0944255122593156,0.0944386377433946,-0.43,0.452,0.882,0.2130266577810142,0.1168908208084618,4.78617662003313,-0.00217978515625,0.1014594251064069,0.1014828379887456,-0.676,0.703,1.379,1.3358812103263995,0.0518376069808608,6.927279665464564,-0.002478955078125,0.0559234649508707,0.0559783810983367,-0.251,0.273,0.524,0.1287421197720286,0.0015753902206887,4.876882729344144,2nd_test,597,2004.02.16.14.02.39,0.0775787009131393,0
-0.002324755859375,0.0954924497610474,0.0955207435647978,-0.464,0.503,0.967,0.6564783060272297,-0.038974765964673,5.265871906174147,-0.0015213378906249,0.0943995158232454,0.0944117739301652,-0.415,0.481,0.8959999999999999,0.2627089344475584,0.1411527844108322,5.094703552024059,-0.0012237304687499,0.0993719238092548,0.0993794584298611,-0.623,0.713,1.336,1.2535287566931324,0.0184874815073337,7.174520884474713,-0.0031461425781249,0.0572957298917749,0.0573820431577085,-0.229,0.229,0.458,0.0671462640157498,0.0036012934891511,3.990795506647031,2nd_test,617,2004.02.16.17.22.39,0.0778684513479152,0
-0.0018154296875,0.0776892335399088,0.0777104419815558,-0.371,0.396,0.767,0.3657509634861617,0.0300433162624721,5.095840274449769,-0.001188330078125,0.0965636024944365,0.0965709141257248,-0.4,0.422,0.8220000000000001,0.1493364401301637,0.1310942157041155,4.369845763769326,-0.001681884765625,0.1046668581513546,0.1046803703262489,-0.75,0.847,1.597,2.0357883427908767,-0.0021432294877776,8.091297321094023,-0.003116064453125,0.0558905280763395,0.0559773256446583,-0.242,0.232,0.474,0.1600750185825177,0.0022841950678487,4.323179023090213,2nd_test,136,2004.02.13.09.12.39,0.0777469831957384,0
-0.0019155273437499,0.0782686379131296,0.0782920744761642,-0.403,0.349,0.752,0.5043214057082972,-0.0104667087491609,5.147392027753008,-0.0016951171874999,0.0950628252151012,0.0950779372943915,-0.364,0.457,0.821,0.2519456136800233,0.1472526549518905,4.806583030721165,-0.00192822265625,0.1046270348908166,0.1046448014602553,-0.845,0.913,1.758,1.5723267802826175,-0.0316642811239718,8.72475256535355,-0.003103125,0.0548069312842534,0.0548947092310588,-0.244,0.2,0.444,0.0777034239257781,-0.0098383790020981,4.4448728012845065,2nd_test,135,2004.02.13.09.02.39,0.0770555803825191,0
-0.0024064453125,0.1064736897952456,0.1065008807365284,-0.479,0.505,0.984,0.9490147794299428,-0.0430458749481006,4.741744824106885,-0.00208037109375,0.0932139308250772,0.0932371430479827,-0.354,0.417,0.7709999999999999,0.0538163329940206,0.1213796010757107,4.472466512416904,-0.00219052734375,0.0979573045951655,0.0979817938884247,-0.718,0.771,1.489,1.447269479973209,0.056217272920572,7.868808779619767,-0.002967626953125,0.0566388795147728,0.0567165714974192,-0.234,0.232,0.466,0.0896065648300661,0.0170092322016215,4.125778301082986,2nd_test,698,2004.02.17.06.52.39,0.0787232120609651,0
-0.00182568359375,0.0763151552089869,0.0763369899534704,-0.386,0.347,0.733,0.4471539298962406,0.0152996757323311,5.056526334483732,-0.0005888183593749,0.0939642906219181,0.0939661354911471,-0.43,0.444,0.874,0.1617245811613599,0.093432869179615,4.7251065256068285,-0.001203173828125,0.1012737234923498,0.1012808703421609,-0.762,0.95,1.712,2.1121779423002307,0.0779967934242056,9.37985620365622,-0.00299072265625,0.0546066680468685,0.0546885053479019,-0.234,0.247,0.481,0.0474616973442971,-0.018911877745905,4.516488399604056,2nd_test,226,2004.02.14.00.12.39,0.0754930687925403,0
-0.001743505859375,0.0765764603459522,0.0765963059931539,-0.393,0.388,0.781,0.342578328673436,-0.0154923677101616,5.130795733543531,-0.001681298828125,0.0922991815135901,0.0923144933032084,-0.361,0.43,0.7909999999999999,0.2444516701839258,0.1637634670048103,4.657990144440265,-0.001987451171875,0.0976373691185208,0.0976575947407413,-0.627,0.596,1.223,1.3457910709276852,-0.0035577562401997,6.420391590209871,-0.002864697265625,0.0541851697506286,0.0542608432603855,-0.242,0.229,0.471,0.1228551667404413,-0.0523795667144235,4.459938059462821,2nd_test,419,2004.02.15.08.22.39,0.0742536572429453,0
-0.001611865234375,0.0780719268842478,0.078088564316122,-0.444,0.469,0.913,0.5367816627512911,0.0308682024183701,6.006001059199459,-0.0011041015625,0.096827342121923,0.0968336368348119,-0.583,0.503,1.086,0.4142096945384081,0.1001054859587995,6.020635174412753,-0.003328466796875,0.1069766679721458,0.1070284363225055,-0.835,1.057,1.892,3.123223334762214,0.0572607257276196,9.875880058689242,-0.0033448242187499,0.0552798088648392,0.0553809093206991,-0.278,0.251,0.529,0.1887912733896777,-0.0080318452734711,5.019780343170984,2nd_test,44,2004.02.12.17.52.39,0.0781424849670846,0
-0.0017580566406249,0.0782962947651913,0.0783160298860289,-0.437,0.408,0.845,0.5366345309682168,-0.0037356983017462,5.579955988963864,-0.00124619140625,0.0956148806693628,0.0956230014088529,-0.549,0.454,1.003,0.2057239229292577,0.1049005370639222,5.74129646534428,-0.001989306640625,0.1030883762282947,0.1031075683657454,-0.598,0.618,1.216,1.0837880960576642,0.0652180671815192,5.993740418761723,-0.002867333984375,0.0559855286767274,0.0560589067445185,-0.222,0.227,0.449,0.0973646911885399,-0.0147547366266761,4.049311932365626,2nd_test,96,2004.02.13.02.32.39,0.0771299033227805,0
-0.00178037109375,0.0782394068899253,0.0782596608203661,-0.354,0.417,0.7709999999999999,0.4718474436506232,-0.0162592590818095,5.328415631034173,-0.000854736328125,0.0927460870448856,0.0927500255327626,-0.415,0.62,1.035,0.3442081953838416,0.1174207201657534,6.684634278341076,-0.001972900390625,0.1001547069790746,0.1001741367121056,-0.645,0.854,1.499,1.4256163193997071,-0.0108092001271321,8.52515457603412,-0.002982568359375,0.055682745999073,0.0557625673370194,-0.278,0.293,0.571,0.2137163659478802,-0.0267437888081668,5.254420913296615,2nd_test,321,2004.02.14.16.02.39,0.0751680606800177,0
-0.002862158203125,0.1048501031683071,0.1048891609461357,-0.505,0.525,1.03,0.8011197732616546,-0.0059337382285312,5.005283627586652,-0.001599267578125,0.094043492729982,0.0940570900126121,-0.376,0.376,0.752,0.1337474970278762,0.0885650599767506,3.9975721122733487,-0.00189208984375,0.097780545778503,0.0977988503854659,-0.693,0.776,1.469,1.4728456639479663,-0.0040478364478419,7.934653596985309,-0.003134619140625,0.0573657169501314,0.0574512951843505,-0.239,0.242,0.481,0.0718980383127338,0.0055919087240057,4.212263609014467,2nd_test,682,2004.02.17.04.12.39,0.0788401277194496,0
-0.0011597167968749,0.0765049121962385,0.0765137016043736,-0.386,0.391,0.777,0.4724327312404091,0.0049414775347747,5.110195844616408,-0.000956982421875,0.093664148477605,0.0936690371755289,-0.435,0.493,0.928,0.2225668427092908,0.1549468091794169,5.263211994705259,-0.00177197265625,0.1001488119099173,0.1001644867907907,-0.676,0.62,1.296,1.440886497116974,-0.0775815961382811,6.748898952631615,-0.002823681640625,0.054908766800956,0.0549813227342647,-0.242,0.217,0.4589999999999999,0.0419193360009364,-0.0597983978913023,4.401494688755141,2nd_test,325,2004.02.14.16.42.39,0.075051422432663,0
-0.001722607421875,0.0826501389319278,0.0826680884126207,-0.356,0.393,0.749,0.2089792134326837,-0.0180923574542085,4.7539504970003374,-0.001221728515625,0.0934591269209419,0.09346711199877,-0.354,0.408,0.762,0.0954720943568423,0.156200372025874,4.365171783643039,-0.00191376953125,0.0978751346275894,0.0978938429738433,-0.588,0.754,1.342,1.4981022004255022,0.0782226262667055,7.702220865859378,-0.0029669433593749,0.0558269519628434,0.055905736005882,-0.225,0.21,0.435,0.0752258902877232,-0.0276517283285,4.02463174748835,2nd_test,536,2004.02.16.03.52.39,0.0755197568986894,0
-0.00171591796875,0.0754658207281996,0.0754853262075236,-0.425,0.332,0.757,0.3803225968989236,0.0124601280957241,5.630233336025646,-0.00093427734375,0.0934077449323392,0.0934124172018902,-0.388,0.459,0.847,0.1953036066098259,0.1172473601039323,4.913693636714908,-0.001282958984375,0.0989547440487824,0.0989630605504681,-0.603,0.576,1.1789999999999998,1.2606202649509592,0.0134627283633325,6.0931826141977,-0.00304638671875,0.0547807223005714,0.0548653625506338,-0.239,0.256,0.495,0.065018558000288,-0.0341673438797517,4.66596752658069,2nd_test,258,2004.02.14.05.32.39,0.0747828923227357,0
-0.00202666015625,0.0777464696757902,0.0777728802246483,-0.334,0.415,0.749,0.4719824550317817,0.0825818179550488,5.336050288942996,-0.00174365234375,0.0932242110406968,0.0932405161271442,-0.41,0.41,0.82,0.1037504492141558,0.0869128229556518,4.397230056475879,-0.0017033203125,0.1062189792432384,0.106232635529589,-0.776,0.771,1.5470000000000002,1.4448963659987744,0.0014656274776144,7.304723224875238,-0.002330029296875,0.0554557565468079,0.0555046842230736,-0.227,0.229,0.456,0.209791004669348,-0.0171488597757428,4.125777908681036,2nd_test,7,2004.02.12.11.42.39,0.077079534704165,0
-0.002697802734375,0.0785429926498269,0.0785893111942354,-0.378,0.393,0.771,0.3801399430969199,-0.048650059066129,5.000680041891322,-0.00158720703125,0.0954698461087449,0.0954830390288636,-0.417,0.474,0.891,0.2413092544930273,0.1609236151544278,4.9642324418659305,-0.001394189453125,0.10337599302079,0.1033853940228774,-0.579,0.701,1.2799999999999998,1.2099423024855387,-0.0438815820791203,6.780454885514098,-0.002969873046875,0.0547698533548093,0.0548503143329359,-0.21,0.208,0.418,0.089612686912099,-0.0167350977217104,3.828601577768405,2nd_test,90,2004.02.13.01.32.39,0.0770001396579079,0
-0.00174560546875,0.10709339131389,0.1071076169166437,-0.508,0.562,1.07,0.9259360914985332,-0.034821808850413,5.247059137093195,-0.0020310058593749,0.0923462889116073,0.0923686205404566,-0.41,0.437,0.847,0.1294276800387344,0.1358895969056807,4.731043913380375,-0.001836279296875,0.0973668607308371,0.0973841747422771,-0.615,0.652,1.267,1.2648076245669255,-0.014638011950838,6.695132979447569,-0.0025835449218749,0.0576909783005738,0.0577487980969355,-0.266,0.349,0.615,0.2517246940611772,-0.0407378916779591,6.043415819808662,2nd_test,685,2004.02.17.04.42.39,0.0786060692484084,0
-0.002705859375,0.0759550057294134,0.0760031878957225,-0.4,0.374,0.774,0.30438619570478,-0.0249440619756068,5.262937135525722,-0.002112744140625,0.0947793244616112,0.0948028693300109,-0.366,0.405,0.771,0.0814525438025661,0.129658267158081,4.272022596551523,-0.00143984375,0.0984813106594055,0.0984918356982889,-0.894,0.61,1.504,1.6326280894737597,-0.1143940519438757,9.076894482193651,-0.002424560546875,0.0556554189324378,0.0557082054134812,-0.251,0.232,0.483,0.0863038208641469,0.0047091461550854,4.505619919588234,2nd_test,322,2004.02.14.16.12.39,0.0753275905454935,0
-0.0019884765625,0.0789911001960292,0.0790161246152881,-0.364,0.376,0.74,0.404492415747514,0.02973078517796,4.758522413316285,-0.00178076171875,0.0962442088406221,0.0962606817327627,-0.476,0.459,0.935,0.2295606492347852,0.1241903212953412,4.944905764500172,-0.0025443359375,0.1066988743714625,0.1067292061129473,-0.876,0.745,1.621,1.7143269486039925,0.0285064876097611,8.207687772592964,-0.003243896484375,0.0558877741344923,0.0559818377878877,-0.291,0.251,0.542,0.1527706475195329,-0.0151665749701636,5.198114450929348,2nd_test,33,2004.02.12.16.02.39,0.0782099573325959,0
-0.0018841796875,0.0754888726001154,0.0755123832197822,-0.408,0.349,0.7569999999999999,0.3984273331430605,-0.0275235538185988,5.403087316249764,-0.0015609863281249,0.0940588116563197,0.0940717637153446,-0.374,0.396,0.77,0.1490564029743892,0.0927213881510256,4.209552200956519,-0.0013930664062499,0.1037281866694765,0.1037375406675423,-0.732,0.784,1.516,2.0297368243466547,0.0564074292645245,7.5575340898528,-0.002704541015625,0.0555807615420833,0.0556465236623378,-0.232,0.247,0.479,0.1406452307232095,0.0298658927381709,4.438731905237299,2nd_test,115,2004.02.13.05.42.39,0.0763012525783652,0
-0.0019878906249999,0.0769629733535908,0.0769886418672423,-0.449,0.386,0.835,0.4282343784664375,-0.0082555560873115,5.832029103311297,-0.001572314453125,0.0940398438511962,0.0940529872162329,-0.396,0.422,0.8180000000000001,0.183259401747895,0.1028718351332761,4.486832502462811,-0.001536083984375,0.1041190183732471,0.1041303487990683,-0.649,0.71,1.359,1.0859712144731084,0.0825130271434651,6.818377237583346,-0.002746533203125,0.0569175515848231,0.05698377947317,-0.251,0.281,0.532,0.1547436161404336,0.0057559601628093,4.931227844010829,2nd_test,293,2004.02.14.11.22.39,0.0776160092608192,0
-0.0014205078125,0.0761327924053073,0.0761460433763633,-0.337,0.366,0.7030000000000001,0.3883496712947254,-0.0377399286849673,4.806553088860878,-0.0013397460937499,0.0929583140273667,0.0929679679588956,-0.42,0.4,0.8200000000000001,0.102503432824327,0.1151795526218833,4.517685060957541,-0.0013353515624999,0.0986793484416105,0.098688383169734,-0.718,0.942,1.66,2.201355363684523,0.0688462178315679,9.545196402400368,-0.0029,0.0550463180322376,0.0551226553143646,-0.229,0.229,0.458,0.1152575455327342,-0.0499934309979019,4.154371713224956,2nd_test,285,2004.02.14.10.02.39,0.0748910159996334,0
-0.001745361328125,0.0769740536449615,0.0769938388489827,-0.369,0.427,0.796,0.3984708522721938,-0.0069289152704166,5.545898300148151,-0.001397216796875,0.0923841054062164,0.0923946705523883,-0.364,0.579,0.943,0.2255155445680206,0.1346293001803172,6.266595210872437,-0.001336279296875,0.0985708905364883,0.0985799477759834,-0.613,0.688,1.301,1.6224322874804704,0.0641012288150024,6.979106963583064,-0.002691064453125,0.0551497386227351,0.0552153556363343,-0.278,0.22,0.498,0.0837536936546734,-0.0290649667783397,5.034831285448211,2nd_test,442,2004.02.15.12.12.39,0.0746547815606976,0
-0.001935693359375,0.0766034706411227,0.0766279232593894,-0.4,0.393,0.793,0.4252427854733462,0.0159180913655043,5.2200292397427965,-0.0015411621093749,0.0940604799669779,0.094073104935819,-0.391,0.391,0.782,0.1322240308933109,0.1123289066074491,4.15634203062184,-0.00289130859375,0.1052249780170003,0.1052646933404667,-0.686,0.688,1.374,1.3981050792716705,0.0304544929707385,6.535904662432311,-0.0034065917968749,0.054976399104537,0.0550818420731539,-0.227,0.232,0.459,0.0525892192967294,-0.0101225955013421,4.21191433081831,2nd_test,54,2004.02.12.19.32.39,0.0767663601395484,0
-0.001997119140625,0.0777117083253307,0.0777373661484818,-0.371,0.381,0.752,0.3658649197381023,0.0265308614325193,4.901117942012237,-0.00080556640625,0.0950148312244402,0.0950182460890736,-0.559,0.43,0.989,0.2386375339887103,0.1286363605253519,5.883080597700044,-0.001926318359375,0.1039330279908363,0.1039508778691436,-0.723,0.793,1.516,1.6507116203480852,0.0092511769257716,7.628603204204031,-0.003007177734375,0.0561581428559296,0.0562385999732668,-0.259,0.232,0.491,0.1436571459481102,0.021799400882275,4.605377803119407,2nd_test,194,2004.02.13.18.52.39,0.0770306475015915,0
-0.0022611328125,0.0789007675885379,0.0789331606338948,-0.403,0.471,0.874,0.5964296522845243,-0.0321235718234083,5.967073866186725,-0.0007662109375,0.0954724095600687,0.0954754841119239,-0.454,0.479,0.933,0.2425243166798711,0.1416567328034441,5.016994723309923,-0.0014248046875,0.1067513223990514,0.1067608303749261,-0.935,0.918,1.853,2.455067043287835,0.0269737654220561,8.757893664817695,-0.00307001953125,0.0546777998504328,0.0547639189284902,-0.229,0.215,0.444,0.0815636614284054,-0.0159726489183855,4.1815853298381125,2nd_test,19,2004.02.12.13.42.39,0.0774775688571358,0
-0.0019462890624999,0.0781845219875164,0.078208743242244,-0.334,0.415,0.749,0.488396336752809,-0.0063561880042718,5.306312092361224,-0.0018541992187499,0.0945680968061557,0.094586272726444,-0.383,0.444,0.827,0.1835254854912502,0.1148089295325565,4.694127246978136,-0.00133876953125,0.1018437551820419,0.1018525540840164,-0.61,0.552,1.162,1.0846068355776328,-0.0133441869747115,5.989049616672666,-0.00303681640625,0.0554363973609823,0.0555195137429174,-0.222,0.225,0.447,0.063034373451503,-0.0084341916105236,4.052629153738766,2nd_test,43,2004.02.12.17.42.39,0.076131239999423,0
-0.002134375,0.0908437839159723,0.090868854030479,-0.454,0.415,0.869,0.543120842220695,-0.0308883782327135,4.996211351391361,-0.001200830078125,0.0926383459161302,0.092646128504936,-0.476,0.515,0.991,0.2001507742248058,0.1205552808134873,5.558785977408681,-0.00104453125,0.0972632741652406,0.0972688827265688,-0.632,0.83,1.462,1.9500528276692373,0.0830167685458867,8.533047535095761,-0.00229189453125,0.0565842158997443,0.056630612477098,-0.237,0.242,0.479,0.1080551300316443,-0.0554346718858906,4.2733071286063495,2nd_test,590,2004.02.16.12.52.39,0.0762235505122189,0
-0.002231689453125,0.0756131323441102,0.0756460588577033,-0.371,0.361,0.732,0.3054551986309328,-0.0071186583989406,4.904419418505039,-0.001679833984375,0.0931335020425346,0.0931486502581861,-0.393,0.459,0.8520000000000001,0.1829574678197598,0.1770022912247859,4.927607632776563,-0.002585400390625,0.1008552907855087,0.1008884233924258,-0.688,0.603,1.291,1.2017392825257591,0.0392221956944125,6.81941472429464,-0.00270283203125,0.054392907178736,0.0544600188426679,-0.232,0.21,0.442,0.0837494327283763,-0.0023584485212012,4.2600058708384845,2nd_test,263,2004.02.14.06.22.39,0.0754713227541062,0
-0.001652978515625,0.0783901396855338,0.078407565565388,-0.437,0.371,0.808,0.443220644918866,-0.05459562201458,5.573441757096642,-0.0008650390624999,0.0940200228446132,0.0940240021924255,-0.498,0.432,0.93,0.1655354046741788,0.1007608318139931,5.296519913878134,-0.001114794921875,0.0990212426697437,0.0990275177290541,-0.662,0.908,1.57,1.7521061147166923,0.0482300665103194,9.169168538336782,-0.002863330078125,0.0550543279534913,0.055128737383935,-0.249,0.251,0.5,0.1109721360254059,-0.0280421949561217,4.552979297301856,2nd_test,316,2004.02.14.15.12.39,0.0752238460881234,0
-0.00193876953125,0.1655156504025327,0.1655270049130012,-0.723,0.869,1.592,2.50987514293984,-0.1088437795146896,5.249898652195662,-0.00158125,0.0976396132828845,0.0976524164247549,-0.417,0.471,0.8879999999999999,0.1273508664412532,0.1265532063248869,4.823229339727613,-0.002225634765625,0.1001387665955631,0.1001634964714722,-0.559,0.627,1.186,1.0085530001418537,-0.0262281917829566,6.259765504215575,-0.003221875,0.0640870706691539,0.0641680068684445,-0.295,0.298,0.593,0.1818056476744307,-0.0230973965468802,4.6440588470560895,2nd_test,717,2004.02.17.10.02.39,0.090699180049842,1
-0.001993701171875,0.0789479846892663,0.0789731544947989,-0.347,0.41,0.7569999999999999,0.3611321322444012,0.0067839719973264,5.191637621893532,-0.00125166015625,0.0938537875874463,0.0938621334599648,-0.398,0.437,0.835,0.0835641604156998,0.1115562503799227,4.655764618665296,-0.000816650390625,0.0999723542162037,0.0999756896719928,-0.579,0.642,1.221,1.292561866413755,0.0704246696565082,6.42156110250298,-0.0032080078125,0.0545590678897645,0.054653300020447,-0.234,0.271,0.505,0.1719155645138421,-0.0429049757463008,4.958529492156084,2nd_test,393,2004.02.15.04.02.39,0.0759378328340153,0
-0.001808740234375,0.0762048533852515,0.0762263158017172,-0.325,0.339,0.664,0.314020768717103,-0.0012239519829088,4.447283020700782,-0.0014991699218749,0.0912912668849941,0.091303575614112,-0.388,0.4,0.788,0.1575569971208539,0.1335052725151392,4.380989433384188,-0.002219482421875,0.0970119688035366,0.09703735462882,-0.469,0.591,1.06,0.8276182697372154,0.0724258120693876,6.090438081855779,-0.003094482421875,0.0548874328244301,0.0549745950736849,-0.237,0.21,0.4469999999999999,0.1221975628370133,-0.0397507917124216,4.311082231311155,2nd_test,407,2004.02.15.06.22.39,0.0743681929215329,0
-0.001984228515625,0.0740392922189016,0.0740658757801332,-0.315,0.3,0.615,0.1608655511931616,0.0173564037791589,4.252970705846157,-0.0011693359375,0.0916802274145181,0.0916876842619143,-0.334,0.413,0.747,0.0657767039856094,0.1112309085808587,4.504421758714319,-0.0023816406249999,0.0951864056016974,0.0952161962243687,-0.63,0.535,1.165,1.0032136619060203,0.0434990484932982,6.616521400506722,-0.0030388671875,0.054668267627898,0.0547526638550011,-0.247,0.249,0.496,0.151650122238379,0.0330112060932243,4.547723936407313,2nd_test,398,2004.02.15.04.52.39,0.073287397543435,0
-0.00175634765625,0.0762793713201946,0.0762995887675271,-0.388,0.417,0.8049999999999999,0.2913308967098595,-0.0015354823704096,5.4652981324063,-0.0011841796875,0.0922597527434374,0.0922673520689333,-0.457,0.444,0.901,0.1844598748438679,0.1073546238997472,4.952997888718214,-0.002615673828125,0.0972729417350181,0.0973081031741929,-0.598,0.776,1.374,1.4759843638481422,0.0185711533680819,7.974669885434867,-0.003166259765625,0.0546131355489428,0.0547048423395098,-0.254,0.227,0.481,0.1648891300017418,-0.0332391850129921,4.643099022550494,2nd_test,433,2004.02.15.10.42.39,0.0742630266000874,0
-0.00224072265625,0.0769207292969295,0.0769533588194417,-0.408,0.369,0.7769999999999999,0.5118109145356007,0.0378797505239643,5.30191282426024,-0.00103984375,0.0944991783114439,0.0945048992198949,-0.398,0.43,0.8280000000000001,0.157918947501586,0.0935879325464956,4.550028660365233,-0.0017198242187499,0.1000086173902671,0.1000234039995452,-0.688,0.872,1.56,1.81108375179126,0.0541721752790987,8.717959648676286,-0.002942626953125,0.0554281707142145,0.0555062263364154,-0.205,0.232,0.437,0.0174439496666729,0.0013042108882019,4.179711274005569,2nd_test,162,2004.02.13.13.32.39,0.0757581773643556,0
-0.002242138671875,0.1769034305543859,0.1769176388259078,-0.789,0.596,1.385,1.3679778747043594,-0.3393154272723732,4.459702295551997,-0.00137080078125,0.1230079857471126,0.1230156236107582,-0.498,0.459,0.957,0.0742311659727725,-0.0119996436361737,4.048266272028225,-0.00202109375,0.1294025508269542,0.1294183332471437,-0.745,0.791,1.536,0.2364760446903129,-0.0130834196958705,6.111962502896362,-0.002593408203125,0.073592958896394,0.073638640435809,-0.33,0.266,0.5960000000000001,0.2930457667418835,-0.0566807545713868,4.481342920544279,2nd_test,916,2004.02.18.19.12.39,0.1034505652887395,1
-0.00220078125,0.0765551802583577,0.0765868073658903,-0.386,0.352,0.738,0.3295190812445909,0.0237295637841335,5.040032523497952,-0.001156884765625,0.0936580483772867,0.0936651931520088,-0.371,0.398,0.769,0.1396924782504509,0.0876188691212504,4.249177166056107,-0.0015370117187499,0.1005027134334015,0.1005144656877804,-0.662,0.764,1.4260000000000002,1.7457821110674008,0.0685433005792885,7.6008959980501425,-0.00324169921875,0.0544660129067329,0.0545623970860999,-0.256,0.273,0.529,0.16968791837383,0.0085736386652401,5.003445863351643,2nd_test,402,2004.02.15.05.32.39,0.0751001285039595,0
-0.0018259277343749,0.076873814279592,0.0768954961879067,-0.354,0.376,0.73,0.3632654563177486,0.0553695028426848,4.889753218787909,-0.00167626953125,0.0934821892678084,0.0934972170165708,-0.464,0.415,0.879,0.1284500475701713,0.100567658071967,4.962714557726363,-0.000358447265625,0.0970207370609739,0.0970213992080967,-0.505,0.764,1.269,1.1599370414301564,0.0671380439990313,7.874551451824117,-0.00312626953125,0.0544493957057764,0.0545390708933169,-0.217,0.242,0.4589999999999999,0.0064773178862767,-0.0184558750774219,4.437185966532789,2nd_test,341,2004.02.14.19.22.39,0.0746737756066501,0
-0.0016285156249999,0.0774316065865734,0.0774487298909333,-0.386,0.425,0.8109999999999999,0.4381933427723923,0.0153143523969136,5.487501222977007,-0.0017398925781249,0.0947094780103262,0.09472545830542,-0.491,0.457,0.948,0.1431016947326835,0.1022512486959511,5.1834006272284485,-0.001029541015625,0.1002940825011639,0.1002993665954732,-0.833,0.642,1.475,1.3937204194478428,0.0368493369491693,8.305137193451534,-0.00285947265625,0.0556975648357103,0.055770918160812,-0.234,0.203,0.437,0.0378081103520244,-0.0354699165545154,4.195735119889534,2nd_test,260,2004.02.14.05.52.39,0.0761623979692581,0
-0.0019574218749999,0.0770128733379006,0.07703774503551,-0.327,0.422,0.749,0.3981230179180359,-0.013292743712402,5.477834272018269,-0.001698779296875,0.0932649972151457,0.0932804671763634,-0.391,0.415,0.806,0.190397970702667,0.1489290574560718,4.448948558661472,-0.002447607421875,0.0978986012270106,0.0979291933199537,-0.706,0.847,1.553,1.9832430802488064,0.011876436261948,8.649106270323669,-0.0032330078124999,0.0555158356871876,0.0556098943674819,-0.215,0.256,0.471,0.0516101781877438,-0.0057982677808572,4.603497325560347,2nd_test,305,2004.02.14.13.22.39,0.0745991619461888,0
-0.002425537109375,0.0773422892678007,0.0773803136427678,-0.461,0.352,0.813,0.4843217611881623,-0.0105525380817341,5.957587638146366,-0.001418896484375,0.0957437526741353,0.0957542659277349,-0.369,0.449,0.8180000000000001,0.1831700204454205,0.1265563506742382,4.689086127339413,-0.0012374999999999,0.104465784526412,0.1044731139718193,-0.767,0.964,1.731,2.203556437332323,0.0158754305561645,9.227254394377514,-0.0030388671875,0.0551297391412224,0.0552134299927336,-0.239,0.244,0.483,0.1292842641937257,0.0078599340410717,4.419214673453404,2nd_test,56,2004.02.12.19.52.39,0.077180835754448,0
-0.0023838867187499,0.07738437691901,0.0774210869662216,-0.342,0.378,0.72,0.2839152361904959,-0.0303327397514007,4.882390764676772,-0.000939990234375,0.0936453721494015,0.0936500897310868,-0.352,0.481,0.833,0.2476431064081858,0.1306700452178318,5.1361403003033885,-0.000701123046875,0.1012313041125743,0.1012337320553745,-1.025,0.818,1.843,2.783550446592874,0.0919692238646565,10.125083597917762,-0.003038720703125,0.0549150552729306,0.0549990647115078,-0.249,0.222,0.471,0.0949169244844805,0.0184870093138863,4.527349715882946,2nd_test,517,2004.02.16.00.42.39,0.0756644505368507,0
-0.0016535156249999,0.0950386869589978,0.0950530700862023,-0.447,0.42,0.867,0.5214360964550426,-0.0300287124153342,4.702636112541331,-0.0003012207031249,0.0937724464715509,0.0937729302686648,-0.469,0.454,0.923,0.15240151857143,0.0519440665304575,5.001443365918998,-0.0004775390625,0.0988762942560995,0.0988774474254619,-0.603,0.806,1.409,1.1978188291220562,0.1309981926982484,8.15150492835533,-0.002970556640625,0.0566831315699209,0.0567609162305201,-0.234,0.22,0.454,0.1156735003469116,4.093792504960379e-05,4.122555017356406,2nd_test,622,2004.02.16.18.12.39,0.077598541945556,0
-0.0020735351562499,0.1041181460773327,0.104138791478608,-0.537,0.53,1.0670000000000002,0.767350526474162,-0.0453236704588022,5.1565799100439245,-0.001978515625,0.0933183690141061,0.0933393406851111,-0.381,0.493,0.874,0.1639904465927379,0.1061727316756521,5.281802896571756,-0.001982763671875,0.0986399468126674,0.0986598725875134,-0.869,0.767,1.636,1.9111243695235487,0.0269664342733686,8.808038944307073,-0.00327958984375,0.0573567888226888,0.0574504737455989,-0.281,0.232,0.513,0.1674088036716923,0.0038669003294429,4.891169413840305,2nd_test,676,2004.02.17.03.12.39,0.0782614677983277,0
-0.0018067382812499,0.0948645928163957,0.0948817963227799,-0.413,0.425,0.838,0.4545847496597348,-0.0534513286351401,4.479257523220852,-0.001323193359375,0.0935560649776342,0.0935654216832566,-0.486,0.471,0.957,0.1626523244195157,0.1160517989545845,5.194226576993825,-0.00076884765625,0.1002191601675434,0.100222109294338,-0.886,0.842,1.728,1.946202714217444,-0.0273383357574641,8.840364728196885,-0.003138818359375,0.0554980593073755,0.0555867499281809,-0.271,0.249,0.52,0.0827625498689377,0.0043324060215267,4.8752625462949615,2nd_test,609,2004.02.16.16.02.39,0.0774894753710277,0
-0.002091162109375,0.0768620850433046,0.0768905265697398,-0.352,0.342,0.694,0.4461346262694334,-0.0526448356214815,4.577937175084335,-0.001405078125,0.0966968925907789,0.0967071004696656,-0.544,0.508,1.052,0.313454532863942,0.1321994592129926,5.625233280207928,-0.00089853515625,0.104183583636851,0.1041874582895837,-0.601,0.557,1.158,1.0814898393083068,0.0440693703879946,5.7684486200227925,-0.0035525390625,0.0555320305709633,0.0556455474690024,-0.271,0.273,0.544,0.1565247268159741,-0.0353920561865726,4.9060529083152575,2nd_test,76,2004.02.12.23.12.39,0.0775986364989628,0
-0.001754150390625,0.0909947755484357,0.0910116817815335,-0.391,0.388,0.779,0.5069703567366908,0.0152276454822402,4.296151794384691,-0.001680322265625,0.0936067259551191,0.0936218063645063,-0.413,0.459,0.872,0.1694515872648021,0.1155687835185289,4.902703951342601,-0.00219609375,0.0999992305848085,0.1000233420023171,-0.674,0.955,1.629,1.8029287574110109,0.0487035382731172,9.547771358892694,-0.003115966796875,0.0561116499899321,0.0561981006233473,-0.217,0.217,0.434,0.060544700799836,-0.0076431436393629,3.861340465054553,2nd_test,599,2004.02.16.14.22.39,0.0771503740312734,0
-0.002083837890625,0.1066326650074859,0.1066530244622867,-0.51,0.544,1.054,1.1178083967298198,-0.0232007848134643,5.100652351282001,-0.00212861328125,0.0942212223018858,0.0942452636823861,-0.415,0.498,0.913,0.1279009545706539,0.1082259922997715,5.284085168173696,-0.00175771484375,0.098132126975716,0.0981478675583428,-0.62,0.708,1.3279999999999998,1.032960033600883,0.0967323895575972,7.213605528127489,-0.00320732421875,0.0579221829897088,0.0580109145845633,-0.261,0.237,0.498,0.0598024476865979,0.0404125323033044,4.499153338033269,2nd_test,694,2004.02.17.06.12.39,0.0790893468586645,0
-0.002473095703125,0.0781815167998649,0.0782206224181601,-0.332,0.391,0.7230000000000001,0.3201974871061321,0.0160400209443636,4.998681778633158,-0.0020166015625,0.0921923024054916,0.0922143551985671,-0.354,0.381,0.735,0.1869307523144048,0.1505819722695315,4.131677754243935,-0.002125439453125,0.0999243279961915,0.0999469300096775,-0.745,0.745,1.49,1.891887378180032,0.0083638645844795,7.453955813554357,-0.003001318359375,0.055470180863765,0.0555513175087065,-0.254,0.229,0.483,0.0904197820116383,-0.0087751084969802,4.572348800829402,2nd_test,522,2004.02.16.01.32.39,0.0749137777201505,0
-0.00229951171875,0.0768453324343715,0.076879729910385,-0.317,0.408,0.725,0.3443925457307482,0.0465007743153889,5.306990548357529,-0.001877783203125,0.0938888396639621,0.093907615682665,-0.381,0.549,0.93,0.1922689946866378,0.1181160888200236,5.846171218416918,-0.002230419921875,0.0989492307994368,0.0989743656146788,-0.583,0.596,1.1789999999999998,0.9572935466525324,0.0461762517958628,6.0217612539623655,-0.0033554199218749,0.0553738236588463,0.0554753926480302,-0.288,0.325,0.613,0.1368213340681161,-0.0151674979352674,5.858453351671436,2nd_test,429,2004.02.15.10.02.39,0.0754580836588834,0
-0.001406982421875,0.07614566658147,0.0761586642390206,-0.347,0.364,0.711,0.3468116029579766,-0.03312087227838,4.77949559163515,-0.00153564453125,0.0942467526741566,0.0942592626416629,-0.334,0.488,0.8220000000000001,0.1506387308492529,0.1309688469417991,5.177210030275845,-0.0011072753906249,0.1021690740545417,0.1021750740247009,-0.676,0.901,1.577,1.5032980293471925,0.0352098054733379,8.818197672882171,-0.002893798828125,0.0547987947929899,0.0548751490423659,-0.247,0.232,0.479,0.1389096459014194,-0.0463707435584295,4.5011267268687405,2nd_test,132,2004.02.13.08.32.39,0.0762361611964185,0
