ch1_mean,ch1_std,ch1_rms,ch1_min,ch1_max,ch1_peak_to_peak,ch1_kurtosis,ch1_skewness,ch1_crest_factor,ch2_mean,ch2_std,ch2_rms,ch2_min,ch2_max,ch2_peak_to_peak,ch2_kurtosis,ch2_skewness,ch2_crest_factor,ch3_mean,ch3_std,ch3_rms,ch3_min,ch3_max,ch3_peak_to_peak,ch3_kurtosis,ch3_skewness,ch3_crest_factor,ch4_mean,ch4_std,ch4_rms,ch4_min,ch4_max,ch4_peak_to_peak,ch4_kurtosis,ch4_skewness,ch4_crest_factor,dataset,file_index,timestamp,quantization_error,label
-0.0018823730468749,0.0771200007359263,0.0771429701385477,-0.332,0.361,0.6930000000000001,0.3527962049313577,0.0114362841711822,4.679622775049612,-0.0016279785156249,0.0926763581069535,0.0926906557642981,-0.471,0.435,0.906,0.2273541581982918,0.1567262693266892,5.081418359932829,-0.002166796875,0.099929328597558,0.0999528174823313,-0.786,0.825,1.611,1.907774999211053,0.0068011024805243,8.253894395098778,-0.00315400390625,0.0560015172574869,0.0560902636451394,-0.234,0.247,0.481,0.1440839176423338,0.0117912886330623,4.403616313131744,2nd_test,515,2004.02.16.00.22.39,0.0753377459153098,0
-0.001411767578125,0.1664857246490363,0.1664917103029738,-0.781,0.901,1.682,2.246652075464767,-0.018545103252822,5.4116808479833045,-0.001289306640625,0.1010258806322769,0.1010341074545651,-0.427,0.432,0.859,0.1118090482097011,0.081754103159065,4.275783800930727,-0.001530712890625,0.104880651730906,0.1048918213658868,-0.596,0.667,1.263,1.013979374546795,0.0778952592797975,6.358932386796785,-0.0028430664062499,0.0647514605347122,0.0648138462673582,-0.286,0.269,0.5549999999999999,0.2287798958205611,-0.0177953499008187,4.41263736788328,2nd_test,846,2004.02.18.07.32.39,0.0925814908288578,1
-0.001823388671875,0.1717522618853552,0.1717619405135619,-0.869,0.881,1.75,2.3850877136573763,-0.0972869149868616,5.129192167721866,-0.00070224609375,0.0982741850343914,0.0982766940517944,-0.427,0.422,0.849,0.126511905121931,0.1197385496196041,4.344875497853183,-0.001108642578125,0.1041306077023566,0.1041365092022395,-0.608,0.662,1.27,0.8057911150388679,-0.0101021612860111,6.3570404372591165,-0.0032078124999999,0.064507235827627,0.064586945547504,-0.291,0.288,0.579,0.1275649453791549,-0.0262363526604755,4.50555445111524,2nd_test,703,2004.02.17.07.42.39,0.0930705664412689,1
-0.0015564941406249,0.0913929233437596,0.0914061765491157,-0.444,0.5,0.944,0.5828125625920308,0.0050425258413498,5.4700898655996415,-0.001461572265625,0.0934136977828491,0.0934251311315811,-0.427,0.476,0.903,0.1708911641344705,0.1227018464423723,5.094988834690536,-0.002320849609375,0.0980874656260933,0.0981149186202555,-0.718,0.696,1.414,1.3662923675943484,-0.0155983244039831,7.317949299551808,-0.0027107910156249,0.05695487952338,0.0570193536393839,-0.259,0.237,0.496,0.1239285995142145,0.0016427345076109,4.542317361811752,2nd_test,593,2004.02.16.13.22.39,0.076788411738873,0
-0.0017840820312499,0.0757011848986247,0.0757222050903828,-0.322,0.349,0.671,0.2559677197295893,0.0058569940304512,4.608951886422495,-0.001959130859375,0.0910593188554387,0.0910803916556172,-0.356,0.508,0.864,0.2136012084034977,0.097934838728622,5.57749028918556,-0.001434521484375,0.0990495560829034,0.0990599435297102,-0.706,0.732,1.438,1.8562423781875663,-0.0035846185645176,7.389465145142829,-0.0025477539062499,0.0560070950167984,0.0560650135306101,-0.259,0.256,0.515,0.1190625918374639,0.0121602413564175,4.6196368052952055,2nd_test,473,2004.02.15.17.22.39,0.0742753916352297,0
-0.0016679199218749,0.1439067743142234,0.1439164398197462,-0.713,0.715,1.428,2.0271482740199875,-0.0942801805984062,4.968160697211254,-0.00197197265625,0.0972125766262357,0.0972325754594043,-0.405,0.417,0.8220000000000001,0.1468467740024022,0.1106703531736512,4.288686153025058,-0.00162822265625,0.1006931216635807,0.1007062851036369,-0.811,0.662,1.473,1.6714973016842585,-0.0331226866456676,8.053121998863787,-0.002840771484375,0.0638070071995559,0.0638702133266409,-0.256,0.251,0.507,0.1197893912693444,-0.0310491015912503,4.008128150234492,2nd_test,742,2004.02.17.14.12.39,0.0865366094452007,1
-0.0018067382812499,0.0763826289759855,0.0764039940873512,-0.452,0.349,0.8009999999999999,0.4208639557564058,-0.0076686064061381,5.915921090163442,-0.001374072265625,0.0933115390607893,0.0933216555601344,-0.376,0.425,0.8009999999999999,0.0604165607067881,0.0871465655459776,4.554141238113645,-0.0018822265625,0.1010378400095351,0.101055370419513,-0.916,0.632,1.548,2.170829161397191,-0.0878280979457781,9.064337661505048,-0.0031772949218749,0.0558122853273703,0.0559026510684813,-0.256,0.222,0.478,0.1404147590100559,-0.0105997443443484,4.579389261554305,2nd_test,420,2004.02.15.08.32.39,0.0752987133692562,0
-0.0020548339843749,0.0766042473622532,0.0766318018621552,-0.371,0.33,0.7010000000000001,0.4007797505176063,-0.0180452754106096,4.841332070757135,-0.001527001953125,0.0960948564641379,0.0961069881633387,-0.376,0.488,0.864,0.097205993618318,0.158675371909497,5.077674468016223,-0.001918115234375,0.1012141978752278,0.1012323713916557,-0.745,0.776,1.521,1.2542307546283444,-0.0207344774952908,7.665532174388018,-0.002785498046875,0.0554855602577394,0.0555554353460071,-0.266,0.232,0.498,0.0909057844136378,-0.013877093757528,4.788010360075957,2nd_test,103,2004.02.13.03.42.39,0.076566142948598,0
-0.0021709960937499,0.1375897241298098,0.1376068508837995,-0.613,0.657,1.27,1.4340807064842034,0.0117234814727644,4.774471588991025,-0.001393994140625,0.0989536393829594,0.098963457734645,-0.464,0.43,0.894,0.1317608726686669,0.0798247364664063,4.688599313490586,-0.00062685546875,0.1035826687204599,0.1035845654865204,-0.637,0.959,1.596,1.2361065543629408,0.0104482347060383,9.25813605035141,-0.00289423828125,0.060810833465778,0.0608796688725493,-0.256,0.254,0.51,0.1408120774767662,0.0055311359952921,4.205016300790453,2nd_test,823,2004.02.18.03.42.39,0.0858061706229409,1
-0.0017215332031249,0.0771113601263777,0.0771305745934086,-0.427,0.376,0.8029999999999999,0.4000626852348472,-0.0389795530893923,5.536066627862954,-0.001749267578125,0.0927460466773018,0.0927625415312028,-0.391,0.449,0.8400000000000001,0.1908797847067096,0.124519406042174,4.840315849303549,-0.00213359375,0.0991401963858692,0.0991631522377074,-0.618,0.671,1.289,1.1039677900883813,-0.0191736800491411,6.76662636121889,-0.0032134277343749,0.0554953545825488,0.0555883126029822,-0.251,0.229,0.48,0.1726839499246648,-0.0301767014596472,4.515337635595343,2nd_test,422,2004.02.15.08.52.39,0.0752312356926172,0
-0.0022296875,0.1511673863270938,0.1511838291462169,-0.75,0.771,1.521,1.9097440860459336,-0.2504137519454045,5.099751768089101,-0.00187802734375,0.1003079553371572,0.1003255345892809,-0.427,0.398,0.825,0.0519666987490761,0.0848476309170513,4.256144776539928,-0.001835302734375,0.1077375952374335,0.1077532262332403,-0.742,0.745,1.487,0.8364502515346244,-0.0435932820272652,6.913946115919304,-0.00263662109375,0.0636323806707952,0.0636869817201679,-0.3,0.286,0.586,0.1527147494431804,0.0075471792774609,4.71053882429928,2nd_test,867,2004.02.18.11.02.39,0.0893255338860058,1
-0.00214443359375,0.0780863538056153,0.0781157938325774,-0.415,0.369,0.784,0.4255858785681634,0.013796722577398,5.312626034168463,-0.0051230957031249,0.0950837841566965,0.095221699833287,-0.488,0.488,0.976,0.320677143460589,0.0794693565133697,5.124882257397832,-0.0012256835937499,0.101102969269159,0.1011103985518428,-0.62,0.498,1.118,0.9550294172657074,-0.0361388887475001,6.131911345161718,-0.0035161621093749,0.0573302132567764,0.0574379382294218,-0.266,0.308,0.5740000000000001,0.2646845207065622,0.0273857092385622,5.3623094680802605,2nd_test,233,2004.02.14.01.22.39,0.0768697165563558,0
-0.001921044921875,0.1652385582108826,0.1652497247598407,-0.869,0.813,1.682,2.348742119130721,-0.0783421170070073,5.258707699862548,-0.001979638671875,0.0976622629422155,0.0976823247689449,-0.347,0.522,0.869,0.1640165075681507,0.1405970763016941,5.343853161044034,-0.001836328125,0.0998197436348633,0.099836633157937,-0.527,0.552,1.0790000000000002,1.015031804608821,-0.0466630395433758,5.529032605909614,-0.002915673828125,0.0635294989339587,0.0635963708765828,-0.273,0.266,0.539,0.179880310762198,-0.0184191817085474,4.292697778706584,2nd_test,729,2004.02.17.12.02.39,0.0898185092284305,1
-0.0017345703125,0.1047246461905565,0.1047390101820054,-0.559,0.466,1.025,0.8673107336548807,-0.0474128874591128,5.337075450906839,-0.001671044921875,0.097475749896338,0.0974900723611608,-0.518,0.486,1.004,0.1823057311897327,0.0977447283267472,5.313361529527936,-0.0013359374999999,0.1018429001263826,0.1018516619165158,-0.701,0.654,1.355,0.9886892705428508,0.0839837981316744,6.882558289207903,-0.003310400390625,0.0611576942314446,0.0612472229121706,-0.273,0.273,0.546,0.0695627491527575,0.0065286780073399,4.457344954023927,2nd_test,794,2004.02.17.22.52.39,0.0797418488865906,1
-0.001482568359375,0.1979826136839745,0.197988164621217,-0.825,0.818,1.6429999999999998,0.6918752464391398,-0.0040041385348459,4.166915742535367,-0.002203515625,0.1352873377562425,0.1353052816348321,-0.623,0.564,1.1869999999999998,-0.1121648106245594,-0.0404018568537813,4.604402669784727,-0.0015495605468749,0.1503443615036483,0.1503523467519816,-0.715,0.608,1.323,-0.0314560280843774,-0.0512310738666638,4.755496109247265,-0.0025029785156249,0.0885887470529394,0.0886240994643069,-0.312,0.371,0.683,0.0583339785749368,0.1547216724443862,4.186220252034636,2nd_test,943,2004.02.18.23.42.39,0.1186871446976512,1
-0.001808251953125,0.0773412657446424,0.0773624014758421,-0.383,0.427,0.81,0.528245856584737,-0.0276196723843982,5.519477056665821,-0.002239208984375,0.095852705074387,0.0958788565167165,-0.396,0.43,0.8260000000000001,0.0891784693742696,0.1445360219783685,4.484826119307589,-0.0027099121093749,0.1039095374451382,0.1039448680585199,-0.723,0.698,1.4209999999999998,1.1364603564619855,-0.0227778320746692,6.955610348997722,-0.003018505859375,0.0550587425941493,0.0551414228477274,-0.281,0.205,0.486,0.0728409999738932,-0.0248585455616033,5.09598747153992,2nd_test,163,2004.02.13.13.42.39,0.0772077178420737,0
-0.001607275390625,0.0758597481054054,0.0758767732365898,-0.381,0.386,0.767,0.2798720451744803,-0.013675445464357,5.087195771904191,-0.002260888671875,0.0940930886392779,0.0941202472758419,-0.417,0.461,0.878,0.1951785730915713,0.1552811934860317,4.897989681689119,-0.002067578125,0.1043069544455067,0.1043274442560537,-0.715,0.618,1.333,1.1842489534877885,-0.0089223025553665,6.853421983944149,-0.0026615234375,0.0562308064825602,0.0562937590207609,-0.237,0.239,0.476,0.0904113067602256,-0.0084765982583938,4.245586085441766,2nd_test,248,2004.02.14.03.52.39,0.0770281310122099,0
-0.0027521972656249,0.724996245861816,0.7250014697250727,-5.0,4.998,9.998,12.577704574521317,-0.5105564427793186,6.896537743418851,-0.0008377929687499,0.2182928680189564,0.218294475708846,-0.884,1.118,2.002,2.452738748815693,0.6420072241098808,5.121522184033781,-0.001910986328125,0.1705660745216882,0.1705767793296742,-0.769,0.686,1.455,-0.0980371889252205,-0.0119760102398441,4.508233787843088,-0.00293916015625,0.1483220057586311,0.1483511242110672,-0.544,0.542,1.086,-0.0932865896544186,-0.0519483204174946,3.666975918715348,2nd_test,979,2004.02.19.05.42.39,0.2820609128619239,1
-0.001525341796875,0.1207015007673095,0.1207111384880373,-0.576,0.608,1.184,0.6546762590964947,-0.0381479411691812,5.03681770887462,-0.001020263671875,0.1105311472006555,0.1105358558995818,-0.571,0.439,1.01,0.0149336795346459,0.0351347071895716,5.165744593442771,-0.000618017578125,0.1162220082965195,0.1162236514578815,-0.557,0.886,1.443,0.5747845060599737,0.0537014040892845,7.623233213537915,-0.0031586914062499,0.0674931934693701,0.0675670666530207,-0.283,0.271,0.554,0.0750221717734143,0.0216759153953268,4.188431051019427,2nd_test,900,2004.02.18.16.32.39,0.0879787279263421,1
-0.001698974609375,0.162632404168626,0.1626412782795026,-0.769,0.786,1.5550000000000002,1.7371857208364905,-0.1503320649166087,4.832721485651439,-0.0009812011718749,0.1015222919838344,0.1015270334708476,-0.422,0.491,0.913,0.1798268330830921,0.1159707387342093,4.836150365174895,-0.00112470703125,0.1055660771990112,0.1055720683755592,-0.83,0.598,1.428,1.1304928364067202,-0.0736222096306554,7.861927996328712,-0.003002294921875,0.0647642271758604,0.0648337789773538,-0.239,0.254,0.493,0.078093274961934,0.0182897059387716,3.9177108600256543,2nd_test,860,2004.02.18.09.52.39,0.0913521749158187,1
-0.0012150390625,0.077163220171686,0.0771727857938762,-0.364,0.356,0.72,0.4433362853016818,0.0340653207998295,4.716688613101321,-0.00281201171875,0.0928225700148197,0.0928651544663686,-0.361,0.405,0.766,0.1756563086517664,0.1032030658976538,4.361162185352428,-0.002479052734375,0.1015304269101426,0.1015606877242155,-0.83,1.03,1.86,1.969244246437748,0.0451429370793935,10.141719429734335,-0.002915234375,0.0568136717971129,0.0568884161717589,-0.286,0.222,0.508,0.2384610392922952,-0.0562536549085586,5.027385524875116,2nd_test,436,2004.02.15.11.12.39,0.0758443636312675,0
-0.0019280273437499,0.0781915247741035,0.0782152915735631,-0.308,0.342,0.65,0.2898784257899969,0.0474376030535521,4.372546507404746,-0.001515673828125,0.092890056234776,0.092902420928914,-0.422,0.413,0.835,0.1874895956376812,0.1658479330771547,4.542400464659134,-0.0017615234375,0.0989591543146925,0.0989748310809369,-1.018,0.71,1.728,2.182691212656004,-0.0854425179792579,10.285443166427251,-0.002880810546875,0.0553399190773137,0.0554148510138809,-0.215,0.217,0.432,0.0897256862743138,0.0035720207498833,3.915917773409286,2nd_test,439,2004.02.15.11.42.39,0.0752097581129995,0
-0.001956884765625,0.077876217928267,0.0779008004888067,-0.391,0.374,0.765,0.3387606415850897,0.0079225965345032,5.019203879055928,-0.001648876953125,0.0925794965811292,0.0925941789877845,-0.381,0.415,0.796,0.1667782639722062,0.1216341766295429,4.481923210856126,-0.002041748046875,0.0993473770830033,0.099368355467721,-0.742,0.867,1.609,1.7398713224472226,0.0504348738757542,8.725111690843187,-0.002809521484375,0.0551378687250827,0.0552094011787451,-0.244,0.283,0.5269999999999999,0.163266901932618,-0.009155306420746,5.1259385893108576,2nd_test,526,2004.02.16.02.12.39,0.0752435226596018,0
-0.00228203125,0.0768134341212461,0.0768473247948489,-0.371,0.322,0.6930000000000001,0.2964954180069941,-0.0112021511205236,4.8277542645185285,-0.001650634765625,0.0925549539282873,0.09256967155498,-0.347,0.43,0.7769999999999999,0.1588939650417717,0.1132163723694352,4.645149893828504,-0.0026877441406249,0.0992718927866803,0.0993082708842301,-0.632,0.825,1.457,1.618788384035648,0.0425159339705666,8.307465155177727,-0.00294306640625,0.0553722962514618,0.05545045384874,-0.256,0.247,0.503,0.1684136331111911,0.00417588021684,4.616734079286534,2nd_test,362,2004.02.14.22.52.39,0.0746600699366525,0
-0.001492529296875,0.0774510319268397,0.0774654115733878,-0.457,0.459,0.916,0.3981598851468177,-0.0002756702000953,5.925225086543756,-0.001719873046875,0.0941819958141191,0.094197697948666,-0.442,0.459,0.901,0.2324261143633537,0.1019141239158748,4.872730544277884,-0.0024576171875,0.0984869412573486,0.09851759985134,-0.498,0.601,1.099,1.0166463682150804,0.0532875496270907,6.1004328252087925,-0.00245458984375,0.055225004849017,0.0552795276017713,-0.271,0.225,0.496,0.1439905529249694,-0.0153007472432186,4.902357378075965,2nd_test,220,2004.02.13.23.12.39,0.0751551401771249,0
-0.001423291015625,0.1642119678502848,0.1642181358516108,-0.713,0.859,1.572,2.048758309317642,-0.0726271109551205,5.2308473454537925,-0.001731396484375,0.100019591687289,0.1000345762977887,-0.41,0.493,0.903,0.1272674204847037,0.1429651420850197,4.928295977657569,-0.0009355468749999,0.1063518424874819,0.1063559572776132,-0.649,0.796,1.445,1.0664377084268866,0.0103979261171479,7.484301024293114,-0.002920068359375,0.0630580230044496,0.0631255975373946,-0.31,0.291,0.601,0.1470394549578397,0.0137792976254618,4.910844603276029,2nd_test,847,2004.02.18.07.42.39,0.0920926708102874,1
-0.0022591796875,0.1042221458110131,0.1042466285800768,-0.491,0.518,1.009,1.0331776509628554,-0.0998853991377256,4.968985635800492,-0.0013041503906249,0.0974427016249126,0.0974514284564527,-0.447,0.5,0.947,0.116150472440105,0.1087073342999753,5.130761117763398,-0.001387939453125,0.1019654235448656,0.1019748693287193,-0.762,0.825,1.587,2.025430898022223,-0.044040752500924,8.090228557513473,-0.00309296875,0.0615667610309554,0.0616444037973541,-0.295,0.269,0.5640000000000001,0.1682750617593704,0.019604348066733,4.785511446667219,2nd_test,778,2004.02.17.20.12.39,0.0796708204163693,1
-0.002430078125,0.0856158423113467,0.0856503224417456,-0.356,0.396,0.752,0.4363586459691815,-0.0301152425548446,4.623450195003207,-0.00094765625,0.0939619577607107,0.093966736447499,-0.442,0.461,0.903,0.1621465692437174,0.1532052926913808,4.9059913903965695,-0.001674365234375,0.1002968410046649,0.1003108160392144,-0.671,0.957,1.628,2.1114523013217807,0.0416337858664796,9.540347071011167,-0.0031794921875,0.0565655170926676,0.0566548046906107,-0.266,0.229,0.495,0.1949644075427579,0.0114483127509017,4.69510046761115,2nd_test,551,2004.02.16.06.22.39,0.0765559680323616,0
-0.0019017578125,0.0760316309384462,0.0760554112863608,-0.31,0.417,0.727,0.4178361569761297,0.0591880760554947,5.482844585830261,-0.0011914550781249,0.0930622508561134,0.0930698775093712,-0.381,0.464,0.845,0.1124824002946924,0.1174499340912111,4.985501350297725,-0.0012817871093749,0.0987537644670602,0.0987620826765483,-0.569,0.813,1.382,1.3481230909263022,0.0070497144358086,8.231904167659069,-0.003011962890625,0.0547794593212626,0.0548622008671213,-0.244,0.232,0.476,0.0943331431592287,0.0118206491743599,4.44750659177037,2nd_test,287,2004.02.14.10.22.39,0.0746664646531836,0
-0.0017487792968749,0.0789626056391897,0.0789819683115037,-0.442,0.349,0.7909999999999999,0.4070034550620174,-0.0553092939922107,5.596214040287808,-0.001068701171875,0.0940260244729929,0.0940320977134437,-0.4,0.393,0.793,0.1787589108439542,0.1226230953111449,4.253866602175764,-0.00126806640625,0.1003282732720223,0.1003362866073697,-0.757,0.759,1.516,1.6491722736048198,0.0010556351377155,7.564561393053252,-0.00288017578125,0.0553524317157259,0.055427313748503,-0.249,0.254,0.503,0.116420610199079,0.0270418121849489,4.582578205899021,2nd_test,507,2004.02.15.23.02.39,0.0756515026500128,0
-0.002342578125,0.0784160548597002,0.0784510378008554,-0.393,0.344,0.737,0.4222141332981781,0.0337201055124803,5.009493959692463,-0.001302978515625,0.0933563006863874,0.0933653931114702,-0.427,0.479,0.906,0.1835669638262889,0.1350044622657311,5.130380583552889,-0.0011660156249999,0.0998297812868534,0.0998365906079466,-0.791,0.72,1.511,1.317258751139728,-0.015660181627326,7.922946839183387,-0.002760791015625,0.0564048818719059,0.0564724062353962,-0.239,0.254,0.493,0.0935312956748806,-0.0007357928665099,4.497771866435856,2nd_test,497,2004.02.15.21.22.39,0.0757501666237469,0
-0.0016568847656249,0.0765543885783683,0.0765723166538297,-0.386,0.359,0.745,0.4935185749376494,-0.0039231208423093,5.04098631023531,-0.0012394042968749,0.0916635947877387,0.0916719735383823,-0.405,0.449,0.8540000000000001,0.097985203704574,0.1095270542996564,4.897898263389183,-0.001516943359375,0.0986797975641294,0.0986914563903741,-0.698,0.544,1.242,1.1001576680302805,-0.0470879020666383,7.072547366531786,-0.00282802734375,0.0545969394426029,0.0546701338498109,-0.244,0.227,0.471,0.0451062354636513,-0.012811026545136,4.463131564042813,2nd_test,437,2004.02.15.11.22.39,0.0746459881102462,0
-0.003201806640625,0.4459067523416139,0.4459182473835416,-3.066,2.803,5.869,1.624277812551865,-0.1593117319267757,6.875699790226364,-0.001549462890625,0.173189411231742,0.1731963423344929,-0.608,0.676,1.284,0.1283123837509894,0.1046774147557914,3.903084735418618,-0.002037060546875,0.1494637175857831,0.1494775986234538,-0.615,0.796,1.411,0.2827088715802075,0.2566828069650995,5.325212656110853,-0.00312373046875,0.1463869455100799,0.1464202701398017,-0.549,0.54,1.089,-0.0426122765894874,0.1450779641590775,3.749480857206907,2nd_test,977,2004.02.19.05.22.39,0.2026950784542355,1
-0.002174462890625,0.1699246150129791,0.1699385273449545,-0.93,0.903,1.833,2.255060008475886,-0.4507716038414758,5.472567136625472,-0.001133447265625,0.123412252617494,0.1234174574313866,-0.591,0.496,1.087,0.1413164028449274,-0.0633357030007412,4.788625631214087,-0.002233203125,0.1293884609961751,0.1294077317441127,-0.598,0.825,1.423,0.290530534846086,0.0299621839205356,6.375198675338479,-0.00269580078125,0.0769159459167786,0.0769631735190604,-0.378,0.303,0.681,0.4222433802459626,-0.0669669483139714,4.911439883666888,2nd_test,919,2004.02.18.19.42.39,0.1005300360717294,1
-0.00203828125,0.0764042906150541,0.0764314739805778,-0.352,0.366,0.718,0.2740950474169192,-0.0125219613754623,4.788603188369968,-0.0012888671875,0.0924101318780399,0.09241911951725,-0.378,0.461,0.839,0.2027258492693784,0.167684287448581,4.988145336192757,-0.001286572265625,0.1006861991466665,0.1006944187470034,-0.64,0.918,1.558,2.104177091745033,0.0524227526422671,9.11669198168148,-0.00323515625,0.0554349005377644,0.0555292214387501,-0.234,0.217,0.451,0.1121691039049386,-0.0081975822203224,4.2139974941642695,2nd_test,351,2004.02.14.21.02.39,0.0750166417289409,0
-0.00251982421875,0.0777947344024667,0.0778355331120931,-0.378,0.364,0.742,0.4319978423653223,-0.0212189875644376,4.856393794473985,-0.001647216796875,0.0935796729139585,0.0935941691872916,-0.33,0.503,0.833,0.1761131561225157,0.1526345041436335,5.374266413841127,-0.00171513671875,0.0982773861789221,0.098292351320563,-0.696,0.691,1.387,1.2167694235188504,0.037427815041136,7.080917188795682,-0.0030664062499999,0.0555363512743339,0.0556209417410048,-0.276,0.212,0.488,0.0921851860112386,-0.0341090197529554,4.962159779318614,2nd_test,306,2004.02.14.13.32.39,0.0749158780488569,0
-0.0022640136718749,0.1037691020343504,0.1037937969963613,-0.488,0.496,0.984,1.0579778032148015,0.0222420967006117,4.778705610053067,-0.002093212890625,0.0934908791550552,0.0935143092012694,-0.486,0.576,1.0619999999999998,0.211073203724613,0.102283631032568,6.1594851623629525,-0.001084033203125,0.1014292545119141,0.1014350471919253,-0.779,0.791,1.57,1.474125626425728,0.0040838987162947,7.798093675606519,-0.002824072265625,0.0567607270338977,0.0568309380318337,-0.254,0.239,0.493,0.1041556582346823,-0.0165905365836605,4.469396578554679,2nd_test,647,2004.02.16.22.22.39,0.0788634572934233,0
-0.0020169921875,0.0778211999675574,0.077847334070442,-0.378,0.347,0.725,0.3003506570636691,0.0138261166779708,4.85565760868705,-0.001223876953125,0.0944932213084646,0.0945011468081042,-0.535,0.422,0.957,0.3500282647247776,0.1079438030794431,5.661306958324213,-0.00115263671875,0.0986805795491549,0.0986873109957024,-0.588,0.588,1.176,0.9724461211530344,0.0214520613484033,5.958212804274779,-0.0027234374999999,0.0553604036693519,0.0554273525098394,-0.239,0.261,0.5,0.1201357390243464,0.0277505772366264,4.708866438261844,2nd_test,235,2004.02.14.01.42.39,0.0756742714667435,0
-0.0024787109375,0.1543522751362757,0.1543721764038333,-0.828,0.742,1.5699999999999998,2.0163595484224395,-0.2166872993386209,5.363660857048559,-0.001350537109375,0.104951655186897,0.1049603443065671,-0.432,0.593,1.025,0.1744754682557769,0.1340085131484849,5.649752808187457,-0.002233740234375,0.109994056143899,0.1100167350107331,-0.706,0.75,1.456,0.845896754520095,-0.018877896866564,6.817144681852388,-0.00324248046875,0.067216314984513,0.0672944773342322,-0.327,0.286,0.613,0.2098314611702871,-0.0419543629898201,4.859239761548722,2nd_test,877,2004.02.18.12.42.39,0.0907030845422658,1
-0.00202744140625,0.0775348486978224,0.0775613517239739,-0.359,0.383,0.742,0.4112223149714027,0.0640038274162619,4.938026368571885,-0.00099501953125,0.0933362535416701,0.0933415571386212,-0.542,0.515,1.057,0.3104059847443277,0.1091115049080907,5.806631222031905,-0.0011171386718749,0.102417701331897,0.1024237938416746,-0.776,0.913,1.689,2.542129054108285,0.0062926680459294,8.913944365333599,-0.0030921875,0.0544588451757021,0.0545465621410391,-0.237,0.234,0.471,0.1222239887696035,-0.0157843920873492,4.344911772493603,2nd_test,479,2004.02.15.18.22.39,0.0756176145261544,0
-0.001373095703125,0.1101633827867417,0.1101719397071147,-0.623,0.601,1.224,1.3689570075773425,-0.1317326690301738,5.654797416207357,-0.0017505371093749,0.0981025612516083,0.0981181782561054,-0.391,0.432,0.823,0.1228416672709049,0.1532009756145869,4.402853861269239,-0.001595556640625,0.103728263676467,0.1037405344420787,-0.71,0.71,1.42,1.0192467875779243,0.032838861031923,6.843997901221233,-0.0033063964843749,0.0611090950845595,0.0611984784105424,-0.308,0.322,0.63,0.1161822313671105,0.0010425688062489,5.261568724546407,2nd_test,769,2004.02.17.18.42.39,0.0814861986135097,1
-0.001767724609375,0.1636560909850357,0.1636656377093154,-0.918,0.845,1.763,2.826460757283755,-0.2556832077288674,5.6089965666760175,-0.00197587890625,0.1086538165900263,0.1086717808680397,-0.378,0.496,0.874,0.1211472767778523,0.1480071629112294,4.564202371890169,-0.001299365234375,0.1122152702380432,0.1122227928034647,-0.547,0.581,1.128,0.42549076347054,-0.0214815188560887,5.177201399829047,-0.00321259765625,0.0713641479921312,0.0714364220992607,-0.31,0.293,0.603,0.1466694143789606,-0.0143694122686836,4.339523045609929,2nd_test,889,2004.02.18.14.42.39,0.0934525032619762,1
-0.002054736328125,0.1699867523618936,0.1699991703506869,-0.891,0.833,1.724,2.207939092072202,-0.2761867034088642,5.241202049143756,-0.0013210449218749,0.1033411092915653,0.1033495526323015,-0.381,0.566,0.947,0.2046518141122564,0.156071409396456,5.476559748722336,-0.0011279296875,0.1073937139960717,0.1073996370163791,-0.632,0.671,1.303,0.6967065825452257,-0.0342715970669854,6.247693368753382,-0.00307392578125,0.0662032375044651,0.0662745628109401,-0.259,0.249,0.508,0.1243708100369684,-0.0412729369573614,3.9079850399758223,2nd_test,873,2004.02.18.12.02.39,0.0933528353976834,1
-0.001513818359375,0.1438586179465465,0.143866582650439,-0.73,0.618,1.348,0.8912405209916154,-0.0508896181569841,5.074145687943731,-0.0014811035156249,0.1160268373552984,0.1160362902470467,-0.435,0.505,0.94,-0.0020422875452084,0.0286165255542702,4.352086738730436,-0.002114111328125,0.1193344741260165,0.1193531992936956,-0.593,0.676,1.269,0.3429476129457405,-0.0540258714602655,5.663861580542008,-0.002930908203125,0.0695068866147123,0.0695686532122451,-0.332,0.305,0.637,0.1090192931771016,0.0304083420619644,4.772264298150747,2nd_test,903,2004.02.18.17.02.39,0.0951703835189999,1
-0.001760546875,0.0781415394123521,0.0781613696593864,-0.391,0.435,0.8260000000000001,0.3701884936016033,0.0321801343480674,5.565409125890303,-0.0019381347656249,0.0929339148541298,0.092954122536251,-0.349,0.505,0.854,0.1521811360758382,0.1272869509820201,5.432787553856183,-0.0009913574218749,0.0997071810191734,0.0997121092762966,-0.75,0.659,1.409,1.454883653426834,0.0476551374013192,7.521654144475778,-0.002831689453125,0.0552828340438439,0.0553553087343763,-0.234,0.234,0.468,0.0892533345599688,0.0057873616698697,4.227236833211911,2nd_test,528,2004.02.16.02.32.39,0.0755181350335323,0
-0.00209873046875,0.1053039152581744,0.1053248272644263,-0.513,0.537,1.05,0.8239941692202497,-0.0535803275483833,5.098512990168218,0.002402197265625,0.0940402605824037,0.0940709368620796,-0.41,0.405,0.815,0.1589112843653843,0.0786253013385145,4.358413062227236,-0.0013188476562499,0.0985101710734587,0.09851899900051,-0.771,0.776,1.5470000000000002,1.669063712295337,0.0270994032804664,7.876653314231358,-0.002841064453125,0.0580007331180073,0.0580702737160169,-0.251,0.222,0.473,0.1097451585434812,-0.0152788577940626,4.32234918029062,2nd_test,684,2004.02.17.04.32.39,0.0790411419647298,0
-0.00204130859375,0.1452566719121925,0.1452710145754522,-0.837,0.72,1.557,2.2044594195762057,-0.1653935686616854,5.761644898263648,-0.001390966796875,0.0977331218766729,0.0977430197016166,-0.481,0.427,0.908,0.138002647311882,0.1176125446133757,4.921067524447714,-0.002798974609375,0.0993731715089412,0.0994125820739476,-0.701,0.64,1.341,1.2067589979935498,-0.0260581850247301,7.051421312762127,-0.002751318359375,0.0637713063600197,0.0638306295408256,-0.3,0.278,0.5780000000000001,0.2130898282955069,0.0003633862402541,4.699937978888677,2nd_test,741,2004.02.17.14.02.39,0.0857420021528951,1
-0.001475390625,0.1829302670350198,0.1829362166849418,-0.918,0.669,1.5870000000000002,0.9118408191974584,-0.423249668139527,5.01814247955061,-0.001592138671875,0.1357547964259556,0.1357641324437464,-0.544,0.535,1.0790000000000002,-0.1142833637506264,-0.0574468799880237,4.006949333406585,-0.001503955078125,0.1512958123542084,0.1513032871975915,-0.64,0.742,1.382,-0.0646503473322419,0.0042795986951246,4.904057365429844,-0.002722119140625,0.0923863209772549,0.092426415251962,-0.347,0.344,0.691,0.0219635606696035,0.1358248456629756,3.754337967671849,2nd_test,950,2004.02.19.00.52.39,0.1197534307568553,1
-0.00231982421875,0.1579525577679508,0.1579695922949849,-0.735,0.667,1.402,0.7112063302087432,-0.0888377736029929,4.652794182204656,-0.0010034179687499,0.1307099061975076,0.1307137575995015,-0.52,0.498,1.018,-0.0503541333777266,-0.0286776548807674,3.9781581491159335,-0.0011326171875,0.1378524828287709,0.1378571356287007,-0.854,0.608,1.462,0.092557670052416,-0.008605779245052,6.194818977625769,-0.0029955078125,0.0809974595674626,0.0810528316805619,-0.383,0.371,0.754,0.260173677788317,-0.0518231567643523,4.725313009479047,2nd_test,926,2004.02.18.20.52.39,0.1024153792699651,1
-0.002513427734375,0.2615191287506679,0.2615312065920325,-1.064,0.994,2.058,0.819911092895623,-0.1026115129104329,4.068348148049826,-0.0019646484375,0.1350198586387555,0.1350341514962511,-0.552,0.52,1.072,0.0882695695459405,-0.0373764601416179,4.087854767697319,-0.0019306640624999,0.1273656552369359,0.1273802873197271,-0.613,0.664,1.277,0.183598590032481,0.0326449508797742,5.212737496251155,-0.0025294921875,0.0995016533180397,0.0995338000065806,-0.352,0.366,0.718,-0.0043483232253405,0.081199601292047,3.677142839639647,2nd_test,958,2004.02.19.02.12.39,0.127696182138098,1
-0.0013025390625,0.1736201824312467,0.1736250683382695,-0.837,0.857,1.694,1.9486580019141284,-0.0285797159259045,4.935923183197208,-0.001754443359375,0.1035237202248927,0.1035385856611105,-0.43,0.452,0.882,0.1749102684417338,0.1244701083692833,4.36552225539437,-0.001042529296875,0.1047615638094706,0.104766751019303,-0.659,0.559,1.218,0.8534951073726247,-0.0626698131220471,6.290163564128192,-0.0027448730468749,0.0650805555374715,0.0651384144503792,-0.273,0.254,0.527,0.1694293667658284,0.0050611348389121,4.191075301714218,2nd_test,849,2004.02.18.08.02.39,0.0945132068186326,1
-0.00189833984375,0.1110661341255183,0.1110823561316107,-0.564,0.564,1.128,0.9103188476473094,0.0062913692229055,5.077313982489654,-0.00196337890625,0.0978710119852681,0.0978907035614209,-0.386,0.466,0.8520000000000001,0.2024233437654561,0.14306297874056,4.760411183507844,-0.002415576171875,0.1006412520918596,0.1006702370656758,-0.635,0.681,1.316,1.1381168946637112,0.0274359477051241,6.764660736310381,-0.0032574218749999,0.058947002180005,0.0590369364320443,-0.261,0.288,0.5489999999999999,0.1498474489157684,0.0259221739529543,4.878301914033593,2nd_test,818,2004.02.18.02.52.39,0.0808468358231214,1
-0.001820068359375,0.0767797841333109,0.0768013535062411,-0.388,0.347,0.735,0.3848917195361929,-0.0102415985458207,5.051994298035614,-0.001044970703125,0.0957938887414744,0.0957995881201186,-0.542,0.471,1.013,0.2300596621825197,0.1221332296886534,5.657644366014954,-0.0021502929687499,0.1025836585517756,0.1026061926090172,-0.627,0.635,1.262,1.10829455334913,-0.0034279761321908,6.18871028977257,-0.003163525390625,0.0548264740211081,0.0549176669796193,-0.239,0.308,0.5469999999999999,0.1765448652822048,-0.0046532594708137,5.608395566197199,2nd_test,149,2004.02.13.11.22.39,0.0770333450293894,0
-0.0019236328125,0.0977824730672446,0.0978013926401038,-0.542,0.535,1.077,0.6771886124561832,-0.0284319363171045,5.541843376289605,-0.0006886718749999,0.0938392067695711,0.0938417337653868,-0.437,0.547,0.984,0.293605936474997,0.0978997385983182,5.828963064149287,-0.001412939453125,0.0983146934282901,0.0983248460044401,-0.635,0.818,1.4529999999999998,1.3466827764639682,0.0808463092479588,8.319362126992205,-0.0035005859375,0.0566832008055554,0.0567911908262958,-0.225,0.242,0.4669999999999999,-0.0120665166492881,0.0155725925216909,4.261224258106,2nd_test,631,2004.02.16.19.42.39,0.0776658300145059,0
-0.001575,0.1656306076291268,0.1656380958855593,-0.759,0.852,1.611,2.6610620225085304,-0.0689838266353108,5.143744230092512,-0.001501513671875,0.0982590425906633,0.0982705143679457,-0.41,0.449,0.859,0.1356875085082647,0.1383820834042565,4.569020553960666,-0.00279423828125,0.1022245911565074,0.1022627733082156,-0.691,0.923,1.614,1.436570099822834,-0.0409425039303388,9.025767345552929,-0.002944384765625,0.0653081142569978,0.065374453645542,-0.293,0.286,0.579,0.1589669675545426,0.0121781283618824,4.4818730200661205,2nd_test,727,2004.02.17.11.42.39,0.0911223729971576,1
-0.002303662109375,0.4155634455432109,0.4155698306312181,-2.678,2.122,4.8,2.710834902830197,-0.0655885074232399,6.444163658189245,-0.0018054199218749,0.1628025866101413,0.162812597018925,-0.61,0.806,1.416,0.1567344927085541,0.1009631653508417,4.950476896461283,-0.002597900390625,0.1553776833961195,0.1553994002047124,-0.879,0.874,1.753,0.4652180564780432,0.3746158958111781,5.656392488236183,-0.002758544921875,0.1278041544885117,0.1278339214551809,-0.486,0.527,1.013,0.8134602805347289,0.5271454080878122,4.122536444136586,2nd_test,972,2004.02.19.04.32.39,0.1867957333952425,1
-0.0018041015625,0.1715594336098162,0.1715689192218938,-0.94,0.803,1.743,1.3135115993832214,-0.2936082830587539,5.478847825454903,-0.0009326171875,0.1296243910853357,0.129627746023228,-0.559,0.591,1.15,0.1525626570368468,-0.0767616479392803,4.5592091055069295,-0.001247900390625,0.1337053138716098,0.1337111372058836,-0.701,0.735,1.436,0.1377139914642895,0.0086153488272817,5.4969243052863765,-0.003413134765625,0.0820857513788541,0.0821566799983992,-0.398,0.315,0.7130000000000001,0.3712459346392167,-0.0502703679065906,4.84440218376534,2nd_test,924,2004.02.18.20.32.39,0.1021110409348984,1
-0.001630029296875,0.1039903737779401,0.1040031481926598,-0.488,0.459,0.947,0.7657113842738918,-0.0293680278619762,4.692165655325314,0.000182177734375,0.0938260189956387,0.0938261958586027,-0.347,0.447,0.794,0.0967801134357437,0.0855120941721656,4.764127927224831,-0.00151171875,0.1003283455133799,0.1003397339394083,-0.659,0.82,1.479,1.5834312297968918,0.0159590654270477,8.172236140141623,-0.00264326171875,0.0574656859527269,0.0575264451755125,-0.266,0.259,0.525,0.0863247412322176,0.0149387382363929,4.623960322662265,2nd_test,680,2004.02.17.03.52.39,0.0788150556689445,0
-0.001923095703125,0.2345685371629041,0.2345764202212748,-1.023,0.972,1.995,0.4463146708758181,0.0897884369818921,4.361052142541214,-0.0018010742187499,0.1394094747119831,0.1394211085446264,-0.513,0.483,0.996,-0.3338197956159554,0.0491553279814154,3.6795002231108898,-0.0008271484375,0.1648992868687956,0.1649013613781736,-0.676,0.715,1.391,-0.4076421921114965,0.0560621327309749,4.3359253921253655,-0.00368623046875,0.0957708914966142,0.0958418069170495,-0.327,0.308,0.635,-0.2565489694450216,0.0247948943646469,3.411872235251205,2nd_test,963,2004.02.19.03.02.39,0.1327173215829945,1
-0.001788330078125,0.1559150530892657,0.155925308735615,-0.771,0.732,1.503,2.241556979939596,-0.2351845224531844,4.944675154065932,-0.002261962890625,0.1080635793687716,0.1080872502291985,-0.493,0.586,1.079,0.1460284578185242,0.1289259665404759,5.4215460079886215,-0.0023915039062499,0.1112919590206774,0.1113176510423829,-0.586,0.513,1.099,0.4192544409785341,0.0379701025195705,5.2642145653219234,-0.0027708984375,0.0680349056836291,0.0680913083258887,-0.317,0.273,0.5900000000000001,0.196221706841817,-0.0460523042615233,4.655513424388395,2nd_test,885,2004.02.18.14.02.39,0.0916433351700463,1
-0.0030344726562499,0.3530770677965697,0.3530901072362761,-2.583,1.973,4.556,2.2372547302258763,-0.2796229613719415,7.3154131114305825,-0.0018500488281249,0.1842105596806252,0.1842198495779312,-0.671,0.703,1.374,-0.2588116846864277,0.0588397711353219,3.816092574208681,-0.0027486328125,0.1838244733702494,0.1838450216682178,-0.947,0.71,1.657,0.0011215245736377,0.1884138240971922,5.151077746907308,-0.003098779296875,0.1341410669346029,0.1341768544551718,-0.483,0.532,1.015,0.1802296466906172,0.3088899470890068,3.964916320003424,2nd_test,970,2004.02.19.04.12.39,0.1822960194084948,1
-0.00166953125,0.1422563005571906,0.1422660970955923,-0.669,0.635,1.304,1.4857916003122569,-0.0529089364161842,4.702455564981015,-0.001076953125,0.1011236013504837,0.1011293358928308,-0.398,0.491,0.889,0.0574472177371001,0.1050647667285679,4.855168835633107,-0.0013169921875,0.1052719386110173,0.1052801763265228,-0.71,0.579,1.289,0.8441526240555257,-0.0098782473708587,6.743909677651139,-0.0025402832031249,0.061733106228403,0.0617853497470021,-0.337,0.256,0.593,0.1918214527205921,-0.0043056540397625,5.45436744105988,2nd_test,830,2004.02.18.04.52.39,0.0881815987060418,1
-0.00183427734375,0.1838418883682761,0.1838510388662177,-1.021,0.71,1.731,0.8855776669293616,-0.1466722522955569,5.553408924370529,-0.0011802246093749,0.1389241804707906,0.1389291936549312,-0.525,0.498,1.023,-0.0175597230614741,-0.1011937967442953,3.778903383692003,-0.00118466796875,0.1564856069886822,0.156490091164944,-0.745,0.825,1.5699999999999998,-0.0417968155911938,0.042312249214631,5.27189928674244,-0.00313271484375,0.088947473220092,0.0890026229643332,-0.312,0.342,0.654,0.0953121509323127,0.1201033924985576,3.842583382438179,2nd_test,946,2004.02.19.00.12.39,0.1171900390386456,1
-0.002853125,0.1655558700364189,0.1655804530304868,-0.791,0.715,1.506,2.042238958693524,-0.1021852488922587,4.777133928058424,-0.001123095703125,0.1036721556316219,0.1036782387835828,-0.408,0.483,0.891,0.1765053750042238,0.1330977180791012,4.658643951345969,-0.002224853515625,0.106758785396125,0.1067819658576385,-0.671,0.62,1.291,0.8530515780025816,-0.0109405540484036,6.283832617281948,-0.00301552734375,0.065887353214324,0.0659563243271636,-0.298,0.269,0.567,0.1454168487302163,-0.0312361087905686,4.518141406990938,2nd_test,856,2004.02.18.09.12.39,0.0934393140409023,1
-0.0021659667968749,0.0785305644614357,0.0785604287589933,-0.454,0.376,0.8300000000000001,0.3885134945276123,0.016657463161549,5.778990863033552,-0.001086865234375,0.0929063541841484,0.0929127113145888,-0.376,0.4,0.776,0.1669422709341366,0.0988493471934864,4.305115999051555,-0.001071484375,0.0984314044111894,0.0984372361107574,-0.515,0.737,1.252,1.377376549700779,0.0368592028313788,7.487004197916242,-0.002732373046875,0.0556421638445013,0.0557092116239821,-0.242,0.256,0.498,0.0991145689185692,-0.012399331544728,4.59529030357342,2nd_test,506,2004.02.15.22.52.39,0.0752322569779826,0
-0.0022471191406249,0.1454441561396579,0.1454615141527455,-0.789,0.718,1.507,1.4379920350952462,-0.03334219160927,5.424115131690893,-0.001521826171875,0.0994738394677815,0.0994854798116759,-0.547,0.425,0.972,0.1437562700705279,0.1229971630317174,5.49828981103536,-0.0014641601562499,0.104857332320095,0.1048675541158942,-0.681,0.798,1.479,1.136607179992562,0.0136136712821905,7.609598666814352,-0.002862353515625,0.0631027710608235,0.0631676561477717,-0.247,0.303,0.55,0.222232828135819,0.0188725103962936,4.796758633664954,2nd_test,829,2004.02.18.04.42.39,0.0880267287755491,1
-0.0017565917968749,0.1350830223609948,0.1350944430571512,-0.652,0.701,1.353,2.2229778685297505,-0.0877227269969415,5.18896250749748,-0.0023259765625,0.0976280973871608,0.09765580149897,-0.469,0.422,0.891,0.1467274067430519,0.1436289528938397,4.802582056531927,-0.00238642578125,0.1006602010018884,0.1006884854079651,-0.635,0.652,1.287,1.0464703366135888,0.0366149591440889,6.475417694007216,-0.003003271484375,0.063327907483593,0.0633990812698368,-0.249,0.31,0.5589999999999999,0.1478548810501214,0.0075528569711984,4.889660761418604,2nd_test,752,2004.02.17.15.52.39,0.0850722734549292,1
-0.0012562499999999,0.1615832749578178,0.1615881583228061,-0.82,0.706,1.5259999999999998,1.6569415578388549,-0.1704450391297974,5.074629282900817,-0.0014721679687499,0.101663980583264,0.1016746390530229,-0.454,0.459,0.913,0.1284673136296437,0.1209198039183122,4.514400092987975,-0.000300634765625,0.1050781967917385,0.1050786268575376,-0.735,0.967,1.702,1.3468491162257852,0.0378386602224669,9.202632627678188,-0.003333544921875,0.0651919673365282,0.0652771409220189,-0.349,0.276,0.625,0.2423242272095409,0.0178788675159543,5.346435138934377,2nd_test,858,2004.02.18.09.32.39,0.0912169090666182,1
-0.0021333984375,0.1104703778070194,0.1104909759288909,-0.537,0.581,1.118,0.8800067254017039,0.0049617572680954,5.25834797919296,-0.00090224609375,0.0988910904399004,0.0988952062357233,-0.469,0.427,0.8959999999999999,0.1149727038919694,0.1093412035975369,4.742393669490559,-0.00155615234375,0.1021569108997063,0.1021687626169931,-0.566,0.837,1.403,1.2439041242492648,0.0333460349959282,8.192327855917421,-0.003055517578125,0.0608682041399316,0.0609448477140654,-0.256,0.239,0.495,0.0823004150848492,-0.0475883220273811,4.200519151296811,2nd_test,817,2004.02.18.02.42.39,0.081831814462096,1
-0.00135634765625,0.1676532905981243,0.1676587770662298,-0.811,0.793,1.604,2.181972050930778,-0.051197906703095,4.8372057472111685,-0.00154267578125,0.1027813646580215,0.1027929412437023,-0.405,0.491,0.896,0.1707650333301251,0.1326901598663611,4.776592575857483,-0.00057509765625,0.1057522625764079,0.105753826301197,-0.647,0.657,1.304,0.7785644058257715,0.016729877100063,6.212541172010066,-0.00297314453125,0.0652147665999813,0.0652825043261496,-0.298,0.288,0.586,0.1931899643253585,0.0162997689672898,4.564775862559363,2nd_test,845,2004.02.18.07.22.39,0.0941223781072407,1
-0.0023517578125,0.0773667402499943,0.0774024758112991,-0.371,0.327,0.698,0.3167613458612375,0.0030506682654143,4.793128334805132,-0.0012128417968749,0.0924094080302981,0.0924173667539514,-0.437,0.447,0.884,0.2315341547231755,0.0908061516720009,4.836753260729006,-0.00133544921875,0.1010175382803792,0.1010263651966344,-0.916,0.991,1.907,2.63813449242954,0.0889914607416184,9.80932054777325,-0.003046728515625,0.0553707251280986,0.0554544836407244,-0.308,0.239,0.5469999999999999,0.191230016319793,-0.0078924847818423,5.554104551579632,2nd_test,382,2004.02.15.02.12.39,0.0754505439725344,0
-0.002520263671875,0.1188539314085091,0.1188806491412053,-0.544,0.571,1.115,0.7442252875255817,-0.0628648992638151,4.803136625852102,-0.0017072753906249,0.1113366985988052,0.1113497878046502,-0.518,0.444,0.962,0.0434844087766506,0.0462884629193166,4.652007068968255,-0.0026594238281249,0.1131344340595758,0.1131656869597764,-0.706,0.62,1.326,0.5285978025296196,0.0120048659778057,6.238640165235787,-0.0028787109375,0.0677671862995898,0.0678283017303617,-0.298,0.283,0.581,0.0346645809117176,-0.0294197264768215,4.393446281174008,2nd_test,897,2004.02.18.16.02.39,0.0875914457951309,1
-0.0008244140624999,0.3437345275348092,0.3437355161721363,-1.257,1.128,2.385,-0.2645413360708852,-0.0626977532369813,3.65688135457862,-0.002089794921875,0.175370887094716,0.1753833381002971,-0.53,0.596,1.126,-0.4576937682256865,0.042035685284565,3.3982703628081534,-0.0019251464843749,0.1610502372504789,0.1610617431528104,-0.547,0.615,1.162,-0.2361030913277622,0.0802246146573283,3.818411423827001,-0.003176025390625,0.11693019051774,0.1169733157254118,-0.371,0.498,0.869,0.6516244075268829,0.5680324244984739,4.257381240391349,2nd_test,967,2004.02.19.03.42.39,0.167557769369748,1
-0.00167470703125,0.1695012422892808,0.1695095153118254,-0.725,0.767,1.492,2.236064581689714,-0.1002138237481717,4.52481973406933,-0.0017140624999999,0.0978433771027507,0.0978583897942583,-0.471,0.588,1.059,0.1945592288838384,0.1275338208203782,6.008682558850883,-0.001279541015625,0.1013148771283058,0.1013229566916322,-0.552,0.781,1.3330000000000002,0.8915626127387712,0.0933834549944071,7.708026152150287,-0.00248515625,0.0646560496792978,0.0647037924832752,-0.261,0.281,0.542,0.2529065793558542,0.0059053246883226,4.342867538534011,2nd_test,714,2004.02.17.09.32.39,0.0914989561525808,1
-0.0021594238281249,0.1641265304338276,0.1641407356615524,-0.737,0.75,1.487,1.7150538029522142,-0.0785851097325375,4.569249656233308,-0.001750244140625,0.1016092900629112,0.1016243631303076,-0.417,0.491,0.908,0.2477668454433716,0.1111197653524118,4.831518593288352,-0.00204072265625,0.1056292977207449,0.1056490089207537,-0.691,0.786,1.477,1.3003553832930868,-0.027637736896052,7.43972904262766,-0.002606689453125,0.0638484346067747,0.0639016230751663,-0.259,0.249,0.508,0.0801773934788334,0.0171470100113986,4.053105187817999,2nd_test,842,2004.02.18.06.52.39,0.092538769547655,1
-0.00119599609375,0.0778737676943027,0.0778829512894991,-0.359,0.359,0.718,0.3312873267996865,0.0172145170825132,4.60948120290087,-0.001129638671875,0.0925639793542438,0.0925708720787585,-0.408,0.547,0.955,0.2074581752901596,0.10776633820975,5.908986139060113,-0.001260595703125,0.0989725212912093,0.0989805489592052,-0.71,0.74,1.45,1.7788890337928391,-0.0146004273383735,7.476216365475142,-0.00257373046875,0.0549511735805567,0.0550114130558945,-0.249,0.234,0.483,0.1352599426178469,-0.0189369073464235,4.526333467247535,2nd_test,519,2004.02.16.01.02.39,0.0753230355546229,0
-0.00197138671875,0.1920354412724839,0.192045559881796,-0.947,0.835,1.782,0.7571049470480635,-0.0056297300738126,4.931121555624338,-0.0021966796875,0.1302020822242794,0.130220611337789,-0.513,0.483,0.996,-0.2190536118853203,-0.0001759764791891,3.939468527492559,-0.0007392578124999,0.1415804416811752,0.1415823716737009,-0.603,0.742,1.345,0.082099160811397,-0.0429755035193278,5.240765437273617,-0.00282392578125,0.0805408872884651,0.0805903783464952,-0.374,0.356,0.73,0.3331707235814001,-0.0139559801887362,4.640752502579906,2nd_test,932,2004.02.18.21.52.39,0.1119740130667848,1
-0.00189736328125,0.1700587390274613,0.1700693232391757,-0.833,0.708,1.541,0.8079763666608222,-0.0455125760863787,4.898002674024983,-0.0019262207031249,0.1330248114631946,0.1330387567253078,-0.527,0.52,1.0470000000000002,0.0596848442453823,-0.096808311084489,3.961251690619477,-0.00281171875,0.1463398718902623,0.146366881046183,-0.937,0.876,1.813,0.032674671824374,-0.0969460922185805,6.401721436545111,-0.0028114746093749,0.0884037267400897,0.0884484216423087,-0.383,0.349,0.732,0.4619920187149735,0.0191998376544658,4.330207287864866,2nd_test,941,2004.02.18.23.22.39,0.1099092066947384,1
-0.002693798828125,0.1554396239696517,0.1554629642453569,-0.862,0.933,1.795,2.4550896454244606,-0.2826415045061952,6.001429372731542,-0.001078759765625,0.1066705898744585,0.1066760444842087,-0.442,0.471,0.913,0.0759649589646738,0.0832765575026791,4.415236825408416,-0.0017770996093749,0.1091055716032365,0.109120043245458,-0.72,0.583,1.303,0.6972987304190568,-0.0376931568817587,6.598237854193399,-0.002575341796875,0.0682211311954177,0.0682697233548893,-0.278,0.354,0.632,0.1534148392525045,-0.0396600711756406,5.1853146987955645,2nd_test,884,2004.02.18.13.52.39,0.0906081859398333,1
-0.0017740234375,0.141271784510056,0.1412829227394892,-0.713,0.625,1.338,1.3180243004515324,-0.0611720115624628,5.046611339642581,-0.00167421875,0.1022973249635695,0.1023110243479411,-0.53,0.493,1.023,0.2493025137888755,0.1162454702827502,5.180282412112173,-0.0014796875,0.1041298425002222,0.1041403551665671,-0.591,0.61,1.201,0.8957164410947862,0.0387364168566102,5.857479543050133,-0.0029726562499999,0.0615175941421483,0.0615893746860507,-0.269,0.288,0.5569999999999999,0.1497438247599292,-0.0144673044500466,4.67613125581144,2nd_test,826,2004.02.18.04.12.39,0.0882351124320394,1
-0.00208154296875,0.17049299206399,0.1705056983331129,-0.691,0.718,1.4089999999999998,0.3598556796663938,0.0681160814807222,4.211002957760681,-0.000782763671875,0.1307172749953343,0.1307196186544769,-0.608,0.569,1.177,-0.059265548807057,0.0039978453099131,4.651176359398947,-0.00154453125,0.1395800456019735,0.1395885908913448,-0.693,0.823,1.516,0.192904212404195,-0.1540986749448902,5.895897327559696,-0.00297216796875,0.0823737155319237,0.0824273182444312,-0.332,0.369,0.7010000000000001,0.1950096239046312,0.0035866209019404,4.476671179587391,2nd_test,929,2004.02.18.21.22.39,0.1068290875414568,1
-0.001982861328125,0.1057184241478882,0.1057370178478633,-0.513,0.574,1.087,1.1528874123752004,-0.1133422140112855,5.428562405840257,-0.0012099609375,0.098167979532367,0.0981754358836134,-0.356,0.471,0.827,0.1469255397150379,0.1475156960686736,4.797534085344634,-0.0011434082031249,0.0997249835999442,0.0997315383232813,-0.613,0.83,1.443,1.135257256650955,-0.0131586179502156,8.322342299596542,-0.003121875,0.0604407484423019,0.0605213200102348,-0.237,0.288,0.5249999999999999,0.0456145602126194,0.0123626660886406,4.758653643815722,2nd_test,774,2004.02.17.19.32.39,0.079381224147967,1
-0.002402001953125,0.1052436466586359,0.105271053834331,-0.522,0.53,1.052,0.8042036898939058,-0.0214954815533119,5.034622345749916,-0.0014488769531249,0.0947018317521647,0.0947129145451697,-0.425,0.439,0.864,0.1285890586290548,0.1105951267964883,4.635059559760465,-0.001036962890625,0.1000178633993902,0.1000232387548794,-0.654,0.613,1.267,1.098818351838449,0.0165838446086102,6.538480538469438,-0.0025067382812499,0.0577050213226333,0.0577594427142112,-0.21,0.276,0.486,0.055319705121974,0.0152144692790297,4.778439455533633,2nd_test,677,2004.02.17.03.22.39,0.0794241387484921,1
-0.002813916015625,0.1087509769698248,0.1087873757162768,-0.542,0.461,1.003,0.832382817194703,-0.0315173082519195,4.982195741246505,-0.001699072265625,0.0969586539978603,0.0969735398530992,-0.398,0.41,0.808,0.073318565581959,0.1120126862356238,4.227957447122814,-0.0015412109375,0.1016745764341552,0.1016862568109316,-0.649,1.001,1.65,1.76232141845514,0.101723836977669,9.844004798518103,-0.0030228515625,0.0591124488302789,0.0591896886144981,-0.303,0.244,0.5469999999999999,0.0863550586368742,0.0236905704413369,5.119134887975454,2nd_test,813,2004.02.18.02.02.39,0.0801406771751266,1
-0.0014601562499999,0.1425054791791155,0.1425129595943602,-0.706,0.74,1.446,2.398569851860411,-0.0843477331296018,5.192510225744354,-0.0016679199218749,0.0953547837876059,0.0953693700726122,-0.439,0.425,0.864,0.1342936292598633,0.1047577119289429,4.603155076531922,-0.002164013671875,0.1000739253310075,0.100097320075655,-0.62,0.654,1.274,1.017334111713625,0.0023457885591086,6.533641455127507,-0.0030890625,0.0636265101237475,0.0637014528692733,-0.308,0.271,0.579,0.1699879997483697,0.0056891793764672,4.835054557189388,2nd_test,739,2004.02.17.13.42.39,0.0852012287324878,1
-0.0018451171874999,0.0964937702186099,0.0965114094210498,-0.513,0.498,1.011,0.5868126529442286,0.0053474238294409,5.31543371993069,-0.001602490234375,0.0946522925656814,0.0946658569014754,-0.432,0.518,0.95,0.1434705905706712,0.1276031149994334,5.471877791521419,-0.00198369140625,0.0978292603833575,0.0978493700477933,-0.54,0.74,1.28,1.2810392077658843,0.0631709199426452,7.562644497670175,-0.0026546875,0.0562134394856656,0.0562760885681587,-0.261,0.254,0.515,0.1042261343673209,0.0062272212273405,4.637848980553296,2nd_test,625,2004.02.16.18.42.39,0.0779551806408015,0
-0.001050634765625,0.2016198993479404,0.201622636741226,-0.806,0.732,1.538,0.5009320077403623,-0.2648368710711501,3.997567004494981,-0.00113447265625,0.1277002516848967,0.1277052908402535,-0.515,0.483,0.998,-0.1351892761271869,0.1540510042844581,4.032722502000175,-0.00081728515625,0.122137277538451,0.1221400119515764,-0.63,0.937,1.5670000000000002,0.475181308328243,0.0473361084777655,7.671523729372244,-0.00325390625,0.0910264238999998,0.0910845637520774,-0.354,0.381,0.735,-0.1791063054668851,-0.0173080445965793,4.182926110650966,2nd_test,959,2004.02.19.02.22.39,0.114028875139217,1
-0.00146767578125,0.1357431755092402,0.1357511096438303,-0.759,0.703,1.462,1.857488728289408,-0.2550957718975143,5.591114518222312,-0.00185302734375,0.1102239339076117,0.1102395088723015,-0.525,0.503,1.028,0.1732471529874453,0.0498229269440074,4.76235793651243,-0.0012994628906249,0.1136709199689459,0.1136783473243283,-0.593,0.803,1.396,0.7983581834256479,0.0721109522058145,7.063790237044429,-0.003063525390625,0.0697105358344176,0.0697778187831966,-0.327,0.281,0.6080000000000001,0.140609896680159,-0.0429625370159829,4.686302978476872,2nd_test,892,2004.02.18.15.12.39,0.0889082827043519,1
-0.0016488281249999,0.0958712562349331,0.0958854337542986,-0.422,0.461,0.883,0.5675984206307501,-0.0275140762235083,4.80782097911222,-0.001918408203125,0.0920010313981618,0.0920210305764903,-0.393,0.435,0.8280000000000001,0.1182629501203451,0.1018955955640991,4.727180268141955,-0.001287109375,0.1006247199619732,0.1006329514521399,-0.784,1.057,1.841,2.062629244750592,0.0638141383905674,10.503517831256252,-0.002764306640625,0.0567507405083821,0.0568180247760613,-0.237,0.242,0.479,0.1223593392570889,-0.0047651740351289,4.259211772136444,2nd_test,629,2004.02.16.19.22.39,0.0777553444483407,0
-0.001606103515625,0.0791683386930594,0.0791846286846246,-0.381,0.359,0.74,0.4507943486351515,-0.020519835462744,4.811539895105522,-0.0013494140625,0.0961702001765641,0.0961796668756577,-0.413,0.43,0.843,0.2414269075610198,0.090559374817245,4.470799431562165,-0.001336962890625,0.1023107889716168,0.1023195240888347,-0.732,0.659,1.391,1.2156847443136645,0.0294573333816552,7.154059858188131,-0.002831787109375,0.0556250129505742,0.0556970473542752,-0.249,0.225,0.474,0.1437956486700979,0.0077301289109038,4.470614006011875,2nd_test,123,2004.02.13.07.02.39,0.0775686644317483,0
-0.0020749999999999,0.1501929853607101,0.1502073183189238,-0.693,0.698,1.391,1.604501405928647,-0.0267674576917511,4.646910735157008,-0.00100595703125,0.1000738295021856,0.1000788853893829,-0.447,0.457,0.904,0.1176705791549164,0.1039519137392436,4.566397779285372,-0.001468408203125,0.1030838846920718,0.1030943427442038,-0.752,1.008,1.76,1.6471158794685792,0.051716079440439,9.777452119669237,-0.00292958984375,0.0627908437747188,0.0628591485672034,-0.276,0.242,0.518,0.1378132826180924,-0.0197908221659959,4.390768985687653,2nd_test,833,2004.02.18.05.22.39,0.0890483379891833,1
-0.001916259765625,0.1004828410087141,0.1005011113802821,-0.483,0.483,0.966,0.6652145802848772,-0.1207717006506048,4.805917002923377,-0.001475390625,0.097508466578728,0.0975196279321821,-0.469,0.425,0.8939999999999999,0.1549883604599431,0.0928042151014101,4.809288242171577,-0.00140009765625,0.1009535406178095,0.1009632489409822,-0.698,0.703,1.4009999999999998,1.2764743192333663,-0.0101582869707881,6.962929653779006,-0.002817919921875,0.0603627486693844,0.0604284874840449,-0.308,0.256,0.5640000000000001,0.116678919565579,-0.0267982501645397,5.096933794284112,2nd_test,784,2004.02.17.21.12.39,0.0787314642597292,0
-0.0020305664062499,0.0766513568764918,0.0766782479647096,-0.364,0.381,0.745,0.4250634087395855,0.03221554215244,4.968814626155547,-0.0015391601562499,0.0943123520836198,0.0943249106521244,-0.439,0.427,0.866,0.2039607444829823,0.117373582821921,4.6541257973135295,-0.001983251953125,0.0979512193384725,0.0979712950726034,-0.564,0.549,1.113,1.126026116604244,0.0578429998166936,5.756788246764327,-0.0036408203124999,0.055099624737398,0.0552197810458353,-0.264,0.222,0.486,0.1309683278258759,-0.0032971692231973,4.780895450782121,2nd_test,179,2004.02.13.16.22.39,0.0745992833070575,0
-0.0023245117187499,0.076078573722464,0.0761140771104465,-0.415,0.405,0.8200000000000001,0.4236777373486098,0.0430331988739695,5.452342270305076,-0.001357568359375,0.0922943317765045,0.0923043155541596,-0.396,0.464,0.8600000000000001,0.2211077355322634,0.1071351764069322,5.026850556328765,-0.00174345703125,0.0958090253679432,0.0958248870825058,-0.581,0.803,1.384,1.73543983263823,0.0920054606097119,8.379868992699484,-0.0030687499999999,0.0544162259306105,0.0545026868245387,-0.229,0.281,0.51,0.2248625946236848,-0.0120516850669803,5.155709128606292,2nd_test,494,2004.02.15.20.52.39,0.0736332997176882,0
-0.00176455078125,0.0994038339320176,0.099419494264675,-0.432,0.439,0.871,0.6725187096744207,-0.0212307257201146,4.41563300278793,-0.001379833984375,0.0929616184952353,0.0929718584039177,-0.378,0.408,0.786,0.2582934449040737,0.0738689118326809,4.388424701838798,-0.000638671875,0.0980545517840953,0.0980566317356646,-0.676,0.789,1.465,1.265132194654421,0.0281490097719218,8.046370612840283,-0.003278955078125,0.0568993119953902,0.056993712389641,-0.239,0.308,0.5469999999999999,0.161853083612383,-0.0109591597173221,5.404104892991261,2nd_test,641,2004.02.16.21.22.39,0.0777117456166458,0
-0.0022418457031249,0.077687208095487,0.0777195482091096,-0.415,0.378,0.7929999999999999,0.4379526468945034,-0.0542027001954044,5.339711945803837,-0.0013628417968749,0.0940591794271155,0.0940690521492888,-0.403,0.645,1.048,0.2357552890563496,0.144720498420565,6.856665239589314,-0.0013810546875,0.1000836623295425,0.1000931904644054,-0.752,0.574,1.326,1.468527685182463,0.0218261060639789,7.512998601637228,-0.00310986328125,0.0555627525688584,0.055649714488542,-0.259,0.215,0.474,0.1487581326868845,-0.0500422342065933,4.6541119280795655,2nd_test,314,2004.02.14.14.52.39,0.0755056301333063,0
-0.0020998046875,0.1736830173831212,0.1736957100996776,-0.774,0.723,1.497,1.0203749635404202,-0.124675867376542,4.4560686015295,-0.00167822265625,0.1174484244119138,0.1174604138768674,-0.447,0.503,0.95,0.0180826505718449,-0.0042951572472142,4.28229378216739,-0.0014550781249999,0.1224319443194367,0.1224405906641563,-0.632,0.674,1.306,0.4737704184590634,-0.0313263563365515,5.504710458668214,-0.00316240234375,0.0707899456061116,0.0708605474682492,-0.291,0.366,0.657,0.2553948571578481,0.0210568201268461,5.165074404185631,2nd_test,910,2004.02.18.18.12.39,0.1011424166757867,1
-0.001703076171875,0.4838323979711101,0.4838353953514789,-3.696,3.501,7.197,4.891755233183495,-0.377095385435107,7.638961587974413,-0.0016322265625,0.1936342138819155,0.1936410931316458,-0.752,0.891,1.643,0.3306274909856532,0.3868612470310413,4.601296065756338,-0.0013654785156249,0.1874004735062761,0.1874054481650763,-0.784,0.845,1.629,-0.135662387530298,0.2470953113254842,4.508940419123629,-0.003310888671875,0.1305403582626579,0.1305823384655851,-0.479,0.625,1.104,0.6971666810946306,0.1679784108520022,4.786252163495542,2nd_test,981,2004.02.19.06.02.39,0.2199343389496084,1
-0.002276611328125,0.0786907508998915,0.0787236764660297,-0.576,0.608,1.184,1.1579527230048088,0.0414859617161303,7.723216537716405,-0.0023928222656249,0.0929162936950619,0.0929470991070828,-0.474,0.569,1.043,0.2353407404249003,0.1058340404268835,6.121761792031214,-0.00314794921875,0.1106217530671688,0.1106665343992369,-0.935,1.016,1.951,2.682779117744172,0.0335500848884684,9.18073386418274,-0.0037407714843749,0.056684131461645,0.0568074302434054,-0.525,0.513,1.038,0.8061900787493554,-0.0363270970195742,9.241748794854235,2nd_test,3,2004.02.12.11.02.39,0.0782895727521659,0
-0.002476025390625,0.1668472343808269,0.1668656055700683,-0.82,0.842,1.662,2.686524509219736,-0.0789108034493282,5.045976953239718,-0.001266064453125,0.0983929654256525,0.098401110585466,-0.393,0.586,0.979,0.2071184567234327,0.1335661795790785,5.955217339595731,-0.00077470703125,0.1037906439821744,0.1037935351995428,-0.574,0.684,1.258,1.0112836032134114,0.0151052752996677,6.590005809884221,-0.003072265625,0.0640063317206641,0.0640800227559748,-0.315,0.33,0.645,0.3245934940356538,0.006257296875403,5.149810905210408,2nd_test,709,2004.02.17.08.42.39,0.091682641417363,1
-0.0019315917968749,0.1671725164372373,0.1671836753359254,-0.881,0.808,1.689,2.348869356891683,-0.2521778034926367,5.269653261447446,-0.0017821289062499,0.1037084569169397,0.1037237678621985,-0.454,0.474,0.928,0.0988510513356049,0.156932929902751,4.569830134064927,-0.00125751953125,0.1075960707712404,0.1076034190942892,-0.703,0.63,1.333,0.7630665091769964,0.0172673355572531,6.5332496486701,-0.0027725585937499,0.0674176807711669,0.0674746675554518,-0.322,0.256,0.5780000000000001,0.132455751825018,-0.0098571736542282,4.772161340855849,2nd_test,872,2004.02.18.11.52.39,0.0934187094960427,1
-0.002213134765625,0.0766066112298315,0.0766385728573371,-0.356,0.352,0.708,0.373996402556179,0.0098180498053007,4.645180445335921,-0.000766845703125,0.0912620432143176,0.0912652649368004,-0.4,0.444,0.8440000000000001,0.122106631568212,0.1228510485004573,4.864939583560044,-0.00135126953125,0.0994794328831224,0.0994886098812007,-0.789,0.754,1.543,1.7525901169932403,-0.0233118262290535,7.930556080080058,-0.0026021484375,0.054877655253896,0.0549393139987773,-0.222,0.247,0.469,0.1000585010943768,-0.0154421183389252,4.495869751868419,2nd_test,467,2004.02.15.16.22.39,0.0744768689849482,0
-0.002080859375,0.2011473498517603,0.2011581127574153,-1.064,0.969,2.033,1.816224804256944,-0.162985254922343,5.289371556581619,-0.0004875488281249,0.1330272772238585,0.133028170661154,-0.535,0.564,1.099,-0.0062753008743903,0.0009794834357426,4.239703494325022,-0.0010232421875,0.1437227492744954,0.1437263917434573,-0.593,0.669,1.262,-0.0147631892150683,-0.0157135035824198,4.654677487412812,-0.00286123046875,0.0845143431616695,0.0845627627259407,-0.359,0.344,0.703,0.539569905001799,-0.0115200289381353,4.245367445707006,2nd_test,936,2004.02.18.22.32.39,0.1132644456946352,1
-0.00238203125,0.0765732100249837,0.0766102510530167,-0.352,0.393,0.745,0.4160923963921235,-0.0057833179210439,5.129861795165006,-0.001967138671875,0.0953659007384124,0.0953861869360712,-0.376,0.471,0.847,0.1651333720694046,0.1109895678317737,4.937821870484571,-0.0022361328125,0.1050817130107023,0.1051055027066554,-0.811,0.759,1.57,1.8338258382470256,0.0551326148636398,7.716056525182581,-0.00325517578125,0.0554300271753894,0.0555255264003075,-0.256,0.288,0.544,0.1385822786415005,-0.0153911613448259,5.1868035958542125,2nd_test,186,2004.02.13.17.32.39,0.0769746310050136,0
-0.0020556640625,0.0891545682409538,0.0891782641284789,-0.498,0.366,0.864,0.4000941939036653,0.0276767460325026,5.584320404319018,-0.000924072265625,0.0930535686961469,0.093058156851727,-0.581,0.388,0.969,0.1911202637957627,0.112996743302778,6.243407559849753,-0.001697607421875,0.1001833359149954,0.1001977178683009,-0.735,0.852,1.587,2.13433130985808,-0.016066461800449,8.503187678499414,-0.0031609863281249,0.0565232979775732,0.056611615847175,-0.217,0.242,0.4589999999999999,0.1181145152832918,0.0302784213060432,4.274741082272095,2nd_test,557,2004.02.16.07.22.39,0.0764956791126567,0
-0.002433154296875,0.1968945543969747,0.1969095878595443,-1.028,0.837,1.865,1.4284091908193126,-0.1359941753525065,5.220670111442475,-0.001056005859375,0.1308771655371816,0.1308814257540843,-0.505,0.549,1.054,-0.0461203720796494,-0.0149982985237655,4.194636456874579,-0.0016719726562499,0.1465303956562827,0.1465399342969349,-0.728,0.911,1.639,0.0725181042039544,0.019167265922185,6.216735420037909,-0.00240576171875,0.0884682897264047,0.0885009942122827,-0.4,0.464,0.8640000000000001,0.5687705364955304,0.0820748308912985,5.242878954351457,2nd_test,937,2004.02.18.22.42.39,0.1128620083969249,1
-0.00217138671875,0.0777278990495377,0.0777582227866448,-0.383,0.393,0.776,0.5105274416299461,-0.025183035895984,5.0541278582622695,-0.001573828125,0.0970137636145405,0.0970265286693541,-0.403,0.461,0.8640000000000001,0.1661934120301218,0.1091604304719157,4.751277885723801,-0.002143505859375,0.1028622958903501,0.1028846272929203,-0.605,0.625,1.23,1.1146395687269806,0.0781667052985031,6.074765651961813,-0.002871142578125,0.0564336381505344,0.0565066277051584,-0.254,0.251,0.505,0.2201331467589713,-0.0030775514032447,4.495047931737001,2nd_test,118,2004.02.13.06.12.39,0.078273066494325,0
-0.002023828125,0.1717672620242699,0.171779184372245,-0.786,0.974,1.76,2.6189030455499056,-0.1417596614112363,5.670070000353912,-0.0008425292968749,0.0979980845129741,0.0980017062291678,-0.417,0.4,0.817,0.1183993539448753,0.0963627994722068,4.255027958601345,-0.001988037109375,0.1026361700464856,0.1026554221332676,-0.786,0.652,1.4380000000000002,1.3983812845764865,-0.0350978200822046,7.656682751466896,-0.00309931640625,0.0647817896709422,0.064855886665408,-0.295,0.271,0.5660000000000001,0.1913506183365823,-0.0105228144030348,4.548546248659871,2nd_test,705,2004.02.17.08.02.39,0.0920278342725449,1
-0.002123583984375,0.1638229823359712,0.1638367454217478,-0.774,0.801,1.5750000000000002,2.531885326050883,-0.1213566739620217,4.889013132757125,-0.0015458984374999,0.0978273573119806,0.0978395709343872,-0.649,0.435,1.084,0.1879986299455556,0.0758239894689021,6.633307912077783,-0.001191064453125,0.101186247136699,0.1011932569104316,-0.779,0.757,1.536,1.329071704720327,0.0279171331345431,7.698141395743508,-0.0032487792968749,0.0638252296120689,0.0639078594693416,-0.3,0.286,0.586,0.1635330381410491,0.0104833610228695,4.6942583038510906,2nd_test,723,2004.02.17.11.02.39,0.0903974520446616,1
-0.0019341796875,0.1828416319302177,0.1828518619483234,-0.974,0.806,1.78,1.385662486057388,-0.1474993992217441,5.326716335379398,-0.000990478515625,0.1179437451031241,0.1179479039942661,-0.503,0.513,1.016,0.0299184465600959,0.0572312722067951,4.349377840750687,-0.000604931640625,0.1228204117406062,0.1228219014769836,-0.593,0.618,1.211,0.3822999854545776,-0.0828814581430691,5.031675886493088,-0.0030625,0.0698538897840968,0.0699209898686993,-0.264,0.276,0.54,0.1482352407246061,0.0559178159425063,3.947312538256933,2nd_test,907,2004.02.18.17.42.39,0.1031326972855336,1
-0.001803759765625,0.0786407433781452,0.078661426813651,-0.354,0.393,0.747,0.4531140075529549,-0.0085671941098194,4.996095493233567,-0.000918505859375,0.0951153824870518,0.0951198172762746,-0.479,0.505,0.984,0.1483699249076551,0.108821825138084,5.309093461858984,-0.0013694335937499,0.1052543976556374,0.1052633059248033,-0.676,0.752,1.428,1.401758131800796,-0.0250110329924698,7.143989953441704,-0.002696533203125,0.055708350015225,0.0557735739641487,-0.239,0.234,0.473,0.138691962476336,-0.0019554327944188,4.28518351987527,2nd_test,41,2004.02.12.17.22.39,0.0770942228938163,0
-0.001654345703125,0.102757739052669,0.1027710552389235,-0.542,0.488,1.03,0.9268405707904264,-0.074357899818457,5.273858468560794,-0.00120927734375,0.0985714012500565,0.0985788186990174,-0.378,0.435,0.813,0.1040239860975669,0.0923198570524855,4.412712646960569,-0.00111064453125,0.1002645244698378,0.1002706756656077,-0.498,0.671,1.169,0.9611050070039986,0.0960841915612456,6.691886691090257,-0.002234326171875,0.0612437841507572,0.0612845274971331,-0.251,0.242,0.493,0.1347643796283804,0.0440497081923722,4.095650407154494,2nd_test,782,2004.02.17.20.52.39,0.0794758131420949,1
-0.0020439453125,0.0775670068345959,0.0775939318614461,-0.391,0.405,0.796,0.3416938055017189,0.0108535507737069,5.219480316037594,-0.0014328125,0.0932453504909686,0.0932563581738197,-0.422,0.466,0.888,0.3395565198307926,0.1497286910871457,4.99697831998146,-0.0010978515624999,0.0987108451610838,0.0987169500666868,-0.547,0.84,1.387,1.4612554368228334,0.0597571830657397,8.509176989605537,-0.002978466796875,0.0551243451916259,0.0552047524880387,-0.225,0.222,0.447,0.1090931433746567,-0.0073685626521245,4.075736052700806,2nd_test,430,2004.02.15.10.12.39,0.0751693268618604,0
-0.00248662109375,0.077098629992926,0.0771387194037469,-0.354,0.43,0.784,0.4445053285611084,-0.0300330118978725,5.574373068650384,-0.00169365234375,0.0969596233153639,0.0969744142117844,-0.542,0.459,1.001,0.2914566197696508,0.1534405762462313,5.589103109308044,-0.00173076171875,0.1033514179713341,0.1033659089488042,-0.701,0.901,1.602,1.9874480323671089,-0.0669518703721952,8.716606946663006,-0.002705322265625,0.0549214907614017,0.0549880797629415,-0.222,0.266,0.488,0.0987097052213012,0.0200116586437377,4.837412056247679,2nd_test,125,2004.02.13.07.22.39,0.0774856707886433,0
-0.00178720703125,0.1796444155749837,0.1796533054420374,-0.911,0.898,1.809,2.008146048458189,-0.4343205614019899,5.070878032293429,-0.0015685546874999,0.1276626872132371,0.1276723230395393,-0.559,0.508,1.0670000000000002,0.1270163960208474,-0.0724439994027609,4.378396089985005,-0.001211865234375,0.1349074128606841,0.1349128558074039,-0.703,0.759,1.462,0.1648016459755732,-0.0139815848170047,5.625853781331938,-0.0031388671875,0.0841485227438172,0.0842070446410958,-0.386,0.378,0.764,0.4557222547150639,-0.050252982095656,4.583939522407077,2nd_test,923,2004.02.18.20.22.39,0.1041915477742432,1
-0.00203291015625,0.1405208429926291,0.1405355472436155,-0.674,0.693,1.367,2.029423852596696,-0.0453170028682196,4.931136737908504,-0.00341669921875,0.0980981188022601,0.0981576015706055,-0.43,0.437,0.867,0.1637862078174983,0.119082687617894,4.452024020587038,-0.001352490234375,0.1000301303175088,0.1000392732939013,-0.63,0.652,1.282,1.3240758633182477,0.005208341106484,6.517440386417026,-0.002857373046875,0.0636847162613339,0.0637487856042421,-0.256,0.283,0.5389999999999999,0.1195389915468978,0.0164720190356512,4.439300251967916,2nd_test,750,2004.02.17.15.32.39,0.0860277525658005,1
-0.001753955078125,0.0763811165141181,0.076401252073244,-0.396,0.354,0.75,0.4155701252808761,0.0418661164574156,5.183161129547736,-0.001046240234375,0.0936245450199898,0.0936303906262711,-0.508,0.439,0.947,0.2098816962753567,0.1156139273915217,5.425588813596575,-0.0006689453125,0.0998454267878611,0.0998476676657059,-0.732,0.686,1.418,1.5373777289705872,0.0274218254962321,7.331167738874331,-0.00317587890625,0.0550902714816585,0.0551817380910569,-0.217,0.21,0.427,0.1341659517689737,-0.0080833371141208,3.932460402714933,2nd_test,358,2004.02.14.22.12.39,0.0755052146799809,0
-0.001451171875,0.1509220345292204,0.1509290111484535,-0.706,0.654,1.36,0.878651414831352,0.0068662190327915,4.677695789717339,-0.001176904296875,0.128651188963284,0.1286565720256475,-0.481,0.474,0.955,-0.127709994144884,-0.0289871052866484,3.738635286352684,-0.002244140625,0.1379940696077832,0.1380123161680235,-0.603,0.632,1.235,0.0062924135139312,-0.0832725455660154,4.579301453255738,-0.00315,0.0789341946804029,0.0789970226644254,-0.317,0.374,0.6910000000000001,0.2548452273157586,-0.0877821044627275,4.734355642541047,2nd_test,927,2004.02.18.21.02.39,0.100842659271759,1
-0.002597265625,0.1684588753608301,0.1684788962349958,-0.833,0.801,1.634,2.3984384000021723,-0.1001154263128815,4.944239418764829,-0.001725390625,0.098611151296411,0.0986262446451881,-0.376,0.461,0.837,0.1730651685444035,0.1028438671936424,4.674212240908004,-0.001448193359375,0.102999903536712,0.1030100839363706,-0.723,0.801,1.524,1.503680048397083,-0.0626152451281312,7.775937746900604,-0.002416845703125,0.0648161365859259,0.064861180262759,-0.269,0.276,0.545,0.1769384239826852,0.009226771893616,4.255241715886783,2nd_test,725,2004.02.17.11.22.39,0.0922584548762765,1
-0.0014791015625,0.0772012143229807,0.0772153821098814,-0.388,0.378,0.766,0.4862324196442018,0.0059385764986372,5.024905522617646,-0.001273291015625,0.0953002244631349,0.0953087302020878,-0.417,0.444,0.861,0.2106940317033201,0.0924821234921112,4.658544910355075,-0.0015818359375,0.1044738175658647,0.1044857921524201,-0.637,0.659,1.296,1.1842499453626465,-0.0095354295263457,6.307077607569525,-0.0030880859375,0.0551590717642969,0.0552454475287896,-0.295,0.266,0.5609999999999999,0.2007187686372411,-0.0104815092569128,5.33980650334906,2nd_test,117,2004.02.13.06.02.39,0.0776773866499173,0
-0.0019541015625,0.0763572282845716,0.0763822284580565,-0.352,0.339,0.6910000000000001,0.2227278037888735,-0.0210148470731604,4.608401811537662,-0.002282177734375,0.0929795813792501,0.0930075851136447,-0.398,0.42,0.8180000000000001,0.1642010710290966,0.1370507829431647,4.515760725131091,-0.002170654296875,0.0998159763217496,0.0998395756658682,-0.825,0.725,1.5499999999999998,1.8492098727798547,-0.0434840991432684,8.263256273772168,-0.002728271484375,0.0559081683008343,0.0559746973912934,-0.222,0.249,0.471,0.103943984272254,0.0150049181877321,4.448438519549407,2nd_test,405,2004.02.15.06.02.39,0.0756484370531081,0
-0.001712353515625,0.155816765083172,0.1558261737820283,-0.723,0.803,1.526,2.464085946432145,-0.087405173312966,5.15317793221371,-0.0018220703124999,0.0972133671425003,0.0972304411766513,-0.376,0.471,0.847,0.1564945010596208,0.1038075003649117,4.844161913648302,-0.0025673828125,0.1008920435115256,0.1009247041037896,-0.706,0.713,1.419,1.3152275394254351,0.03963523036583,7.06467268172216,-0.003060546875,0.0637772701025387,0.0638506627131328,-0.286,0.271,0.5569999999999999,0.1818665722538295,-0.0043345791175168,4.479201747371937,2nd_test,733,2004.02.17.12.42.39,0.088210247564659,1
-0.002439453125,0.1630647085242762,0.1630829546508654,-0.776,0.64,1.416,0.2385955216466082,0.1172371960863236,4.758314574668662,-0.0013703613281249,0.1339205749720557,0.1339275859971187,-0.498,0.552,1.05,-0.0692884119930661,-0.003311653389956,4.121630326464288,-0.000924169921875,0.1481245034333529,0.1481273864193312,-0.576,0.598,1.174,-0.1614117701169717,-0.0234275063457823,4.037065761108449,-0.0032001953125,0.087098777438101,0.087157548618866,-0.396,0.298,0.694,0.1160450402193911,0.0633604605130557,4.543496303769822,2nd_test,942,2004.02.18.23.32.39,0.1099547289731534,1
-0.0013639648437499,0.1072713631945812,0.1072800343107642,-0.52,0.554,1.074,1.068532133388807,-0.0535023900950797,5.164055022484728,-0.0075931640624999,0.0953045412258511,0.0956065464220416,-0.54,0.493,1.033,0.2923440464426479,0.1332446280620911,5.648148795278076,-0.0016721191406249,0.0990566518581421,0.0990707639001821,-0.569,0.671,1.24,1.1015400905327295,-0.0342384191986188,6.772936571573097,-0.003248583984375,0.0584424569500811,0.0585326752529356,-0.239,0.234,0.473,0.0750979228022412,-0.0124934845607225,4.08318941451305,2nd_test,696,2004.02.17.06.32.39,0.0797758198277214,1
-0.0018416015624999,0.1285040365511332,0.128517231942841,-0.635,0.686,1.3210000000000002,1.9454752438008256,-0.1313684536038298,5.337805597149537,-0.001654443359375,0.0964970463581269,0.0965112280445745,-0.43,0.442,0.872,0.2033648445705083,0.1041330025561971,4.579778010816303,-0.00190869140625,0.1003960475804299,0.1004141895981651,-0.664,0.808,1.472,1.393695866259165,0.0410671963877771,8.046671523470803,-0.00301259765625,0.0621726280700985,0.0622455735436765,-0.256,0.266,0.522,0.0588706685177995,-0.017704563155009,4.273396240924333,2nd_test,756,2004.02.17.16.32.39,0.0825267785682074,1
-0.0018998046875,0.0993062415426988,0.0993244122418426,-0.532,0.483,1.015,0.7717927254108252,-0.1187097113345476,5.356185735076788,-0.001962890625,0.0971577672055252,0.0971775934460652,-0.383,0.437,0.8200000000000001,-0.0029268688755994,0.1244046899124478,4.496921404398054,-0.001481396484375,0.1009539032027883,0.1009647716157565,-0.688,0.576,1.2639999999999998,1.1741823810166885,-0.0873555412029977,6.814257973182169,-0.0033141113281249,0.0603012280277248,0.0603922299269274,-0.291,0.259,0.55,0.0751566966445302,-0.0034466082088276,4.818500663864896,2nd_test,781,2004.02.17.20.42.39,0.0787239218637652,0
-0.001755419921875,0.0763621415047715,0.0763823157170354,-0.361,0.352,0.713,0.332808431759835,0.0034653848290839,4.726224867711893,-0.00166220703125,0.0929789461709827,0.0929938028219152,-0.564,0.381,0.945,0.1325459127704822,0.0665896809052397,6.0649202729563045,-0.0016797363281249,0.0997529806470831,0.0997671221500819,-0.535,0.525,1.06,1.151552169790704,-0.0447090897904692,5.362488046811903,-0.00254716796875,0.0541357589063848,0.0541956497980349,-0.269,0.222,0.491,0.059373891031528,-0.0455386952636231,4.963498011325438,2nd_test,334,2004.02.14.18.12.39,0.0749046569515379,0
-0.0020691894531249,0.0940687640559962,0.0940915188314846,-0.417,0.454,0.871,0.5973913543767053,0.0060157326689202,4.825089504701021,-0.00167724609375,0.0920224381914392,0.0920377220771801,-0.381,0.43,0.8109999999999999,0.1000494804919762,0.1038335143977087,4.67199741900112,-0.0016130859375,0.0991687349562388,0.0991818533758192,-0.723,0.789,1.512,1.6305395275342305,0.0278630873013979,7.95508425318865,-0.0026847656249999,0.0563560973570745,0.056420011306107,-0.283,0.271,0.554,0.2352882743744508,-0.0239254796761343,5.015950784900876,2nd_test,633,2004.02.16.20.02.39,0.0768881241605707,0
-0.001567578125,0.1000000596854985,0.1000123454293581,-0.542,0.376,0.918,0.6527158309279764,-0.1563396856453402,5.419330960270424,-0.001964404296875,0.0982863480024008,0.0983059768675873,-0.486,0.449,0.935,0.0550091390010405,0.1253980236310017,4.943748238722767,-0.001088623046875,0.1010508472886419,0.1010567109987784,-0.767,0.649,1.416,1.1275785247544334,0.0158429071890103,7.589797772081477,-0.00292041015625,0.0592449225922084,0.0593168580459004,-0.247,0.291,0.538,0.0741170872187026,0.0255916600479699,4.905856607744012,2nd_test,787,2004.02.17.21.42.39,0.0792181500233877,0
-0.002374462890625,0.172507030999726,0.1725233718032411,-0.75,0.776,1.526,2.2215812294847064,-0.0916832106248443,4.497941304326651,-0.003162158203125,0.0975733719500435,0.0976245981205716,-0.388,0.532,0.92,0.2642053411579348,0.1563947698925367,5.449446248552047,-0.001639892578125,0.1014257640141193,0.1014390203694595,-0.664,0.781,1.445,1.3446502359814891,-0.0462394300725367,7.6992068451346976,-0.00273330078125,0.064412524443003,0.0644704912210326,-0.276,0.3,0.5760000000000001,0.2062912918081134,-0.0077462333980762,4.6532916736560495,2nd_test,710,2004.02.17.08.52.39,0.0918312347742924,1
-0.001620458984375,0.1547910730951419,0.1547995549000888,-0.703,0.842,1.545,2.326244291018452,-0.0451468627100626,5.439292125471591,-0.0011016601562499,0.0983400247406613,0.0983461952547923,-0.383,0.444,0.827,0.1441750659875005,0.1166582804690392,4.514663722833236,-0.001425927734375,0.1002772220951097,0.100287359826728,-0.73,0.769,1.499,1.172650937539614,5.912253993681893e-05,7.667965347985782,-0.003534521484375,0.0646993080984902,0.064795781579875,-0.308,0.31,0.618,0.2215402902961032,-0.0040024362617474,4.784262068250115,2nd_test,737,2004.02.17.13.22.39,0.0884610781264497,1
-0.0018705078124999,0.1318836357855794,0.1318968998403677,-0.854,0.605,1.459,2.279686743256488,-0.1824589126373735,6.47475415288081,-0.0018532714843749,0.0984832949232804,0.098500730932012,-0.408,0.449,0.857,0.1648741892675542,0.1535315691139669,4.558341808705503,-0.002184521484375,0.102694263246663,0.1027174952862978,-0.601,0.688,1.289,1.2271896431705018,0.0580210600905812,6.697982637482386,-0.00277255859375,0.0635683735371349,0.0636288079042229,-0.293,0.374,0.667,0.1525827692826404,0.0147382902225929,5.877840750326245,2nd_test,755,2004.02.17.16.22.39,0.0849145978923254,1
-0.00231279296875,0.1498007290054314,0.1498185816975818,-0.825,0.747,1.572,1.824710659518746,-0.2217653343456522,5.506660059429793,-0.0014878417968749,0.1021036398476902,0.1021144795969669,-0.374,0.498,0.872,0.0792572084009126,0.1380770869589235,4.876879380482246,-0.001336328125,0.107037045776444,0.1070453872962597,-0.696,0.764,1.46,0.8805006103881934,0.0007845626827099,7.137159473097236,-0.0031205078125,0.0640521975659178,0.064128165278848,-0.271,0.286,0.5569999999999999,0.1128405223597939,-0.060690894151888,4.459818844838745,2nd_test,870,2004.02.18.11.32.39,0.0891180950023756,1
-0.001448388671875,0.0955788694507816,0.0955898431593774,-0.427,0.432,0.859,0.5461967132436896,-0.0497348308944739,4.519308597203208,-0.00101591796875,0.0933085284681926,0.0933140588240526,-0.479,0.42,0.899,0.2003147752942071,0.0857542853076603,5.1332029281679885,-0.0014242675781249,0.1002913267517761,0.1003014394700575,-0.576,0.845,1.4209999999999998,1.4231675876047871,0.0743360007548768,8.424604915504013,-0.002979052734375,0.0566340190171966,0.0567123166978247,-0.283,0.259,0.542,0.1224627531250948,-0.0187655776499753,4.990097680242791,2nd_test,623,2004.02.16.18.22.39,0.0778352150494856,0
-0.0018599121093749,0.0764435303630547,0.0764661533452669,-0.322,0.415,0.737,0.3505466792877056,0.0028537745472719,5.4272378279671925,-0.0011755371093749,0.0945893968750005,0.094596701256819,-0.488,0.483,0.971,0.1882307348882492,0.1262274730294067,5.158742255398291,-0.00135859375,0.100078285881872,0.1000875071226736,-0.813,0.82,1.633,2.347071495751221,-0.00330746746876,8.192830689516152,-0.00243330078125,0.0544808044288464,0.0545351171623042,-0.229,0.212,0.441,0.0284137649692808,-0.0145298009608864,4.199129146715949,2nd_test,234,2004.02.14.01.32.39,0.0751260859126168,0
-0.001975830078125,0.0771953598718002,0.0772206416072436,-0.388,0.376,0.764,0.4224930257201391,-0.019125658602111,5.0245632763374894,-0.000817529296875,0.0916555641347778,0.0916592100719596,-0.371,0.371,0.742,0.0936291783383467,0.1160901682486819,4.047601978073872,-0.001264453125,0.0987554833628603,0.0987635779826627,-0.771,0.876,1.647,2.111803015565441,-0.0526109680915493,8.869666509499142,-0.002601953125,0.0558580848285774,0.0559186534242487,-0.259,0.225,0.484,0.1020522004770252,-0.0440410567316804,4.631728128901161,2nd_test,348,2004.02.14.20.32.39,0.0747110855250128,0
-0.001424169921875,0.107275392680704,0.1072848457833893,-0.537,0.491,1.028,1.073305002899736,-0.1502087660987868,5.005366751229811,-0.001701025390625,0.0968895332794251,0.0969044640173216,-0.41,0.417,0.827,0.0731897445335465,0.1247755848831205,4.303207331306825,-0.0017304687499999,0.1002412013428374,0.100256136813414,-0.684,0.735,1.419,1.288714744315886,0.0065266667173165,7.331222041405521,-0.00301728515625,0.0618062575371994,0.0618798632874116,-0.344,0.293,0.637,0.1848205454723333,-0.0176662876160366,5.55915901747672,2nd_test,772,2004.02.17.19.12.39,0.0795645462119663,1
-0.001736865234375,0.0830803548361734,0.0830985081728118,-0.42,0.327,0.747,0.2911308678170452,-0.0267986066400156,5.054242359219167,-0.001190771484375,0.0922607033657213,0.0922683874480616,-0.547,0.442,0.989,0.3780360303755401,0.0993369256762512,5.928357643640197,-0.00089736328125,0.0978971080399158,0.0979012207453895,-0.618,0.549,1.167,1.1078934866460726,-0.0567803189771442,6.312485128259145,-0.00259658203125,0.0566624716319583,0.0567219351722726,-0.327,0.271,0.5980000000000001,0.2932817766567015,-0.0294505634950623,5.764965511157002,2nd_test,535,2004.02.16.03.42.39,0.0758549649496039,0
-0.0012828125,0.1585456721999684,0.1585508618117542,-0.769,0.745,1.514,1.7222144144207403,-0.0504929263300382,4.8501786190741445,-0.00152607421875,0.1023068693272419,0.1023182506401595,-0.444,0.481,0.925,0.1852685469134223,0.0749263209175124,4.701018606024802,-0.000958984375,0.104264773277578,0.10426918335566,-0.605,0.857,1.462,1.0082341093411191,0.0226408820452562,8.219111077801115,-0.002777490234375,0.0635471477830227,0.0636078174704915,-0.354,0.315,0.669,0.1945362438616511,-0.000158230366498,5.565353663622547,2nd_test,837,2004.02.18.06.02.39,0.0912346168141049,1
-0.00187568359375,0.1484733209229856,0.1484851683328801,-0.693,0.671,1.364,1.6212744292805032,-0.0914119430666453,4.66713280374062,-0.001084521484375,0.1002574763161857,0.1002633419757222,-0.425,0.408,0.833,0.1169125952771867,0.1574380885306763,4.238837361901128,-0.00173935546875,0.1026303298420638,0.1026450678841292,-0.781,0.659,1.44,0.9687330804249584,-0.0289864468778714,7.608743567435915,-0.0032818847656249,0.0626143211014423,0.0627002709293139,-0.261,0.344,0.605,0.1415711304344955,0.0487819184804824,5.486419674044578,2nd_test,831,2004.02.18.05.02.39,0.0887676232173187,1
-0.002318017578125,0.1102007272246223,0.1102251037029592,-0.535,0.488,1.023,0.8273301046767609,0.0081091216609612,4.853703757330036,-0.0018154785156249,0.0970287529100262,0.0970457358852805,-0.439,0.413,0.852,0.0743958511390143,0.1344379368361498,4.523640281469203,-0.0019621582031249,0.1025163034082032,0.1025350795059762,-0.664,0.603,1.267,0.9811456835647618,0.0332502588491087,6.47583249745101,-0.002784814453125,0.0594206496707145,0.0594858705814088,-0.247,0.222,0.469,0.0450936174279195,0.0267708919943732,4.152246534877859,2nd_test,815,2004.02.18.02.22.39,0.0807300686741282,1
-0.0021638671874999,0.1651500616836317,0.1651642370348753,-0.745,0.818,1.563,2.3421508310443384,-0.0996777928160888,4.952646012722003,-0.000984228515625,0.0964737157335206,0.0964787361712575,-0.41,0.52,0.93,0.1425166360984207,0.1331778609826392,5.38978867915069,-0.001150927734375,0.0997927149698482,0.0997993516797735,-0.559,0.825,1.384,1.1775600011491931,0.028644259106667,8.266586767406194,-0.003044580078125,0.0632914313948362,0.0633646175389655,-0.276,0.269,0.545,0.1582765347829293,0.0276292655436346,4.355743168905273,2nd_test,721,2004.02.17.10.42.39,0.0902511644535585,1
-0.001845947265625,0.0780743420022426,0.0780961612397858,-0.374,0.361,0.735,0.2668683879683278,-0.043063585681593,4.788967780975615,-0.0015091308593749,0.0942648607866547,0.0942769402085055,-0.364,0.413,0.7769999999999999,0.1089073211896298,0.0882075847455971,4.380710692160955,-0.00233759765625,0.1040412881557305,0.1040675453919532,-0.798,0.811,1.609,2.735696460804184,-0.0143182974354619,7.793015554827484,-0.0031475097656249,0.055092391934569,0.0551822296287208,-0.254,0.195,0.449,0.0828905655344436,0.0098207784062123,4.602931083147047,2nd_test,236,2004.02.14.01.52.39,0.0765026164935276,0
-0.002077880859375,0.1662928675906602,0.1663058489662664,-0.84,0.864,1.704,2.555336429076207,-0.0506712498724195,5.195247222904703,-0.00081875,0.0977577765249074,0.0977612051002658,-0.374,0.457,0.831,0.1516142386254104,0.1290394958969463,4.674655959146748,-0.002309033203125,0.100947935105157,0.100974339494389,-0.681,0.828,1.509,1.4196611367918257,-0.0123583143453157,8.200103156285667,-0.003032373046875,0.0651778926647694,0.0652483944516309,-0.288,0.271,0.5589999999999999,0.1541381700672124,0.0104117355072534,4.4139017123108255,2nd_test,730,2004.02.17.12.12.39,0.0911258960876654,1
-0.00151376953125,0.1593916250699241,0.1593988131719461,-0.84,0.784,1.624,1.935710532877096,-0.2260298882977095,5.2698008427993,-0.0003558105468749,0.1039519448885895,0.1039525538275305,-0.349,0.476,0.825,0.1052675625889212,0.1235911965667222,4.579012082619546,-0.0006800292968749,0.1082330958564478,0.1082352321497747,-0.652,0.569,1.221,0.681497691413179,-0.004615381735548,6.023916492291028,-0.00286220703125,0.0673704526339089,0.0674312250903652,-0.291,0.276,0.567,0.0989184047297215,-0.0118143912229555,4.315508128551907,2nd_test,876,2004.02.18.12.32.39,0.0908027095093822,1
-0.00212587890625,0.164114131679758,0.1641279000600598,-0.728,0.825,1.553,2.578314431277734,-0.0965194764196342,5.026567693201938,-0.0012236328125,0.0974451748304664,0.0974528571925933,-0.435,0.415,0.85,0.1322465746223482,0.0950441286752147,4.463696730162131,-0.0020065429687499,0.0992414971767206,0.0992617800392603,-0.627,0.686,1.3130000000000002,1.1257452308590894,-0.0231574777157887,6.9110185181220825,-0.0031830078124999,0.0643428090352512,0.0644214918585502,-0.273,0.305,0.5780000000000001,0.2500726684863159,0.0010100537890009,4.734444844353368,2nd_test,722,2004.02.17.10.52.39,0.0899425031442313,1
-0.00207958984375,0.077599473166828,0.0776273336505093,-0.442,0.374,0.8160000000000001,0.4395667843376549,-0.0627478232961807,5.693870692303573,-0.0013841796875,0.0934132408083108,0.0934234955014997,-0.552,0.403,0.955,0.1819702465774404,0.1089204705674056,5.90857789072161,-0.001427392578125,0.1022241553219555,0.1022341204337347,-0.886,0.728,1.614,2.0224668903315344,-0.0338660886376258,8.666382575919101,-0.0027500976562499,0.0549338536011705,0.0550026481961891,-0.278,0.242,0.52,0.2047498414804773,0.0008195929445759,5.05430209475272,2nd_test,283,2004.02.14.09.42.39,0.0759275675555861,0
-0.0016271484375,0.0781051946475462,0.0781221418227172,-0.437,0.386,0.823,0.4655293058579137,0.0407906562066598,5.593804647421099,-0.00130703125,0.094581379112277,0.0945904096907754,-0.422,0.483,0.905,0.1654934903483247,0.124859487806819,5.106225901482656,-0.001104296875,0.1023843824927018,0.102390337678904,-0.508,0.669,1.177,0.9079075762743072,0.0430418382451149,6.533819647039833,-0.00324814453125,0.0560772655659502,0.0561712573853389,-0.303,0.325,0.628,0.2531139197677641,0.0166003139534975,5.785877246163283,2nd_test,245,2004.02.14.03.22.39,0.0770761699323578,0
-0.001859130859375,0.0777922314818908,0.0778144436880735,-0.376,0.378,0.754,0.3765801214698361,-0.0175673736729217,4.857709983899524,-0.001365576171875,0.093248808725216,0.0932588072353122,-0.396,0.449,0.845,0.133251278579884,0.0930694061931941,4.814558681436498,-0.00061943359375,0.0990746773532365,0.0990766137422197,-0.598,0.549,1.147,1.081262938173512,0.0609378279141619,6.035733130220389,-0.00281201171875,0.0553460166130983,0.0554174066954034,-0.349,0.278,0.627,0.4400884872394792,0.0189379419380544,6.2976602624505285,2nd_test,434,2004.02.15.10.52.39,0.0754713757383803,0
-0.00182734375,0.1830386890625192,0.1830478103635939,-0.767,0.703,1.47,1.2336770503160857,-0.185612125567444,4.190162113779412,-0.001457421875,0.1193708337116295,0.1193797303545759,-0.527,0.498,1.025,0.0539646522116061,-0.0170789996666151,4.414484757423355,-0.00113203125,0.1243342562401057,0.1243394095592031,-0.605,0.776,1.381,0.4434552554079807,-0.093470210028506,6.240981863632491,-0.002409716796875,0.0716740250884567,0.07171452159376,-0.322,0.325,0.647,0.1427817182244632,0.0749286777618941,4.531857603910262,2nd_test,908,2004.02.18.17.52.39,0.1042996105032883,1
-0.0019139160156249,0.1668853120693055,0.1668962865344354,-0.808,0.776,1.584,2.3890722982950106,-0.1349700516951401,4.8413300066352605,-0.001356982421875,0.0974254249808082,0.0974348748343444,-0.393,0.403,0.796,0.0828202852633865,0.0919607246162986,4.136096040365742,-0.0019180175781249,0.1043389054710568,0.1043565330313733,-0.693,0.769,1.462,1.308116674732286,-0.0119495139565499,7.368968455108042,-0.0030293457031249,0.0641782610208303,0.0642497169102469,-0.286,0.283,0.569,0.1650647401648552,-0.0202353572794912,4.45138148071646,2nd_test,702,2004.02.17.07.32.39,0.0921362025998744,1
-0.0022951171875,0.0776184548090168,0.0776523798079862,-0.442,0.359,0.8009999999999999,0.4663598030208287,-0.0314612109313404,5.692034179599606,-0.001291552734375,0.0942070090473299,0.0942158620515111,-0.371,0.439,0.81,0.1875384924666283,0.1172103235221308,4.659512638703276,-0.00170830078125,0.0991799558481174,0.099194666860642,-0.664,0.608,1.272,1.0615683249643588,-0.0272723596935657,6.69390826148099,-0.00334443359375,0.0555438639151481,0.0556444611321513,-0.229,0.3,0.529,0.1909008536097198,-0.0044168443641213,5.391372184953532,2nd_test,218,2004.02.13.22.52.39,0.0758982924952845,0
-0.0023276367187499,0.0777793100518979,0.0778141308815034,-0.413,0.403,0.8160000000000001,0.5191691228606832,0.0283748275421001,5.307519281088098,-0.001064306640625,0.0955103705071946,0.0955163003002465,-0.391,0.417,0.808,0.2210244544039024,0.1141545623761993,4.365746984387312,-0.001552587890625,0.1049582053544767,0.1049696880074939,-0.664,0.635,1.299,1.1573913712458292,-0.060595806804268,6.325635643941993,-0.003252978515625,0.0553742682647365,0.055469734586332,-0.254,0.22,0.474,0.1383655108011661,-0.0539939979941479,4.579073649615179,2nd_test,297,2004.02.14.12.02.39,0.0777123787688953,0
-0.001472314453125,0.173171151946053,0.1731774106983121,-0.789,0.703,1.492,1.146197452969874,-0.2219575504852191,4.556021462694926,-0.0012760742187499,0.1206030827474239,0.120609833486303,-0.505,0.493,0.998,0.046183161902864,0.0032800860623749,4.18705494733282,-0.0015596191406249,0.1270353215070589,0.1270448949083182,-0.784,0.85,1.634,0.4977707026522315,-0.0651284935409319,6.690548255454976,-0.0029453124999999,0.071205907666577,0.0712667955807173,-0.303,0.278,0.581,0.1303740551601118,0.0005654921742813,4.251629353147613,2nd_test,912,2004.02.18.18.32.39,0.1025548743832837,1
-0.002167333984375,0.0766185131667572,0.0766491610944593,-0.32,0.386,0.706,0.3649387130597059,-0.0098997194077076,5.03593248097358,-0.000816796875,0.0917510059927273,0.091754641614539,-0.364,0.405,0.769,0.0825623377131181,0.1233197990889198,4.413945636635908,-0.002115283203125,0.1002447860474795,0.1002671010488204,-0.774,0.605,1.379,1.12797370554998,-0.0370102012880351,7.719381451104453,-0.00280029296875,0.0541003810558014,0.0541728056417032,-0.298,0.21,0.508,0.1474349436712367,-0.0541890951899793,5.500915015653044,2nd_test,499,2004.02.15.21.42.39,0.0744768156421453,0
-0.001649755859375,0.104899663438873,0.1049126354829787,-0.435,0.486,0.921,0.7594868721250303,-0.0597077527735009,4.632425806081453,-0.0015895019531249,0.094536802508139,0.0945501641718398,-0.547,0.466,1.013,0.1606813057511598,0.1474909207068665,5.785288738368252,-0.00147880859375,0.0996813886260835,0.0996923573463946,-0.52,0.964,1.484,1.6351820967046369,0.1062651694149465,9.669748270078328,-0.003075439453125,0.0570951185377702,0.0571778881095819,-0.237,0.239,0.476,0.046184540528332,-0.0070566427431481,4.179937523011942,2nd_test,671,2004.02.17.02.22.39,0.0797148827107143,1
-0.00157822265625,0.1498079536699522,0.1498162667053589,-0.776,0.815,1.591,2.010027807180683,-0.2006092108061188,5.4399967234359545,-0.000811572265625,0.1010941614794014,0.1010974190311781,-0.493,0.396,0.889,0.0563995269679225,0.0986536440598677,4.8764845306593205,-0.00201806640625,0.1057756246924295,0.1057948740303316,-0.635,0.754,1.389,0.8817826624923075,0.0415702234014341,7.126999364607202,-0.0031953125,0.0636021035476311,0.063682317778613,-0.298,0.283,0.581,0.1941227331478865,-0.0341064703218099,4.67947792087744,2nd_test,868,2004.02.18.11.12.39,0.0884443310932294,1
-0.002054443359375,0.0784624556589328,0.0784893475928222,-0.332,0.376,0.708,0.4162216058917836,0.0157188675673837,4.79045897980676,-0.0015310058593749,0.0956996813950048,0.0957119271462385,-0.535,0.5,1.035,0.2673802913817096,0.1427624654291584,5.589689978522553,-0.0013650878906249,0.1021514618309081,0.1021605825117526,-0.728,0.74,1.468,1.6007736968319382,-0.0136562644556348,7.243498243636444,-0.002934912109375,0.0549975133661251,0.0550757676800503,-0.217,0.273,0.49,0.1262438634651679,-0.0503240368853983,4.95680789382678,2nd_test,259,2004.02.14.05.42.39,0.077344898824153,0
-0.0024232910156249,0.0768716397544908,0.0769098260165151,-0.339,0.378,0.7170000000000001,0.4044590198688453,0.0076724210407041,4.914846640192839,-0.0016021484374999,0.0938063680294905,0.093820048830194,-0.444,0.447,0.891,0.2027519344012187,0.1271326474561467,4.764440069779389,-0.00282451171875,0.1017533152905257,0.1017925097394818,-0.906,0.842,1.748,2.127628574752737,0.057388015967175,8.900458415946623,-0.0032265625,0.0557393157984881,0.0558326251509814,-0.256,0.286,0.542,0.1641142301252336,-0.0246386441110659,5.122453032102331,2nd_test,443,2004.02.15.12.22.39,0.0761220927217594,0
-0.002299267578125,0.0842945376729406,0.0843258899323963,-0.43,0.383,0.813,0.4508448020711775,-0.0291066291904656,5.099264298777393,-0.0019432617187499,0.0941232004284408,0.0941432585212557,-0.503,0.508,1.011,0.2608110799337586,0.0797290764373231,5.396031622167689,-0.001248095703125,0.1000499788254611,0.100057763346276,-0.864,0.642,1.506,1.6765346531826628,-0.0401288937119847,8.635012127957202,-0.0034185546875,0.0563470699543669,0.056450675891381,-0.242,0.208,0.4499999999999999,0.146723231462774,-0.0507688940987862,4.286928299341441,2nd_test,533,2004.02.16.03.22.39,0.0768866801544873,0
-0.00210712890625,0.0782461557309922,0.0782745225402637,-0.361,0.356,0.717,0.3734058194569596,0.0218324772881955,4.611973197405233,-0.001329296875,0.0935338970823512,0.0935433425402029,-0.405,0.437,0.8420000000000001,0.2662208384534055,0.1498732605916748,4.6716312260010895,-0.0011203124999999,0.0990604572812852,0.0990667920994467,-0.684,0.605,1.289,1.5414997243736537,-0.0162978137196612,6.904432711482898,-0.0027016601562499,0.0551175834471757,0.0551837564203113,-0.232,0.259,0.491,0.1939409411536701,-0.0144360473730164,4.6934101046440775,2nd_test,369,2004.02.15.00.02.39,0.0753904177423706,0
-0.002071728515625,0.0765220146884095,0.0765500541542305,-0.396,0.386,0.782,0.4275608497169689,0.0162893660683612,5.173085824302347,-0.0018448730468749,0.0939265135587406,0.0939446300001196,-0.347,0.396,0.743,0.0779320207885012,0.1268087268724841,4.215248918381823,-0.001563818359375,0.101686304010475,0.1016983281631112,-0.906,0.872,1.778,2.2536595123582863,-0.0114982134506084,8.908701021495471,-0.0027701171875,0.0557190329282105,0.0557878497496318,-0.298,0.256,0.554,0.1349758909515355,-0.0004656554235436,5.341664920444882,2nd_test,254,2004.02.14.04.52.39,0.0762988124177336,0
-0.001585400390625,0.1094436821485919,0.1094551645955576,-0.505,0.471,0.976,0.8226663722894187,0.0212237840280901,4.613761277152947,-0.0022082031249999,0.097583368359393,0.0976083497524994,-0.522,0.439,0.961,0.0930785097380613,0.0937595920666894,5.347903138596865,-0.001647802734375,0.1037652936302124,0.1037783764375586,-0.547,0.859,1.406,1.237084978530329,0.1009218708761427,8.277254178365045,-0.0030193359375,0.0596459133359865,0.0597222853479963,-0.256,0.239,0.495,0.1021793862177591,0.0221608061364134,4.286507097041325,2nd_test,814,2004.02.18.02.12.39,0.0811892704849505,1
-0.0020005859375,0.1166460926784805,0.1166632473457258,-0.605,0.671,1.276,1.4947850896938135,-0.1193046837291084,5.75159714186399,-0.00175478515625,0.0979109973641197,0.0979267209487852,-0.388,0.408,0.796,0.106721826775372,0.1133561714813462,4.166380698167295,-0.0022714843749999,0.1047862371471219,0.1048108540978402,-0.557,0.854,1.411,1.184391766111852,0.0798426613807402,8.148011075214106,-0.00263857421875,0.0635414253127803,0.06359618545705,-0.281,0.256,0.537,0.0979082663343375,-0.0002383223532908,4.418504002655256,2nd_test,762,2004.02.17.17.32.39,0.0828889555328159,1
-0.0020744140625,0.1202708191991247,0.1202887074688694,-0.581,0.588,1.169,1.345963647530156,-0.0082058880185208,4.888239406407166,-0.0011372558593749,0.0947622748206713,0.094769098761559,-0.408,0.483,0.891,0.2199885291462653,0.0828817937370457,5.096598008282649,-0.0016244140625,0.0989925080500908,0.0990058350355864,-0.667,0.781,1.448,1.4365369530860708,0.0637404056843661,7.88842394704707,-0.002968017578125,0.0599482109057189,0.0600216387575399,-0.237,0.239,0.476,0.1050449108348989,-0.0697796231348251,3.981897278104469,2nd_test,701,2004.02.17.07.22.39,0.0814465158243897,1
-0.0023980468749999,0.1555764349301021,0.1555949155158194,-0.859,0.725,1.584,2.143193923902857,-0.2198977058378289,5.520745952056151,-0.001237841796875,0.1055067784387052,0.1055140395816031,-0.432,0.503,0.935,0.0671166191656369,0.1298081669715464,4.76713811725708,-0.0019623046875,0.1102268144774431,0.110244279985545,-0.688,0.715,1.403,0.785560587515338,0.0154672108016059,6.485597258082353,-0.0028739746093749,0.0682187907010252,0.0682793023892718,-0.283,0.31,0.593,0.2387480406573137,0.0091435739288763,4.54017526758105,2nd_test,880,2004.02.18.13.12.39,0.0913907275228609,1
-0.001853466796875,0.1096987287819679,0.109714385727428,-0.5,0.481,0.981,0.8486574602590657,-0.006496539322708,4.557287512301544,-0.0010475585937499,0.097180467912276,0.0971861138365777,-0.437,0.457,0.894,0.1461206234340863,0.1098134850172573,4.702317871910807,-0.00042412109375,0.1010126544140217,0.1010135447871657,-0.642,0.911,1.553,1.676000732176803,0.0848406312408387,9.018592525491966,-0.0031750976562499,0.0591638284648929,0.059248964917119,-0.278,0.261,0.539,-0.0060579481528417,0.045824703226908,4.692065091503133,2nd_test,810,2004.02.18.01.32.39,0.0801509938340111,1
-0.002016015625,0.1884655444962016,0.1884763268457076,-0.83,0.759,1.589,0.6431576445294054,-0.0540376429082731,4.403736075963849,-0.0013759765625,0.1339354918079714,0.1339425596192029,-0.457,0.471,0.928,-0.2061870249564061,-0.0106944308630784,3.516432725606638,-0.0013729003906249,0.1503837417515247,0.1503900084402945,-0.659,0.732,1.391,-0.0438664722661754,0.0137114719072567,4.867344630050603,-0.002984814453125,0.086609511229511,0.0866609286399261,-0.366,0.339,0.7050000000000001,0.1535335251353666,0.1378977090343189,4.22335654302179,2nd_test,944,2004.02.18.23.52.39,0.1159411125822161,1
-0.001725341796875,0.1650278637173305,0.165036882566964,-0.769,0.854,1.623,2.373606332702642,-0.1287337048788498,5.174600893520351,-0.001271337890625,0.0972128933805644,0.0972212062229898,-0.366,0.413,0.7789999999999999,0.0180918566604808,0.0701121856692726,4.2480443932004,-0.0011759277343749,0.1013304139420473,0.1013372369650126,-0.759,0.779,1.538,1.2357384491314063,0.0199132015721245,7.68720386822139,-0.0027405761718749,0.0646538690811928,0.0647119273775853,-0.264,0.276,0.54,0.1694406717416647,0.0108500623816373,4.265056090592272,2nd_test,718,2004.02.17.10.12.39,0.0906997872824434,1
-0.002271875,0.0773051823664049,0.0773385585378907,-0.447,0.457,0.904,0.58162761268939,-0.0261962126327816,5.909083497725024,-0.002237841796875,0.0954599920472984,0.0954862189929946,-0.422,0.452,0.874,0.2133919307031337,0.1247170059013992,4.733667379042703,-0.00216025390625,0.1034250917894409,0.1034476500873449,-0.771,0.632,1.403,1.3405734951640973,-0.0256917038047273,7.453045084557856,-0.003503955078125,0.0554266661128793,0.0555373119405155,-0.232,0.225,0.457,0.1399153181106918,-0.0541380911500289,4.177371786454331,2nd_test,82,2004.02.13.00.12.39,0.0768024493962094,0
-0.001716650390625,0.110058975827801,0.1100723627838892,-0.61,0.532,1.142,0.9088525634526534,-0.0081605627871187,5.541808902495377,-0.00150986328125,0.0996241045500695,0.099635545336648,-0.435,0.457,0.892,0.1375769579042782,0.1019462163205985,4.586716502140919,-0.0021416015625,0.1028617609369973,0.1028840527988303,-0.703,0.762,1.465,1.2774813377562817,-0.0050800102386009,7.406395639201111,-0.002819140625,0.0594012310876653,0.0594680906755358,-0.237,0.215,0.4519999999999999,0.048715230838257,0.000485351805196,3.9853305748306544,2nd_test,816,2004.02.18.02.32.39,0.0821192932571629,1
-0.0016277343749999,0.0783037348717603,0.0783206512617362,-0.337,0.383,0.72,0.3138460014873256,0.0080123748397912,4.8901534119676775,-0.0008736328125,0.0932478612150309,0.0932519536281613,-0.374,0.432,0.806,0.1061207876992109,0.1145755111376582,4.63261071953464,-0.00126181640625,0.0982337375566913,0.0982418412643004,-0.608,0.698,1.306,1.480287213451316,0.0759600513037597,7.104915695900516,-0.003088134765625,0.0548245496646799,0.0549114543812638,-0.249,0.22,0.469,0.0603842342244371,-0.025842995211591,4.534573028545128,2nd_test,446,2004.02.15.12.52.39,0.0748398643536231,0
-0.0015859863281249,0.077830008879176,0.0778461664744361,-0.437,0.4,0.837,0.4691571133496648,0.0136469354811412,5.613635452914596,-0.0011224609375,0.0926188976323476,0.0926256990105202,-0.396,0.466,0.8620000000000001,0.2428250558039661,0.1290740718632293,5.0310011689308975,-0.001690966796875,0.1004392499285699,0.1004534832393674,-0.811,0.962,1.773,2.6512130796458955,0.0210388685088105,9.576571851651016,-0.002762353515625,0.0554911153742343,0.055559827955294,-0.264,0.227,0.491,0.1744467905672304,0.0097200632187504,4.751634584032094,2nd_test,373,2004.02.15.00.42.39,0.075233732825437,0
-0.0019873046875,0.1385539913904875,0.1385682427908943,-0.781,0.71,1.491,2.225164410388868,-0.1446606286136689,5.636212051652611,-0.001038525390625,0.0985422990265343,0.0985477713214351,-0.452,0.432,0.884,0.1519629673074884,0.1527628196982912,4.586608037244358,-0.002037353515625,0.1022714831745902,0.1022917742542288,-0.652,0.815,1.467,1.2627445115439908,0.0369298193611406,7.967405061979744,-0.0030732421875,0.0636137791465081,0.0636879715083134,-0.266,0.298,0.5640000000000001,0.1942994367611792,-0.0208261979766524,4.679062512713592,2nd_test,747,2004.02.17.15.02.39,0.0861087379705441,1
-0.001722412109375,0.1102016849812077,0.1102151444955359,-0.505,0.508,1.013,0.906351215034003,0.0320043006859681,4.609166937271186,-0.001896435546875,0.0962689691483627,0.0962876466047014,-0.396,0.51,0.906,0.0743912895353671,0.1220329462395471,5.296629609075953,-0.002012109375,0.1013084430568994,0.1013284225612438,-0.771,0.645,1.416,1.2280292793116114,-0.0043279659649052,7.60892137175422,-0.00292861328125,0.0586520566697591,0.0587251268823129,-0.256,0.254,0.51,0.1880916937259149,0.0213785560833628,4.359292411724766,2nd_test,811,2004.02.18.01.42.39,0.0798536728238981,1
-0.0019333984374999,0.3148052008934165,0.3148111378891517,-1.025,1.086,2.111,-0.2588740512312379,0.007877226991928,3.449687349940403,-0.000736767578125,0.1464699744444922,0.1464718274626024,-0.745,0.645,1.39,0.2190863511849401,0.0888000991492574,5.086302348382517,-0.00104892578125,0.1500157294774215,0.1500193965323734,-0.706,0.728,1.434,-0.0544424316019998,0.0505482722999635,4.852705828862926,-0.00353017578125,0.1093341051564411,0.109391081407061,-0.432,0.437,0.869,0.0543306564842605,0.2867892783493003,3.9948412098593393,2nd_test,968,2004.02.19.03.52.39,0.1560921328272002,1
-0.002109326171875,0.1088936179498597,0.1089140454078783,-0.645,0.481,1.126,1.0071678875967942,0.0431058963273918,5.922101209064279,-0.001481884765625,0.0976725259634882,0.097683766873247,-0.444,0.461,0.905,0.14570868917981,0.1259002626442729,4.71931022677972,-0.0012059082031249,0.1016806746818932,0.1016878253202386,-0.637,0.696,1.333,0.9174404472216628,0.0185666840439404,6.844477181032135,-0.002942138671875,0.0608425215088188,0.0609136159123362,-0.266,0.254,0.52,0.0987919461089892,0.0604806311126288,4.366839761711843,2nd_test,804,2004.02.18.00.32.39,0.080875560062503,1
-0.002316162109375,0.1063443018669428,0.1063695216990486,-0.527,0.486,1.013,0.943261495800948,0.0236950137340241,4.954426715258598,-0.001064404296875,0.0978240548413434,0.0978298454568409,-0.454,0.435,0.889,0.1460927035430201,0.0611099540564359,4.640710591694107,-0.001281494140625,0.102498335587258,0.102506346268856,-0.601,0.825,1.426,1.4901047356789006,0.0666257227929911,8.048282179799113,-0.002288818359375,0.0605129847246309,0.060556254918593,-0.273,0.229,0.502,0.1559679786571006,-0.002034495042198,4.50820481488644,2nd_test,802,2004.02.18.00.12.39,0.0805125111458439,1
-0.00236171875,0.0765237135132528,0.0765601491986039,-0.359,0.444,0.8029999999999999,0.3892193620919868,0.0105926702214234,5.799361738995889,-0.00148994140625,0.0961959288887122,0.0962074667588553,-0.515,0.41,0.925,0.217882862211566,0.0997386116696264,5.353014868227413,-0.0018703125,0.1019725423439557,0.1019896929152034,-0.613,0.698,1.311,1.0717727888102022,0.0100030282125201,6.843828822717303,-0.002738720703125,0.055952600482079,0.0560195866799896,-0.283,0.325,0.608,0.2726749633543774,0.0210754758620563,5.801542268613155,2nd_test,97,2004.02.13.02.42.39,0.0770989366309193,0
-0.0015153320312499,0.077726225761829,0.0777409956351457,-0.388,0.344,0.732,0.3680421199233374,0.0013370289616362,4.990931706302962,-0.0015135253906249,0.096234534637559,0.0962464358613638,-0.42,0.442,0.862,0.1566551621494887,0.0983672282095081,4.592377847965999,-0.002003857421875,0.1056096135000783,0.1056286225802605,-0.713,0.608,1.321,1.612231805636073,-0.0599626600938713,6.750064353546655,-0.003076416015625,0.0551323174923468,0.0552180837007055,-0.237,0.227,0.4639999999999999,0.0949560451636615,-0.003805751349074,4.292072163900168,2nd_test,26,2004.02.12.14.52.39,0.0775795175113443,0
