ch1_mean,ch1_std,ch1_rms,ch1_min,ch1_max,ch1_peak_to_peak,ch1_kurtosis,ch1_skewness,ch1_crest_factor,ch2_mean,ch2_std,ch2_rms,ch2_min,ch2_max,ch2_peak_to_peak,ch2_kurtosis,ch2_skewness,ch2_crest_factor,ch3_mean,ch3_std,ch3_rms,ch3_min,ch3_max,ch3_peak_to_peak,ch3_kurtosis,ch3_skewness,ch3_crest_factor,ch4_mean,ch4_std,ch4_rms,ch4_min,ch4_max,ch4_peak_to_peak,ch4_kurtosis,ch4_skewness,ch4_crest_factor,dataset,file_index,timestamp
-0.01019599609375,0.07347493104305192,0.07417899856512623,-0.386,0.454,0.8400000000000001,0.6287626426442561,0.08399343541253215,6.120330670078885,-0.012694970703124999,0.09005347464156324,0.09094388696428075,-0.513,0.464,0.9770000000000001,0.5068005370841773,0.12691486043827807,5.640840930802152,-0.014540966796874999,0.10843350938911966,0.10940413919878957,-0.911,1.023,1.934,3.213074668222574,0.20483971640969206,9.350651698212598,-0.0100259765625,0.0531663902091768,0.05410346803954669,-0.264,0.193,0.457,0.06595905114862788,-0.02208000883499786,4.879539326428222,2nd_test,0,2004.02.12.10.32.39
-0.002585009765625,0.07533812128951384,0.07538245681139528,-0.388,0.369,0.757,0.6482910813108549,0.05214190733133261,5.147086157799521,-0.0025609375,0.09338377948549788,0.09341888819652586,-0.481,0.457,0.938,0.25301376937623843,0.07008844936856541,5.148851685999181,-0.002460791015625,0.10978975747066774,0.10981733168262023,-0.681,0.752,1.433,1.3952499379815348,-0.023853576139170513,6.847735129519308,-0.0037836914062500003,0.055973118789277056,0.05610085870694182,-0.229,0.249,0.478,0.10753933160081752,0.0015824146174221686,4.438434735843905,2nd_test,1,2004.02.12.10.42.39
-0.002483984375,0.0761892927992494,0.07622977446919937,-0.4,0.503,0.903,0.5134753088232071,0.03280799811503519,6.5984715748652585,-0.0016954589843749999,0.0937025602830463,0.0937178978891739,-0.503,0.491,0.994,0.3107892284776641,0.09658256297861974,5.367171173530327,-0.0015954589843749998,0.10984946406227844,0.10986104971344769,-0.786,0.933,1.719,2.639947862656676,0.056560666319352165,8.492545833351002,-0.0034853515625,0.05603693397230999,0.0561452192491155,-0.334,0.354,0.688,0.25723641276594833,0.07044906046529774,6.305078236902098,2nd_test,2,2004.02.12.10.52.39
-0.002276611328125,0.07869075089989153,0.07872367646602975,-0.576,0.608,1.184,1.1579527230048088,0.04148596171613033,7.7232165377164055,-0.0023928222656249996,0.09291629369506194,0.09294709910708282,-0.474,0.569,1.043,0.23534074042490039,0.10583404042688352,6.121761792031214,-0.00314794921875,0.1106217530671688,0.11066653439923697,-0.935,1.016,1.951,2.6827791177441718,0.03355008488846847,9.180733864182741,-0.0037407714843749997,0.05668413146164508,0.05680743024340545,-0.525,0.513,1.038,0.8061900787493554,-0.03632709701957426,9.241748794854235,2nd_test,3,2004.02.12.11.02.39
-0.002403857421875,0.07843746411081838,0.07847429073677968,-0.391,0.391,0.782,0.6031769286310373,0.02822394436819329,4.982523528712338,-0.0015590332031250001,0.09533522183796202,0.09534796855424806,-0.486,0.452,0.938,0.22630879489770805,0.09796563331631013,5.097119606889097,-0.0011584960937499995,0.10749935762927618,0.1075055998723148,-0.771,0.745,1.516,1.5783946520336096,-0.002892158471591591,7.171719435160129,-0.002702587890625,0.056776655815982784,0.05684094146786386,-0.212,0.244,0.45599999999999996,0.1389537967943335,0.019007516695884696,4.29268048161478,2nd_test,4,2004.02.12.11.12.39
-0.001623095703125,0.07829782000144782,0.07831464139380724,-0.366,0.439,0.8049999999999999,0.45609362146286436,0.02685297230141105,5.605592928490489,-0.0014525878906250002,0.09239330152210377,0.09240471945595839,-0.386,0.574,0.96,0.18563759722622342,0.06080463418952153,6.211803935700123,-0.000841552734375,0.11051402335158485,0.11051722747318346,-0.781,0.862,1.643,1.8624281531683406,0.07741403699776964,7.799688968865609,-0.002821826171875,0.05549422955454554,0.05556592676089255,-0.242,0.247,0.489,0.149407338377193,0.01274157447274254,4.44517016801372,2nd_test,5,2004.02.12.11.22.39
-0.0016064453124999996,0.07861603186545633,0.07863244325857172,-0.408,0.388,0.796,0.4786149756059883,0.05859457915072469,5.188697986315403,-0.0016959472656250002,0.09390317165909703,0.09391848531980072,-0.457,0.583,1.04,0.25010839555129794,0.0992138544432151,6.207510672777846,-0.00185634765625,0.10737186617198258,0.10738791213109138,-0.718,0.896,1.6139999999999999,1.8220329786922909,0.14561675932802476,8.343583390446073,-0.0029048828125,0.05620405793625485,0.05627907668624504,-0.217,0.239,0.45599999999999996,0.10779375483252895,-0.019774749352839495,4.246693692723044,2nd_test,6,2004.02.12.11.32.39
-0.00202666015625,0.07774646967579023,0.07777288022464836,-0.334,0.415,0.749,0.4719824550317817,0.0825818179550488,5.336050288942996,-0.0017436523437500003,0.09322421104069685,0.09324051612714428,-0.41,0.41,0.82,0.10375044921415588,0.0869128229556518,4.397230056475879,-0.0017033203125000004,0.10621897924323846,0.10623263552958902,-0.776,0.771,1.5470000000000002,1.4448963659987744,0.0014656274776144857,7.304723224875238,-0.002330029296875,0.05545575654680791,0.05550468422307368,-0.227,0.229,0.456,0.20979100466934808,-0.01714885977574289,4.125777908681036,2nd_test,7,2004.02.12.11.42.39
-0.0019162109375,0.07900619543360511,0.07902942984262255,-0.361,0.386,0.747,0.404514320897305,-0.008060293710742156,4.884256418954148,-0.0008009765624999998,0.09585589739527024,0.09585924383650357,-0.613,0.457,1.07,0.4514264068174758,0.03530401451886103,6.394792775948983,-0.0013142089843750002,0.1105786094170331,0.11058641872246056,-0.769,0.967,1.736,2.3845540569234336,0.03416131914349387,8.744292573739473,-0.0025391113281250004,0.05579735616208901,0.05585509861253156,-0.33,0.227,0.557,0.15983731154509462,0.008342651967002453,5.90814461332011,2nd_test,8,2004.02.12.11.52.39
-0.002096630859375,0.07568852631669241,0.07571755989830316,-0.344,0.378,0.722,0.32520331504832,0.04632106694487997,4.992236946128513,-0.00171689453125,0.09472631335134558,0.09474187125009063,-0.466,0.417,0.883,0.19603235889333703,0.08951343846820298,4.918627781427059,-0.001896240234375,0.10975436897591669,0.10977074854590418,-0.664,0.781,1.445,1.4615057334105144,0.006299301331643612,7.11482804242958,-0.0027732910156249998,0.05539022980738145,0.0554596132439803,-0.254,0.291,0.5449999999999999,0.206106647540921,0.029685526458732497,5.247061473627183,2nd_test,9,2004.02.12.12.02.39
-0.0017912597656250002,0.07922086801763584,0.07924111648011797,-0.415,0.4,0.815,0.4552119318712826,0.03351974676189382,5.237180120990453,-0.001935546875,0.09512641592087304,0.09514610526793123,-0.393,0.4,0.793,0.1700577747770562,0.08224454826272541,4.204060679829162,-0.0020170410156250002,0.10600452642087112,0.10602371468766728,-0.608,0.61,1.218,1.1014436437540747,0.06131978487065707,5.753429803805978,-0.0030745605468749998,0.05543830376832633,0.05552349455199686,-0.249,0.291,0.54,0.1744089633248347,0.03617248963898304,5.241024585047365,2nd_test,10,2004.02.12.12.12.39
-0.0015550292968750002,0.07762333368719734,0.077638908086269,-0.439,0.474,0.913,0.6415150749455005,0.019565298132388165,6.1051863257428405,-0.001974072265625,0.09330818738788127,0.09332906725625129,-0.415,0.403,0.8180000000000001,0.05914761962362114,0.07005841676106665,4.446631817889042,-0.001922607421875,0.10458645271002825,0.10460412281437871,-0.728,0.867,1.595,1.6360985486862392,0.10483367184473792,8.28839224176865,-0.002776904296875,0.05470372691209322,0.054774163029177134,-0.276,0.229,0.505,0.11005504146137568,0.0015078217586123987,5.038872065428755,2nd_test,11,2004.02.12.12.22.39
-0.00245126953125,0.07736575740151559,0.07740458087623109,-0.378,0.4,0.778,0.3647260382142652,0.025770055100995167,5.1676528115878195,-0.001786181640625,0.09436361497175338,0.09438051851622042,-0.43,0.615,1.045,0.2904622065873399,0.0928213673616944,6.516175262247459,-0.0018608886718750003,0.10440576658070191,0.10442234914975398,-0.598,0.615,1.213,1.1545225133803472,-0.014968726746658929,5.889543809363336,-0.003140380859375,0.05459959426227402,0.05468983164672273,-0.222,0.234,0.456,0.04491899115284825,-0.03369012033811176,4.2786747179490305,2nd_test,12,2004.02.12.12.32.39
-0.0010339843750000002,0.07985799357629145,0.07986468720103242,-0.432,0.42,0.852,0.5982531546782233,0.036749791511127325,5.409149088722735,-0.001261376953125,0.09483180934131623,0.09484019788447104,-0.359,0.417,0.776,0.10632066193073397,0.0994554774847318,4.396869779875079,-0.00175244140625,0.10487944085081766,0.10489408069125017,-0.642,0.684,1.326,1.5414655991864716,0.05491531956835938,6.520863670151176,-0.0028952636718749996,0.05617946112741912,0.0562540167836651,-0.266,0.247,0.513,0.10238368110662721,0.0034770499788080098,4.7285512253857735,2nd_test,13,2004.02.12.12.42.39
-0.0023719238281249997,0.07918146190235564,0.07921698007145074,-0.383,0.422,0.8049999999999999,0.5511103583412886,0.024887726210298083,5.32714071672569,-0.001698291015625,0.09476723559538852,0.09478245161824854,-0.386,0.461,0.847,0.14024854233672546,0.10758890123389808,4.863769528265499,-0.0015814453125,0.10365067067184645,0.10366273438415563,-0.679,0.691,1.37,1.215237462759629,0.004041749262302187,6.665847704080535,-0.003035791015625,0.05554911289672028,0.05563200491356684,-0.227,0.22,0.447,0.07990004520874194,0.010891921292744104,4.080385029239917,2nd_test,14,2004.02.12.12.52.39
-0.0015209960937499999,0.07864707093207793,0.07866177721938719,-0.371,0.354,0.725,0.5530516614826197,-0.01348361399462306,4.716394837616838,-0.00122109375,0.09462320292410424,0.09463108158296882,-0.513,0.474,0.987,0.19598682545266177,0.0805929465007058,5.4210518511806365,-0.001826806640625,0.10470795711576625,0.10472389176238331,-0.671,0.725,1.396,1.3682988461680416,0.024804174649865264,6.92296655321108,-0.003251123046875,0.056228963720163415,0.056322874235157555,-0.247,0.291,0.538,0.19387118398007352,0.0370610988828819,5.16663973468149,2nd_test,15,2004.02.12.13.02.39
-0.0020170898437499997,0.07842744893849181,0.07845338360094803,-0.381,0.439,0.8200000000000001,0.47996609907349486,0.01645553133519379,5.595679623295425,-0.0012224609375,0.09568609375700858,0.09569390236174273,-0.43,0.476,0.9059999999999999,0.16584819519362304,0.09864096614989126,4.974193634570857,-0.00162607421875,0.1086957682837348,0.10870793053018833,-0.757,0.962,1.7189999999999999,2.0724590260877376,-0.03876286524704746,8.849400363886073,-0.002717138671875,0.056113860594305724,0.056179606561094525,-0.3,0.276,0.5760000000000001,0.21398033827271457,-0.02001557219170751,5.3400160371079535,2nd_test,16,2004.02.12.13.12.39
-0.001661767578125,0.07760498435587541,0.07762277416041877,-0.444,0.405,0.849,0.4477488811593342,0.02039051089838273,5.71997077915161,-0.0016699218750000002,0.09292757088853607,0.09294257404608772,-0.41,0.454,0.864,0.11760727403785243,0.09640777733669136,4.884736673744251,-0.0014107910156250002,0.10420585682409894,0.10421540638377022,-0.769,0.984,1.7530000000000001,2.3669886579075623,0.05815024609329497,9.441982084366744,-0.0027646484375,0.05476019882421017,0.054829943062618625,-0.278,0.308,0.5860000000000001,0.20295430083462174,-0.033612148810458584,5.617368590783156,2nd_test,17,2004.02.12.13.22.39
-0.0027571777343750005,0.07777670281156139,0.07782555832949016,-0.405,0.356,0.761,0.34144531637324205,0.003513831143354892,5.2039459618156165,-0.00177392578125,0.09495022834677053,0.09496679775469556,-0.425,0.405,0.8300000000000001,0.13740794134351386,0.10592078788640669,4.475248297761108,-0.001863330078125,0.10521330186669284,0.10522980038312282,-0.649,0.676,1.3250000000000002,1.1526700310009694,0.08359588989286217,6.424035753487902,-0.003074755859375,0.055541221384568185,0.055626265347265356,-0.222,0.229,0.451,0.0922079817125856,-0.0004287214322969981,4.116760285204751,2nd_test,18,2004.02.12.13.32.39
-0.0022611328125000003,0.07890076758853798,0.07893316063389487,-0.403,0.471,0.874,0.5964296522845243,-0.03212357182340833,5.967073866186725,-0.0007662109375,0.09547240956006874,0.09547548411192398,-0.454,0.479,0.933,0.24252431667987118,0.14165673280344418,5.016994723309923,-0.0014248046875,0.10675132239905147,0.10676083037492612,-0.935,0.918,1.8530000000000002,2.455067043287835,0.026973765422056168,8.757893664817695,-0.00307001953125,0.05467779985043284,0.054763918928490224,-0.229,0.215,0.444,0.08156366142840543,-0.0159726489183855,4.1815853298381125,2nd_test,19,2004.02.12.13.42.39
-0.0014483886718750002,0.07901527413866453,0.07902854786058722,-0.388,0.415,0.8029999999999999,0.5063801110635779,0.06155298503420976,5.251266931120162,-0.001681689453125,0.09565077571662774,0.09566555793288081,-0.413,0.486,0.899,0.1524805052472984,0.11733938656757269,5.080198249989809,-0.001846240234375,0.10560172145723455,0.10561785917984882,-0.662,0.889,1.5510000000000002,1.9139070690457816,0.05765100360906397,8.417137091159654,-0.0029849609375000004,0.05526646273041951,0.0553470134201589,-0.229,0.242,0.471,0.15035076952771353,-0.04405279482154904,4.372412982043301,2nd_test,20,2004.02.12.13.52.39
-0.0018087402343750004,0.07934267114626233,0.07936328499916934,-0.361,0.381,0.742,0.3844068433999399,0.037744146441618366,4.800708539209119,-0.0012542480468749999,0.09608047955380966,0.09608866576997063,-0.486,0.408,0.8939999999999999,0.15647949156404461,0.07508050525131875,5.057828580515325,-0.0008227050781250001,0.10640111111905765,0.10640429169453469,-0.703,0.693,1.396,1.2867130291679612,0.04701555491137924,6.606876365584619,-0.0029350585937500005,0.05516899004242559,0.0552470092516328,-0.232,0.266,0.498,0.1642612881271437,-0.020351081885162523,4.8147402655524525,2nd_test,21,2004.02.12.14.02.39
-0.001801708984375,0.07946629829958578,0.07948672040475141,-0.342,0.344,0.6859999999999999,0.4149724425540562,0.019707753869455672,4.327766930677256,-0.001448779296875,0.09432366160279361,0.09433478732476888,-0.347,0.417,0.764,0.13348614812498472,0.10428977682535866,4.420426566076442,-0.0012916503906249999,0.10652067291567878,0.10652850378720535,-0.618,0.972,1.5899999999999999,1.9633041034020016,0.17946942737860103,9.124318519787735,-0.0027037109374999997,0.054686116106583145,0.054752911773313484,-0.293,0.269,0.562,0.22840644374572117,-0.019733367393904647,5.35131357411126,2nd_test,22,2004.02.12.14.12.39
-0.0022458496093750004,0.07972131548057863,0.07975294340914243,-0.393,0.366,0.759,0.5200740317916859,-0.03851889509533163,4.927717814487846,-0.0014227539062500003,0.09626145878337551,0.09627197243113518,-0.466,0.422,0.888,0.18719392868634754,0.13866436137792748,4.8404534386006945,-0.0013483886718750001,0.10518184895666498,0.10519049149972219,-0.684,0.669,1.3530000000000002,1.2544789369804352,0.0005211760099323949,6.502488867972482,-0.00309033203125,0.056563254002977764,0.05664761120708225,-0.264,0.222,0.486,0.08158737502343838,0.007221887679663434,4.660390692032104,2nd_test,23,2004.02.12.14.22.39
-0.0019770019531250003,0.07935676530457542,0.07938138784581765,-0.437,0.413,0.85,0.4846810415588352,-0.036549177114067834,5.505068780647667,-0.0013240234375,0.09673244798508385,0.09674150883281694,-0.4,0.667,1.0670000000000002,0.37113042322809875,0.1712272214826448,6.894661950598434,-0.00237470703125,0.1079761942301264,0.10800230439164829,-0.681,0.847,1.528,1.3875381371192281,0.07318514799019271,7.842425259008225,-0.002956982421875,0.05602606775982585,0.056104046321739355,-0.217,0.22,0.437,0.13583281823784876,-0.045057060616309146,3.921285797007345,2nd_test,24,2004.02.12.14.32.39
-0.0021740722656250003,0.07756141544378374,0.07759187944533484,-0.308,0.405,0.7130000000000001,0.3099755507638151,0.0266197723662214,5.219618378752014,-0.0015088867187500001,0.09473912948407975,0.09475114455525722,-0.381,0.603,0.984,0.2615943824726452,0.1441104129130868,6.364039218987764,-0.0019612792968749996,0.10657505293881057,0.10659309792566601,-0.688,0.566,1.254,1.0225364674782753,-0.004534687198446432,6.454451680101563,-0.0032119140625,0.05540676214731253,0.05549978093284468,-0.259,0.242,0.501,0.12719390010867881,-0.03415577673177218,4.666685086716397,2nd_test,25,2004.02.12.14.42.39
-0.0015153320312499999,0.07772622576182905,0.07774099563514575,-0.388,0.344,0.732,0.36804211992333746,0.0013370289616362577,4.990931706302962,-0.0015135253906249997,0.09623453463755909,0.09624643586136385,-0.42,0.442,0.862,0.1566551621494887,0.09836722820950812,4.592377847965999,-0.002003857421875,0.1056096135000783,0.10562862258026053,-0.713,0.608,1.321,1.612231805636073,-0.059962660093871335,6.750064353546655,-0.003076416015625,0.055132317492346816,0.05521808370070556,-0.237,0.227,0.46399999999999997,0.09495604516366152,-0.003805751349074053,4.292072163900168,2nd_test,26,2004.02.12.14.52.39
-0.00224921875,0.0774813044446991,0.07751394405806931,-0.4,0.369,0.769,0.40420833824649316,-0.0326706483190684,5.160361853025837,-0.0021186035156250003,0.09511310929708484,0.09513670186114098,-0.439,0.444,0.883,0.1738220022516348,0.08985451686853896,4.666968596865841,-0.002367138671875,0.10742906873283874,0.10745514484796377,-0.981,0.889,1.87,2.3155987865544674,-0.03781625763627374,9.129390699522752,-0.003186083984375,0.0554029741320142,0.05549451030352574,-0.222,0.222,0.444,0.06474720769999287,-0.00012382233979511289,4.000395692867214,2nd_test,27,2004.02.12.15.02.39
-0.0023556640625,0.07824409152481353,0.07827954401833694,-0.344,0.391,0.735,0.3419917127536731,0.03369687604185462,4.99491923334931,-0.0013390625,0.0946740217175947,0.0946834910454959,-0.522,0.403,0.925,0.2331517446347866,0.10687984227268389,5.513104705271833,-0.001291650390625,0.10654673201069578,0.10655456096709622,-0.535,0.728,1.263,1.20232900829488,0.13292418156615796,6.832180559760106,-0.003020556640625,0.055081121968841566,0.05516388093459003,-0.276,0.242,0.518,0.12458150930044987,-0.025160938629666414,5.003273796531117,2nd_test,28,2004.02.12.15.12.39
-0.00244453125,0.07882328465921586,0.07886118143611597,-0.488,0.383,0.871,0.5350200636292444,-0.006817488878259659,6.188088881081904,-0.001529052734375,0.09586485510864304,0.09587704859488337,-0.474,0.474,0.948,0.2907499147594046,0.08901339446966802,4.943831781867677,-0.0017863281250000002,0.10489343899190542,0.10490864841241046,-0.723,0.776,1.499,2.017434683384363,-0.013130640994625749,7.396911615351666,-0.00291376953125,0.05517047166023242,0.05524736189261664,-0.266,0.283,0.5489999999999999,0.23456109917488455,-0.03815666008035781,5.122416533570234,2nd_test,29,2004.02.12.15.22.39
-0.0022748046875,0.0785494350087652,0.07858236746600665,-0.4,0.403,0.803,0.4890447103350155,-0.0026227136240164137,5.128376924622465,-0.002049658203125,0.09490002256116559,0.09492215432057668,-0.452,0.452,0.904,0.16550688942182612,0.11999815531904409,4.761796687301441,-0.0014609863281249999,0.10486322304910291,0.10487340000828083,-0.64,0.635,1.275,0.9570967413089555,0.013844924540234676,6.102596081974674,-0.0034757812499999997,0.05432378514244151,0.05443486646901965,-0.225,0.222,0.447,0.07349511847943768,-0.039652698569022066,4.13338021365259,2nd_test,30,2004.02.12.15.32.39
-0.0018186035156250002,0.08021030375043676,0.08023091764702917,-0.378,0.396,0.774,0.4867117699711172,0.02306220757724868,4.935753093804076,-0.0017956054687499998,0.09487624042041871,0.09489323050308963,-0.466,0.427,0.893,0.16573611797526855,0.1364709642541114,4.910782334256359,-0.0016982421875,0.1048905147047868,0.10490426159867149,-0.679,0.637,1.316,1.1352691918982902,-0.02227897000438896,6.472568317492703,-0.00293701171875,0.056733159647336544,0.05680913167270074,-0.239,0.234,0.473,0.14350027256484488,-0.001594712334230694,4.2070701128255905,2nd_test,31,2004.02.12.15.42.39
-0.0018798339843750004,0.07739824509206791,0.07742107025313345,-0.344,0.388,0.732,0.5086729705515918,-0.01826627067833771,5.01155562337741,-0.00199599609375,0.09547086323143954,0.09549172595865309,-0.449,0.466,0.915,0.20123385151208062,0.12329560675835358,4.880003951304567,-0.0018504394531250004,0.1042352561179323,0.10425167981447889,-0.667,0.684,1.351,1.434412997331691,-0.024623805635528438,6.5610453587956705,-0.003500048828124999,0.05528098325258529,0.055391673121254204,-0.31,0.264,0.5740000000000001,0.17591257833775753,-0.06109235325010507,5.596509051384009,2nd_test,32,2004.02.12.15.52.39
-0.0019884765625,0.07899110019602928,0.07901612461528817,-0.364,0.376,0.74,0.40449241574751404,0.029730785177960038,4.758522413316285,-0.00178076171875,0.09624420884062213,0.09626068173276278,-0.476,0.459,0.935,0.22956064923478525,0.12419032129534124,4.944905764500172,-0.0025443359375000004,0.10669887437146255,0.10672920611294737,-0.876,0.745,1.621,1.7143269486039925,0.02850648760976119,8.207687772592964,-0.003243896484375,0.05588777413449237,0.055981837787887734,-0.291,0.251,0.542,0.15277064751953295,-0.015166574970163606,5.198114450929348,2nd_test,33,2004.02.12.16.02.39
-0.0013528320312499998,0.07822305672439377,0.07823475415576188,-0.303,0.359,0.6619999999999999,0.40668092875128226,-0.014541133659960096,4.588753474966616,-0.0013816894531250002,0.0978430192337233,0.097852774505967,-0.408,0.483,0.891,0.3069613520962955,0.17268295842063067,4.935986766176067,-0.0016906250000000005,0.1081180086702864,0.10813122588650677,-0.657,0.645,1.302,1.3174828224675945,-0.02139378107892328,6.075950721982042,-0.0026141113281250004,0.05552381479919039,0.0555853180965138,-0.225,0.227,0.452,0.11426623085635024,-0.012743890886937063,4.08381219662667,2nd_test,34,2004.02.12.16.12.39
-0.001791064453125,0.07810817348945709,0.07812870584960675,-0.354,0.356,0.71,0.4218788787843972,-0.011723759566206884,4.556583858956052,-0.0015623535156250002,0.09524338589819027,0.09525619930408401,-0.352,0.403,0.755,0.11379389122156924,0.09799826223668927,4.230695775602829,-0.0011615234375000004,0.1028676110082962,0.10287416843527825,-0.63,0.825,1.455,1.426502408342559,0.0229835121934195,8.01950589288133,-0.0030807617187499996,0.055542237596556056,0.055627612298210324,-0.286,0.225,0.511,0.19588019455594186,0.0072563963282942755,5.141331582985451,2nd_test,35,2004.02.12.16.22.39
-0.00203349609375,0.07683498673524616,0.07686189103169887,-0.413,0.347,0.76,0.409627806173567,-0.012802938401103163,5.373273991194154,-0.001471728515625,0.09594404233362759,0.09595532942020796,-0.364,0.461,0.825,0.17308568677687886,0.129434502783332,4.804318871924067,-0.0014912109374999997,0.10627495488605784,0.10628541643185932,-0.754,0.686,1.44,1.3472119328296017,-0.03865113475636965,7.094105901878863,-0.0028114746093749997,0.05556906997831811,0.055640146726391504,-0.244,0.21,0.45399999999999996,0.033498695927733024,-0.04654746829074416,4.385322727408973,2nd_test,36,2004.02.12.16.32.39
-0.0018202636718749998,0.07984444085763252,0.07986518700725069,-0.457,0.352,0.8089999999999999,0.5706517890996232,-0.009777100151057361,5.722142739774569,-0.002276025390625,0.0964936679807248,0.09652050689855046,-0.435,0.442,0.877,0.2158220815230112,0.13173986566603701,4.579337740735162,-0.0014645507812500002,0.10491064749679434,0.10492086955028299,-0.569,0.764,1.333,1.1663803941882165,-0.00900973454668553,7.2816781186375295,-0.003012158203125,0.056386681150449626,0.05646707809160241,-0.264,0.232,0.496,0.1600982637971602,0.02941474719405741,4.675290610345675,2nd_test,37,2004.02.12.16.42.39
-0.002309033203125,0.07739473796891001,0.07742917473155306,-0.378,0.356,0.734,0.35696928410462325,0.04514825783681482,4.881880780799279,-0.0017294433593750005,0.09546862209628663,0.09548428550969461,-0.386,0.581,0.967,0.2629708782870037,0.09473008972758588,6.084770880281925,-0.0022916015625,0.1074285110576331,0.10745294982354486,-0.752,0.798,1.55,1.8640022241691012,0.020865571344182522,7.426506217865761,-0.0027642578125,0.056033258572441,0.05610140094061824,-0.281,0.308,0.589,0.2587931953743996,-0.027692721638142792,5.490058979463264,2nd_test,38,2004.02.12.16.52.39
-0.001993701171875,0.07843592197972266,0.0784612560514543,-0.398,0.498,0.896,0.6561008820895786,-0.000504141721927954,6.347081668780171,-0.0018719238281249997,0.09677743551173781,0.09679553772280453,-0.449,0.457,0.906,0.2754390482884208,0.108210881267721,4.721292021787197,-0.00211201171875,0.1067810568125258,0.1068019414032348,-0.869,0.989,1.858,2.579939922114936,-0.0035482858090224,9.260131295336032,-0.003388427734375,0.05653621499815002,0.05663766457780657,-0.239,0.239,0.478,0.09751879968846033,-0.014065127951287858,4.219806762467253,2nd_test,39,2004.02.12.17.02.39
-0.0024907226562500004,0.07855648477783131,0.0785959604559929,-0.371,0.354,0.725,0.5058926832599493,-0.03750214704176657,4.720344377024418,-0.0008767578124999998,0.09722928134675772,0.09723323431558137,-0.415,0.427,0.842,0.199298307828633,0.09824497584201942,4.391502586551138,-0.0022390136718749994,0.10715440930270453,0.10717779907814107,-0.82,0.845,1.665,2.2355183820764024,-0.07220369217397872,7.884095468092643,-0.003306982421875,0.056234235204706794,0.0563313886017101,-0.251,0.227,0.478,0.13207301349276568,-0.02355037964734466,4.455775123355017,2nd_test,40,2004.02.12.17.12.39
-0.001803759765625,0.0786407433781452,0.07866142681365101,-0.354,0.393,0.747,0.45311400755295494,-0.008567194109819452,4.996095493233567,-0.000918505859375,0.09511538248705184,0.09511981727627464,-0.479,0.505,0.984,0.1483699249076551,0.10882182513808407,5.309093461858984,-0.0013694335937499999,0.10525439765563746,0.10526330592480339,-0.676,0.752,1.428,1.4017581318007961,-0.025011032992469883,7.143989953441704,-0.002696533203125,0.055708350015225006,0.05577357396414879,-0.239,0.234,0.473,0.13869196247633608,-0.001955432794418851,4.28518351987527,2nd_test,41,2004.02.12.17.22.39
-0.001730615234375,0.07760924722037751,0.07762854039078106,-0.33,0.449,0.779,0.4307640222326752,0.04469583003677711,5.783955201707464,-0.0009978515624999998,0.09503882941696365,0.09504406769855496,-0.374,0.449,0.823,0.13840970362755556,0.11791787404591675,4.724124407420564,-0.001357373046875,0.10298306221347636,0.10299200728431855,-0.583,0.654,1.237,1.1634253579081317,0.04887619844516444,6.350007318414769,-0.0032916992187499994,0.05498149075487387,0.05507993835667393,-0.239,0.22,0.45899999999999996,0.16829482229395554,-0.0026616037102073164,4.339147920754739,2nd_test,42,2004.02.12.17.32.39
-0.0019462890624999999,0.07818452198751644,0.07820874324224403,-0.334,0.415,0.749,0.488396336752809,-0.00635618800427185,5.306312092361224,-0.0018541992187499998,0.09456809680615572,0.09458627272644403,-0.383,0.444,0.827,0.18352548549125025,0.11480892953255659,4.694127246978136,-0.0013387695312500002,0.10184375518204195,0.10185255408401647,-0.61,0.552,1.162,1.0846068355776328,-0.013344186974711575,5.989049616672666,-0.00303681640625,0.055436397360982353,0.055519513742917456,-0.222,0.225,0.447,0.06303437345150309,-0.008434191610523624,4.052629153738766,2nd_test,43,2004.02.12.17.42.39
-0.0016118652343750002,0.07807192688424783,0.07808856431612202,-0.444,0.469,0.913,0.5367816627512911,0.030868202418370145,6.006001059199459,-0.0011041015625,0.09682734212192305,0.09683363683481196,-0.583,0.503,1.0859999999999999,0.41420969453840817,0.10010548595879955,6.020635174412753,-0.003328466796875,0.1069766679721458,0.10702843632250555,-0.835,1.057,1.892,3.123223334762214,0.05726072572761963,9.875880058689242,-0.0033448242187499996,0.05527980886483928,0.05538090932069913,-0.278,0.251,0.529,0.18879127338967772,-0.00803184527347116,5.019780343170984,2nd_test,44,2004.02.12.17.52.39
-0.001743408203125,0.07646238946336069,0.07648226248359404,-0.361,0.344,0.705,0.45767000589970763,0.018150122530682534,4.720048652754184,-0.0020607421875,0.09471211737456912,0.09473453349195055,-0.5,0.479,0.979,0.1890539413388863,0.11323598183660392,5.277906393418894,-0.002097705078125,0.10495687113962969,0.10497783178374197,-0.82,0.667,1.487,1.2872550382771744,0.02320068760326051,7.811172950127391,-0.00347412109375,0.05572754079392398,0.055835726200278796,-0.269,0.232,0.501,0.12323867016073997,-0.0016293672015524486,4.817703973801619,2nd_test,45,2004.02.12.18.02.39
-0.002005615234375,0.07888778445886611,0.07891327536794347,-0.325,0.364,0.6890000000000001,0.3564760255027606,0.06839076596299971,4.612658621736199,-0.0009242675781249999,0.09578168676975601,0.09578614613301667,-0.393,0.393,0.786,0.13468447519073345,0.08381054640563408,4.102889779594476,-0.00175927734375,0.10703397059437027,0.10704842790984252,-0.71,0.745,1.455,1.7336051729812523,-0.02231986500179019,6.959466986479133,-0.0028974121093749998,0.05593432666576779,0.05600931972881277,-0.269,0.317,0.5860000000000001,0.18501727406018942,0.016862917765479032,5.6597723651920475,2nd_test,46,2004.02.12.18.12.39
-0.0021379394531250004,0.07729310252096656,0.07732266473953077,-0.356,0.396,0.752,0.49828610176171706,0.014921276074399692,5.121396182204076,-0.001722119140625,0.09448267697850685,0.09449837005662783,-0.449,0.464,0.913,0.2704278986319677,0.11778625386900086,4.910137600437335,-0.002912744140625,0.10654399836493317,0.10658380583379272,-0.613,0.613,1.226,1.0687203531583052,0.019551295447809793,5.7513427598012745,-0.0022852050781249997,0.05567507275633133,0.05572195158707092,-0.251,0.232,0.483,0.12818868549583584,0.02496376122833077,4.504508418074407,2nd_test,47,2004.02.12.18.22.39
-0.00220166015625,0.07821656732108538,0.07824754763529333,-0.415,0.349,0.764,0.3297582489932256,0.02582433830481776,5.303680594936776,-0.0019171386718749995,0.09600812912774458,0.09602726841526252,-0.43,0.481,0.911,0.18261054425658108,0.09801100093239579,5.008993881976769,-0.0014570312500000002,0.10459717282911031,0.10460732050820463,-0.627,0.667,1.294,0.9536161721882284,0.026030021128552724,6.3762267951534914,-0.0031881347656250005,0.05613861633476406,0.05622907119333935,-0.232,0.217,0.449,0.11255828767382159,-0.005970131706346364,4.125979587999237,2nd_test,48,2004.02.12.18.32.39
-0.00212666015625,0.0769404413543266,0.0769698265505305,-0.405,0.366,0.771,0.4243128403754697,0.04660765159645516,5.261802165149179,-0.0012449707031249996,0.09470997154501597,0.09471815381493337,-0.413,0.442,0.855,0.33875130276056176,0.11156268645377808,4.666476089250457,-0.00130400390625,0.1027133653117073,0.10272164250947192,-0.657,0.696,1.353,1.159766503739327,0.010379820434618842,6.775592591688226,-0.0028795410156249998,0.05514264962796454,0.05521778304543859,-0.229,0.237,0.46599999999999997,0.15048877346683343,-0.04634984750986886,4.292095533800789,2nd_test,49,2004.02.12.18.42.39
-0.0019012695312499999,0.0784566088423693,0.07847964256337435,-0.396,0.396,0.792,0.5533985473990728,-0.041870852127814204,5.045894541061063,-0.00172734375,0.0965363474615939,0.09655180007465552,-0.476,0.496,0.972,0.20666512335604592,0.11534038739237673,5.137138816794167,-0.0025740234375,0.10486679417494701,0.10489837995501884,-0.591,0.698,1.289,1.2143407388564906,0.06610500337603037,6.654058911993237,-0.0032108398437500005,0.055909594817473304,0.056001716805435975,-0.259,0.256,0.515,0.10701659936887475,-0.001029369896035456,4.624858214529497,2nd_test,50,2004.02.12.18.52.39
-0.001943994140625,0.07851550116945437,0.07853956351488958,-0.427,0.403,0.8300000000000001,0.5791138307510244,-0.023830270412440426,5.436750357208342,-0.0010604492187500005,0.09610413388099885,0.0961099844010106,-0.525,0.52,1.045,0.27134021861314217,0.13432297569612325,5.462491782373207,-0.002068798828125,0.10345324702229323,0.10347393028220622,-0.613,0.942,1.555,1.4894622658892924,0.03276482649021879,9.103742338014642,-0.003169775390625,0.05614877554030999,0.056238176274690174,-0.254,0.249,0.503,0.1447980616240283,-0.037573741358376204,4.516504922827582,2nd_test,51,2004.02.12.19.02.39
-0.0018521484375,0.07935929787647265,0.07938090836770041,-0.461,0.532,0.9930000000000001,0.6276825132083981,0.013215485169117754,6.701863343878861,-0.0011844726562499999,0.09548311907574472,0.09549046551308801,-0.4,0.471,0.871,0.1479687682553763,0.14208782186670277,4.932429614457287,-0.001581689453125,0.10422358247172037,0.1042355835824102,-0.588,0.664,1.252,1.5309454622456435,0.08109635427522949,6.370185469999902,-0.0031755859375000002,0.05517803243437149,0.05526933697245698,-0.225,0.247,0.472,0.12845707348672342,-0.009834261507953619,4.469024119442963,2nd_test,52,2004.02.12.19.12.39
-0.0020525390625,0.07688593782324185,0.07691333012919477,-0.386,0.352,0.738,0.3985078570542333,-0.047841962943301286,5.01863590286105,-0.002010009765625,0.09578814487520215,0.09580923148575311,-0.378,0.671,1.049,0.2914047717655528,0.14632301664531222,7.003500493506981,-0.0022109375000000002,0.10315118530006621,0.10317487714282726,-0.559,0.608,1.167,1.089851746767514,0.06434670686865523,5.892907428931941,-0.003000732421875,0.05722862037213489,0.057307236757373196,-0.271,0.244,0.515,0.19006593106381153,-0.020897551522137278,4.7288966512663695,2nd_test,53,2004.02.12.19.22.39
-0.001935693359375,0.0766034706411227,0.07662792325938943,-0.4,0.393,0.793,0.42524278547334626,0.015918091365504337,5.2200292397427965,-0.0015411621093749997,0.0940604799669779,0.09407310493581907,-0.391,0.391,0.782,0.13222403089331092,0.11232890660744912,4.15634203062184,-0.00289130859375,0.10522497801700036,0.10526469334046673,-0.686,0.688,1.374,1.3981050792716703,0.030454492970738534,6.535904662432311,-0.0034065917968749996,0.05497639910453702,0.05508184207315397,-0.227,0.232,0.459,0.05258921929672944,-0.010122595501342148,4.21191433081831,2nd_test,54,2004.02.12.19.32.39
-0.0021050292968750003,0.07831092036327802,0.07833920727505721,-0.349,0.442,0.7909999999999999,0.613387552300388,0.05082672091478196,5.642130107883902,-0.0019456054687500002,0.09630855296008876,0.09632820331505332,-0.505,0.425,0.9299999999999999,0.37006095459938315,0.13578970592720338,5.242493710207513,-0.0017166503906250001,0.10512398620995468,0.10513800152767969,-0.71,0.513,1.2229999999999999,1.0193944038430143,-0.033601487395928345,6.753029253712086,-0.0036416015625,0.05630399463873542,0.05642163657869869,-0.3,0.251,0.5509999999999999,0.1410640808870447,-0.029403350661844012,5.31710914794599,2nd_test,55,2004.02.12.19.42.39
-0.002425537109375,0.07734228926780076,0.07738031364276786,-0.461,0.352,0.813,0.4843217611881623,-0.010552538081734168,5.957587638146366,-0.001418896484375,0.09574375267413537,0.09575426592773492,-0.369,0.449,0.8180000000000001,0.18317002044542052,0.12655635067423826,4.689086127339413,-0.0012374999999999999,0.10446578452641204,0.10447311397181933,-0.767,0.964,1.7309999999999999,2.203556437332323,0.015875430556164513,9.227254394377514,-0.0030388671875,0.05512973914122246,0.055213429992733654,-0.239,0.244,0.483,0.12928426419372574,0.007859934041071708,4.4192146734534035,2nd_test,56,2004.02.12.19.52.39
-0.00203681640625,0.07739667641153741,0.07742347280137335,-0.452,0.383,0.835,0.44941512079219237,0.007369960546107664,5.838022806775264,-0.0016173828125000001,0.09499833772489959,0.09501210500592149,-0.427,0.515,0.942,0.34651446607314007,0.171351043401032,5.420361962957068,-0.00100068359375,0.10305327382294291,0.10305813220353478,-0.747,0.615,1.362,1.3988224926041566,-0.029547569178722605,7.248336293515034,-0.0035380371093749995,0.05421517656140723,0.05433049858202918,-0.254,0.244,0.498,0.12077656875656251,-0.01859717294419151,4.675090540754583,2nd_test,57,2004.02.12.20.02.39
-0.00204736328125,0.07596992815109205,0.07599751100981861,-0.347,0.347,0.694,0.2985831400319756,-0.006799371971470119,4.565939007536745,-0.002355322265625,0.09404866730719487,0.09407815562198471,-0.415,0.415,0.83,0.1664830486569655,0.1140155821472065,4.411225934988559,-0.00189150390625,0.10217273281145092,0.10219023983330061,-0.706,0.698,1.404,1.2782639250474128,0.012235238350890668,6.9086832670592075,-0.0033019042968750003,0.0540147849071081,0.05411561290927855,-0.232,0.254,0.486,0.125812815631964,0.022879323871384957,4.693654683743886,2nd_test,58,2004.02.12.20.12.39
-0.001757666015625,0.0781090853466685,0.07812885896719358,-0.349,0.388,0.737,0.3479309532451049,0.01652104161192016,4.966154697817301,-0.0014138183593749999,0.09715171766160298,0.0971620045437162,-0.398,0.432,0.8300000000000001,0.19158765046308757,0.1671247698068285,4.446182456035925,-0.00167548828125,0.10546108381747693,0.10547439244166093,-0.562,0.645,1.207,1.1733696112988712,0.045672283565062324,6.1152283986906255,-0.00283828125,0.054170471295043654,0.054244776714272226,-0.222,0.234,0.456,0.12973920027649033,-0.01538189007311508,4.313779393511984,2nd_test,59,2004.02.12.20.22.39
-0.0018957031249999998,0.07864043941895045,0.0786632849704597,-0.366,0.413,0.7789999999999999,0.41299062915361917,-0.0018897816381499523,5.250225694869505,-0.0011302734374999998,0.09568624224313928,0.09569291756789658,-0.535,0.498,1.033,0.23662338717276166,0.10156079328693204,5.590800380966679,-0.0010177734375,0.10590513829327367,0.10591002870213709,-0.928,1.135,2.063,2.795106399579897,-0.05400211425037917,10.71664330468056,-0.0028608886718750003,0.05585884950444524,0.05593206371977638,-0.278,0.273,0.551,0.2198315059854652,-0.011752884313796683,4.970315441744282,2nd_test,60,2004.02.12.20.32.39
-0.00229462890625,0.07709218438354404,0.07712632634090483,-0.327,0.342,0.669,0.3950734414213919,0.008946704887335467,4.434283547797896,-0.001943408203125,0.0955974540109942,0.09561720582002031,-0.386,0.43,0.8160000000000001,0.20521114305414434,0.18102674826418155,4.49709857454828,-0.0018148437499999996,0.10458113390437869,0.10459687962153794,-0.618,0.591,1.209,1.065480887483738,-0.011418218464633303,5.908398053844398,-0.0031359863281250006,0.05445694717489393,0.054547167716201134,-0.234,0.232,0.466,0.06659517349624888,-0.014147413310681839,4.2898652632739624,2nd_test,61,2004.02.12.20.42.39
-0.00255654296875,0.07926025001588238,0.07930147000233508,-0.386,0.391,0.777,0.47239362493033044,-0.011074794184598856,4.930551728531088,-0.0017577636718750002,0.09520879482787796,0.09522501953637566,-0.457,0.474,0.931,0.18106024533094756,0.105218127310128,4.9776834103347785,-0.001692578125,0.10422468931536578,0.10423843189339405,-0.562,0.586,1.1480000000000001,0.7934352136022502,0.048269272407174046,5.621726932669975,-0.0030479492187499998,0.05669517197338034,0.05677704218723664,-0.273,0.237,0.51,0.13326432956199286,0.004333416587018298,4.8082814721997185,2nd_test,62,2004.02.12.20.52.39
-0.0020714355468749997,0.07691473137716869,0.0769426198413264,-0.361,0.408,0.7689999999999999,0.3944622448109758,-0.0011731127230121612,5.302652818893979,-0.0018206542968750004,0.09600857512341357,0.09602583651964128,-0.364,0.469,0.833,0.10599728987559986,0.15171028876958254,4.88410220617225,-0.0020623046874999997,0.10214494299692309,0.10216575982426182,-0.649,0.698,1.347,1.2396369321629832,0.07057555869983305,6.832034540670154,-0.0026861816406250003,0.055537141855331325,0.055602065584523255,-0.244,0.254,0.498,0.016962420878489315,-0.0139816117500895,4.568175612276756,2nd_test,63,2004.02.12.21.02.39
-0.0018758300781250002,0.07717660830160832,0.0771994016001541,-0.388,0.386,0.774,0.37800827777844237,0.033382874199999316,5.025945693265576,-0.0014166015625000001,0.09450931138904713,0.09451992752440487,-0.498,0.417,0.915,0.17748939152443644,0.07970876944788977,5.2687302353902945,-0.00146513671875,0.10592758644332397,0.10593771847322606,-0.93,0.981,1.911,3.3797471613060486,0.018021172792518723,9.260157893986275,-0.003094775390625,0.05506444069409456,0.0551513396362398,-0.237,0.254,0.491,0.07441609631577961,-0.008441581015320283,4.605509162074674,2nd_test,64,2004.02.12.21.12.39
-0.0017930175781249997,0.07697548805816472,0.07699636792620886,-0.381,0.371,0.752,0.43648657223523335,0.04034053299808251,4.9482853575663635,-0.001588427734375,0.0957070899325034,0.09572027040295919,-0.486,0.449,0.935,0.19901698857373784,0.12325402241007805,5.077294474294527,-0.0014183105468749998,0.10206894195969089,0.10207879563150285,-0.618,0.569,1.1869999999999998,1.0030363022559836,0.03823270904438243,6.05414666357234,-0.003047705078125,0.055617697199755095,0.05570113776258861,-0.237,0.215,0.45199999999999996,0.055869597770713764,-0.04221001428785423,4.254850251100706,2nd_test,65,2004.02.12.21.22.39
-0.0019039550781249997,0.07742266494287933,0.0774460721521555,-0.383,0.459,0.8420000000000001,0.4911372191123604,0.042398720223168776,5.926704702238386,-0.00095810546875,0.09549707488323662,0.09550188101468866,-0.454,0.496,0.95,0.1388645532315853,0.09809406018479563,5.193614981452765,-0.00165634765625,0.10479987890217424,0.10481296725820116,-0.625,0.718,1.343,1.2221989216192428,-0.06062972227969845,6.850297427649338,-0.003030224609375,0.05524179551063319,0.055324842814253664,-0.264,0.242,0.506,0.262734499268757,-0.03633560152430861,4.771816539661498,2nd_test,66,2004.02.12.21.32.39
-0.001963623046875,0.0766164975079725,0.07664165646604577,-0.32,0.393,0.7130000000000001,0.34600497216470494,0.049906451631291544,5.127759734276899,-0.0010088867187500003,0.09582784663425073,0.09583315732547243,-0.356,0.493,0.849,0.20601814733940582,0.13407558708904077,5.144357274179219,-0.00061826171875,0.10463710530750851,0.10463893183078418,-0.701,0.886,1.587,1.6468220602844514,0.09344175730834517,8.467211815811718,-0.003162060546875,0.05494882789970157,0.05503973396059546,-0.31,0.374,0.6839999999999999,0.29584289424633514,0.016219195936247502,6.7950909839237665,2nd_test,67,2004.02.12.21.42.39
-0.001947021484375,0.07693101411986752,0.07695564843578329,-0.386,0.369,0.755,0.4469901117158317,-0.012696409772231583,5.015876129184814,-0.0016390625,0.09563201566125015,0.09564606079349271,-0.393,0.439,0.8320000000000001,0.13029772122964545,0.1229919244684127,4.589838790572309,-0.002064404296875,0.10400340524837838,0.10402389181509879,-0.654,0.762,1.416,1.3927113991049564,0.08219647432146499,7.325240256797165,-0.0030784179687500003,0.05434696478268981,0.05443408158756102,-0.232,0.208,0.44,0.13263561898312126,-0.03983655251444023,4.262035717871895,2nd_test,68,2004.02.12.21.52.39
-0.00241171875,0.07728708668930986,0.0773247059887718,-0.381,0.444,0.825,0.4880416166718633,0.04372833456528373,5.742019892823524,-0.001124072265625,0.09598066815149432,0.09598725018076945,-0.422,0.432,0.854,0.1715128251316944,0.0837310216093558,4.500597727114057,-0.001303759765625,0.1038276924159767,0.10383587772033867,-0.522,1.055,1.577,1.5791986504746793,0.06205913238993378,10.160264671053994,-0.0032920898437499998,0.05579086870787574,0.05588791360141073,-0.225,0.212,0.437,0.13780218852221227,0.030638863742751772,4.025915184464761,2nd_test,69,2004.02.12.22.02.39
-0.002700634765625,0.07572478230967107,0.07577292447823547,-0.361,0.5,0.861,0.5881648615563315,0.031751568058823273,6.598663090231104,-0.002216162109375,0.09413394505614377,0.09416002860199292,-0.386,0.508,0.894,0.2184852588694861,0.10453628551081355,5.395070578640977,-0.0015990722656249999,0.10346891776035295,0.10348127354555207,-0.823,0.759,1.5819999999999999,1.785811206843225,0.05191758652312572,7.953129796279181,-0.0030668945312500003,0.05532442507154221,0.05540936609962706,-0.259,0.259,0.518,0.13806824087626257,-0.03412330015711712,4.674300000646803,2nd_test,70,2004.02.12.22.12.39
-0.00187890625,0.07666611091522911,0.07668913124793174,-0.349,0.391,0.74,0.3623983965568214,0.032043297481202375,5.098506054669207,-0.001242578125,0.09647440785357028,0.09648240964597511,-0.356,0.452,0.808,0.10631373773465258,0.12754767022561267,4.684791783847937,-0.0018946777343750003,0.10604915986282488,0.10606608369939999,-0.847,0.764,1.611,1.6363261543602654,-0.024841262323264474,7.98558757380429,-0.002834619140625,0.055725781619121124,0.05579782973140062,-0.222,0.278,0.5,0.17454321743901247,-0.010609969403757132,4.982272631986819,2nd_test,71,2004.02.12.22.22.39
-0.002236181640625,0.07736800711452542,0.07740031675131004,-0.439,0.364,0.8029999999999999,0.5401611783934817,0.003730982269551857,5.67181141396166,-0.001795751953125,0.09588339135540352,0.0959002057499911,-0.459,0.554,1.0130000000000001,0.39208311524378114,0.12649758410334855,5.776838492281072,-0.0025425781249999997,0.10384556283962387,0.10387668470354645,-0.779,0.591,1.37,1.2466096817065138,-0.08234489393280847,7.499276687696454,-0.0034352050781250006,0.05671525472061595,0.0568191935172713,-0.276,0.298,0.5740000000000001,0.24514740415535696,0.017977177421106945,5.244706613165363,2nd_test,72,2004.02.12.22.32.39
-0.0015485839843750002,0.07793970891358244,0.07795509180220767,-0.398,0.383,0.781,0.3260740035745182,-0.030949995995736067,5.105503576401706,-0.0004439453125,0.09790397969788822,0.09790498622708141,-0.544,0.459,1.0030000000000001,0.19967244170206389,0.12882219901695235,5.556407502399181,-0.00126591796875,0.10422180931855815,0.10422949719699075,-0.735,0.754,1.4889999999999999,1.3719869623829863,0.08482106243136335,7.234036623699025,-0.0028945800781250003,0.05562970985958804,0.05570496578304869,-0.242,0.232,0.474,0.05694026772952254,-0.0010541779225539069,4.344316464319552,2nd_test,73,2004.02.12.22.42.39
-0.00193642578125,0.07879662162435938,0.07882041185009597,-0.437,0.332,0.769,0.3948251135159331,-0.0051681301375093355,5.54424913213548,-0.0012281738281250002,0.09693044299135867,0.0969382235728153,-0.608,0.425,1.033,0.21733489241293658,0.10447179676633905,6.2720357108362705,-0.0010160644531249999,0.10618929463306422,0.10619415559078864,-0.801,0.608,1.409,1.573925098875823,-0.04562143851930567,7.542787976760715,-0.003147802734375001,0.05632588527149251,0.056413775034754365,-0.261,0.273,0.534,0.18465732027141257,-0.03405189706477104,4.839243603658431,2nd_test,74,2004.02.12.22.52.39
-0.0020615234374999998,0.07753322072782182,0.07756062271096398,-0.342,0.383,0.7250000000000001,0.34016117779744404,0.010694172240866773,4.938072782400714,-0.0015232910156250002,0.09488157063313107,0.09489379780221743,-0.349,0.515,0.864,0.1299100237634785,0.12852694165389295,5.427119705630947,-0.002278955078125,0.10217547935071684,0.10220089146772093,-0.728,0.688,1.416,1.3360804625620712,0.031004748079028723,7.123225536861464,-0.0029064941406250003,0.05614010790547733,0.05621529528365145,-0.229,0.242,0.471,0.053003907406576456,0.023891513009335393,4.304878214631982,2nd_test,75,2004.02.12.23.02.39
-0.002091162109375,0.0768620850433046,0.07689052656973988,-0.352,0.342,0.694,0.44613462626943345,-0.052644835621481596,4.577937175084335,-0.001405078125,0.09669689259077899,0.09670710046966562,-0.544,0.508,1.052,0.313454532863942,0.13219945921299267,5.625233280207928,-0.0008985351562500004,0.10418358363685103,0.10418745828958373,-0.601,0.557,1.158,1.0814898393083068,0.04406937038799464,5.7684486200227925,-0.0035525390625,0.055532030570963384,0.0556455474690024,-0.271,0.273,0.544,0.15652472681597418,-0.035392056186572686,4.9060529083152575,2nd_test,76,2004.02.12.23.12.39
-0.002017138671875,0.07822026971915784,0.07824627430976747,-0.432,0.422,0.854,0.4445772787585356,-0.009280108908770554,5.521029643970569,-0.000885009765625,0.09559412598967769,0.09559822260908216,-0.386,0.439,0.825,0.17475071680743737,0.14190397417707795,4.592135585936107,-0.002043701171875,0.10375101182852121,0.10377113842452473,-0.632,0.781,1.413,1.442726635952626,-0.0037950056678275833,7.526177430929064,-0.0036936523437499993,0.055073283907283575,0.05519700778093637,-0.254,0.225,0.479,0.14090180994101287,-0.015301417915272451,4.601698718949823,2nd_test,77,2004.02.12.23.22.39
-0.001696533203125,0.076706570747191,0.07672532972039368,-0.393,0.415,0.808,0.6543006059840124,0.024579423944552783,5.40890474510771,-0.000932763671875,0.0944999024510637,0.09450450577262508,-0.391,0.457,0.8480000000000001,0.15312245268382751,0.11753470920072262,4.835748266804253,-0.00109208984375,0.09953258150565286,0.09953857263094669,-0.669,0.686,1.355,1.3640326168518468,0.01666097779057488,6.891800654370945,-0.0028527343750000002,0.0551500456172585,0.05522377771395216,-0.266,0.225,0.491,0.13452407973869107,0.022305401533714776,4.816765730388976,2nd_test,78,2004.02.12.23.32.39
-0.001356591796875,0.07737065656039942,0.07738254866499697,-0.427,0.359,0.786,0.3863550827223339,-0.02260819240915229,5.518040014978597,-0.0009378906249999997,0.0959512960858296,0.09595587975405677,-0.42,0.41,0.83,0.10635006705002104,0.09241778598059674,4.377011612754938,-0.0008666503906249997,0.10573784994618084,0.1057414015139795,-0.698,0.759,1.4569999999999999,1.0985282762006534,0.0133915322762065,7.177888595437983,-0.0032039062500000006,0.05611326805603743,0.056204660546857674,-0.386,0.408,0.794,0.33710740360628844,-0.020973823259880855,7.259184487958828,2nd_test,79,2004.02.12.23.42.39
-0.0024544921875,0.07695148303664459,0.07699061808712475,-0.349,0.361,0.71,0.44905515943385366,0.031174289420170507,4.6888829959358596,-0.0014763671875000002,0.09422957922885161,0.09424114420845468,-0.471,0.447,0.9179999999999999,0.1788891702940223,0.09752849900788008,4.997817078209319,-0.001163623046875,0.10560641587139323,0.1056128263602337,-0.671,1.069,1.74,2.539898718834978,0.09739921929669532,10.121876639714545,-0.002440380859375,0.05450218477067521,0.054556792459927714,-0.227,0.225,0.452,0.15686316989247695,-0.009711100750153336,4.160801794984044,2nd_test,80,2004.02.12.23.52.39
-0.00216064453125,0.07479142203837336,0.07482262488921716,-0.369,0.337,0.706,0.30274620550562537,0.013691470350722127,4.93166339113887,-0.0015541015625000001,0.09446936405468143,0.09448214633761504,-0.427,0.432,0.859,0.17512322324290386,0.09680741003860954,4.572292403813023,-0.0017177734374999997,0.10243635427079792,0.10245075608249556,-0.728,0.657,1.385,1.2115547723936508,-0.07485055440731371,7.105852878300799,-0.0030071289062500004,0.05567363084831944,0.05575478451302408,-0.242,0.239,0.481,0.012821334609440349,-0.003061038967285543,4.340434674967301,2nd_test,81,2004.02.13.00.02.39
-0.0022718750000000005,0.07730518236640493,0.07733855853789073,-0.447,0.457,0.904,0.58162761268939,-0.02619621263278169,5.909083497725024,-0.0022378417968750004,0.09545999204729845,0.0954862189929946,-0.422,0.452,0.874,0.21339193070313378,0.12471700590139924,4.733667379042703,-0.0021602539062500004,0.10342509178944094,0.1034476500873449,-0.771,0.632,1.403,1.3405734951640973,-0.025691703804727357,7.453045084557856,-0.0035039550781250004,0.05542666611287934,0.0555373119405155,-0.232,0.225,0.457,0.1399153181106918,-0.05413809115002891,4.177371786454331,2nd_test,82,2004.02.13.00.12.39
-0.0018424804687500005,0.0767718692892115,0.07679397533945942,-0.374,0.342,0.716,0.3194399375811279,0.006857906365208835,4.870173712741181,-0.0019597167968750002,0.09366258314171766,0.09368308262809848,-0.325,0.422,0.747,0.173230548639129,0.15221709307464443,4.504548613870274,-0.002226953125,0.10125854157689143,0.10128302702081925,-0.693,0.886,1.579,2.178081611190562,0.02064906113133498,8.747763826303595,-0.00304990234375,0.05600837557683751,0.05609135440567022,-0.234,0.266,0.5,0.14800710647900983,-0.0032566339935605326,4.742263808990287,2nd_test,83,2004.02.13.00.22.39
-0.001706982421875,0.07770301804785824,0.077721765308917,-0.334,0.42,0.754,0.43935923864966187,0.007062047350268264,5.403891668250741,-0.001848193359375,0.0963357813343035,0.09635350841554434,-0.493,0.459,0.952,0.29135233432718577,0.11246933661830912,5.116575494778243,-0.0021367675781249996,0.10103597506591501,0.10105856734192864,-0.708,0.693,1.4009999999999998,1.4510029479173916,0.07612932615439695,7.005838481734035,-0.003107958984375,0.054798467908255134,0.054886532903259844,-0.212,0.205,0.417,0.08080238699428133,-0.020318753995379066,3.862513968040169,2nd_test,84,2004.02.13.00.32.39
-0.0018160644531249998,0.07733765888729578,0.0773589786144157,-0.339,0.442,0.781,0.5730646490077822,0.0526889549680283,5.713622489735413,-0.0017679199218750001,0.09490321290914214,0.09491967847252815,-0.403,0.437,0.8400000000000001,0.25124090167543534,0.10964023033309157,4.603892543966777,-0.0021681152343749994,0.10191763443080444,0.10194069320757351,-0.667,0.605,1.272,1.1694722105313708,-0.024482059797423513,6.54302005417306,-0.0028788085937499997,0.05608746099970163,0.05616129290100523,-0.366,0.242,0.608,0.22584998258837263,-0.03545269389005346,6.516943985577868,2nd_test,85,2004.02.13.00.42.39
-0.002742236328125,0.07684285540653787,0.07689176995692956,-0.352,0.403,0.755,0.26313045713724614,-0.01355067737781813,5.241133091623418,-0.00197607421875,0.09392630928549514,0.0939470938630488,-0.437,0.745,1.182,0.29629810140322643,0.15312777764645327,7.9299951638535235,-0.0024950683593750003,0.10360329412621937,0.10363333401913631,-0.701,0.889,1.5899999999999999,2.5184058199803943,0.03445096570363803,8.578320946687523,-0.00354931640625,0.05483690225698453,0.054951646891551395,-0.229,0.222,0.451,0.16012301999159195,0.022534766482679977,4.167300034660847,2nd_test,86,2004.02.13.00.52.39
-0.0018522949218750002,0.07489928008879172,0.07492218065631082,-0.359,0.359,0.718,0.44095646881747097,-0.00497322787096181,4.791638428705681,-0.0012126464843750001,0.09388527295981147,0.093893104061131,-0.474,0.425,0.899,0.17949858653617934,0.09452676520132369,5.04829406519934,-0.0016245117187499998,0.10174121019675678,0.10175417873790246,-0.686,0.691,1.377,1.3816161665210815,-0.0152099141736454,6.790875898798032,-0.0027277832031250004,0.05576603144612206,0.0558327060463052,-0.237,0.237,0.474,0.08637981761330504,-0.04209514349882819,4.244823809886588,2nd_test,87,2004.02.13.01.02.39
-0.0015585937500000003,0.0776150336067212,0.07763068115281484,-0.42,0.452,0.872,0.6069125322892983,0.05105431945917985,5.822440216702753,-0.00135390625,0.09585148192022756,0.09586104343495067,-0.393,0.601,0.994,0.2352122767714362,0.1148812433925863,6.269491531265844,-0.0008954101562499998,0.10565905053237079,0.10566284455166822,-0.63,0.94,1.5699999999999998,1.8648148562940623,0.1359471792913205,8.89622084262034,-0.0029212402343749997,0.05653931066448319,0.05661472683782794,-0.22,0.239,0.45899999999999996,0.1547480612014649,0.025935502024859697,4.221516438300418,2nd_test,88,2004.02.13.01.12.39
-0.0019397460937500004,0.07776034071566805,0.07778453061583003,-0.347,0.374,0.721,0.42031091089811445,-0.01411826536671661,4.808153973986681,-0.0016271484375,0.09529403994016936,0.09530793073063883,-0.43,0.466,0.896,0.14501104288491096,0.09417640967249089,4.889414725749623,-0.0015527832031250002,0.1052906248009039,0.10530207408517947,-0.603,0.642,1.245,1.0177974456419454,0.022708482004579637,6.096746009718532,-0.0028441406250000003,0.05532439424413271,0.05539745241773308,-0.254,0.259,0.513,0.175120593671362,-0.001029818927026436,4.675305247654623,2nd_test,89,2004.02.13.01.22.39
-0.002697802734375,0.07854299264982698,0.07858931119423541,-0.378,0.393,0.771,0.3801399430969199,-0.04865005906612907,5.000680041891322,-0.00158720703125,0.09546984610874498,0.09548303902886365,-0.417,0.474,0.891,0.24130925449302731,0.1609236151544278,4.9642324418659305,-0.001394189453125,0.10337599302079,0.10338539402287746,-0.579,0.701,1.2799999999999998,1.2099423024855387,-0.04388158207912037,6.780454885514098,-0.002969873046875,0.05476985335480934,0.05485031433293591,-0.21,0.208,0.418,0.089612686912099,-0.016735097721710487,3.828601577768405,2nd_test,90,2004.02.13.01.32.39
-0.0025972656249999997,0.07594613449074082,0.07599053317889341,-0.376,0.356,0.732,0.3464396355508277,-0.019641247862199823,4.947984758968464,-0.0007887695312499999,0.09467346436222411,0.09467675011172885,-0.366,0.649,1.0150000000000001,0.23831540216892,0.17308125705417896,6.8549036508673415,-0.0009127929687500001,0.10454852908576094,0.10455251371918324,-0.737,1.26,1.9969999999999999,2.2098177515766766,-0.025644570224322386,12.051360174583392,-0.00278740234375,0.05554181822525985,0.055611718042097476,-0.227,0.261,0.488,0.12164112550181239,0.007418725570535316,4.6932554717646475,2nd_test,91,2004.02.13.01.42.39
-0.0018339355468749998,0.07668904663489619,0.07671097179256287,-0.332,0.386,0.718,0.358155992917113,-0.00570154133831129,5.03187472371965,-0.0009106933593749998,0.09500361620845447,0.09500798100727183,-0.459,0.488,0.9470000000000001,0.210906030654741,0.13194492664992535,5.136410592258691,-0.0008028320312499998,0.10486892624223035,0.10487199926800647,-0.51,0.754,1.264,1.1248418565844922,0.056305586886958824,7.189717038443403,-0.002327294921875,0.05495436456437959,0.055003622483688515,-0.347,0.247,0.594,0.21329323372892883,-0.021457908191281405,6.308675398544799,2nd_test,92,2004.02.13.01.52.39
-0.0020482421874999995,0.07501633557018661,0.07504429291050387,-0.342,0.425,0.767,0.35354929352836173,-0.02361848578514314,5.663322066358624,-0.001854638671875,0.094478330295761,0.09449653210609438,-0.403,0.471,0.874,0.18549291192103823,0.12395156396002675,4.98430989473993,-0.00220361328125,0.10288518207239174,0.10290877805883471,-0.759,0.723,1.482,2.0359582219139076,0.024248348034738177,7.375464117926764,-0.0027293457031250003,0.055448408577971904,0.05551554144378739,-0.227,0.254,0.481,0.13645470635752233,0.030703335507836445,4.575295374766614,2nd_test,93,2004.02.13.02.02.39
-0.0017783203125000002,0.07822606699390491,0.07824627774193958,-0.352,0.403,0.755,0.5428820813815229,0.02389127430634648,5.150404742880744,-0.0016877929687500002,0.09565624891483639,0.09567113776663524,-0.588,0.479,1.067,0.28848513791388886,0.09409273094214468,6.146054219906178,-0.0025396484375,0.10562727110295739,0.1056577977001402,-0.818,0.815,1.633,1.9717838763178541,0.05065208960058475,7.741974731612,-0.00268662109375,0.055250970692026016,0.05531625163830699,-0.242,0.217,0.45899999999999996,0.1285679249238929,-0.013884519674657226,4.374844513651717,2nd_test,94,2004.02.13.02.12.39
-0.00176240234375,0.07743030001138924,0.07745035456261644,-0.344,0.42,0.764,0.5008486498061995,0.021631831526954567,5.422828628305619,-0.00108779296875,0.09562781658133468,0.09563400335474956,-0.41,0.432,0.842,0.1786711662631233,0.12248360028057377,4.517221750019188,-0.0010291015625,0.10208069644498323,0.10208588363098373,-0.61,0.603,1.213,0.9506236922757072,0.023704996951366745,5.9753609245234145,-0.0031416015625,0.05529309041313388,0.055382267088053556,-0.278,0.215,0.493,0.15016475958702813,-0.060070129369620494,5.019657276813564,2nd_test,95,2004.02.13.02.22.39
-0.0017580566406249997,0.07829629476519134,0.07831602988602893,-0.437,0.408,0.845,0.5366345309682168,-0.0037356983017462478,5.579955988963864,-0.00124619140625,0.0956148806693628,0.09562300140885298,-0.549,0.454,1.0030000000000001,0.20572392292925779,0.10490053706392227,5.74129646534428,-0.001989306640625,0.10308837622829473,0.10310756836574547,-0.598,0.618,1.216,1.0837880960576642,0.06521806718151926,5.993740418761723,-0.002867333984375,0.05598552867672746,0.05605890674451852,-0.222,0.227,0.449,0.09736469118853996,-0.014754736626676108,4.049311932365626,2nd_test,96,2004.02.13.02.32.39
-0.00236171875,0.07652371351325286,0.07656014919860397,-0.359,0.444,0.8029999999999999,0.3892193620919868,0.01059267022142343,5.799361738995889,-0.00148994140625,0.09619592888871228,0.0962074667588553,-0.515,0.41,0.925,0.21788286221156605,0.09973861166962648,5.353014868227413,-0.0018703125,0.10197254234395572,0.10198969291520345,-0.613,0.698,1.311,1.0717727888102022,0.010003028212520144,6.843828822717303,-0.002738720703125,0.055952600482079014,0.05601958667998966,-0.283,0.325,0.608,0.27267496335437746,0.021075475862056357,5.801542268613155,2nd_test,97,2004.02.13.02.42.39
-0.00202060546875,0.0776539195149843,0.0776802038005823,-0.381,0.378,0.759,0.45086148262336545,0.012000841891185068,4.904724516083713,-0.001830859375,0.09488525041816417,0.0949029124577784,-0.388,0.471,0.859,0.1662380512119377,0.1215335931721336,4.962966760420354,-0.002179736328125,0.1016598176514717,0.10168318334607068,-0.698,0.957,1.6549999999999998,1.7701490091350562,0.013868786155973431,9.411585755862053,-0.0026192382812500006,0.056338778387546126,0.05639963084431493,-0.266,0.286,0.552,0.18481702861007143,0.008160443402319029,5.070955176717398,2nd_test,98,2004.02.13.02.52.39
-0.0019184570312500003,0.07569132158473815,0.07571563009461785,-0.396,0.378,0.774,0.39253390254036225,-0.012775323005232129,5.230095813769356,-0.002280810546875,0.09526371345121336,0.09529101320305931,-0.391,0.4,0.791,0.12525996455390453,0.09678502816542181,4.1976676136649616,-0.0016276855468749997,0.10334957273584816,0.1033623894118256,-0.83,0.964,1.794,2.412364177060872,0.13971282191120413,9.32640978479918,-0.00266728515625,0.055808711238045074,0.055872414125006716,-0.227,0.244,0.471,0.14665857199529597,-0.023687644615531366,4.367092487711682,2nd_test,99,2004.02.13.03.02.39
-0.0017819824218749999,0.0779258334891341,0.07794620572117751,-0.361,0.388,0.749,0.5248632368505843,0.03296497595720993,4.977792009311429,-0.0018854980468750002,0.09484306025617191,0.09486180043431933,-0.378,0.417,0.7949999999999999,0.13209353288788783,0.09103044284717024,4.395868495921366,-0.0014565917968749997,0.1025740465702236,0.10258438813705098,-0.718,0.637,1.355,1.2515653595283167,0.046637650361070364,6.999115684481787,-0.0028554687500000004,0.055292008999088406,0.055365692996091904,-0.266,0.276,0.542,0.16821766511146707,-0.004018229856023797,4.98503649208359,2nd_test,100,2004.02.13.03.12.39
-0.002490185546875,0.07655343633445863,0.07659392690463046,-0.381,0.369,0.75,0.4165630099460307,-0.06115951499883136,4.974284716716783,-0.0011771484375,0.09514532400980666,0.09515260563628829,-0.503,0.566,1.069,0.17228583009531473,0.15922448379159632,5.948339472252944,-0.0011845703124999999,0.10229826573349615,0.10230512391325397,-0.74,0.764,1.504,1.2532962430208165,-0.02018363668247429,7.467856650467859,-0.002703955078125,0.05571643822305592,0.05578201198709244,-0.22,0.232,0.452,0.06420200309847912,-0.010359821587407165,4.159046827667745,2nd_test,101,2004.02.13.03.22.39
-0.0017874023437499998,0.07637900854794992,0.07639991985536536,-0.398,0.469,0.867,0.4453741256774362,-0.04788269964002148,6.138749895048805,-0.0009681152343750001,0.09551087915047216,0.09551578551843211,-0.376,0.415,0.7909999999999999,0.13525956917469006,0.11145611190441641,4.34483156625007,-0.001501123046875,0.10416620113873917,0.10417701680350673,-0.825,0.92,1.745,2.2451290291899433,0.09391095662946472,8.831122527979709,-0.002679296875,0.05521161598912511,0.05527658791816839,-0.237,0.21,0.44699999999999995,0.05877474406112615,-0.02152805293209521,4.287529475346197,2nd_test,102,2004.02.13.03.32.39
-0.0020548339843749997,0.07660424736225324,0.07663180186215528,-0.371,0.33,0.7010000000000001,0.4007797505176063,-0.018045275410609674,4.841332070757135,-0.0015270019531250002,0.09609485646413796,0.0961069881633387,-0.376,0.488,0.864,0.09720599361831805,0.15867537190949701,5.077674468016223,-0.001918115234375,0.10121419787522787,0.10123237139165576,-0.745,0.776,1.521,1.2542307546283444,-0.020734477495290882,7.6655321743880185,-0.002785498046875,0.05548556025773941,0.0555554353460071,-0.266,0.232,0.498,0.09090578441363784,-0.01387709375752807,4.788010360075957,2nd_test,103,2004.02.13.03.42.39
-0.0018719726562499996,0.0772601424092203,0.07728281753869194,-0.396,0.437,0.833,0.5316575196159739,0.041805559904288914,5.65455574617941,-0.001222314453125,0.09579854319883109,0.09580634076949514,-0.461,0.488,0.9490000000000001,0.21094814248876714,0.1293213426033962,5.0936085866071,-0.0022306640625,0.10165053884754631,0.10167501123755163,-0.654,0.647,1.3010000000000002,1.2569894540156232,-0.031075140437859663,6.432258939864528,-0.003227099609375,0.05577294964492686,0.05586623384464336,-0.229,0.237,0.46599999999999997,0.14440205366175896,-0.004614513012701116,4.242276303335991,2nd_test,104,2004.02.13.03.52.39
-0.0021708496093749995,0.07761026090357093,0.0776406155665118,-0.425,0.364,0.7889999999999999,0.4422063380916792,-0.002657138132887252,5.473939083216624,-0.0013103515625,0.09659159892396907,0.09660048656143638,-0.417,0.464,0.881,0.1964209302814739,0.09122376373286963,4.8032884358206624,-0.0013259765625000003,0.10270502593623133,0.10271358511125123,-0.559,0.637,1.1960000000000002,1.193934293652962,0.04379728652052484,6.201711285842571,-0.0029814453125,0.05609471140768149,0.05617388774210398,-0.264,0.242,0.506,0.08465540544106132,0.019911307987675406,4.699692519188494,2nd_test,105,2004.02.13.04.02.39
-0.0013720703125,0.07680829639898158,0.0768205504579097,-0.378,0.425,0.8029999999999999,0.43609996973448073,-0.0015293163511521765,5.532373791402691,-0.0019088378906250002,0.0946254713290002,0.0946447224430825,-0.459,0.461,0.92,0.2001694892577559,0.10743408971578218,4.870847397459119,-0.0020471679687500003,0.10256351891341031,0.10258394761654355,-0.857,0.898,1.755,1.783690580316076,0.05348105848263244,8.753806232413181,-0.002409521484375,0.055253152458542676,0.05530566562650363,-0.254,0.251,0.505,0.1507341968890934,0.020153688878368353,4.592657860963981,2nd_test,106,2004.02.13.04.12.39
-0.0017638183593750001,0.07604144332532264,0.07606189688801565,-0.366,0.42,0.786,0.4773209140232182,0.016751148389582894,5.521818639532951,-0.00147822265625,0.09549941669061282,0.09551085661048564,-0.508,0.513,1.021,0.2711515130004951,0.13436532735329307,5.37111715044873,-0.0014521484375,0.10469303835757403,0.1047031089109822,-0.745,0.798,1.5430000000000001,1.870874263480986,0.03472982559968169,7.6215501936129915,-0.0030088378906250003,0.05489070701688551,0.054973109992664825,-0.22,0.242,0.46199999999999997,0.13623808339995902,0.03443596235450577,4.4021522527630035,2nd_test,107,2004.02.13.04.22.39
-0.001752685546875,0.0760203773412639,0.07604057915175538,-0.339,0.369,0.708,0.4479454656885884,0.035843413948331175,4.852672140472894,-0.0016619628906249999,0.09499365746947694,0.09500819480485947,-0.369,0.532,0.901,0.2539670358570585,0.11422430975439679,5.599516979425755,-0.0017649414062500001,0.10237737530343316,0.10239258758419723,-0.884,0.647,1.5310000000000001,1.8875397548532407,-0.053393770366755834,8.633437447456389,-0.0028142089843750002,0.05508924225797527,0.055161076718693816,-0.239,0.259,0.498,0.08126774860451613,-0.0009320199567963459,4.695339819346399,2nd_test,108,2004.02.13.04.32.39
-0.0017675292968750002,0.07733958012969694,0.07735977517064747,-0.364,0.381,0.745,0.41835620351561786,0.03500325002144156,4.925040166606344,-0.0016310546875000001,0.09457197992623864,0.09458604403696404,-0.457,0.461,0.918,0.09188831343807946,0.145033265097773,4.873869128250762,-0.0018454101562500002,0.10366193470820888,0.10367835958431128,-0.732,0.764,1.496,1.8538444590521843,-0.02971581543487995,7.368943751191838,-0.00252431640625,0.05681665099763789,0.05687269998783467,-0.276,0.264,0.54,0.2509696888736035,0.022554680096014964,4.852943504602116,2nd_test,109,2004.02.13.04.42.39
-0.002118603515625,0.07647438708791138,0.07650372776099296,-0.334,0.361,0.6950000000000001,0.47653814406220185,-0.005769643314559997,4.71872431005048,-0.00113310546875,0.09552087702171023,0.0955275974522546,-0.378,0.474,0.852,0.19030745470650778,0.15447760503960764,4.961916897700131,-0.00031547851562499995,0.10322480272267079,0.10322528480865589,-0.698,0.774,1.472,2.0678084004142665,0.1441621346978079,7.498162891264782,-0.00304560546875,0.05550707188742908,0.055590563427505395,-0.269,0.237,0.506,0.14326809960030973,0.03410724016064344,4.83895077526888,2nd_test,110,2004.02.13.04.52.39
-0.00132509765625,0.07626393747486522,0.07627544849405181,-0.364,0.354,0.718,0.387836383529768,-0.02038468357291256,4.772177773869315,-0.00202861328125,0.09329435660450683,0.0933164093077619,-0.349,0.437,0.786,0.11723569095026765,0.12337763842552886,4.682992018628475,-0.0008739746093749999,0.10317897208108971,0.10318267350349149,-0.908,0.793,1.701,2.095860168540722,0.02494460982615208,8.799927053261275,-0.00234873046875,0.05472404375761321,0.05477442377606541,-0.242,0.212,0.45399999999999996,0.05122501555967096,-0.03385633158652363,4.418120416655625,2nd_test,111,2004.02.13.05.02.39
-0.0014458496093749998,0.0779639045172761,0.07797731008871667,-0.349,0.417,0.766,0.4254419235589375,-0.009992832870421912,5.347709474977032,-0.001958837890625,0.09650028596043836,0.09652016492074662,-0.415,0.508,0.923,0.227873400252685,0.13542237686765077,5.263148901702138,-0.0012213378906250003,0.1051606786946649,0.10516777077491765,-0.544,0.662,1.206,0.9521126377119589,0.08740913034508073,6.294704120053396,-0.003254541015625,0.05653126644454809,0.056624871947288984,-0.229,0.225,0.454,0.08426576660459828,-0.04003083270919035,4.044159255832447,2nd_test,112,2004.02.13.05.12.39
-0.002102587890625,0.07603626725856104,0.0760653325402126,-0.413,0.369,0.782,0.450632419481404,-0.021145094206746342,5.42954308095918,-0.0016078613281250002,0.09495182262516157,0.09496543496394162,-0.53,0.388,0.918,0.18394272384002397,0.08978348563814446,5.580977965252937,-0.0021101562500000005,0.10217189471046129,0.10219368291692496,-0.598,0.627,1.225,0.971371164444832,-0.06277649252403182,6.135408589820213,-0.0027189453125,0.055302978633728524,0.055369776136218934,-0.249,0.229,0.478,0.04664314149790805,-0.005309882703252061,4.497038228634358,2nd_test,113,2004.02.13.05.22.39
-0.001947705078125,0.07678033455909639,0.07680503453601284,-0.352,0.374,0.726,0.4783552562370219,0.03110930720074883,4.869472453915335,-0.0015183593750000002,0.09610461145346175,0.09611660500565186,-0.439,0.444,0.883,0.23253555421140026,0.14419480972075316,4.619389126044063,-0.0012786621093750002,0.10159659828446853,0.10160464438088264,-0.786,0.835,1.621,1.825469462174052,-0.0012430280447541678,8.218128266476082,-0.00306328125,0.05466106503389454,0.054746832992021106,-0.271,0.212,0.483,0.1345572311237233,0.004835991132927464,4.950058024991984,2nd_test,114,2004.02.13.05.32.39
-0.0018841796875,0.07548887260011546,0.07551238321978224,-0.408,0.349,0.7569999999999999,0.39842733314306056,-0.027523553818598803,5.4030873162497635,-0.0015609863281249997,0.09405881165631975,0.0940717637153446,-0.374,0.396,0.77,0.14905640297438927,0.09272138815102565,4.2095522009565185,-0.0013930664062499999,0.10372818666947659,0.10373754066754234,-0.732,0.784,1.516,2.0297368243466547,0.05640742926452454,7.5575340898528,-0.002704541015625,0.05558076154208331,0.05564652366233784,-0.232,0.247,0.479,0.14064523072320956,0.029865892738170932,4.438731905237299,2nd_test,115,2004.02.13.05.42.39
-0.0015486328125,0.07893320627478842,0.07894839654107137,-0.444,0.452,0.896,0.5276336298870357,0.058831375132477645,5.7252587740541445,-0.0005879394531249999,0.09537488573598704,0.09537669789814032,-0.391,0.444,0.835,0.19421909885881572,0.16392291561724034,4.655225120810163,-0.000983154296875,0.10380248606226472,0.10380714187895804,-0.532,0.564,1.096,0.9618252209843003,0.02952865278221263,5.433152187661675,-0.0032942871093749994,0.05604679760744927,0.056143529009222204,-0.232,0.244,0.476,0.20068411952223553,-0.017698875419350467,4.346003970565767,2nd_test,116,2004.02.13.05.52.39
-0.0014791015625000002,0.07720121432298076,0.07721538210988145,-0.388,0.378,0.766,0.48623241964420183,0.0059385764986372176,5.024905522617646,-0.001273291015625,0.09530022446313494,0.09530873020208787,-0.417,0.444,0.861,0.21069403170332013,0.09248212349211125,4.658544910355075,-0.0015818359375000001,0.10447381756586471,0.10448579215242018,-0.637,0.659,1.296,1.1842499453626463,-0.009535429526345745,6.307077607569525,-0.0030880859375000003,0.055159071764296984,0.05524544752878965,-0.295,0.266,0.5609999999999999,0.20071876863724114,-0.010481509256912823,5.33980650334906,2nd_test,117,2004.02.13.06.02.39
-0.00217138671875,0.07772789904953778,0.07775822278664488,-0.383,0.393,0.776,0.5105274416299461,-0.02518303589598402,5.0541278582622695,-0.0015738281250000004,0.09701376361454059,0.09702652866935414,-0.403,0.461,0.8640000000000001,0.16619341203012183,0.1091604304719157,4.751277885723801,-0.002143505859375,0.10286229589035017,0.10288462729292032,-0.605,0.625,1.23,1.1146395687269806,0.0781667052985031,6.074765651961813,-0.0028711425781250003,0.05643363815053441,0.0565066277051584,-0.254,0.251,0.505,0.22013314675897133,-0.0030775514032447054,4.495047931737001,2nd_test,118,2004.02.13.06.12.39
-0.00113837890625,0.07726495728799573,0.07727334295376381,-0.408,0.417,0.825,0.6148985783371206,-0.02576823183550407,5.396427591389617,-0.000979736328125,0.0952790834326938,0.09528412051882977,-0.442,0.53,0.972,0.22196791006679595,0.12249439291056854,5.562311926777984,-0.0017170410156249999,0.1040116052467706,0.10402577688178721,-0.73,0.557,1.287,1.2394721520612686,-0.043489137089604134,7.0174914513980475,-0.002857861328125,0.055504834756655054,0.05557835957217859,-0.286,0.237,0.5229999999999999,0.1784933925693717,0.009044753872654042,5.145887755528862,2nd_test,119,2004.02.13.06.22.39
-0.00199541015625,0.07666411801261451,0.07669008183816046,-0.41,0.422,0.832,0.4040831221348422,0.020313258117192038,5.502667227361243,-0.0014610351562500002,0.09600111309831752,0.09601223015764059,-0.369,0.618,0.987,0.3072513671492447,0.12967594292107462,6.436679983152993,-0.0012791015624999999,0.10138186403999515,0.10138993272032115,-0.674,0.781,1.455,1.7440357477361754,0.08780090931464729,7.702934394351014,-0.0028823242187500002,0.0556131081044344,0.05568775077104031,-0.254,0.234,0.488,0.08637824734027477,0.011210827951280925,4.561146688070732,2nd_test,120,2004.02.13.06.32.39
-0.002104736328125,0.07809946968492934,0.07812782526141454,-0.383,0.405,0.788,0.5378888733945129,-0.03198501257192973,5.183812535926761,-0.0012438476562499998,0.09596451681501497,0.0959725775653194,-0.383,0.471,0.854,0.1877626150383489,0.11491398119392483,4.907651872479171,-0.0012179687499999999,0.10447978997424107,0.104486888942764,-0.688,0.657,1.345,1.3143933914547912,0.037413108783976974,6.5845581867241645,-0.00268505859375,0.05453388990204284,0.054599951350710926,-0.278,0.21,0.488,0.1908236356201134,0.01134437647241751,5.091579628143546,2nd_test,121,2004.02.13.06.42.39
-0.0015311523437500003,0.0778033027084582,0.07781836762515486,-0.437,0.361,0.798,0.40024557667388017,-0.015359631777634424,5.615640797033677,-0.0013371582031250003,0.09465692083644328,0.09466636495766,-0.566,0.452,1.018,0.2312296311648674,0.10070820173390262,5.978892294503622,-0.0018711425781249998,0.1055047750847643,0.105521366273539,-0.703,0.891,1.5939999999999999,1.9353715754189027,-0.005003814378438219,8.443787561296837,-0.0027479492187500003,0.05565303406708767,0.05572083475488545,-0.239,0.261,0.5,0.1289782263407555,0.008135999974520827,4.6840647873178565,2nd_test,122,2004.02.13.06.52.39
-0.001606103515625,0.07916833869305943,0.07918462868462461,-0.381,0.359,0.74,0.45079434863515155,-0.020519835462744097,4.811539895105522,-0.0013494140625000001,0.09617020017656419,0.09617966687565777,-0.413,0.43,0.843,0.2414269075610198,0.09055937481724502,4.470799431562165,-0.001336962890625,0.10231078897161686,0.1023195240888347,-0.732,0.659,1.391,1.2156847443136645,0.029457333381655213,7.154059858188131,-0.002831787109375,0.055625012950574246,0.055697047354275206,-0.249,0.225,0.474,0.14379564867009798,0.007730128910903873,4.470614006011875,2nd_test,123,2004.02.13.07.02.39
-0.00177568359375,0.07637200647852678,0.07639264641168841,-0.342,0.366,0.708,0.3466352920025497,0.010150521142345796,4.791037059022599,-0.0015731445312500002,0.09381061020682868,0.09382379959846941,-0.425,0.437,0.862,0.17271513005202932,0.12798486221022823,4.6576668378976125,-0.001827294921875,0.10247029679712247,0.10248658806117938,-0.613,1.008,1.621,1.4752786856683269,0.048631288133149264,9.835433289948522,-0.002866748046875,0.05448172865822875,0.054557098547788674,-0.239,0.249,0.488,0.12409226762400438,0.014236635364026508,4.564025701941008,2nd_test,124,2004.02.13.07.12.39
-0.00248662109375,0.07709862999292606,0.07713871940374692,-0.354,0.43,0.784,0.44450532856110847,-0.0300330118978725,5.574373068650384,-0.0016936523437500004,0.09695962331536391,0.09697441421178449,-0.542,0.459,1.0010000000000001,0.29145661976965087,0.1534405762462313,5.589103109308044,-0.00173076171875,0.10335141797133414,0.10336590894880429,-0.701,0.901,1.6019999999999999,1.9874480323671087,-0.0669518703721952,8.716606946663006,-0.002705322265625,0.05492149076140176,0.05498807976294158,-0.222,0.266,0.488,0.09870970522130129,0.020011658643737745,4.837412056247679,2nd_test,125,2004.02.13.07.22.39
-0.0023670410156250003,0.07616066037723133,0.07619743481420897,-0.376,0.376,0.752,0.33801379859629943,-0.014486936382795015,4.934549317990302,-0.001174853515625,0.09470035619445921,0.09470764353599251,-0.41,0.457,0.867,0.16540893140054402,0.122348514993083,4.8253761041103,-0.0006238769531249998,0.10166591170947731,0.10166782591445474,-0.754,0.676,1.4300000000000002,1.66669441620951,-0.071262450488626,7.416308878553317,-0.0030797851562499997,0.05392989500949443,0.05401776237816362,-0.229,0.205,0.434,0.0524983734010247,-0.014126098042268439,4.239346280073471,2nd_test,126,2004.02.13.07.32.39
-0.002093212890625,0.07631986587115701,0.07634856558440947,-0.374,0.356,0.73,0.47145812634496664,0.02541112143439293,4.8985858101238895,-0.00135302734375,0.09468860705115645,0.0946982734176355,-0.415,0.466,0.881,0.1989234580689816,0.13376922558074666,4.920892252596199,-0.001751416015625,0.10227146241431226,0.1022864579620483,-0.681,0.557,1.238,1.1898615178571497,-0.07792430829148185,6.657772823124016,-0.0033174804687500004,0.05537461543231666,0.05547390116926607,-0.273,0.283,0.556,0.2183745465294229,0.011644711978674203,5.1014980744077825,2nd_test,127,2004.02.13.07.42.39
-0.0018363769531249997,0.07633001267470356,0.076352099612482,-0.4,0.32,0.72,0.3800510420069867,-0.00911817288507245,5.238886710711611,-0.0019770507812499998,0.09506670078599215,0.09508725639182676,-0.427,0.427,0.854,0.25454028972381604,0.13648267695685654,4.490612267073595,-0.002614453125,0.1045846425024113,0.10461731602607668,-0.996,1.094,2.09,3.701245894479851,0.06151175296015811,10.457159880844724,-0.0026863281250000003,0.05569288386391779,0.05575763330589813,-0.295,0.234,0.529,0.12343909709190903,-0.010574088089461288,5.290755408793574,2nd_test,128,2004.02.13.07.52.39
-0.0016100585937500003,0.07495282172648467,0.07497011253451272,-0.337,0.347,0.6839999999999999,0.3385783303104972,-0.0058858934138351264,4.628511126158827,-0.001645751953125,0.09421947318607715,0.0942338454428828,-0.598,0.415,1.013,0.22535870248056522,0.11837345758809309,6.345915283231384,-0.001200830078125,0.10142031368817514,0.10142742243340493,-0.991,0.857,1.8479999999999999,1.9582957176332005,-0.04385349361051329,9.77053321690097,-0.0027947265625,0.05501638384810571,0.055087321483997115,-0.232,0.244,0.476,0.1201427689564043,0.02307552682294301,4.42933134925525,2nd_test,129,2004.02.13.08.02.39
-0.0024621582031249993,0.07595488505746131,0.07599478131496513,-0.33,0.332,0.662,0.24450732740910164,-0.028211285443517607,4.368721039141312,-0.00102392578125,0.09624704547930026,0.09625249185086067,-0.376,0.547,0.923,0.28529601157945317,0.1349098502432902,5.6829697546103155,-0.0008783691406249999,0.10459751170071362,0.10460119973656194,-0.671,0.618,1.2890000000000001,1.176837349738709,0.042931608717066826,6.414840381214539,-0.0028495605468750003,0.05503319377247761,0.05510691800590353,-0.22,0.212,0.432,0.06803798461231203,-0.020426189905714168,3.992239231604995,2nd_test,130,2004.02.13.08.12.39
-0.0021155761718749996,0.07634582203722166,0.07637512818370995,-0.42,0.464,0.884,0.6446447698043443,0.03505867031403005,6.07527621921414,-0.00189580078125,0.09518857097817239,0.09520744774159609,-0.364,0.449,0.813,0.17466713571420245,0.13239173111260752,4.71601760834847,-0.0012538574218750001,0.1056505690194981,0.10565800912651215,-0.798,0.845,1.643,1.8029677459203706,0.01111764531805637,7.997500681469603,-0.0031810546874999996,0.05524564137626727,0.055337148462854494,-0.234,0.251,0.485,0.07765508933016463,0.010912838400902318,4.535831841135615,2nd_test,131,2004.02.13.08.22.39
-0.001406982421875,0.07614566658147008,0.0761586642390206,-0.347,0.364,0.711,0.34681160295797664,-0.03312087227838002,4.77949559163515,-0.00153564453125,0.0942467526741566,0.09425926264166297,-0.334,0.488,0.8220000000000001,0.15063873084925294,0.13096884694179914,5.177210030275845,-0.0011072753906249998,0.10216907405454177,0.10217507402470098,-0.676,0.901,1.577,1.5032980293471923,0.03520980547333795,8.818197672882171,-0.0028937988281250004,0.05479879479298991,0.054875149042365935,-0.247,0.232,0.479,0.1389096459014194,-0.04637074355842957,4.5011267268687405,2nd_test,132,2004.02.13.08.32.39
-0.0022353515625,0.07671784801069455,0.07675040716504376,-0.386,0.371,0.757,0.4102122577509011,-0.000749308395723379,5.029289280054474,-0.0012733886718750002,0.09499429061195448,0.09500282505051165,-0.383,0.408,0.7909999999999999,0.08355918914735794,0.09947712420107951,4.294609131662954,-0.0020176269531249997,0.10591664862932856,0.10593586397151168,-0.71,0.652,1.362,1.2690827344473936,0.003298789103512555,6.702168400535547,-0.0026662597656250003,0.05476104870568664,0.05482591902088259,-0.239,0.229,0.46799999999999997,0.14326785145032161,0.010390328780918733,4.359252052019562,2nd_test,133,2004.02.13.08.42.39
-0.001742041015625,0.07773648715807786,0.07775600390052285,-0.349,0.444,0.7929999999999999,0.5009742049448347,-0.040489837293660735,5.710169989732512,-0.0008250488281249999,0.09593000127197218,0.09593354913485362,-0.378,0.562,0.9400000000000001,0.20722599760155935,0.07454676182950153,5.858221707237573,-0.001041357421875,0.103558497482784,0.10356373316065752,-0.823,0.586,1.4089999999999998,1.2484801003146684,-0.06016852700359254,7.9467973476326925,-0.0029508789062500005,0.055428213438019534,0.05550670708346875,-0.22,0.229,0.449,0.09597403778065283,0.021426022761332604,4.125627550766314,2nd_test,134,2004.02.13.08.52.39
-0.0019155273437499998,0.07826863791312964,0.07829207447616425,-0.403,0.349,0.752,0.5043214057082972,-0.010466708749160945,5.147392027753008,-0.0016951171874999998,0.09506282521510126,0.09507793729439155,-0.364,0.457,0.821,0.25194561368002333,0.14725265495189052,4.806583030721165,-0.0019282226562500001,0.10462703489081669,0.1046448014602553,-0.845,0.913,1.758,1.5723267802826175,-0.031664281123971814,8.72475256535355,-0.0031031250000000004,0.054806931284253416,0.05489470923105887,-0.244,0.2,0.444,0.07770342392577811,-0.009838379002098194,4.4448728012845065,2nd_test,135,2004.02.13.09.02.39
-0.0018154296875,0.07768923353990882,0.0777104419815558,-0.371,0.396,0.767,0.36575096348616176,0.03004331626247216,5.095840274449769,-0.0011883300781250004,0.09656360249443652,0.09657091412572485,-0.4,0.422,0.8220000000000001,0.14933644013016378,0.13109421570411556,4.369845763769326,-0.001681884765625,0.1046668581513546,0.10468037032624897,-0.75,0.847,1.597,2.0357883427908767,-0.002143229487777664,8.091297321094023,-0.003116064453125,0.05589052807633951,0.05597732564465835,-0.242,0.232,0.474,0.16007501858251771,0.0022841950678487133,4.323179023090213,2nd_test,136,2004.02.13.09.12.39
-0.001511181640625,0.07646021146629738,0.0764751437227932,-0.361,0.349,0.71,0.414344141995989,-0.013216609424075277,4.720488022929788,-0.0006187499999999998,0.09609167203037812,0.09609366412597789,-0.396,0.391,0.787,0.1752988416575394,0.13155988396477405,4.1209792924196,-0.0002879394531250001,0.10254583031737911,0.10254623457060418,-0.576,0.72,1.2959999999999998,1.1975909535207503,0.07838782941596129,7.021223187841685,-0.0029604003906250004,0.05545594345327481,0.05553490465253024,-0.264,0.271,0.535,0.18766031512630166,-0.030162465926929605,4.879813906059765,2nd_test,137,2004.02.13.09.22.39
-0.002109033203125,0.07777577431787479,0.07780436422076126,-0.417,0.41,0.827,0.6014461458186253,0.01222731054152469,5.3595965235503895,-0.000872216796875,0.09665808795116358,0.09666202319688753,-0.466,0.505,0.9710000000000001,0.25860370850174963,0.1000420715952819,5.224388889172727,-0.001405615234375,0.10350890368609489,0.10351844713134163,-0.645,0.559,1.2040000000000002,1.269373626608063,-0.02711494238928358,6.230773527499009,-0.0030774414062500004,0.056121652695426724,0.056205965402926765,-0.229,0.22,0.449,0.08708934664988277,-0.01858882437436014,4.074300625463524,2nd_test,138,2004.02.13.09.32.39
-0.001570068359375,0.07519706579186627,0.07521345503538164,-0.312,0.344,0.6559999999999999,0.30698502024014074,0.005750047966008048,4.57364975234289,-0.0009936523437499999,0.09516087765194534,0.09516606527785391,-0.42,0.415,0.835,0.2301618683088411,0.1661193253618165,4.413337871743709,-0.0010093750000000003,0.10022147354616986,0.10022655634938403,-0.762,0.737,1.499,1.7157602948617265,-0.01097443195920647,7.602775429459124,-0.0029875976562500003,0.05359680150287067,0.053680004387981844,-0.247,0.203,0.45,0.0456473792499037,-0.0010740907227723626,4.601340905454514,2nd_test,139,2004.02.13.09.42.39
-0.0022875488281250004,0.0767530013997796,0.0767870829209941,-0.361,0.337,0.698,0.41097110395467995,0.014519336533486669,4.7013115521881454,-0.0014584960937499998,0.09510430507517531,0.09511548798533023,-0.41,0.493,0.903,0.11439256368885609,0.09257724027596244,5.183172692872613,-0.00174267578125,0.10036111601843213,0.10037624483583628,-0.618,0.583,1.201,1.1286349662703108,-0.0027023713607497537,6.156835225352095,-0.0030704589843750002,0.055241967444798215,0.05532723276603372,-0.239,0.249,0.488,0.2142686082559102,-0.009771931410216608,4.5004961850968375,2nd_test,140,2004.02.13.09.52.39
-0.0024854980468750005,0.07738122314840569,0.0774211301679611,-0.439,0.386,0.825,0.505432538984969,0.011219183120541206,5.670286639344352,-0.0018167968749999998,0.09542571468190579,0.09544300798611441,-0.405,0.427,0.8320000000000001,0.20946779685813954,0.11222844387156058,4.473874084706639,-0.00158125,0.10389675680317818,0.10390878897273921,-0.762,0.73,1.492,1.6041066340936236,0.019443565458543973,7.333354642335209,-0.00329853515625,0.0551629673477074,0.05526149926287967,-0.234,0.217,0.451,0.08431012069405952,-0.01590460678239076,4.23441280307334,2nd_test,141,2004.02.13.10.02.39
-0.0015173828125000003,0.07656727848982116,0.07658231248752874,-0.4,0.515,0.915,0.6014717502352931,-0.04625679727988908,6.724790402185123,-0.0012400390625,0.09499190651378397,0.095,-0.491,0.405,0.896,0.11645505668599254,0.09958427807674286,5.168421052577174,-0.001096923828125,0.10403502279088359,0.10404080549949801,-0.845,0.867,1.712,1.9699047242008705,0.016294652576876987,8.333268815338515,-0.003212841796875,0.0556726591925752,0.055765287894750215,-0.315,0.247,0.562,0.2664685927397037,0.008544260927318694,5.648675222279372,2nd_test,142,2004.02.13.10.12.39
-0.0019560546875,0.07675272619891595,0.07677764732593889,-0.308,0.371,0.679,0.2859746134143255,-0.019917278409343143,4.832135561802082,-0.0012389648437499997,0.09610734063091748,0.09611532633784921,-0.452,0.381,0.833,0.1077085362131096,0.0992018161669032,4.702683923753214,-0.001190185546875,0.10444182792949688,0.1044486091955782,-0.952,0.564,1.516,1.2527696486758764,-0.027278742195861117,9.114530172520363,-0.003181982421875,0.05488150710258651,0.05497367400842311,-0.247,0.205,0.45199999999999996,0.061240736738588986,-0.019966436094669644,4.493059713594209,2nd_test,143,2004.02.13.10.22.39
-0.0022375,0.07587837229944051,0.07591135480982078,-0.417,0.334,0.751,0.37370992394610836,-0.04568723135225671,5.493249343780104,-0.001319873046875,0.09460241162227054,0.09461161847051014,-0.457,0.474,0.931,0.18606331937434373,0.07831924391037055,5.009955517701379,-0.00204912109375,0.10319429125331692,0.10321463386812575,-0.566,0.769,1.335,0.896473570951168,0.019991392674328846,7.450493899683622,-0.0027988281250000005,0.055499725141789746,0.05557025220104278,-0.3,0.256,0.556,0.28185395174268857,-0.0379189435469161,5.3985718637600835,2nd_test,144,2004.02.13.10.32.39
-0.0016579589843749999,0.07586668476711636,0.07588479877779788,-0.356,0.425,0.7809999999999999,0.5015377766649429,0.04177503327014094,5.60059467560642,-0.0010375488281250001,0.09652191150527627,0.09652748783741927,-0.522,0.439,0.9610000000000001,0.2499025681592677,0.08598859007306253,5.407786027476381,-0.0013783203125,0.10801748194154107,0.10802627537722015,-0.73,1.069,1.799,3.1173384672849656,0.10746385120758771,9.895740608081056,-0.0032008789062500003,0.05472245560704512,0.05481599012548711,-0.261,0.222,0.483,0.12988516907112357,-0.0028846303906028808,4.761384395278572,2nd_test,145,2004.02.13.10.42.39
-0.0013962890625000002,0.07604416368123817,0.0760569816198684,-0.381,0.344,0.725,0.31566591755670315,0.011329480313241531,5.009402054622974,-0.0008650390625000004,0.09558319423371636,0.09558710850580218,-0.393,0.518,0.911,0.2490389543651701,0.1480453735481681,5.4191408035230815,-0.0010418945312500002,0.10295676430016996,0.10296203601024506,-0.676,0.627,1.303,1.2270335840738875,0.0771470718834566,6.565526733816435,-0.0027983886718750003,0.05509791645601716,0.05516893489050813,-0.266,0.212,0.478,0.15554622068766344,-0.02268656171802189,4.821554023529718,2nd_test,146,2004.02.13.10.52.39
-0.0027931640625,0.07557396193664329,0.07562556107746408,-0.366,0.452,0.8180000000000001,0.41613074153885377,0.04122256100746641,5.97681516082948,-0.001384521484375,0.09548848018638782,0.09549851699396632,-0.405,0.405,0.81,0.15342755623973803,0.12980638147301035,4.240903552683937,-0.00202041015625,0.10201465970321628,0.10203466495050836,-0.667,0.781,1.448,1.4336103958056094,0.03502384643994559,7.654261425478955,-0.002915869140625,0.05668386411753679,0.056758812039547,-0.247,0.276,0.523,0.18341137504332483,-0.010707871270930688,4.862681054755567,2nd_test,147,2004.02.13.11.02.39
-0.0017729003906249998,0.07619034319695998,0.07621096753266964,-0.361,0.32,0.681,0.44214869250180344,0.0020508795778689656,4.736851029223739,-0.00200078125,0.09411427561422149,0.0941355405784659,-0.391,0.632,1.0230000000000001,0.18039367387120153,0.10301041160800645,6.713723595887654,-0.0016524902343749998,0.1016959118401997,0.10170933688204035,-0.796,0.75,1.546,2.2838638589885445,-0.03296020808184327,7.826223475582702,-0.003027490234375,0.054968764889049844,0.05505207362622116,-0.264,0.31,0.5740000000000001,0.13865592446874864,-0.008588036585891438,5.631032213230144,2nd_test,148,2004.02.13.11.12.39
-0.0018200683593750002,0.07677978413331095,0.07680135350624119,-0.388,0.347,0.735,0.38489171953619294,-0.01024159854582072,5.051994298035614,-0.001044970703125,0.09579388874147446,0.09579958812011864,-0.542,0.471,1.013,0.23005966218251972,0.12213322968865349,5.657644366014954,-0.0021502929687499998,0.10258365855177565,0.10260619260901725,-0.627,0.635,1.262,1.10829455334913,-0.0034279761321908313,6.18871028977257,-0.003163525390625,0.05482647402110814,0.05491766697961937,-0.239,0.308,0.5469999999999999,0.1765448652822048,-0.004653259470813788,5.608395566197199,2nd_test,149,2004.02.13.11.22.39
-0.0014547363281250001,0.07514392636767131,0.07515800641138891,-0.342,0.403,0.7450000000000001,0.4884129775588759,0.04631289873667939,5.362036850588551,-0.0015043945312500002,0.09451020726653336,0.09452217983345894,-0.356,0.498,0.854,0.18824233624765574,0.09860833185922349,5.268604690160239,-0.0014543945312499996,0.10093992726485873,0.10095040455435283,-0.542,0.708,1.25,1.1096716638608788,-0.006254375751227538,7.013344851052988,-0.0025594726562500002,0.05503878673294323,0.05509826626412577,-0.244,0.249,0.493,0.06540273032486077,-0.013678079331171305,4.519198459019455,2nd_test,150,2004.02.13.11.32.39
-0.00219794921875,0.07890910375837852,0.07893970887150997,-0.447,0.466,0.913,0.530290575512856,0.016785012753118174,5.903239404551189,-0.0011050781249999997,0.09492538184671104,0.09493181403726703,-0.378,0.469,0.847,0.15400040892941602,0.11389460837990836,4.940388053797708,-0.00150029296875,0.10436332737833087,0.10437411068109155,-0.803,1.018,1.8210000000000002,2.41325322744855,0.02146239685033672,9.753376515951171,-0.0027684082031249994,0.055929139808267615,0.055997613910521896,-0.229,0.281,0.51,0.12252517278841646,-0.006929390427423596,5.018070956451634,2nd_test,151,2004.02.13.11.42.39
-0.0022078125,0.07689229275459664,0.07692398274331452,-0.322,0.435,0.757,0.47765998914584573,0.035600505657637144,5.654933409335867,-0.00212412109375,0.09590236390489984,0.09592588437418104,-0.42,0.461,0.881,0.22182676635641219,0.1231323462876255,4.805793587442545,-0.0019195312500000002,0.10289846173351681,0.10291636423496388,-0.635,0.613,1.248,1.292513908977008,0.05201473257052327,6.17005861715139,-0.00256357421875,0.05497313762795844,0.05503287902188563,-0.247,0.22,0.46699999999999997,0.08519251233900604,-0.01250930830412927,4.488226027522277,2nd_test,152,2004.02.13.11.52.39
-0.0025842285156249998,0.07644797579539568,0.07649164163641918,-0.366,0.376,0.742,0.4558731292846363,-0.007074092433679146,4.915569753127947,-0.00206435546875,0.09516028859951188,0.09518267746729837,-0.466,0.42,0.886,0.18483723949966802,0.10440631200097863,4.8958488287451924,-0.0005785156249999998,0.10465677668268372,0.10465837561293172,-0.776,0.769,1.545,1.6668174487363387,-0.03838650507637673,7.414600078091618,-0.00322861328125,0.05633144781834909,0.056423895266378504,-0.234,0.273,0.507,0.19421117512745933,0.005925766877818458,4.838375633343327,2nd_test,153,2004.02.13.12.02.39
-0.0021892089843750006,0.07647612404907565,0.07650745183017714,-0.32,0.342,0.662,0.2582723095291377,-0.028724664366175462,4.470152799686284,-0.0012849609374999999,0.09509450761897528,0.09510318871576415,-0.449,0.454,0.903,0.28496338217684647,0.11080488803734213,4.7737621222365165,-0.0013958496093750001,0.10169707570713936,0.10170665466681925,-0.588,0.579,1.1669999999999998,1.107342884336811,-0.009302252340916143,5.781332617029312,-0.003259765625,0.05500536641383338,0.05510187298313915,-0.251,0.239,0.49,0.09556703630701291,-0.007246286647798213,4.55519905960818,2nd_test,154,2004.02.13.12.12.39
-0.0018592285156249998,0.07737615456144943,0.07739848852135696,-0.369,0.356,0.725,0.37563304390008767,-0.01472381303624934,4.767534961531095,-0.0006286132812499997,0.09452307021237664,0.09452516044435604,-0.396,0.486,0.882,0.19055858675540138,0.12294095390301275,5.141488231389475,-0.0006936523437499998,0.10077070147673632,0.10077308881684385,-0.657,0.986,1.643,2.0540092979313025,-0.017541581657758456,9.784358220697998,-0.00274931640625,0.054666544641565964,0.05473563595821282,-0.239,0.247,0.486,0.16891440178233275,-0.003873567532339545,4.512599436755539,2nd_test,155,2004.02.13.12.22.39
-0.0017909179687499999,0.07845962608456153,0.0784800631530072,-0.447,0.43,0.877,0.6057349862672048,-0.02623395190698897,5.695714071009588,-0.001315673828125,0.09691539585406367,0.09692432590001271,-0.549,0.557,1.106,0.27890338829157457,0.11098823634746484,5.74675134257684,-0.002338818359375,0.10535411870958096,0.1053800759175596,-0.723,0.706,1.4289999999999998,1.2171908282506276,-0.006539098555402826,6.8608794755353255,-0.0029921874999999996,0.05607561107749824,0.05615538570564715,-0.244,0.247,0.491,0.18932039927431132,0.008533697961221812,4.398509544397315,2nd_test,156,2004.02.13.12.32.39
-0.0021367675781249996,0.07901711701244041,0.07904600278724172,-0.425,0.388,0.813,0.5919121753524377,-0.0141927048789222,5.376615957906726,-0.000757470703125,0.09576266549845133,0.09576566120084158,-0.408,0.444,0.852,0.17013035289080092,0.13296310651420556,4.636317385875907,-0.000855712890625,0.10061287646094655,0.10061651531581123,-0.647,0.918,1.565,1.8851355612660958,0.034288201519503125,9.123750679592643,-0.0030328125000000004,0.055260499015706004,0.055343660008396627,-0.229,0.239,0.46799999999999997,0.09617412962908256,-0.012694325523159456,4.318471166515206,2nd_test,157,2004.02.13.12.42.39
-0.0014874023437500001,0.07667042799410381,0.076684854401187,-0.369,0.334,0.7030000000000001,0.3698641949707917,-0.002826481500195206,4.811901944348953,-0.002036865234375,0.09406719702941148,0.09408924687206889,-0.41,0.425,0.835,0.1980789611051268,0.13744608783612097,4.516988010046953,-0.00211669921875,0.10267353333599946,0.1026953497646376,-0.757,0.767,1.524,1.5912474558092802,-0.06510627784416854,7.468692611207623,-0.00249609375,0.05463614717832152,0.05469313542392683,-0.237,0.239,0.476,0.17913042519942168,0.024303413480843413,4.3698354124907945,2nd_test,158,2004.02.13.12.52.39
-0.00194423828125,0.07728679415519168,0.07731124506358211,-0.378,0.408,0.786,0.37357319475457196,-0.05068587528340846,5.277369413196959,-0.0013561523437499998,0.09480143367788822,0.0948111331888956,-0.366,0.459,0.825,0.16528611940152915,0.15286821247392102,4.841203607182679,-0.0020790039062500002,0.10338159416592997,0.10340249643761629,-0.789,1.108,1.8970000000000002,2.4350056006766074,0.0656881596026543,10.715408603870136,-0.0031208984374999998,0.054970269243976876,0.05505879137624163,-0.249,0.269,0.518,0.10161253035026085,-0.013142777002392038,4.885686613731051,2nd_test,159,2004.02.13.13.02.39
-0.0022220214843750004,0.07648046800168884,0.07651273988842887,-0.327,0.347,0.6739999999999999,0.34310003047300874,-0.01763617639823157,4.535192446401231,-0.001986572265625,0.09441043863478008,0.09443133692042131,-0.405,0.398,0.803,0.08017136043536599,0.10086780740606993,4.2888305217685385,-0.00204873046875,0.1012016998430494,0.10122243500161537,-0.747,0.735,1.482,1.5693716570721046,0.01485345326108009,7.379786901794044,-0.003162158203125,0.05576359510201556,0.05585318060059897,-0.239,0.22,0.45899999999999996,0.11315632285395472,0.007897507825612785,4.279075916997248,2nd_test,160,2004.02.13.13.12.39
-0.002355517578125,0.07849631151655961,0.07853164575357902,-0.378,0.378,0.756,0.42456212283226824,0.021152394322048528,4.813346216903389,-0.0011737792968749996,0.09605893030724214,0.09606610145940854,-0.413,0.417,0.83,0.07255155898800192,0.10855648674801234,4.340761139056497,-0.0012807617187499999,0.10231474389054851,0.10232275977498237,-0.674,0.959,1.633,1.48589626543259,-0.011841267963351325,9.372303895043109,-0.003333935546875,0.05547266060809737,0.05557275592565007,-0.278,0.305,0.583,0.13052585792462024,-0.021402226685919307,5.488300785416625,2nd_test,161,2004.02.13.13.22.39
-0.00224072265625,0.07692072929692957,0.07695335881944174,-0.408,0.369,0.7769999999999999,0.5118109145356007,0.03787975052396436,5.30191282426024,-0.0010398437500000002,0.09449917831144398,0.09450489921989495,-0.398,0.43,0.8280000000000001,0.15791894750158608,0.0935879325464956,4.550028660365233,-0.0017198242187499997,0.10000861739026717,0.10002340399954528,-0.688,0.872,1.56,1.8110837517912595,0.05417217527909879,8.717959648676286,-0.002942626953125,0.055428170714214596,0.05550622633641541,-0.205,0.232,0.437,0.017443949666672953,0.0013042108882019574,4.179711274005569,2nd_test,162,2004.02.13.13.32.39
-0.001808251953125,0.0773412657446424,0.0773624014758421,-0.383,0.427,0.81,0.528245856584737,-0.02761967238439828,5.519477056665821,-0.002239208984375,0.09585270507438702,0.09587885651671658,-0.396,0.43,0.8260000000000001,0.08917846937426965,0.1445360219783685,4.484826119307589,-0.0027099121093749996,0.10390953744513824,0.10394486805851998,-0.723,0.698,1.4209999999999998,1.1364603564619857,-0.022777832074669234,6.955610348997722,-0.003018505859375,0.055058742594149335,0.05514142284772742,-0.281,0.205,0.486,0.07284099997389326,-0.024858545561603353,5.09598747153992,2nd_test,163,2004.02.13.13.42.39
-0.0020402343750000004,0.07614734279532555,0.07617467014102358,-0.334,0.332,0.666,0.32545433705002935,-0.0323410589672767,4.384659616868375,-0.0014788574218749999,0.09488036742816656,0.09489189186952764,-0.383,0.461,0.8440000000000001,0.24224505082432835,0.13636533703962125,4.858160069450375,-0.0016358398437499998,0.09932103194883045,0.09933450236133969,-0.562,0.715,1.2770000000000001,1.432323391410307,0.009444793612616562,7.197901866885228,-0.0024380859375,0.05460068533016655,0.05465509218327694,-0.212,0.225,0.437,0.07843177001361346,-0.01024609970888607,4.116725285932781,2nd_test,164,2004.02.13.13.52.39
-0.002190771484375,0.07759129125931354,0.07762221305131911,-0.439,0.317,0.756,0.4408628476384644,-0.055859393045842275,5.655597576226075,-0.0016274902343749998,0.09508026962530865,0.0950941974911423,-0.415,0.4,0.815,0.13299515098509573,0.1146600164756492,4.364093824276625,-0.001543310546875,0.1015191459350601,0.10153087608618437,-0.649,0.652,1.3010000000000002,1.0648674244824656,-0.02103890918821406,6.4216918549991515,-0.003056884765625,0.05382906100839318,0.05391578946390032,-0.244,0.227,0.471,0.027374765903545928,-0.027516770491735974,4.525575947633045,2nd_test,165,2004.02.13.14.02.39
-0.002535302734375,0.0772118017399911,0.0772534147328817,-0.439,0.347,0.786,0.4886392346942525,-0.04889822218189309,5.682596704783121,-0.0019232910156249997,0.09587029366560108,0.09588958366715009,-0.569,0.452,1.021,0.3065695013067553,0.13273159045998598,5.933908337418242,-0.002556494140625,0.10301293689526124,0.10304465454393122,-0.593,0.564,1.157,1.155827743243452,-0.00276252230418702,5.754786627397837,-0.0031909179687499996,0.05509634118567183,0.055188665226939944,-0.239,0.239,0.478,0.12182409154992202,0.004354512485597756,4.33059939052491,2nd_test,166,2004.02.13.14.12.39
-0.0020212890625,0.07766006615308037,0.07768636614216809,-0.439,0.391,0.8300000000000001,0.5379390953077108,-0.05270004491977996,5.650927206338465,-0.0013076171875,0.09574937989654139,0.09575830832508087,-0.469,0.42,0.889,0.17566585741631968,0.13557653793990912,4.897747341180446,-0.0013810546874999997,0.10351757103105194,0.10352678312503846,-0.774,0.842,1.616,1.7070486727823626,0.04459986036857223,8.133161048527015,-0.0028359863281250002,0.055138786221677144,0.055211670545756215,-0.254,0.217,0.471,0.11805395150019837,-0.005529586266877337,4.600476629028987,2nd_test,167,2004.02.13.14.22.39
-0.0019318359375,0.0777935571956996,0.07781753999741961,-0.393,0.342,0.7350000000000001,0.4370585910735878,0.0077250140534917,5.050275297933877,-0.0014171875,0.09559263840427172,0.09560314292689336,-0.393,0.557,0.9500000000000001,0.20826174795574603,0.08823425106777885,5.826168292606295,-0.001551904296875,0.10102042859463607,0.10103234828702451,-0.476,0.515,0.991,0.6714352853298808,0.023697382415916058,5.097377312579436,-0.003215380859375,0.05564317248583639,0.05573599661223773,-0.261,0.212,0.473,0.10815680304983166,0.009025388077637222,4.6827905816617355,2nd_test,168,2004.02.13.14.32.39
-0.00169931640625,0.07726360632803746,0.07728229123843638,-0.354,0.349,0.703,0.2541945515228283,0.019673441485685984,4.5806095332142185,-0.001696337890625,0.09651315145905094,0.09652805792512804,-0.449,0.471,0.9199999999999999,0.1673854256509384,0.0934529336132664,4.879410299132419,-0.001452734375,0.10226235270902824,0.10227267092801477,-0.701,0.759,1.46,1.479184542952546,0.057393069540071256,7.421337421869087,-0.002468310546875,0.05660458441016337,0.05665837566682551,-0.254,0.315,0.569,0.13735610190705483,-0.030952044894189602,5.559636969594215,2nd_test,169,2004.02.13.14.42.39
-0.00227109375,0.0763540826791368,0.0763878511845552,-0.396,0.432,0.8280000000000001,0.3353471347991004,-0.0031704705787563136,5.655349552255639,-0.00139833984375,0.09394434188520287,0.09395474829173084,-0.369,0.488,0.857,0.12342146695519496,0.12466974399970437,5.193989754297026,-0.001284375,0.09971419994124145,0.09972247133451166,-0.715,0.603,1.318,1.130806831083385,0.04254343202285778,7.169898523617765,-0.003372119140625,0.05421282256865811,0.054317596765315154,-0.278,0.225,0.503,0.10492995169542008,-3.983394133057832e-05,5.118046757407365,2nd_test,170,2004.02.13.14.52.39
-0.0021446289062500004,0.07815524652281494,0.07818466596582414,-0.439,0.435,0.874,0.38044274489673047,0.0002416790573314904,5.614911755027252,-0.0014999023437499998,0.0948923439144814,0.09490419717075214,-0.378,0.437,0.815,0.10073936750812251,0.12917755104363318,4.604643556587308,-0.00111708984375,0.10168727652925533,0.10169341226282187,-0.735,0.747,1.482,1.2361330491115572,0.08778482271724868,7.3456085637294555,-0.0031098632812500003,0.054809165915389396,0.0548973215919388,-0.237,0.264,0.501,0.0469994843238184,-0.007044014779286242,4.808977785064784,2nd_test,171,2004.02.13.15.02.39
-0.0017283691406250004,0.07614183026619212,0.07616144415760429,-0.344,0.334,0.6779999999999999,0.3194051922040413,-0.036797344466560855,4.516721075871784,-0.0019283691406249998,0.09484097502054747,0.09486057743019818,-0.439,0.483,0.9219999999999999,0.18030469484223932,0.10181044115455858,5.091683110935278,-0.0016545898437500001,0.09983823942357437,0.0998519489982544,-0.613,0.669,1.282,1.2025473017522863,-0.030094697441151695,6.699919297569198,-0.0025341796875,0.05479758744289261,0.05485615422402485,-0.327,0.222,0.549,0.20553455330928605,-0.040959280768292076,5.96104492959198,2nd_test,172,2004.02.13.15.12.39
-0.0016349121093749998,0.07532484508450046,0.07534258573084265,-0.381,0.32,0.7010000000000001,0.29167710632176735,0.005130002664973777,5.056901038093452,-0.00188818359375,0.09465871002612514,0.0946775402146346,-0.366,0.466,0.8320000000000001,0.14967416448171722,0.14176807423799448,4.921969866756709,-0.001466650390625,0.09975550512060001,0.09976628621550655,-0.647,0.642,1.2890000000000001,1.021461269306645,-0.011483645338929002,6.48515670510097,-0.002719140625,0.054248171275734954,0.05431627576058579,-0.249,0.222,0.471,0.1349939368179629,-0.07067198340043793,4.5842612828050475,2nd_test,173,2004.02.13.15.22.39
-0.0020445800781250002,0.07686708111474644,0.07689426810105468,-0.359,0.356,0.715,0.40955980925092783,-0.007305914761699964,4.668748514824698,-0.0017568359375,0.09478346751933434,0.09479974782403168,-0.459,0.427,0.886,0.20833179219085363,0.10122793339105748,4.841785031402815,-0.0019456054687500002,0.0994920108593083,0.09951103258166277,-0.752,0.605,1.357,1.2141667937177383,0.020306993968073245,7.556951028272382,-0.003164794921875,0.05542219913614804,0.05551248583863251,-0.244,0.205,0.44899999999999995,0.12469469366731856,-0.02819217856272955,4.395407561190477,2nd_test,174,2004.02.13.15.32.39
-0.0018244140625000003,0.07546214599501065,0.07548419678875672,-0.327,0.344,0.671,0.3288086624212525,-0.0009185564863228536,4.557245286164072,-0.000823681640625,0.09548145432920742,0.09548500705485456,-0.374,0.415,0.7889999999999999,0.22309448770629148,0.16431677766615457,4.346232071357999,-0.0011964843750000003,0.10092074777462948,0.10092784009504017,-0.547,0.605,1.1520000000000001,1.0564855286428898,-0.03333338265522807,5.994381722865549,-0.0031406249999999998,0.05527036751633397,0.055359525384356845,-0.227,0.251,0.478,0.11150403174107781,0.019077060958941894,4.533998408635058,2nd_test,175,2004.02.13.15.42.39
-0.0014890136718750005,0.07824885230540506,0.0782630183983989,-0.476,0.496,0.972,0.43988049954761266,0.021390090648986972,6.337603764127368,-0.001490771484375,0.09534373572594189,0.09535538968404919,-0.444,0.496,0.94,0.12538165296198978,0.09004796311962365,5.201593760334325,-0.0021984375,0.10037933023767813,0.10040340166750453,-0.498,0.781,1.279,0.9975440280393886,0.017286317182352753,7.778620913448506,-0.002873828125,0.0554939088946522,0.055568271634989695,-0.232,0.251,0.483,0.15192414402511734,0.02773647956997751,4.5169661141203425,2nd_test,176,2004.02.13.15.52.39
-0.0017250488281250003,0.07545435316546495,0.07547406975298288,-0.383,0.374,0.757,0.34317254858303947,0.010588197268036904,5.074590534847745,-0.0011512207031250002,0.09470781513440864,0.09471481170672634,-0.408,0.444,0.852,0.12045076750270667,0.1002352602840928,4.687756772088697,-0.0004585937500000001,0.1002113145451461,0.10021236386341632,-0.569,0.503,1.072,0.8742024795076313,-0.029415789560884684,5.6779421027313175,-0.0029711914062500004,0.055203515956605304,0.055283416612432246,-0.225,0.242,0.46699999999999997,0.07187192650171292,-0.010545076154980843,4.377442908280765,2nd_test,177,2004.02.13.16.02.39
-0.0019815917968750004,0.07553468718263605,0.07556067544581722,-0.366,0.405,0.771,0.4429353349113323,0.004951610930904509,5.359930911219236,-0.0018024414062499997,0.09441854197274117,0.0944357446271339,-0.415,0.422,0.837,0.19116460070630126,0.11797178609498934,4.468646926666786,-0.0021216796875,0.10003312751435721,0.1000556251542111,-0.784,0.681,1.465,1.1489999634937487,-0.030588030640660874,7.835641412302621,-0.0032347656249999994,0.05582508223886749,0.055918722406945245,-0.259,0.239,0.498,0.15328790775615353,-0.0002441141556326271,4.631722415088651,2nd_test,178,2004.02.13.16.12.39
-0.0020305664062499995,0.07665135687649181,0.07667824796470966,-0.364,0.381,0.745,0.4250634087395855,0.03221554215244005,4.968814626155547,-0.0015391601562499998,0.0943123520836198,0.0943249106521244,-0.439,0.427,0.866,0.2039607444829823,0.11737358282192109,4.6541257973135295,-0.001983251953125,0.0979512193384725,0.09797129507260341,-0.564,0.549,1.113,1.126026116604244,0.05784299981669363,5.7567882467643265,-0.0036408203124999997,0.05509962473739805,0.05521978104583537,-0.264,0.222,0.486,0.13096832782587597,-0.0032971692231973464,4.780895450782121,2nd_test,179,2004.02.13.16.22.39
-0.0014443847656249998,0.076737200128153,0.07675079237935838,-0.374,0.513,0.887,0.7083040858036118,0.02506499217712396,6.683970081477413,-0.0021964355468749998,0.0947638339020235,0.09478928496893452,-0.53,0.4,0.93,0.2391049848343445,0.10905127883687232,5.591349277168898,-0.0021115234375,0.10004403261044803,0.10006631297388498,-0.559,0.757,1.316,1.3853169976107083,0.009435947308483553,7.56498343443507,-0.002502392578125,0.05482345149768774,0.05488053209230369,-0.234,0.212,0.446,0.12897094867576486,0.022209914341584074,4.263807056428883,2nd_test,180,2004.02.13.16.32.39
-0.0021383789062499998,0.07608979643033326,0.07611983831535804,-0.361,0.361,0.722,0.34371284005047764,-0.017619679638583893,4.742521896849873,-0.0015445800781249998,0.09477275434291037,0.09478534007619202,-0.359,0.459,0.8180000000000001,0.09678027015754331,0.13383565541166148,4.84252100194182,-0.0006513671875000001,0.10237468586874662,0.10237675803588187,-0.608,0.527,1.135,0.9102303869839865,0.002584467623090854,5.938847953956152,-0.00331962890625,0.05506740086606176,0.055167368744745746,-0.295,0.217,0.512,0.09125408974972338,0.005971096452795176,5.347363970893555,2nd_test,181,2004.02.13.16.42.39
-0.001569091796875,0.0751486834272887,0.07516506282789814,-0.327,0.342,0.669,0.26731500595413404,0.016945652480951253,4.549986218710561,-0.0013675781249999999,0.09385665986580692,0.09386662277451847,-0.464,0.483,0.9470000000000001,0.2001157170094614,0.10658364795490445,5.145598996941564,-0.0017660156249999996,0.09954872166777058,0.09956438518303118,-0.698,0.718,1.416,1.4095585224003937,0.07009952675489599,7.21141398777158,-0.00274140625,0.05425222421613201,0.05432144273327983,-0.232,0.234,0.466,0.11588388830247354,-0.014315486110170273,4.307691184577708,2nd_test,182,2004.02.13.16.52.39
-0.00178046875,0.07807122492633904,0.07809152470318882,-0.334,0.322,0.656,0.3541207352122204,0.00788222703638921,4.277032639139702,-0.0017925781250000001,0.09514989789755832,0.0951667820526154,-0.391,0.647,1.038,0.29355916257699555,0.12787966866125813,6.79859070610889,-0.0020697753906249996,0.10184737865845143,0.10186840781010384,-0.745,0.693,1.438,1.5405732076815708,0.023434471538685418,7.313356672673877,-0.003376269531250001,0.05571618073988788,0.05581838399835219,-0.229,0.278,0.507,0.21766814412768332,0.020664873806044412,4.9804379862237935,2nd_test,183,2004.02.13.17.02.39
-0.002096875,0.07632805872566212,0.07635685583884233,-0.378,0.427,0.8049999999999999,0.4990925057617095,0.00838526534281565,5.592163209229408,-0.0024657714843749996,0.09503754706349601,0.09506952919237253,-0.427,0.537,0.964,0.16743343495047736,0.149368794737494,5.648497521300812,-0.001989501953125,0.10279518203854637,0.10281443268510203,-0.747,0.608,1.355,1.0894909470789198,-0.045577783183869736,7.265516917071662,-0.0033955566406249998,0.05478440815360637,0.054889536176220555,-0.244,0.237,0.481,0.18504625280534137,-0.014742238532750095,4.445291707552473,2nd_test,184,2004.02.13.17.12.39
-0.00243447265625,0.07782999554263909,0.07786806061076165,-0.374,0.381,0.755,0.349412751660938,-0.00726879687814854,4.892891861011002,-0.0012945312499999997,0.0954670855489879,0.09547586205096553,-0.5,0.564,1.064,0.25251150417158463,0.09589161082099679,5.907252240289031,-0.00196689453125,0.10094817899064817,0.10096733885581516,-0.571,0.679,1.25,1.1861423951749233,-0.0027284914250107523,6.724946974812424,-0.002901123046875,0.055452100835045155,0.05552793893125447,-0.244,0.225,0.469,0.11306972646601299,-0.03168526601010116,4.3941843456081875,2nd_test,185,2004.02.13.17.22.39
-0.00238203125,0.07657321002498375,0.07661025105301672,-0.352,0.393,0.745,0.4160923963921235,-0.005783317921043904,5.129861795165006,-0.001967138671875,0.09536590073841246,0.09538618693607122,-0.376,0.471,0.847,0.1651333720694046,0.11098956783177372,4.937821870484571,-0.0022361328125,0.10508171301070235,0.10510550270665542,-0.811,0.759,1.57,1.8338258382470256,0.055132614863639816,7.716056525182581,-0.00325517578125,0.05543002717538946,0.05552552640030754,-0.256,0.288,0.544,0.13858227864150052,-0.015391161344825969,5.1868035958542125,2nd_test,186,2004.02.13.17.32.39
-0.0013516601562499997,0.07898807803620275,0.07899964213229861,-0.422,0.396,0.8180000000000001,0.6273356080180288,0.0020776462340994987,5.341796350013155,-0.0009666015625,0.09593388815357752,0.09593875762612183,-0.442,0.53,0.972,0.3557424899909818,0.11318415012322992,5.524357549635074,-0.0007068359375,0.10203909996672825,0.10204154810204763,-0.718,0.657,1.375,1.3142432398333312,0.012297949178065377,7.036349539453486,-0.00277744140625,0.057510079609880985,0.05757710862400091,-0.383,0.361,0.744,0.29278663057521603,-0.03477005903995728,6.651949171231833,2nd_test,187,2004.02.13.17.42.39
-0.002103271484375,0.07536050939328992,0.07538985427067177,-0.381,0.4,0.781,0.5084444464835771,0.02934055695804639,5.305753723287174,-0.0018969238281250002,0.09449418007825755,0.09451321806325227,-0.435,0.413,0.848,0.2055227960188457,0.1153249227923858,4.602530830177392,-0.0015612792968750001,0.09964171291120515,0.09965394395066296,-0.518,0.671,1.189,1.3008388666896105,0.04090455225087321,6.733300995347137,-0.0029405761718749998,0.05463322158219554,0.05471230107271924,-0.234,0.227,0.461,0.06672689694065248,-0.012239396129988265,4.276917537880721,2nd_test,188,2004.02.13.17.52.39
-0.00199404296875,0.07720547781315475,0.07723122433134638,-0.339,0.364,0.7030000000000001,0.4005096065091718,0.001504402071981427,4.713119637125157,-0.0015608398437499998,0.09501918962067434,0.09503200838237347,-0.427,0.43,0.857,0.09184041140161359,0.10465229201434198,4.524791249968274,-0.00223505859375,0.10020872563190296,0.10023364794163435,-0.63,0.627,1.2570000000000001,1.2304646473382714,0.01386575000948772,6.28531449200134,-0.00301337890625,0.05589404664104324,0.05597521685838966,-0.31,0.237,0.5469999999999999,0.21095158359815303,-0.06982962417913036,5.5381652344237144,2nd_test,189,2004.02.13.18.02.39
-0.0019072265625,0.07528655729607739,0.07531071120800978,-0.381,0.342,0.7230000000000001,0.2905308522713739,-0.019873256649079945,5.05904132205857,-0.0012121093750000003,0.09454648084864416,0.09455425030108376,-0.457,0.444,0.901,0.2046315103830425,0.12199970954907613,4.8332042033009355,-0.001657373046875,0.09932297104635018,0.09933679813085695,-0.696,0.771,1.467,1.397093061685152,-0.0004601060781037672,7.761474242169509,-0.00284580078125,0.05370947192949012,0.053784811583115634,-0.239,0.203,0.442,-0.016002851793504913,-0.00889746750373119,4.4436336757677575,2nd_test,190,2004.02.13.18.12.39
-0.001304833984375,0.07812222617620639,0.07813312239027137,-0.479,0.393,0.872,0.5664490782766274,0.046206706261909834,6.130562626196945,-0.0013481445312499998,0.09417833496008576,0.09418798367908324,-0.344,0.508,0.852,0.16969798101436506,0.10407890985798193,5.39346931690842,-0.002523828125,0.10225009177579235,0.10228123472349412,-0.688,0.845,1.533,1.5164170174695784,0.012375939392569762,8.261534994919659,-0.002551171875,0.05645836683899658,0.05651597706898909,-0.312,0.317,0.629,0.33214454874033983,-0.043943725642163554,5.6090333465778865,2nd_test,191,2004.02.13.18.22.39
-0.001972509765625,0.07742304190688415,0.07744816468381045,-0.337,0.352,0.6890000000000001,0.2876786871169621,0.0020209516267208822,4.544975357809041,-0.0013029785156249997,0.09500172002408533,0.09501065498430623,-0.432,0.559,0.9910000000000001,0.26999431395719453,0.12512631568542884,5.883550640572381,-0.00219814453125,0.09960691147186267,0.09963116305827083,-0.63,0.676,1.306,1.4989831356545302,0.03632593576254638,6.785025681150042,-0.0027375000000000003,0.05595132632895086,0.05601825438389481,-0.251,0.244,0.495,0.21818423815946986,-0.007204007366512991,4.480682283946384,2nd_test,192,2004.02.13.18.32.39
-0.002257177734375,0.07758341228359363,0.07761624000742773,-0.41,0.42,0.83,0.5162164874021524,-0.010304847983907822,5.411238678328086,-0.001839990234375,0.09482010739297615,0.0948379582766211,-0.52,0.471,0.991,0.20475785380849665,0.08827928796361026,5.483036638956243,-0.00327861328125,0.0989766623950225,0.0990309497273769,-0.613,0.747,1.3599999999999999,1.280230718383768,-0.025342281622326476,7.543096396115348,-0.0033635742187499997,0.0556070014887398,0.05570863708702404,-0.281,0.286,0.567,0.15785854191572435,0.014836908291938055,5.133853832182206,2nd_test,193,2004.02.13.18.42.39
-0.001997119140625,0.07771170832533071,0.0777373661484818,-0.371,0.381,0.752,0.3658649197381023,0.026530861432519353,4.901117942012237,-0.0008055664062500001,0.09501483122444028,0.0950182460890736,-0.559,0.43,0.9890000000000001,0.23863753398871035,0.12863636052535196,5.883080597700044,-0.001926318359375,0.1039330279908363,0.10395087786914368,-0.723,0.793,1.516,1.6507116203480852,0.009251176925771612,7.628603204204031,-0.0030071777343750002,0.05615814285592967,0.0562385999732668,-0.259,0.232,0.491,0.1436571459481102,0.021799400882275086,4.605377803119407,2nd_test,194,2004.02.13.18.52.39
-0.00183994140625,0.07655629609046088,0.07657840332279559,-0.405,0.393,0.798,0.5125468703141571,-0.019851269286148533,5.288697366639301,-0.001270361328125,0.09576434190314721,0.09577276751794779,-0.442,0.43,0.872,0.2272487672070258,0.09155977399156519,4.615090609264833,-0.0024341796875000004,0.10117471093376157,0.10120398887040595,-0.608,0.64,1.248,1.0704467030936273,0.015813611365449197,6.323861412352144,-0.0030056152343750004,0.05578538077940777,0.05586629065582057,-0.251,0.303,0.554,0.1684240943398576,0.03180667031444177,5.4236641888628325,2nd_test,195,2004.02.13.19.02.39
-0.002377490234375,0.0761457171826727,0.07618282421306082,-0.405,0.388,0.793,0.381054399079956,0.001985614560844308,5.316158913484471,-0.0019076660156250001,0.09524806079791574,0.095267162629054,-0.398,0.388,0.786,0.13124253417343557,0.07771473433258773,4.177724926536676,-0.0019709472656250005,0.10417628063505747,0.10419492348515894,-0.569,0.71,1.279,1.020345827991119,0.00024159189488371922,6.814151555995096,-0.0028109375,0.05423198683430374,0.054304785844573586,-0.31,0.337,0.647,0.1110530586766556,-0.009501207637923777,6.2057145563252245,2nd_test,196,2004.02.13.19.12.39
-0.00199609375,0.07524764443192698,0.07527411495867953,-0.459,0.415,0.874,0.4514792731300825,-0.00922798812746794,6.097713672832456,-0.0020322753906250003,0.09301436319748438,0.09303656219087673,-0.374,0.408,0.782,0.17030651832930532,0.13085027032469815,4.385372700665239,-0.0019856445312499997,0.10083821543620264,0.10085776359092294,-0.645,0.635,1.28,1.0198624824728109,-0.005047167356250472,6.3951447764567915,-0.0031515136718750004,0.0540309801780225,0.05412281272644535,-0.242,0.227,0.469,0.18356171982293823,-0.019892310025011,4.471312332170854,2nd_test,197,2004.02.13.19.22.39
-0.00181630859375,0.07651418403818844,0.07653573894552466,-0.398,0.356,0.754,0.35252962681830136,-0.11389563223107593,5.200184978655287,-0.0022019042968750005,0.0956641990035093,0.09568953628017864,-0.474,0.488,0.962,0.2883813120650536,0.1286720228117908,5.099826156185331,-0.002109375,0.10101140362409274,0.10103342578077812,-0.54,0.728,1.268,1.3116460503929748,0.1147239605985222,7.205536131897632,-0.0028217773437500004,0.05555187498914684,0.05562349541504471,-0.22,0.242,0.46199999999999997,0.12144681669037993,-0.03898456544863178,4.350679477978196,2nd_test,198,2004.02.13.19.32.39
-0.0020895507812500004,0.07657643296815494,0.07660493658109607,-0.366,0.337,0.7030000000000001,0.3462653410221592,-0.0033497670248490373,4.777759976444399,-0.002182421875,0.09417554369820899,0.09420082800110491,-0.369,0.422,0.7909999999999999,0.13764696488967587,0.07893766851285164,4.47979077201498,-0.0022183105468750004,0.1004039076654365,0.10042841020434344,-0.593,0.61,1.2029999999999998,1.0731745910527302,0.039144662712218746,6.073978456422324,-0.0028890136718750003,0.05552721862480458,0.05560232376621615,-0.278,0.215,0.493,0.07990174470068645,0.004725354085578042,4.999791036861528,2nd_test,199,2004.02.13.19.42.39
-0.0016293457031250004,0.07862438808983879,0.07864126887278634,-0.386,0.405,0.791,0.3624940923308948,0.004950696919003293,5.149967768831353,-0.00187666015625,0.09550583118945771,0.09552426730695844,-0.391,0.491,0.882,0.1467625317923007,0.15406857739885008,5.140055127741275,-0.00281083984375,0.10398404963171172,0.10402203323545209,-0.715,0.911,1.626,2.383042346915773,0.09117226762889334,8.757759982726057,-0.00308603515625,0.05537398701372007,0.05545991390888783,-0.237,0.212,0.44899999999999995,0.12231821269674326,-0.027416983589161593,4.273356795776522,2nd_test,200,2004.02.13.19.52.39
-0.001882666015625,0.07700383419533723,0.07702684539892164,-0.403,0.442,0.845,0.5425193663094023,-0.019713770351828,5.738259144654646,-0.001286767578125,0.09422004010673904,0.09422882642013337,-0.505,0.386,0.891,0.16826413909328508,0.11120421758546713,5.35929416910089,-0.002059619140625,0.0998540576166597,0.0998752965127795,-0.591,0.657,1.248,0.9325062209123343,0.031125995085297297,6.578203248781901,-0.0030043945312500002,0.055490477964697645,0.055571751198338175,-0.247,0.237,0.484,0.157012217436451,-0.023176680673452507,4.44470427275183,2nd_test,201,2004.02.13.20.02.39
-0.001766796875,0.07652579803399628,0.07654619086497708,-0.442,0.391,0.833,0.5200155088401144,-0.019903944163037667,5.774291248194014,-0.0013839355468750001,0.09572250699521494,0.09573251079464527,-0.42,0.457,0.877,0.2727503627682002,0.1640726965468852,4.773717895851826,-0.0022849121093750004,0.10171745643806945,0.10174311656116164,-0.676,0.586,1.262,1.005629002333853,-0.03863640255298286,6.644184126077823,-0.0027486328125,0.054648444965921014,0.05471752479353621,-0.247,0.239,0.486,0.18466725281573515,-0.025191377919519125,4.514093079456402,2nd_test,202,2004.02.13.20.12.39
-0.0018501464843750002,0.0773896824151287,0.07741179487861087,-0.337,0.366,0.7030000000000001,0.43190081038293116,0.0506572152330478,4.727961682960525,-0.0015939453125000003,0.09522585489195284,0.09523919414591084,-0.396,0.403,0.799,0.09290005240359722,0.08161141280322265,4.231451175220508,-0.002135205078125,0.10276785186910338,0.10279003102692218,-0.806,0.889,1.695,1.9797426001961025,0.034653242092614944,8.648698624855065,-0.00347119140625,0.055748419524143694,0.05585638234990475,-0.278,0.22,0.498,0.06819047041703508,-0.009344969239514363,4.977049860721906,2nd_test,203,2004.02.13.20.22.39
-0.0017079101562500001,0.0758711009598973,0.07589032163569179,-0.376,0.471,0.847,0.5098311593414597,-0.010439030765608785,6.206324994309667,-0.0023666503906250003,0.09350105327735848,0.09353100019804597,-0.327,0.442,0.769,0.14292119561285865,0.12569365668689797,4.7257059056288,-0.001629052734375,0.10043981720686274,0.10045302729813262,-0.557,0.657,1.214,1.0792334087241322,0.02831589810262706,6.540370336909429,-0.002511865234375,0.05576394913632564,0.05582049346104328,-0.266,0.256,0.522,0.15067192711744903,0.015858799671853007,4.765274964487268,2nd_test,204,2004.02.13.20.32.39
-0.0021527343749999997,0.0756129652894723,0.07564360372930583,-0.5,0.403,0.903,0.42220488142617585,-0.0455640312698098,6.609944203381206,-0.0014975585937500003,0.09431563061143834,0.0943275190990148,-0.449,0.41,0.859,0.15479948538558075,0.09821215220044299,4.760010697662137,-0.001488720703125,0.1001932598826012,0.10020431934419981,-0.569,0.774,1.343,1.3849784701206405,0.06713210423134928,7.724217928506669,-0.0029068847656250002,0.054806260080452966,0.05488329548275026,-0.239,0.229,0.46799999999999997,0.10096709261969705,-0.011679653123181963,4.354694773581201,2nd_test,205,2004.02.13.20.42.39
-0.002705712890625,0.07584539467327026,0.07589364120524608,-0.369,0.371,0.74,0.3855004562475095,0.007241652539189064,4.888420085047474,-0.0014183105468750002,0.09383309112938648,0.09384380957582192,-0.403,0.449,0.8520000000000001,0.1966369241459005,0.10558243847029414,4.78454574707394,-0.0020448242187499997,0.10108028476093601,0.10110096573939094,-0.605,0.913,1.518,2.0306544479582627,0.12714238272847064,9.030576447156989,-0.0030429199218749998,0.05518632469435641,0.055270152839682604,-0.237,0.229,0.46599999999999997,0.07265098002196568,-0.0021984167272648307,4.288028670431897,2nd_test,206,2004.02.13.20.52.39
-0.002369189453125,0.07718505169401052,0.07722140418091265,-0.371,0.371,0.742,0.35013309394085246,-0.017889749662760898,4.8043674410015225,-0.001833544921875,0.09546621149311202,0.09548381760187495,-0.449,0.439,0.888,0.11837562080951436,0.10778858542419112,4.702367492965435,-0.0019077148437499996,0.0994333863417486,0.09945168523113371,-0.498,0.762,1.26,1.3501368331425097,0.12469831812016209,7.662011942999143,-0.003332080078125,0.05586164922091978,0.05596093826347201,-0.244,0.217,0.46099999999999997,0.2162758920817449,-0.0018689217888543349,4.3601842207658015,2nd_test,207,2004.02.13.21.02.39
-0.002247265625,0.07666136660171108,0.07669429791080462,-0.374,0.359,0.733,0.3974503405974863,-0.011486986147813074,4.876503340966561,-0.00186904296875,0.09517585460333265,0.09519420476632887,-0.359,0.481,0.84,0.07958228117437915,0.13627836160727508,5.0528285957705865,-0.0018644042968750003,0.10007150042739275,0.10008886651956787,-0.723,0.85,1.573,1.6620566517381041,0.045026184990617175,8.492453052461416,-0.003249365234375,0.05641126167648629,0.056504768102872305,-0.244,0.256,0.5,0.16493695430790378,0.007489911154769651,4.530591109221032,2nd_test,208,2004.02.13.21.12.39
-0.00190322265625,0.07667083221833441,0.07669445070884366,-0.515,0.354,0.869,0.4542567805615856,0.019394003539227038,6.714957799859439,-0.001331396484375,0.09289015265125398,0.09289969362797637,-0.369,0.398,0.767,0.08010126390227823,0.12337933724760455,4.284190662560589,-0.0011062011718749997,0.09771575587345405,0.09772201710440245,-0.605,0.64,1.245,1.1132409553617535,-0.001878250265126271,6.5491894145993665,-0.00324775390625,0.054519254991947,0.05461590492075088,-0.337,0.212,0.549,0.24902342571387193,-0.04642218548325871,6.1703637517830305,2nd_test,209,2004.02.13.21.22.39
-0.00254072265625,0.07640126774314035,0.0764435019107249,-0.383,0.352,0.735,0.4621422075469619,-0.002604927523746169,5.010236193028926,-0.00207705078125,0.09314883042771986,0.09317198479156705,-0.532,0.469,1.001,0.18356861133886104,0.06156763822727338,5.709870849960054,-0.001783984375,0.10002192346274519,0.10003783171099571,-0.784,0.808,1.592,2.0474437661139246,0.05075287635781751,8.076944353674063,-0.002928271484375,0.05443099112154005,0.05450970159851708,-0.259,0.22,0.479,0.09339026903696146,-0.00036602756158333176,4.7514477680115315,2nd_test,210,2004.02.13.21.32.39
-0.0021406249999999997,0.07803364064469648,0.07806299602024157,-0.339,0.376,0.7150000000000001,0.3311462198582431,-0.007461671043633221,4.816622717089763,-0.001468212890625,0.09523583015361618,0.09524714690813907,-0.376,0.479,0.855,0.17772866599367143,0.13978180405602916,5.029022028942679,-0.0011160644531250001,0.10247384410818376,0.10247992157575002,-0.649,0.769,1.4180000000000001,1.5929099854929527,0.06426224364831548,7.503908943022315,-0.002785498046875,0.05633923594166174,0.056408053554961236,-0.244,0.264,0.508,0.10492709979062642,-0.004654943391593461,4.680182763939748,2nd_test,211,2004.02.13.21.42.39
-0.002179296875,0.07730749201326231,0.07733820308392225,-0.342,0.388,0.73,0.42701086599625615,-0.012023860933513906,5.016925458869937,-0.0010529296874999996,0.09505034044115482,0.0950561722294047,-0.547,0.469,1.016,0.2862010684722307,0.11100416949998201,5.754492182518542,-0.002034619140625,0.10326849024221148,0.10328853156063904,-0.613,1.035,1.648,2.049774191290383,0.07616183943108268,10.02047356421509,-0.00332158203125,0.05570036329967631,0.05579931342683573,-0.237,0.229,0.46599999999999997,0.16934708701075962,-0.009048794845243884,4.247364088207069,2nd_test,212,2004.02.13.21.52.39
-0.00211962890625,0.07692046829570813,0.07694966711774165,-0.378,0.369,0.747,0.320109256981544,0.022963086515134054,4.912301952089086,-0.0024300292968749996,0.09376547469471748,0.09379695777107792,-0.415,0.474,0.889,0.12776060299222802,0.10730753595210127,5.053468803879515,-0.00087021484375,0.10281311859403919,0.1028168012968029,-0.911,0.742,1.653,2.7253155262588518,-0.06326503760872457,8.860419586107735,-0.0034055175781249995,0.0540492592061002,0.05415643978977131,-0.239,0.261,0.5,0.12517736556700676,-0.043275841934733626,4.819371454407838,2nd_test,213,2004.02.13.22.02.39
-0.002137548828125,0.07888717205163497,0.07891612654772709,-0.393,0.41,0.8029999999999999,0.5186211330341539,0.020848390760588757,5.19538930673243,-0.001651953125,0.09598461107173147,0.09599882557468477,-0.457,0.559,1.016,0.3718894798174919,0.11052294850573693,5.822987902693544,-0.0008722167968749998,0.10388703830648761,0.10389069972925571,-0.818,0.696,1.5139999999999998,1.4182691128076792,0.05280463798557658,7.873659549159593,-0.002831982421875,0.05619586060030637,0.05626717402755247,-0.286,0.229,0.515,0.093053079408973,-0.02707715065558509,5.082892555699898,2nd_test,214,2004.02.13.22.12.39
-0.0016583007812500002,0.07746037066070563,0.07747811939105775,-0.347,0.381,0.728,0.4064589681713531,0.017843254212914873,4.917517397035015,-0.0011328613281249996,0.09398568070693329,0.0939925079606581,-0.374,0.405,0.779,0.05699649737801149,0.1345182267404518,4.308854064892168,-0.00116884765625,0.10119448326659898,0.10120123343338015,-0.737,0.708,1.4449999999999998,1.2005952184040298,-0.009885838598923493,7.282519935667363,-0.002856396484375,0.056164210039476435,0.05623679836401051,-0.264,0.266,0.53,0.09268806299426258,-0.026305927051443224,4.729998999471853,2nd_test,215,2004.02.13.22.22.39
-0.001582275390625,0.07686808002580686,0.07688436331443231,-0.371,0.378,0.749,0.4088430650331287,0.00214522628730286,4.916474347965725,-0.001769287109375,0.09494938744330568,0.09496587046267925,-0.474,0.454,0.9279999999999999,0.25826388017005986,0.07287776473705206,4.991266838135144,-0.0011852050781250001,0.09959099573506087,0.09959804788537838,-0.723,0.654,1.377,1.2336177044697356,0.04756675220927969,7.259178421095156,-0.0026995605468749994,0.05644607683134968,0.05651059384572839,-0.266,0.266,0.532,0.18864691023212243,0.015092170312851256,4.707082015833387,2nd_test,216,2004.02.13.22.32.39
-0.0024457031249999995,0.07739387126679906,0.07743250463104949,-0.322,0.32,0.642,0.21209746554701248,-0.02601352698438021,4.158460345950419,-0.001354931640625,0.09519993481081596,0.09520957634468487,-0.435,0.452,0.887,0.22128850083512042,0.11130727741047718,4.747421607663584,-0.0022097167968749996,0.10293195906325442,0.10295567514674397,-0.615,0.933,1.548,1.4318646753422906,0.07556044889932027,9.062152219011935,-0.0031944335937499997,0.055366063297916275,0.05545814071075364,-0.242,0.2,0.442,0.0783643489832615,-0.000559298633967497,4.363651519761665,2nd_test,217,2004.02.13.22.42.39
-0.0022951171875,0.07761845480901686,0.07765237980798624,-0.442,0.359,0.8009999999999999,0.4663598030208287,-0.031461210931340404,5.692034179599606,-0.0012915527343750001,0.09420700904732993,0.09421586205151113,-0.371,0.439,0.81,0.18753849246662835,0.11721032352213084,4.659512638703276,-0.0017083007812500003,0.09917995584811747,0.099194666860642,-0.664,0.608,1.272,1.0615683249643588,-0.027272359693565732,6.69390826148099,-0.00334443359375,0.055543863915148144,0.05564446113215133,-0.229,0.3,0.529,0.19090085360971987,-0.004416844364121387,5.391372184953532,2nd_test,218,2004.02.13.22.52.39
-0.00198408203125,0.07842634470312429,0.0784514380046663,-0.359,0.354,0.713,0.3903152250695121,-0.012433715907308976,4.576079280714658,0.001530517578125,0.09543183843679962,0.09544411072184797,-0.503,0.503,1.006,0.23754470343848721,0.15938783539206627,5.27009991701446,-0.0015099121093750001,0.10117997143951014,0.10119123704688132,-0.664,0.586,1.25,1.1294051220103878,0.04226422921117213,6.561833014115746,-0.0031879882812499995,0.055775971496188334,0.05586700516069391,-0.251,0.217,0.46799999999999997,0.12149184345072417,-0.03944915587008585,4.492812873601145,2nd_test,219,2004.02.13.23.02.39
-0.001492529296875,0.07745103192683972,0.07746541157338786,-0.457,0.459,0.916,0.39815988514681777,-0.00027567020009534594,5.9252250865437555,-0.001719873046875,0.09418199581411915,0.09419769794866606,-0.442,0.459,0.901,0.2324261143633537,0.10191412391587484,4.872730544277884,-0.0024576171875,0.09848694125734869,0.09851759985134002,-0.498,0.601,1.099,1.0166463682150804,0.05328754962709074,6.1004328252087925,-0.00245458984375,0.05522500484901707,0.05527952760177134,-0.271,0.225,0.496,0.14399055292496943,-0.015300747243218626,4.902357378075965,2nd_test,220,2004.02.13.23.12.39
-0.002397607421875,0.0769863685436662,0.07702369416543603,-0.388,0.408,0.796,0.3219624132001542,-0.00033013657832887163,5.297071302739342,-0.001212841796875,0.0944607198721253,0.09446850577829828,-0.425,0.42,0.845,0.193687762680133,0.07984724265935772,4.4988538401666345,-0.001836572265625,0.10043717913942532,0.10045396931516383,-0.566,0.586,1.152,1.197597833624215,-0.01797696936083248,5.833517619952405,-0.002854638671875,0.055255062099887384,0.05532875246749537,-0.276,0.215,0.491,0.040793738308074534,0.0016113773333135042,4.98836477755678,2nd_test,221,2004.02.13.23.22.39
-0.002389208984375,0.0759900835864513,0.07602763394350028,-0.364,0.315,0.679,0.3787525414114188,-0.013967775473019093,4.787732842846561,-0.0016367187500000002,0.09411856489132285,0.09413279505819824,-0.442,0.447,0.889,0.12786796559682712,0.12374841524079938,4.748610722956761,-0.001649462890625,0.10168347182356789,0.10169684936084242,-0.835,0.659,1.494,2.2208050112346047,-0.0997500420240608,8.21067717672382,-0.00255341796875,0.054737502837023125,0.05479702692807567,-0.242,0.286,0.528,0.17475946629445316,0.041847261026232326,5.219261263392494,2nd_test,222,2004.02.13.23.32.39
-0.002610693359375,0.0773580671906957,0.07740210771869765,-0.359,0.369,0.728,0.3420917702434818,-0.004966223100446778,4.767312039308913,-0.002514697265625,0.09377527929388765,0.09380899055519344,-0.413,0.432,0.845,0.16164685199257622,0.15526571888500912,4.605102319497015,-0.0020966796875,0.10077669867974454,0.1007985072434111,-0.605,0.667,1.272,1.4035152646501325,0.089145070479124,6.617161486158642,-0.0031750976562500005,0.05435246574183204,0.05444512629559922,-0.21,0.217,0.427,0.02387832779292287,-0.03823866520997918,3.9856643699907144,2nd_test,223,2004.02.13.23.42.39
-0.0018712402343749996,0.07754091329985661,0.07756348867470199,-0.405,0.349,0.754,0.4734358466541311,0.013195322849001004,5.221528929588655,-0.001442041015625,0.09360651551160785,0.09361762242503077,-0.505,0.378,0.883,0.23735688263286114,0.08412972788815566,5.394283543133249,-0.0025177734375000003,0.1014549386028961,0.10148617516686695,-0.718,0.737,1.455,1.909554926289526,-0.017559936910052743,7.262072876240906,-0.0030034667968750002,0.055008703481216906,0.05509063687673591,-0.303,0.259,0.562,0.17943995608526242,-0.04714387864129322,5.500027176531936,2nd_test,224,2004.02.13.23.52.39
-0.0018188964843750006,0.07698179360874721,0.0770032787070825,-0.369,0.374,0.743,0.447202651604071,-0.013107538257795601,4.856936045773123,-0.0011681640625000001,0.09373164738149055,0.09373892642933884,-0.398,0.415,0.813,0.1756680884843851,0.1225288346543008,4.427189597785751,-0.0012270019531250003,0.10068043981006268,0.10068791632634289,-0.706,0.574,1.2799999999999998,1.2773012743106928,0.04803932128718037,7.011764924251174,-0.0031281738281250006,0.055256123522231984,0.05534459917826784,-0.281,0.247,0.528,0.11837810491080258,0.01842727411470755,5.077279520803956,2nd_test,225,2004.02.14.00.02.39
-0.00182568359375,0.0763151552089869,0.07633698995347046,-0.386,0.347,0.733,0.4471539298962406,0.015299675732331139,5.056526334483732,-0.0005888183593749997,0.0939642906219181,0.09396613549114716,-0.43,0.444,0.874,0.1617245811613599,0.09343286917961502,4.7251065256068285,-0.001203173828125,0.10127372349234988,0.10128087034216099,-0.762,0.95,1.712,2.1121779423002307,0.0779967934242056,9.379856203656221,-0.00299072265625,0.054606668046868534,0.05468850534790195,-0.234,0.247,0.481,0.04746169734429717,-0.018911877745905026,4.5164883996040555,2nd_test,226,2004.02.14.00.12.39
-0.0021806640624999997,0.07639013810918444,0.07642125683403637,-0.457,0.388,0.845,0.5469289750901192,0.014747629489465723,5.980011569117273,-0.001009521484375,0.09437744800822101,0.09438284709719175,-0.449,0.42,0.869,0.15544302286122091,0.10054401720754717,4.757220340395964,-0.0012646972656250003,0.10154849280238332,0.10155636784372202,-0.835,0.725,1.56,2.293636472439026,-0.05189072455114692,8.222034892747454,-0.00263828125,0.05610273099565563,0.056164730508789944,-0.269,0.256,0.525,0.15983579949588922,-0.002937780600906053,4.789482608718496,2nd_test,227,2004.02.14.00.22.39
-0.00199072265625,0.07819087792379231,0.07821621550028804,-0.347,0.435,0.782,0.40368368534336563,-0.007929516634509222,5.561506616141975,-0.0015898437500000001,0.09502391523802356,0.0950372141337934,-0.398,0.476,0.874,0.1697084017933861,0.1408896551163783,5.008564322233589,-0.001972119140625,0.0999708446463183,0.09999029469505091,-0.61,0.725,1.335,1.3330152048998087,0.02389545964288448,7.250703702832807,-0.00279150390625,0.05533319427571384,0.05540356380967293,-0.234,0.229,0.463,0.16963293116394818,-0.04970159702077625,4.22355501894487,2nd_test,228,2004.02.14.00.32.39
-0.002210791015625,0.07758871592333583,0.0776202063611459,-0.342,0.388,0.73,0.3791111272392764,0.02530935298304422,4.998698382605966,-0.0010399414062500002,0.09529357530561972,0.09529924959125465,-0.376,0.417,0.7929999999999999,0.19464737126909037,0.10583696970943067,4.375690278613602,-0.00093310546875,0.10255102539847145,0.10255527044522748,-0.664,0.867,1.5310000000000001,1.6536104624286203,0.06839469101904137,8.453977998669426,-0.002814599609375,0.055889401036149346,0.055960228011871296,-0.276,0.227,0.503,0.11875382453872296,0.011133041183305515,4.932074257033367,2nd_test,229,2004.02.14.00.42.39
-0.001653466796875,0.07715302673181239,0.07717074242436783,-0.42,0.42,0.84,0.3713008615841109,0.026650007404279006,5.442477120214099,-0.00098564453125,0.09463436622328601,0.09463949897175598,-0.403,0.442,0.845,0.18010422760167133,0.06653589860776028,4.670354395338031,-0.000433984375,0.09903688419472695,0.09903783506033187,-0.679,0.562,1.241,1.343452991766088,0.024593754298137205,6.855965698154759,-0.0024768554687499998,0.055999182571763256,0.05605393172399908,-0.208,0.269,0.477,0.07806934602293891,0.012990723107732093,4.798949720774551,2nd_test,230,2004.02.14.00.52.39
-0.002093017578125,0.07782723749792411,0.07785537630209377,-0.444,0.386,0.8300000000000001,0.5050743337064105,0.016957315233763728,5.7028816901673185,-0.0013461914062499996,0.09408757698919522,0.0940972070520693,-0.459,0.479,0.938,0.22530012899979734,0.09498168513023389,5.090480525419333,-0.0023247558593750004,0.10201743040234558,0.10204391503516085,-0.601,0.723,1.3239999999999998,1.1247372963215962,-0.053214537672838444,7.085184841681091,-0.003109765625,0.056955715067509405,0.05704054804342039,-0.264,0.242,0.506,0.16013508762830053,-0.03960121829834452,4.628286526882767,2nd_test,231,2004.02.14.01.02.39
-0.002283251953125,0.0761109060021734,0.07614514595135481,-0.308,0.403,0.7110000000000001,0.3286110755448455,0.009797629611827658,5.292523836675857,-0.0014230468749999998,0.09426738087879499,0.09427812132279816,-0.349,0.398,0.747,0.08757502410816587,0.12632885727114604,4.221552088772211,-0.001036083984375,0.09697158449720823,0.09697711931131937,-0.74,0.591,1.331,1.287454522728301,-0.0058073175403293925,7.630665926637758,-0.0028506835937500002,0.05486974072107799,0.05494374253497845,-0.239,0.225,0.46399999999999997,0.03920658787657816,0.0036324348528979497,4.349903901131183,2nd_test,232,2004.02.14.01.12.39
-0.00214443359375,0.07808635380561539,0.07811579383257748,-0.415,0.369,0.784,0.42558587856816343,0.013796722577398045,5.312626034168463,-0.0051230957031249994,0.0950837841566965,0.09522169983328709,-0.488,0.488,0.976,0.32067714346058906,0.07946935651336977,5.124882257397832,-0.0012256835937499999,0.10110296926915902,0.10111039855184283,-0.62,0.498,1.1179999999999999,0.9550294172657074,-0.03613888874750015,6.131911345161718,-0.0035161621093749997,0.057330213256776494,0.0574379382294218,-0.266,0.308,0.5740000000000001,0.26468452070656223,0.027385709238562237,5.3623094680802605,2nd_test,233,2004.02.14.01.22.39
-0.0018599121093749997,0.07644353036305476,0.07646615334526692,-0.322,0.415,0.737,0.35054667928770566,0.002853774547271935,5.4272378279671925,-0.0011755371093749999,0.09458939687500052,0.09459670125681907,-0.488,0.483,0.971,0.18823073488824926,0.12622747302940673,5.158742255398291,-0.00135859375,0.10007828588187205,0.10008750712267366,-0.813,0.82,1.633,2.347071495751221,-0.003307467468760085,8.192830689516152,-0.0024333007812500002,0.05448080442884648,0.054535117162304234,-0.229,0.212,0.441,0.02841376496928083,-0.014529800960886442,4.199129146715949,2nd_test,234,2004.02.14.01.32.39
-0.0020169921875,0.07782119996755746,0.077847334070442,-0.378,0.347,0.725,0.30035065706366915,0.013826116677970833,4.85565760868705,-0.001223876953125,0.09449322130846469,0.09450114680810427,-0.535,0.422,0.9570000000000001,0.35002826472477766,0.10794380307944317,5.661306958324213,-0.00115263671875,0.0986805795491549,0.09868731099570248,-0.588,0.588,1.176,0.9724461211530344,0.021452061348403342,5.958212804274779,-0.0027234374999999997,0.05536040366935192,0.0554273525098394,-0.239,0.261,0.5,0.12013573902434649,0.027750577236626415,4.708866438261844,2nd_test,235,2004.02.14.01.42.39
-0.0018459472656250004,0.07807434200224268,0.07809616123978583,-0.374,0.361,0.735,0.2668683879683278,-0.043063585681593075,4.788967780975615,-0.0015091308593749996,0.09426486078665479,0.09427694020850554,-0.364,0.413,0.7769999999999999,0.10890732118962987,0.08820758474559713,4.380710692160955,-0.0023375976562500004,0.1040412881557305,0.10406754539195326,-0.798,0.811,1.609,2.735696460804184,-0.014318297435461994,7.793015554827484,-0.0031475097656249998,0.05509239193456906,0.05518222962872083,-0.254,0.195,0.449,0.08289056553444363,0.009820778406212366,4.602931083147047,2nd_test,236,2004.02.14.01.52.39
-0.0019934570312499997,0.07850798225341203,0.07853328688166249,-0.332,0.327,0.659,0.3653585893301865,-0.01848502155500414,4.227506744955742,-0.000771142578125,0.09491751259143952,0.09492064505375991,-0.41,0.479,0.889,0.18578487285310175,0.16933034851371503,5.0463205314677735,-0.0022129394531249995,0.09944704698901913,0.09947166559306915,-0.576,0.627,1.2029999999999998,1.0566328951245856,0.0443276282258782,6.303302515901412,-0.0025963867187500005,0.055502517772905574,0.055563213578094996,-0.259,0.212,0.471,0.13419575205529233,-0.027025857821151595,4.661357457867514,2nd_test,237,2004.02.14.02.02.39
-0.0014893554687499997,0.07738626662201734,0.07740059716440338,-0.356,0.522,0.878,0.5063321280777151,-0.002135518204121673,6.744134013391362,-0.0012817871093750003,0.09459126524822133,0.09459994946855481,-0.444,0.444,0.888,0.21399540727472122,0.13994332475111326,4.693448595793309,-0.00028525390625,0.10125980747896828,0.10126020926538098,-0.679,0.627,1.306,1.5505272809658193,0.010711492705930612,6.705496709114863,-0.0028000488281249994,0.056272934647357255,0.0563425544971616,-0.251,0.225,0.476,0.1106508784917355,-0.044734624871698554,4.45489208353501,2nd_test,238,2004.02.14.02.12.39
-0.002094580078125,0.07705413826998973,0.0770826017349854,-0.452,0.378,0.8300000000000001,0.44447058511821647,-0.014553599588714976,5.863839437440619,-0.0018981445312500004,0.09379099351913932,0.0938101989016586,-0.435,0.435,0.87,0.1590807677564583,0.13883347405437083,4.637022467582381,-0.0014543457031249997,0.10069805755123296,0.1007085592986794,-0.671,0.825,1.496,2.1082780912099617,0.11072741571820124,8.191955140029753,-0.002699267578125,0.05507373466057626,0.055139843080316026,-0.215,0.222,0.437,0.07042594155781634,-0.023098513717742592,4.026126800408398,2nd_test,239,2004.02.14.02.22.39
-0.0021640624999999998,0.0778242708058665,0.07785435307655411,-0.415,0.334,0.749,0.39565238708172235,0.004598495188358314,5.330466230791236,-0.0014280761718750003,0.09412472662855627,0.09413555951102179,-0.378,0.505,0.883,0.1652287562852628,0.1206260026774562,5.3646040095561105,-0.0025632812499999996,0.09939614652843513,0.09942919267231708,-0.698,0.574,1.2719999999999998,1.096053395572591,-0.03224250593644409,7.0200710800633495,-0.0028081542968749996,0.054858320375006174,0.05493014695885926,-0.244,0.198,0.442,0.07650965240475394,-0.04512639164520945,4.442005228536988,2nd_test,240,2004.02.14.02.32.39
-0.00215537109375,0.0761645793330435,0.07619507050676737,-0.393,0.349,0.742,0.371201721911139,-0.010028938759595853,5.157813981679266,-0.000740234375,0.09279909258349496,0.09280204486567092,-0.564,0.378,0.942,0.20158890464396206,0.0975551772913469,6.077452289012608,-0.0008204589843750002,0.1004740654765352,0.10047741530477446,-0.886,0.674,1.56,1.3980374582212143,-0.0025342518602792107,8.81790198626936,-0.0029663574218750004,0.05500173018419568,0.055081663006933394,-0.242,0.244,0.486,0.07078989783660727,0.00673257207738341,4.429786369464857,2nd_test,241,2004.02.14.02.42.39
-0.00214140625,0.0768690770353883,0.07689889872423401,-0.349,0.447,0.796,0.30749474025222057,-0.03422241407165612,5.812827067877358,-0.0006362304687499998,0.09459382430956782,0.09459596390289995,-0.393,0.442,0.835,0.1942461676228806,0.1496743663669621,4.672503791483407,-0.0014108398437499997,0.10390010442200738,0.10390968274404822,-0.781,1.074,1.855,1.9301784851118011,0.040432109194787666,10.335899134974321,-0.00319814453125,0.056644591641058166,0.056734803168998475,-0.239,0.261,0.5,0.12810540184831964,-0.022033486173935007,4.60035085021706,2nd_test,242,2004.02.14.02.52.39
-0.002520458984375,0.07562072541757292,0.07566271754418999,-0.374,0.381,0.755,0.48816477088484156,0.017446655042237306,5.035505098960337,-0.0012339843749999998,0.09304244840091674,0.09305063095903757,-0.479,0.454,0.933,0.14498783140096938,0.11776153496222125,5.147735109993139,-0.0023250976562500004,0.09841336298815777,0.09844082534065833,-0.671,0.586,1.2570000000000001,1.3164284111530522,-0.037062399255643724,6.816277674137351,-0.002372119140625,0.05505254374020383,0.05510362530255496,-0.249,0.266,0.515,0.13002048156126644,0.004516426975631132,4.827268596842018,2nd_test,243,2004.02.14.03.02.39
-0.0015254882812499998,0.0770758804201095,0.07709097519834116,-0.396,0.383,0.779,0.47452227231467026,0.011662416730180779,5.136788047836037,-0.0006649414062500001,0.09590060590163783,0.09590291111001271,-0.369,0.437,0.806,0.22014454065800892,0.10991590618372847,4.556691709745382,-0.0015823730468749997,0.0989568026013745,0.09896945329518031,-0.627,0.664,1.291,1.2033337104071657,-0.018973503092073702,6.709140829674835,-0.0028829589843750005,0.055239868650369145,0.05531504805218581,-0.254,0.225,0.479,0.0616748779853693,0.012566885600435538,4.591878863700475,2nd_test,244,2004.02.14.03.12.39
-0.0016271484375000003,0.07810519464754627,0.07812214182271728,-0.437,0.386,0.823,0.46552930585791374,0.04079065620665987,5.593804647421099,-0.00130703125,0.09458137911227703,0.09459040969077548,-0.422,0.483,0.905,0.16549349034832472,0.12485948780681905,5.106225901482656,-0.0011042968750000002,0.10238438249270182,0.10239033767890406,-0.508,0.669,1.177,0.9079075762743072,0.0430418382451149,6.533819647039833,-0.0032481445312500003,0.05607726556595025,0.05617125738533899,-0.303,0.325,0.628,0.2531139197677641,0.016600313953497533,5.785877246163283,2nd_test,245,2004.02.14.03.22.39
-0.0017623046875,0.07614653613777954,0.07616692644182087,-0.369,0.405,0.774,0.5528697268991065,-0.0182213176489012,5.317268516854711,-0.001254638671875,0.0951971651208029,0.09520543243552006,-0.459,0.532,0.9910000000000001,0.2725350886008999,0.09799344392444338,5.587916428558009,-0.0011715820312500002,0.10421607826896387,0.10422266343851874,-0.791,0.83,1.621,1.5816793930389599,0.0011680368316551177,7.963718951412671,-0.002949365234375,0.05607344187212102,0.05615095403171593,-0.264,0.225,0.489,0.06465080329638351,-0.037325906243686556,4.701612012614824,2nd_test,246,2004.02.14.03.32.39
-0.00176015625,0.07729347099574023,0.07731350987113282,-0.403,0.352,0.755,0.4825257504421647,0.0018541488833849179,5.212543068688942,-0.00039458007812499997,0.09502076931641747,0.09502158857292313,-0.381,0.444,0.825,0.19389236686418698,0.1392116411729506,4.672622365754127,-0.0003199218750000002,0.099434144121531,0.09943465878247634,-0.552,0.728,1.28,1.2979963491462687,0.09595598994243619,7.321390840041542,-0.00251943359375,0.05611550251343593,0.056172031901728016,-0.261,0.215,0.476,0.06516660515384576,-0.04122074539881517,4.6464404287879155,2nd_test,247,2004.02.14.03.42.39
-0.001607275390625,0.07585974810540545,0.07587677323658983,-0.381,0.386,0.767,0.2798720451744803,-0.013675445464357082,5.087195771904191,-0.002260888671875,0.09409308863927793,0.0941202472758419,-0.417,0.461,0.878,0.19517857309157138,0.15528119348603175,4.897989681689119,-0.002067578125,0.10430695444550675,0.10432744425605375,-0.715,0.618,1.333,1.1842489534877885,-0.008922302555366517,6.853421983944149,-0.0026615234375,0.05623080648256023,0.05629375902076091,-0.237,0.239,0.476,0.09041130676022568,-0.008476598258393876,4.245586085441766,2nd_test,248,2004.02.14.03.52.39
-0.0018720214843750004,0.07618124575959567,0.0762042431228201,-0.305,0.405,0.71,0.3237082059057306,0.0039008739432069696,5.314664687922137,-0.00190283203125,0.09548631963833012,0.09550527738199863,-0.342,0.491,0.833,0.17779637551291883,0.15760331957527743,5.141077157767675,-0.0012724609375000002,0.10103746928061533,0.10104548161827301,-0.781,0.818,1.599,1.5578509974765922,0.016285477578592018,8.095364452634543,-0.0025104980468750003,0.05588244136642798,0.055938804541352374,-0.22,0.244,0.46399999999999997,0.050148883392429955,0.0037671703154633115,4.361909447229298,2nd_test,249,2004.02.14.04.02.39
-0.0021816894531250003,0.07573095783938527,0.07576237683798354,-0.347,0.312,0.659,0.3518243628605009,-0.015463087013837019,4.580109738867789,-0.00153857421875,0.09418618724366327,0.09419875306035107,-0.396,0.437,0.833,0.23172412174017643,0.12708898440035377,4.639127226189338,-0.0012717285156250001,0.09833195801136155,0.09834018130838292,-0.576,0.542,1.1179999999999999,1.024008631116879,0.03664384330826183,5.85721921935324,-0.0029249999999999996,0.055208841251594386,0.05528627114703749,-0.298,0.249,0.5469999999999999,0.1204447616024984,-0.03420235315624921,5.390126586798722,2nd_test,250,2004.02.14.04.12.39
-0.00195458984375,0.07606733812948373,0.07609244608739096,-0.374,0.386,0.76,0.40188111728737264,-0.009484184428140552,5.072776863443348,-0.00127177734375,0.09576196616830282,0.09577041078554091,-0.41,0.559,0.9690000000000001,0.39226568770263315,0.13910833440759895,5.8368758722977,-0.0017862792968749998,0.09926814408904264,0.09928421437776186,-0.728,0.962,1.69,1.961204005111373,0.046808814588145106,9.689355009951953,-0.0029189453125000003,0.05575616358568696,0.05583251758188278,-0.229,0.239,0.46799999999999997,0.09683601507084783,0.0005228460863465722,4.280659557312761,2nd_test,251,2004.02.14.04.22.39
-0.00221328125,0.07858706183877948,0.0786182224572888,-0.378,0.376,0.754,0.4397530049606644,-0.011792016241481278,4.808045618184122,-0.002144287109375,0.09447606670092137,0.09450039759961,-0.503,0.43,0.933,0.1359529466053564,0.11385777999698332,5.322728927827845,-0.0022150878906249997,0.10030316826188085,0.10032762420058783,-0.645,0.554,1.199,0.8159954611841931,0.016762650201532406,6.428937245678264,-0.003026220703125,0.05521933136697105,0.055302193160483015,-0.234,0.254,0.488,0.11498175016174095,0.010415002979438277,4.592946237381892,2nd_test,252,2004.02.14.04.32.39
-0.0022400390624999996,0.0765144536641916,0.0765472363611597,-0.383,0.381,0.764,0.30756512844638406,0.006006435189638747,5.00344647568925,-0.002016455078125,0.09407280608371783,0.09409441500719835,-0.386,0.444,0.8300000000000001,0.21565379832025977,0.1428850145491679,4.718664757746937,-0.002702294921875,0.1002674421518313,0.10030385014303103,-0.53,0.574,1.104,1.0335536854350238,0.05833283957957071,5.722611835694903,-0.002549658203125,0.05540395401052494,0.05546258988681582,-0.229,0.281,0.51,0.19491872924651776,0.004008751664410259,5.066478153443226,2nd_test,253,2004.02.14.04.42.39
-0.0020717285156250003,0.07652201468840958,0.07655005415423052,-0.396,0.386,0.782,0.42756084971696895,0.016289366068361223,5.173085824302347,-0.0018448730468749997,0.09392651355874064,0.09394463000011961,-0.347,0.396,0.743,0.07793202078850126,0.12680872687248418,4.215248918381823,-0.001563818359375,0.10168630401047507,0.10169832816311129,-0.906,0.872,1.778,2.2536595123582863,-0.011498213450608478,8.908701021495471,-0.0027701171875000002,0.05571903292821059,0.05578784974963187,-0.298,0.256,0.554,0.1349758909515355,-0.00046565542354362995,5.341664920444882,2nd_test,254,2004.02.14.04.52.39
-0.0017284179687500002,0.07693216036150162,0.07695157390568759,-0.415,0.366,0.7809999999999999,0.47217074075070053,-0.008608442494671532,5.393002104196516,-0.002339892578125,0.09540457259000855,0.09543326237931601,-0.439,0.515,0.954,0.22597635745502087,0.10754394203737258,5.396441315687679,-0.0015875488281250003,0.10072585178599977,0.10073836175607023,-0.522,0.586,1.108,1.0177384064063828,0.036223081136411844,5.817049133805991,-0.00296748046875,0.0559513645274187,0.056030002077570015,-0.242,0.225,0.46699999999999997,0.10142794558005841,-0.03900616669346465,4.319114599721897,2nd_test,255,2004.02.14.05.02.39
-0.001999267578125,0.07663639959969533,0.07666247331291318,-0.371,0.391,0.762,0.4292422492209682,0.043096600129636,5.100278964376159,-0.001586474609375,0.09489546645331343,0.09490872697006385,-0.427,0.43,0.857,0.13024633338016134,0.12897275745279335,4.530668714280617,-0.002139013671875,0.10023130261953302,0.10025412412612698,-0.759,0.698,1.4569999999999999,1.671673802267418,0.03400629286123245,7.570760870022185,-0.002779150390625,0.05527946846391672,0.055349284643497206,-0.237,0.225,0.46199999999999997,0.06221244849644414,-0.04106581302780468,4.281898158616263,2nd_test,256,2004.02.14.05.12.39
-0.001380810546875,0.07716882335360903,0.07718117604407745,-0.366,0.405,0.771,0.3573263428988387,-0.013051133842295134,5.247393480548428,-0.001469775390625,0.09514166485384039,0.09515301692988706,-0.356,0.571,0.9269999999999999,0.23376761000447743,0.15308806643532488,6.000860702238554,-0.0017408203125,0.10023728495245464,0.10025240022064309,-0.652,0.62,1.272,1.2835556566058957,0.06920731835271503,6.503584937203751,-0.00301337890625,0.056188041542761726,0.056268787661044824,-0.278,0.244,0.522,0.11355166673106787,-0.04824391821460484,4.940572056922426,2nd_test,257,2004.02.14.05.22.39
-0.00171591796875,0.07546582072819967,0.0754853262075236,-0.425,0.332,0.757,0.38032259689892367,0.012460128095724108,5.630233336025646,-0.0009342773437500003,0.09340774493233929,0.09341241720189025,-0.388,0.459,0.847,0.19530360660982593,0.11724736010393237,4.913693636714908,-0.001282958984375,0.0989547440487824,0.09896306055046815,-0.603,0.576,1.1789999999999998,1.2606202649509592,0.013462728363332533,6.0931826141976995,-0.00304638671875,0.054780722300571426,0.05486536255063389,-0.239,0.256,0.495,0.065018558000288,-0.03416734387975176,4.66596752658069,2nd_test,258,2004.02.14.05.32.39
-0.002054443359375,0.0784624556589328,0.07848934759282226,-0.332,0.376,0.708,0.4162216058917836,0.015718867567383735,4.79045897980676,-0.0015310058593749995,0.09569968139500483,0.09571192714623855,-0.535,0.5,1.0350000000000001,0.2673802913817096,0.1427624654291584,5.589689978522553,-0.0013650878906249998,0.10215146183090819,0.10216058251175267,-0.728,0.74,1.468,1.6007736968319382,-0.013656264455634875,7.243498243636444,-0.002934912109375,0.05499751336612519,0.05507576768005031,-0.217,0.273,0.49,0.12624386346516792,-0.05032403688539831,4.95680789382678,2nd_test,259,2004.02.14.05.42.39
-0.0016285156249999998,0.07743160658657343,0.07744872989093332,-0.386,0.425,0.8109999999999999,0.4381933427723923,0.01531435239691362,5.487501222977007,-0.0017398925781249997,0.0947094780103262,0.09472545830542006,-0.491,0.457,0.948,0.14310169473268353,0.10225124869595115,5.1834006272284485,-0.0010295410156250001,0.1002940825011639,0.1002993665954732,-0.833,0.642,1.475,1.3937204194478428,0.036849336949169385,8.305137193451534,-0.00285947265625,0.05569756483571036,0.05577091816081209,-0.234,0.203,0.43700000000000006,0.03780811035202447,-0.0354699165545154,4.195735119889534,2nd_test,260,2004.02.14.05.52.39
-0.0018689941406250005,0.07741707682889115,0.0774396340631083,-0.371,0.439,0.81,0.4181568338101229,0.002453485723501752,5.668931746714795,-0.0007980957031249999,0.09494022331042322,0.094943577765873,-0.498,0.442,0.94,0.19853911281890868,0.10012967198095582,5.24522049530093,-0.0015887207031249997,0.09943991020670769,0.09945260064669312,-0.635,0.786,1.421,1.4868721479061593,-0.00841828372804837,7.903262407228281,-0.002975341796875,0.05515465762025355,0.05523485236710265,-0.227,0.242,0.469,0.07767412815284214,-0.05769650387086474,4.381291695816166,2nd_test,261,2004.02.14.06.02.39
-0.0018088378906250002,0.07722561830806902,0.07724679940022192,-0.422,0.361,0.7829999999999999,0.3107750326515637,-0.002774610928886724,5.463009513288969,-0.0014873046875,0.09367910097734068,0.09369090689686085,-0.591,0.471,1.0619999999999998,0.22031270759896016,0.10005310117490825,6.307976084000246,-0.001659423828125,0.10089563021917389,0.10090927551402608,-0.725,0.693,1.418,1.6646595042645513,-0.029577909921645284,7.184671540844057,-0.003156542968750001,0.05566510410132577,0.055754529664638015,-0.22,0.254,0.474,0.08613530192640484,-0.025611282197812283,4.555683664147962,2nd_test,262,2004.02.14.06.12.39
-0.002231689453125,0.07561313234411028,0.07564605885770338,-0.371,0.361,0.732,0.30545519863093284,-0.007118658398940654,4.9044194185050385,-0.0016798339843750003,0.09313350204253469,0.0931486502581861,-0.393,0.459,0.8520000000000001,0.18295746781975986,0.17700229122478595,4.927607632776563,-0.002585400390625,0.10085529078550877,0.10088842339242583,-0.688,0.603,1.291,1.2017392825257591,0.03922219569441253,6.8194147242946395,-0.00270283203125,0.05439290717873608,0.05446001884266797,-0.232,0.21,0.442,0.08374943272837632,-0.0023584485212012787,4.2600058708384845,2nd_test,263,2004.02.14.06.22.39
-0.0022180664062500005,0.07611742512710191,0.07614973556462623,-0.376,0.361,0.737,0.4668559319086989,0.02499848784159926,4.937640258461059,-0.0006296874999999998,0.09453159544100105,0.09453369263373113,-0.356,0.464,0.8200000000000001,0.15871114426176147,0.14499669869018814,4.908302924258447,-0.0012850585937499999,0.10164326015702237,0.10165138322195867,-0.688,0.942,1.63,2.187641940698472,0.15615280796875808,9.266966863931888,-0.0035829101562499994,0.05487587699441341,0.054992718800708065,-0.254,0.232,0.486,0.21453790557180685,-0.017811325012016856,4.6187932790860815,2nd_test,264,2004.02.14.06.32.39
-0.0025851074218750003,0.07854463601399202,0.07858716579030653,-0.415,0.457,0.872,0.3615217429430806,0.022073842785162816,5.815198899189138,-0.001841259765625,0.09373201778986659,0.09375010078119583,-0.391,0.444,0.835,0.22150886559773264,0.10810280074683444,4.735994908757692,-0.00212099609375,0.10131027868373746,0.10133247846276262,-0.725,0.691,1.416,1.4997542413083647,0.033064148659716706,7.154665621440082,-0.002910107421875,0.05558060267695712,0.05565673471504257,-0.244,0.244,0.488,0.22274349340330613,-0.046041120733259604,4.384015721455342,2nd_test,265,2004.02.14.06.42.39
-0.002183740234375,0.07787101639637431,0.07790162973915003,-0.356,0.347,0.703,0.3905431033629876,-0.007769181062772976,4.569865883261743,-0.0019073242187500003,0.09486638478397298,0.09488555658084244,-0.388,0.454,0.8420000000000001,0.18681848660424016,0.12666078913136924,4.784711354972214,-0.002255859375,0.09886685315699961,0.09889258594398015,-0.779,0.549,1.328,1.1872757661457385,-0.02370637948167541,7.877233591943932,-0.00278408203125,0.05497560059408875,0.05504605138824673,-0.244,0.249,0.493,0.12831795131809987,-0.013827906537954945,4.523485222205098,2nd_test,266,2004.02.14.06.52.39
-0.0021998046874999997,0.07767480236110584,0.0777059461206155,-0.386,0.398,0.784,0.417840869010627,-0.00243988421630916,5.121873162410259,-0.0016977539062500002,0.0950622814697623,0.0950774406815965,-0.461,0.505,0.966,0.21394515451126583,0.09590824511609347,5.3114597571665385,-0.002222900390625,0.10139960385089768,0.10142396633570207,-0.691,0.957,1.648,1.8653791980310643,0.023724998111024683,9.43563966748254,-0.0031323730468750003,0.05623052793899712,0.056317706213970795,-0.261,0.251,0.512,0.08837562202596017,-0.028311032347368696,4.634421703961712,2nd_test,267,2004.02.14.07.02.39
-0.00161572265625,0.07784221688364598,0.07785898335492507,-0.344,0.435,0.7789999999999999,0.2996620795127183,0.037770690019256384,5.587023889220825,-0.0012923828125,0.09424533601164148,0.0942541967939956,-0.405,0.442,0.847,0.14857670118710997,0.12451383377823587,4.689446359204112,-0.0012679199218750003,0.10268039549644366,0.10268822347394259,-0.776,0.72,1.496,1.4551374028805428,0.008305322601852233,7.556854853851427,-0.00294052734375,0.055311251558255836,0.055389360440431155,-0.249,0.237,0.486,0.14331436788499863,0.007498041163678397,4.495448187441941,2nd_test,268,2004.02.14.07.12.39
-0.0018083496093750002,0.07569174249187224,0.07571334102894697,-0.3,0.403,0.7030000000000001,0.3175699833688572,0.03257407559368675,5.322707920663559,-0.00192392578125,0.09442445968981364,0.0944440579291519,-0.388,0.442,0.8300000000000001,0.16624892370694777,0.13442822734461984,4.680019152998385,-0.0022197265625000006,0.10085497962693876,0.10087940375300847,-0.623,0.779,1.4020000000000001,1.3005293559290898,0.0695763117248905,7.722091636262731,-0.0030490234375000003,0.05506445033279253,0.055148800842584056,-0.256,0.208,0.46399999999999997,0.07427519305137897,-0.017579527990591197,4.641986699331518,2nd_test,269,2004.02.14.07.22.39
-0.001958203125,0.07636667246369643,0.07639177457459834,-0.371,0.447,0.8180000000000001,0.48682290406817463,-0.009018879388756671,5.851415319035987,-0.0013806152343749998,0.09388207314196884,0.09389222415013597,-0.388,0.496,0.884,0.14044041897804949,0.13310668447182183,5.282652578360495,-0.0012858398437500002,0.09989025440196844,0.0998985300622274,-0.703,0.613,1.3159999999999998,1.2766771331750526,0.014831547525867518,7.037140582099254,-0.002992041015625,0.056061277031099574,0.056141064220380385,-0.249,0.217,0.46599999999999997,0.13894127361351227,0.016622480850249623,4.435256143669121,2nd_test,270,2004.02.14.07.32.39
-0.0015443359375000001,0.07734669556984736,0.0773621114568527,-0.425,0.413,0.838,0.40520456329289845,-0.03941316211408001,5.493645299890015,-0.001565283203125,0.09426545761742283,0.09427845252934589,-0.383,0.4,0.783,0.11423971721707282,0.09098591340342224,4.242751013241864,-0.002041162109375,0.09995327284759803,0.09997411212760594,-0.659,0.735,1.3940000000000001,1.2880026189052298,0.018536589291032104,7.351903251258701,-0.0031187500000000004,0.0543501825548912,0.05443958987090645,-0.261,0.247,0.508,0.19939476019787694,-0.011704302049561584,4.794305038192235,2nd_test,271,2004.02.14.07.42.39
-0.0022026855468750004,0.07839245707829429,0.07842339670271,-0.378,0.352,0.73,0.493499202297464,-0.023451278164833195,4.8199901545723005,-0.001409814453125,0.09403235745943858,0.09404292544456427,-0.439,0.444,0.883,0.1748047535191497,0.12024719951920072,4.721248279935789,-0.0021309570312500006,0.0989920680152883,0.09901500142812956,-0.559,0.625,1.1840000000000002,1.3636911667646405,0.031500144190264694,6.312174831884909,-0.0032632812500000006,0.05653660940058793,0.056630709045810565,-0.244,0.271,0.515,0.17047122396398517,0.0060394255111363825,4.785389492050916,2nd_test,272,2004.02.14.07.52.39
-0.001431005859375,0.07626764924815639,0.07628107301034363,-0.393,0.425,0.8180000000000001,0.42510223709032724,0.02287493329908281,5.571500022512779,-0.002014697265625,0.09450535042313614,0.09452682298518171,-0.415,0.43,0.845,0.17106179745242978,0.13986276331575315,4.548973364553456,-0.001686474609375,0.10006968613265863,0.10008389620361947,-0.701,0.735,1.436,1.4596348275020334,0.0033650179338339014,7.343838797975126,-0.002964306640625,0.055147760017687675,0.05522737137351483,-0.298,0.234,0.532,0.1579158544271544,-0.023742295726143867,5.39587513552229,2nd_test,273,2004.02.14.08.02.39
-0.0021659667968750005,0.07819403477352323,0.0782240275511823,-0.364,0.332,0.696,0.4252786985695489,-0.015014301055600645,4.653301695021776,-0.0017535156250000003,0.09442238663058343,0.09443866747292923,-0.493,0.479,0.972,0.3018494572188555,0.12648476356048077,5.220319316090496,-0.001803076171875,0.10165506570316744,0.10167105520646905,-0.686,0.759,1.445,1.3409778418580984,-0.0024320661780530693,7.4652515256302925,-0.002887451171875,0.05552085122412941,0.055595883794772746,-0.247,0.225,0.472,0.1469201258769779,-0.01942434390947411,4.442774952680593,2nd_test,274,2004.02.14.08.12.39
-0.0017957519531250003,0.07823877984354832,0.07825938535718496,-0.435,0.439,0.874,0.5410550470181565,0.005061880309519203,5.609550828833414,-0.0026619140625000004,0.09432443209936445,0.09436198534019805,-0.403,0.393,0.796,0.1511798731806655,0.1258398368871918,4.270787632782583,-0.00162734375,0.10030208665953484,0.1003152871497535,-0.593,0.693,1.286,1.4506509607476987,0.0957019432199562,6.908219272288596,-0.0031956542968750003,0.056270395179818924,0.05636106439802326,-0.278,0.259,0.537,0.1677805294209076,-0.028033022591125865,4.932483141762982,2nd_test,275,2004.02.14.08.22.39
-0.0014982421875,0.07881855954622202,0.07883279811470445,-0.364,0.469,0.833,0.4923650099388044,0.041053543909913746,5.949300433452069,-0.0015453125000000002,0.09435595522605393,0.09436860853771104,-0.457,0.383,0.8400000000000001,0.1486642516443859,0.09761186631361364,4.8427120742437735,-0.002148046875,0.10096991428111299,0.1009927606084342,-0.73,0.754,1.484,1.8781414329656778,0.03753096183740986,7.465881667656536,-0.002983447265625,0.05569191436480128,0.05577176959002758,-0.225,0.276,0.501,0.17903883047275526,0.011195925293877524,4.948740232269808,2nd_test,276,2004.02.14.08.32.39
-0.00224169921875,0.07694264287393016,0.07697529154093864,-0.378,0.439,0.817,0.501785914417268,-0.02516474763827894,5.703128772962406,-0.0012174804687500001,0.09406852434559719,0.0940764026270669,-0.415,0.488,0.903,0.23140872838695214,0.10382998269892153,5.187273177624771,-0.002125341796875,0.09823774704120017,0.09826073489183955,-0.54,0.581,1.121,1.2085322668245198,-0.003852076742137265,5.912839962306638,-0.00285908203125,0.05516646032918084,0.055240498688122835,-0.239,0.278,0.517,0.16674407412792558,-0.032645424649037406,5.032539651108179,2nd_test,277,2004.02.14.08.42.39
-0.0016231445312499995,0.07867075856627526,0.07868750124106433,-0.344,0.464,0.808,0.49549582131231773,0.04582439095832844,5.896743354101546,-0.0014299316406250003,0.09372475010279442,0.09373565749664385,-0.527,0.42,0.9470000000000001,0.19414318434028255,0.12827341435041692,5.622193454110532,-0.0013848632812500001,0.09889476496005613,0.09890446088429226,-0.603,0.73,1.333,1.2203639660864152,-0.022726752067186006,7.380860210609122,-0.0032369140625,0.055566897539773986,0.05566109696047815,-0.249,0.269,0.518,0.130095696284239,0.017440225867237893,4.8328188750244925,2nd_test,278,2004.02.14.08.52.39
-0.0020711914062500002,0.07626238379295311,0.07629050409864258,-0.386,0.408,0.794,0.39152787018717783,0.044422442062754086,5.34797881879393,-0.0012029785156250001,0.09351691786342896,0.09352465495250102,-0.435,0.435,0.87,0.2206913287525465,0.11642559354891514,4.651179950530425,-0.0016120117187500005,0.09681524746069115,0.09682866684332822,-0.718,0.542,1.26,1.3654079217105988,-0.031145125627427484,7.415159408879718,-0.002869189453125,0.05512918978486081,0.05520380253617612,-0.244,0.212,0.45599999999999996,0.07711502638180923,-0.03170249181008316,4.419985377559492,2nd_test,279,2004.02.14.09.02.39
-0.0016153320312499997,0.07756598740200223,0.07758280543534599,-0.33,0.349,0.679,0.35162553099311156,0.02524597953447347,4.498419437620652,-0.00154931640625,0.0946406010582843,0.09465328177089266,-0.369,0.417,0.786,0.21927181055118172,0.11362007750864114,4.405552477355606,-0.0008899414062499998,0.09909622107647291,0.09910021709029578,-0.627,0.698,1.325,1.2389058521318965,0.02220299049890579,7.043375085212674,-0.002756005859375,0.05525239573482281,0.05532108822803809,-0.229,0.225,0.454,0.11176154867758559,0.0053729830071022515,4.1394702694911505,2nd_test,280,2004.02.14.09.12.39
-0.001608056640625,0.07687960697280954,0.07689642263755268,-0.361,0.356,0.717,0.2979657430445224,-0.009943743331340791,4.694626714910526,-0.0008909179687500003,0.09291565981787843,0.0929199309847933,-0.408,0.386,0.794,0.09279303953083584,0.11254511295055979,4.390877131219349,-0.00179111328125,0.10009705309455284,0.10011307669330714,-0.679,0.654,1.3330000000000002,1.197504930014369,-0.04623110473890041,6.782330764574443,-0.00239384765625,0.05517639116357798,0.055228295722731656,-0.232,0.242,0.474,0.06791981138454872,-0.012781373230732525,4.381811838093935,2nd_test,281,2004.02.14.09.22.39
-0.001794287109375,0.07677815238829179,0.07679911555734627,-0.32,0.356,0.6759999999999999,0.39614492845074434,0.015213985845703692,4.635470049515578,-0.005523193359375,0.0916706515128306,0.0918368880879131,-0.505,0.488,0.993,0.29446410936658385,0.1331409739690604,5.49887970410188,-0.0024826171875000002,0.09976341491574117,0.09979430015662216,-0.566,0.747,1.313,1.399380498471535,0.026728886384345753,7.485397450757563,-0.0026513671875,0.05469945081996526,0.05476367106000793,-0.288,0.244,0.532,0.20851737039021723,-0.01634332944381329,5.258960811432121,2nd_test,282,2004.02.14.09.32.39
-0.00207958984375,0.07759947316682808,0.07762733365050935,-0.442,0.374,0.8160000000000001,0.43956678433765495,-0.06274782329618075,5.693870692303573,-0.0013841796875,0.09341324080831082,0.09342349550149978,-0.552,0.403,0.9550000000000001,0.18197024657744043,0.10892047056740561,5.90857789072161,-0.0014273925781250001,0.10222415532195551,0.10223412043373473,-0.886,0.728,1.6139999999999999,2.0224668903315344,-0.03386608863762584,8.666382575919101,-0.0027500976562499996,0.05493385360117055,0.05500264819618915,-0.278,0.242,0.52,0.20474984148047737,0.0008195929445759389,5.05430209475272,2nd_test,283,2004.02.14.09.42.39
-0.001760888671875,0.07804401241992166,0.07806387515051776,-0.349,0.332,0.681,0.40586676946250355,0.03858251129618121,4.470697865339248,-0.001596875,0.09441182378655294,0.09442532753699481,-0.386,0.43,0.8160000000000001,0.12988592921997677,0.12503726845364224,4.553862943466909,-0.0026597656250000002,0.09975725988982616,0.09979271142676828,-0.75,0.703,1.4529999999999998,1.6952003416839299,-0.01095401015427334,7.515578936271946,-0.0030905273437500007,0.055812239362101695,0.05589774075823637,-0.239,0.242,0.481,0.10644431550226763,-0.004394096298060475,4.3293341861945045,2nd_test,284,2004.02.14.09.52.39
-0.0014205078125000003,0.07613279240530736,0.0761460433763633,-0.337,0.366,0.7030000000000001,0.3883496712947254,-0.037739928684967367,4.806553088860878,-0.0013397460937499997,0.09295831402736676,0.09296796795889566,-0.42,0.4,0.8200000000000001,0.10250343282432706,0.1151795526218833,4.517685060957541,-0.0013353515624999997,0.09867934844161051,0.09868838316973406,-0.718,0.942,1.66,2.201355363684523,0.06884621783156793,9.545196402400368,-0.0029,0.05504631803223763,0.05512265531436462,-0.229,0.229,0.458,0.11525754553273426,-0.04999343099790192,4.154371713224956,2nd_test,285,2004.02.14.10.02.39
-0.001374951171875,0.07773737078082577,0.07774952930173035,-0.378,0.403,0.781,0.566700093050676,0.052025314021855514,5.183311122448786,-0.00143779296875,0.09507722466404092,0.09508809546119588,-0.454,0.43,0.884,0.1477743705814767,0.13949521691353275,4.77451985754091,-0.00112353515625,0.10004046287238688,0.1000467717768482,-0.642,0.664,1.306,1.1526137701806984,-0.01960693647469754,6.636895805837677,-0.0030742187500000006,0.05474226596500549,0.054828519074531366,-0.256,0.232,0.488,0.15181511450427898,-0.0372659727758949,4.669102947087378,2nd_test,286,2004.02.14.10.12.39
-0.0019017578125000005,0.07603163093844624,0.07605541128636081,-0.31,0.417,0.727,0.41783615697612975,0.05918807605549478,5.482844585830261,-0.0011914550781249999,0.09306225085611343,0.09306987750937129,-0.381,0.464,0.845,0.11248240029469248,0.11744993409121117,4.985501350297725,-0.0012817871093749999,0.09875376446706027,0.09876208267654836,-0.569,0.813,1.382,1.3481230909263022,0.00704971443580864,8.231904167659069,-0.003011962890625,0.054779459321262686,0.05486220086712139,-0.244,0.232,0.476,0.0943331431592287,0.011820649174359935,4.44750659177037,2nd_test,287,2004.02.14.10.22.39
-0.0025357910156250003,0.07687708767655159,0.07691889784508826,-0.339,0.361,0.7,0.3496762549842871,0.04022120060803046,4.693254975160292,-0.005940380859375001,0.09504956103517756,0.09523501025218811,-0.435,0.4,0.835,0.1752505353880367,0.10215879606559354,4.567647956812582,-0.0009862792968750001,0.10106721037465208,0.10107202263616587,-0.632,0.789,1.421,1.373271569414582,0.0722252001632615,7.806314540992193,-0.003165087890625,0.05568501188580949,0.055774889780959,-0.227,0.273,0.5,0.15155553997732962,-0.014650036727935743,4.894675741489405,2nd_test,288,2004.02.14.10.32.39
-0.0020474609375000005,0.07623180554825466,0.07625929630830264,-0.327,0.422,0.749,0.38217869789731385,0.029506456655548866,5.533751561100118,-0.0013677734375,0.0935840233704379,0.09359401815487461,-0.469,0.413,0.8819999999999999,0.14727665778671195,0.08071333778572648,5.011004006889753,-0.001082568359375,0.09768861798007307,0.09769461621353234,-0.493,0.532,1.025,0.9571704511460357,0.039749308218647854,5.44554061025999,-0.003298681640625,0.05498165352937676,0.05508051856501194,-0.232,0.222,0.454,0.09151170096502304,0.02226487221369,4.212015537253098,2nd_test,289,2004.02.14.10.42.39
-0.0018961425781250003,0.07748024070667338,0.07750343899879944,-0.352,0.403,0.755,0.5782366156865968,0.04665369335363617,5.199769264445709,-0.0011937500000000001,0.09586845469427757,0.09587588666881391,-0.457,0.444,0.901,0.2120960933234386,0.12408612844554519,4.766579125091777,-0.001033984375,0.0989638473552009,0.09896924879492242,-0.593,0.835,1.428,1.5597001222615532,0.08466328428601703,8.436964109142579,-0.0028434082031250003,0.05599956700189544,0.056071708326119116,-0.283,0.22,0.503,0.20851059618617063,0.001045869374554192,5.047108576556902,2nd_test,290,2004.02.14.10.52.39
-0.001577197265625,0.0768780283801128,0.07689420523568812,-0.413,0.356,0.7689999999999999,0.5470773142021708,0.012776494449708221,5.371015913731656,-0.0006450195312500002,0.09294531461240021,0.09294755273052513,-0.459,0.449,0.908,0.2711996631345044,0.1090350796080141,4.938268803330423,-0.0024974121093750004,0.10169224353728544,0.10172290530107084,-0.645,0.684,1.3290000000000002,1.3401209103000227,0.029733733433547623,6.724149275611334,-0.002743603515625,0.05568008625158034,0.055747639996993364,-0.269,0.247,0.516,0.1495542753188568,0.04729446630907647,4.825316372310697,2nd_test,291,2004.02.14.11.02.39
-0.0023769531249999997,0.07761809988513667,0.0776544869015146,-0.342,0.381,0.7230000000000001,0.3311799985725137,0.0039103687606207495,4.906348817658114,-0.0013752929687499999,0.09457284918847009,0.09458284852115102,-0.366,0.408,0.774,0.16078837645628496,0.11533619513249964,4.31367849853293,-0.00103603515625,0.10334212308924427,0.10334731623722747,-0.862,0.745,1.607,1.2471639279083515,0.029376721828572993,8.3408068189501,-0.0029603515625000005,0.05671254175969504,0.05678975325020131,-0.266,0.251,0.517,0.1547796424003245,-0.002487797983263131,4.683943577345499,2nd_test,292,2004.02.14.11.12.39
-0.0019878906249999996,0.07696297335359087,0.07698864186724234,-0.449,0.386,0.835,0.4282343784664375,-0.008255556087311546,5.832029103311297,-0.001572314453125,0.09403984385119622,0.09405298721623293,-0.396,0.422,0.8180000000000001,0.183259401747895,0.10287183513327611,4.486832502462811,-0.001536083984375,0.10411901837324712,0.1041303487990683,-0.649,0.71,1.359,1.0859712144731084,0.08251302714346516,6.818377237583346,-0.002746533203125,0.056917551584823166,0.056983779473170036,-0.251,0.281,0.532,0.15474361614043364,0.00575596016280934,4.931227844010829,2nd_test,293,2004.02.14.11.22.39
-0.0017611816406250002,0.07811699363331163,0.07813684441464298,-0.383,0.444,0.827,0.5572219183026554,0.017624769244197612,5.682338509067193,-0.0011953124999999998,0.09446203838991271,0.09446960076527264,-0.466,0.415,0.881,0.16907871466616298,0.0967515962844049,4.932803740252181,-0.0014112304687499998,0.10018996619922363,0.10019990468277651,-0.686,0.654,1.34,1.214663600384232,-0.008389077754510726,6.846313897852152,-0.0023423828125,0.05624746921898757,0.056296221460958196,-0.225,0.242,0.46699999999999997,0.1088585785062599,-0.013725702295248539,4.298689924749744,2nd_test,294,2004.02.14.11.32.39
-0.001712939453125,0.07651611202208855,0.07653528310881769,-0.354,0.415,0.7689999999999999,0.44631979377065445,-0.0024098928296286846,5.422335727229644,-0.0016054687499999997,0.09332588551732458,0.093339693793691,-0.388,0.383,0.771,0.16268506725353937,0.1024586249603861,4.156859576306739,-0.0013972167968750002,0.10054356799178854,0.10055327582578738,-0.757,0.84,1.597,1.5550520915528772,0.008970188563930954,8.353780551585213,-0.0032295410156249994,0.055948707819084356,0.05604184010002594,-0.22,0.247,0.46699999999999997,0.10901893844504551,0.01896793987688189,4.407421304417131,2nd_test,295,2004.02.14.11.42.39
-0.0024084960937499995,0.07841127565900609,0.07844825685702805,-0.361,0.393,0.754,0.4749347955380534,0.00996175993871427,5.009671543259818,-0.000831298828125,0.09388349873559508,0.09388717906390694,-0.393,0.42,0.813,0.24325282301514362,0.10096993724087021,4.473454247780112,-0.001390869140625,0.10043736244072364,0.10044699244385381,-0.608,0.552,1.1600000000000001,1.0606396778502498,-0.06125396587343241,6.052943798529326,-0.002794140625,0.05602757678321431,0.05609720654392026,-0.259,0.261,0.52,0.07966305744549773,-0.012684677832076304,4.652638091542086,2nd_test,296,2004.02.14.11.52.39
-0.0023276367187499997,0.07777931005189798,0.07781413088150346,-0.413,0.403,0.8160000000000001,0.5191691228606832,0.02837482754210017,5.307519281088098,-0.001064306640625,0.09551037050719464,0.09551630030024653,-0.391,0.417,0.808,0.2210244544039024,0.11415456237619934,4.365746984387312,-0.001552587890625,0.10495820535447674,0.10496968800749398,-0.664,0.635,1.299,1.1573913712458292,-0.06059580680426805,6.325635643941993,-0.003252978515625,0.055374268264736536,0.05546973458633208,-0.254,0.22,0.474,0.1383655108011661,-0.05399399799414794,4.579073649615179,2nd_test,297,2004.02.14.12.02.39
-0.0015968750000000004,0.0772861356750234,0.07730263111527155,-0.33,0.369,0.6990000000000001,0.3969041106344453,0.00040346130014566454,4.773446837080925,-0.002212109375,0.09435966623073408,0.09438559232776207,-0.398,0.393,0.791,0.12587474658164943,0.13009776503443415,4.216745269910413,-0.0019219238281249999,0.10158466108129716,0.10160284030578635,-0.669,0.725,1.3940000000000001,1.0816698868995376,0.08885497487926076,7.135627289659293,-0.0026509765625000003,0.05661957547678475,0.05668160198782538,-0.273,0.249,0.522,0.08338699571720065,-0.0415477910551304,4.816377632619155,2nd_test,298,2004.02.14.12.12.39
-0.0014182128906249998,0.07810925747846724,0.0781221315098393,-0.369,0.396,0.765,0.44814243720393154,0.027244951788175684,5.068986116246147,-0.0013044921874999999,0.09392593678486258,0.09393499508054094,-0.344,0.442,0.786,0.13512017907195872,0.14913666691240818,4.7053816271169095,-0.0014595214843749998,0.10137112412715107,0.10138163053416346,-0.771,0.977,1.748,1.9802883879914939,-0.002088783382563715,9.63685427865687,-0.003434765625,0.05508034297257342,0.05518733366339599,-0.259,0.247,0.506,0.11977384422646242,-0.0011832944350836942,4.693105877791183,2nd_test,299,2004.02.14.12.22.39
-0.0019869140625,0.07920803258770218,0.07923294929450911,-0.344,0.432,0.776,0.35898690771115227,0.0017911149536530406,5.452277162986858,-0.00233974609375,0.09502331592133338,0.09505211718035926,-0.488,0.479,0.967,0.24890282368719152,0.14504678347262595,5.1340255690348995,-0.002915185546875,0.10015349149801477,0.10019590892853672,-0.706,0.576,1.282,1.1413766718216003,0.025764699949404488,7.046195873091964,-0.0029774902343750005,0.0559728373991669,0.05605197565304345,-0.249,0.244,0.493,0.17553162580434334,-0.011321559492533847,4.442305504748748,2nd_test,300,2004.02.14.12.32.39
-0.00177626953125,0.07536018552169875,0.07538111630449963,-0.454,0.371,0.825,0.5001967130650411,-0.03803265590001688,6.022728532701196,-0.0013629882812500002,0.0945232851874747,0.09453311155191867,-0.459,0.41,0.869,0.19668409834071854,0.12120140409408378,4.855441574490611,-0.0015764160156249997,0.10210927109045391,0.10212143913046919,-0.806,0.789,1.5950000000000002,1.8698230403120153,-0.06664503245122119,7.892564057605681,-0.0029796386718750007,0.05511976418468871,0.05520024139793797,-0.256,0.234,0.49,0.18481285880204457,-0.015970857965803126,4.637660878144735,2nd_test,301,2004.02.14.12.42.39
-0.001262939453125,0.07694237300236206,0.07695273730866807,-0.315,0.393,0.708,0.3559125944069117,0.01065491506883244,5.107030805395728,-0.001812744140625,0.09328991921445748,0.0933075295373282,-0.383,0.391,0.774,0.14455182524820165,0.1286691464451812,4.190444243188197,-0.0021381835937500002,0.09929786435886684,0.09932088247348843,-0.691,0.684,1.375,1.1799550028555732,0.032107272569964374,6.9572478897123196,-0.0029215332031249995,0.05601201779871587,0.05608815823452063,-0.232,0.229,0.461,0.1516883985652755,-0.022339518212657394,4.136345483583279,2nd_test,302,2004.02.14.12.52.39
-0.001960400390625,0.07618175124586309,0.07620697076106703,-0.449,0.374,0.823,0.5239826539737651,-0.016744396743816784,5.891849466131717,-0.0019170410156250002,0.09364109144215901,0.09366071242914167,-0.479,0.381,0.86,0.07224512306801412,0.05632682528454901,5.11420410513394,-0.002465625,0.10009586366992457,0.100126226486714,-0.708,0.596,1.3039999999999998,1.0595344412264955,0.014950781681067084,7.071074431101977,-0.0031276367187499992,0.054666008436680985,0.054755406946198015,-0.215,0.254,0.469,0.11545571642778452,-0.02413039093943147,4.638811291183325,2nd_test,303,2004.02.14.13.02.39
-0.00220458984375,0.07852223161525393,0.07855317354645037,-0.356,0.349,0.705,0.36186418762455075,-0.00661337254808914,4.531962031870764,-0.001731103515625,0.0936832080266526,0.09369920055980667,-0.479,0.496,0.975,0.24433975127928687,0.15531138057277394,5.293535025180047,-0.001289794921875,0.10069441051974475,0.10070267067391696,-0.981,0.996,1.9769999999999999,2.8103039053738073,0.058653175497130484,9.89050234045167,-0.002594580078125,0.05557863534626027,0.055639163839281185,-0.237,0.244,0.481,0.11920844206937664,-0.0019277309661523303,4.385400195812268,2nd_test,304,2004.02.14.13.12.39
-0.0019574218749999995,0.0770128733379006,0.07703774503551003,-0.327,0.422,0.749,0.39812301791803595,-0.013292743712402078,5.477834272018269,-0.001698779296875,0.0932649972151457,0.09328046717636347,-0.391,0.415,0.806,0.19039797070266706,0.14892905745607182,4.448948558661472,-0.002447607421875,0.09789860122701069,0.09792919331995376,-0.706,0.847,1.553,1.9832430802488066,0.011876436261948092,8.649106270323669,-0.0032330078124999996,0.05551583568718762,0.05560989436748194,-0.215,0.256,0.471,0.05161017818774383,-0.005798267780857207,4.603497325560347,2nd_test,305,2004.02.14.13.22.39
-0.00251982421875,0.07779473440246679,0.07783553311209315,-0.378,0.364,0.742,0.43199784236532235,-0.021218987564437602,4.856393794473985,-0.001647216796875,0.09357967291395855,0.09359416918729166,-0.33,0.503,0.833,0.17611315612251577,0.15263450414363358,5.374266413841127,-0.0017151367187500002,0.09827738617892214,0.09829235132056308,-0.696,0.691,1.387,1.2167694235188504,0.037427815041136056,7.080917188795682,-0.0030664062499999997,0.05553635127433392,0.0556209417410048,-0.276,0.212,0.488,0.0921851860112386,-0.03410901975295543,4.962159779318614,2nd_test,306,2004.02.14.13.32.39
-0.0020064453124999998,0.07699636036358601,0.07702249886903989,-0.383,0.366,0.749,0.4120063063697388,0.022712327749459752,4.97257302241305,-0.0017183105468750002,0.09519662934654054,0.09521213593906044,-0.422,0.447,0.869,0.3348491695045728,0.11004184827706784,4.6947796684385175,-0.0010045898437500002,0.0994329807192492,0.0994380553684994,-0.759,0.664,1.423,1.3937170635519545,0.08247498790825333,7.632892630287778,-0.00332685546875,0.05533357032892689,0.055433491434837924,-0.232,0.225,0.457,0.07172286883602119,-0.042356252469281264,4.185195519725307,2nd_test,307,2004.02.14.13.42.39
-0.0018663085937500005,0.07603351053492233,0.07605641216906862,-0.364,0.383,0.747,0.42089091311293725,-0.004630215313991656,5.035735831761026,-0.0011474609375000003,0.09236148588878598,0.09236861340405354,-0.337,0.457,0.794,0.07721923856939261,0.10218345068708101,4.947568044525796,-0.001122802734375,0.09927812990629685,0.09928447896661327,-0.691,0.859,1.5499999999999998,1.8575880410759558,0.058303085467927805,8.651906208625086,-0.0028825683593749997,0.05500144111078277,0.055076925518853855,-0.232,0.203,0.43500000000000005,-0.013476357668053218,-0.03154420311504141,4.212290315957629,2nd_test,308,2004.02.14.13.52.39
-0.002217529296875,0.07761152632757344,0.07764319967053215,-0.325,0.378,0.7030000000000001,0.4177640583898037,0.029726571727968044,4.868423784685853,-0.0006406249999999997,0.09349947542257589,0.09350167006362775,-0.43,0.41,0.84,0.07744859952353966,0.1081031822081292,4.598848338246651,-0.0019697265625000003,0.09778105855248236,0.09780089587715952,-0.796,0.684,1.48,1.802505984390284,-0.02448275376276156,8.138984749093279,-0.003223291015625,0.05670261387642739,0.056794154852331635,-0.312,0.293,0.605,0.23996607816536075,-0.010632492550553516,5.493523071268972,2nd_test,309,2004.02.14.14.02.39
-0.00143525390625,0.07823235565931684,0.07824552016429599,-0.408,0.386,0.794,0.462614995853301,-0.03463171135934789,5.214356031349626,-0.0014103515625,0.0958012207477097,0.0958116015328063,-0.442,0.41,0.852,0.2065439554906825,0.13924199736395712,4.613220037283733,-0.0022345703125,0.10192727788363865,0.10195176938753932,-0.591,0.728,1.319,1.2239199108187266,-0.00693988081851464,7.14063134329316,-0.003107373046875,0.05566443690078909,0.05575110135893617,-0.254,0.234,0.488,0.11953306095825367,-0.023392072824085782,4.555963807067126,2nd_test,310,2004.02.14.14.12.39
-0.0017629394531249996,0.07846343012353105,0.07848323274601796,-0.374,0.417,0.7909999999999999,0.3663784441404645,-0.035275988279585904,5.313236794719624,-0.00101279296875,0.09552310508914165,0.09552847405600463,-0.42,0.488,0.9079999999999999,0.23144474534394455,0.13877796619888216,5.108424528050098,-0.0019505859374999996,0.10157810312667256,0.10159682977491226,-0.793,0.645,1.4380000000000002,1.8673729576008418,-0.04714418710723743,7.805361660881406,-0.0028761718750000003,0.05576217809984837,0.05583630423921116,-0.286,0.281,0.567,0.19448821891626933,-0.00010433044374686412,5.122115510539714,2nd_test,311,2004.02.14.14.22.39
-0.0019533691406250003,0.07776679646355235,0.07779132524390574,-0.371,0.361,0.732,0.29535701365171985,0.001633344081321186,4.769169297887689,-0.0015937500000000001,0.09300815603936974,0.09302180996361148,-0.344,0.366,0.71,0.03009521249948932,0.11409185588531567,3.934561154413554,-0.0019517578125000002,0.09611179666330037,0.09613161195156487,-0.608,0.681,1.2890000000000001,1.3632171003887281,0.02508955226952323,7.08403808245754,-0.0028830566406250003,0.05491779497676571,0.05499341979458201,-0.261,0.205,0.46599999999999997,0.04883279197478174,-0.03573992652360479,4.746022359950924,2nd_test,312,2004.02.14.14.32.39
-0.0020400878906250003,0.07650616999469977,0.07653336531121165,-0.332,0.371,0.7030000000000001,0.35526277295406405,-0.0059417829259852855,4.84755895009367,-0.001031494140625,0.09394642357354394,0.0939520860993617,-0.374,0.542,0.916,0.3154965285807485,0.15245207370244543,5.768897982967867,-0.0013535644531250002,0.0974638156112596,0.09747321421926321,-0.566,0.688,1.254,1.4740737652222196,0.013187246322612157,7.05834936811774,-0.0032549804687500004,0.055880723845173626,0.05597544278799856,-0.225,0.234,0.459,0.047708213706921576,-0.014501498080199886,4.180404626401463,2nd_test,313,2004.02.14.14.42.39
-0.0022418457031249998,0.07768720809548703,0.07771954820910969,-0.415,0.378,0.7929999999999999,0.4379526468945034,-0.054202700195404484,5.339711945803837,-0.0013628417968749998,0.09405917942711554,0.09406905214928885,-0.403,0.645,1.048,0.23575528905634968,0.14472049842056503,6.856665239589314,-0.0013810546875,0.1000836623295425,0.10009319046440547,-0.752,0.574,1.326,1.4685276851824627,0.021826106063978924,7.512998601637228,-0.00310986328125,0.05556275256885842,0.05564971448854208,-0.259,0.215,0.474,0.14875813268688454,-0.0500422342065933,4.6541119280795655,2nd_test,314,2004.02.14.14.52.39
-0.0016091308593749998,0.07691784505126578,0.07693467481866109,-0.337,0.359,0.696,0.4162375296755685,0.025370708024740472,4.666296450092429,-0.00159404296875,0.09296060071248614,0.09297426664304753,-0.386,0.449,0.835,0.12535924673889332,0.07062763675443164,4.8292932679856335,-0.0015269531249999999,0.10047698331395506,0.10048858523095422,-0.706,0.984,1.69,2.2700292901630554,0.050242163831203626,9.792156967168637,-0.002966845703125,0.054140473253860406,0.0542217024592379,-0.247,0.256,0.503,0.1177891205602184,-0.03124934383956239,4.721356733269876,2nd_test,315,2004.02.14.15.02.39
-0.001652978515625,0.07839013968553384,0.07840756556538804,-0.437,0.371,0.808,0.44322064491886604,-0.05459562201458002,5.573441757096642,-0.0008650390624999999,0.09402002284461326,0.09402400219242558,-0.498,0.432,0.9299999999999999,0.16553540467417882,0.10076083181399313,5.296519913878134,-0.001114794921875,0.09902124266974377,0.0990275177290541,-0.662,0.908,1.57,1.7521061147166925,0.0482300665103194,9.169168538336782,-0.0028633300781250003,0.055054327953491355,0.05512873738393503,-0.249,0.251,0.5,0.1109721360254059,-0.02804219495612175,4.552979297301856,2nd_test,316,2004.02.14.15.12.39
-0.0024003417968750003,0.07633647011622328,0.0763741992465183,-0.349,0.366,0.715,0.3836154471369735,-0.01075140638942533,4.792194269871743,-0.0010027832031250003,0.09303173623732873,0.09303714054873127,-0.405,0.454,0.859,0.17387187986687858,0.10154584151591228,4.879771640846192,-0.0004881835937499998,0.09999524284105366,0.09999643450674878,-0.596,0.688,1.2839999999999998,1.2708930277381132,-0.025029409680206765,6.880245314613557,-0.00321806640625,0.05498663372537653,0.05508072112675859,-0.247,0.247,0.494,0.17734375589246643,-0.02062154096270838,4.484327636653279,2nd_test,317,2004.02.14.15.22.39
-0.00154453125,0.07683881242635635,0.07685433411249491,-0.398,0.369,0.767,0.3601853709222538,-0.04024629297438456,5.1786279146242045,-0.00160087890625,0.09323570694754651,0.09324944966744442,-0.354,0.398,0.752,0.09101130507436572,0.17080709680591583,4.268121703829026,-0.002017431640625,0.09894062267480698,0.09896118858271219,-0.642,0.713,1.355,1.240576687746258,0.0451891645676278,7.204844749786595,-0.0037978515625000002,0.05497850836556923,0.055109527838602915,-0.278,0.259,0.537,0.12448402943027226,-0.049153469094345,5.044499760715118,2nd_test,318,2004.02.14.15.32.39
-0.002496728515625,0.07685214338209696,0.07689268883127397,-0.393,0.344,0.737,0.47939329223455873,-0.011281579773307963,5.111019083456048,-0.001361962890625,0.09352502583520192,0.09353494213603077,-0.354,0.403,0.757,0.1707307742820956,0.12717468388657063,4.3085502678731125,-0.0014171875000000003,0.09736930832962636,0.09737962119971508,-0.649,0.62,1.2690000000000001,1.209102557732649,0.01849266861960692,6.664638781684173,-0.00343388671875,0.0544728790758786,0.054581005238200773,-0.247,0.234,0.481,0.1651126514001242,-0.012609118836475018,4.52538385684772,2nd_test,319,2004.02.14.15.42.39
-0.0018773925781250002,0.07815712687331831,0.07817967180785793,-0.432,0.327,0.759,0.4221871397231123,0.014268408983468239,5.525733096657147,-0.0012432617187500001,0.09375704558684478,0.09376528833675606,-0.403,0.388,0.791,0.138667831725527,0.10664995918979615,4.297965773307666,-0.00162978515625,0.10060715511194751,0.10062035509465767,-0.876,0.811,1.687,1.9937401786255649,-0.03284345027733056,8.705991935401192,-0.0028002441406250003,0.05509673036765449,0.055167844478945564,-0.244,0.232,0.476,0.07800500551398093,-0.026228558262836325,4.422866296483599,2nd_test,320,2004.02.14.15.52.39
-0.0017803710937500002,0.0782394068899253,0.07825966082036613,-0.354,0.417,0.7709999999999999,0.47184744365062325,-0.016259259081809523,5.328415631034173,-0.0008547363281250001,0.09274608704488567,0.09275002553276267,-0.415,0.62,1.035,0.3442081953838416,0.11742072016575349,6.6846342783410755,-0.001972900390625,0.10015470697907462,0.10017413671210561,-0.645,0.854,1.499,1.4256163193997073,-0.010809200127132148,8.52515457603412,-0.002982568359375,0.055682745999073,0.05576256733701942,-0.278,0.293,0.571,0.21371636594788024,-0.02674378880816688,5.254420913296615,2nd_test,321,2004.02.14.16.02.39
-0.002705859375,0.07595500572941341,0.07600318789572251,-0.4,0.374,0.774,0.30438619570478,-0.024944061975606894,5.262937135525722,-0.002112744140625,0.09477932446161125,0.09480286933001092,-0.366,0.405,0.771,0.08145254380256617,0.129658267158081,4.272022596551523,-0.00143984375,0.0984813106594055,0.09849183569828897,-0.894,0.61,1.504,1.6326280894737595,-0.11439405194387578,9.076894482193653,-0.0024245605468750002,0.055655418932437854,0.05570820541348128,-0.251,0.232,0.483,0.0863038208641469,0.004709146155085469,4.505619919588234,2nd_test,322,2004.02.14.16.12.39
-0.002043603515625,0.07754249215087042,0.0775694166814272,-0.361,0.374,0.735,0.272213678600965,0.015394699434514207,4.821487849150309,-0.0014077148437500002,0.09315838002351794,0.09316901539507381,-0.43,0.479,0.909,0.1584298237395294,0.10751680075824496,5.141194183105913,-0.0012420410156250001,0.09868675466852747,0.09869457033135422,-0.735,0.637,1.3719999999999999,1.2840368974672849,0.09675276874176102,7.447218195741525,-0.0030191894531249996,0.05526598125881114,0.055348389221847503,-0.234,0.237,0.471,0.04157872634764059,0.0016415665037213024,4.28196743080949,2nd_test,323,2004.02.14.16.22.39
-0.0015506835937499999,0.07731367956811282,0.07732922906617361,-0.378,0.383,0.761,0.2258166101647494,-0.02362288311900288,4.952849066519197,-0.0017548339843750003,0.094473807966397,0.09449010442360817,-0.422,0.481,0.903,0.13928144926125752,0.13866765678301315,5.0904801400000625,-0.0017744140625000002,0.09950128566639757,0.09951710603977212,-0.64,0.669,1.3090000000000002,1.2566001608837256,0.0768040119046175,6.722462364670361,-0.0033186523437500003,0.055028290165117094,0.0551282701694421,-0.215,0.198,0.41300000000000003,0.0071648457953581435,-0.01332261210832362,3.8999953986453155,2nd_test,324,2004.02.14.16.32.39
-0.0011597167968749999,0.07650491219623855,0.07651370160437361,-0.386,0.391,0.777,0.4724327312404091,0.004941477534774766,5.110195844616408,-0.0009569824218750002,0.09366414847760507,0.09366903717552895,-0.435,0.493,0.9279999999999999,0.22256684270929084,0.1549468091794169,5.263211994705259,-0.00177197265625,0.10014881190991734,0.10016448679079078,-0.676,0.62,1.296,1.4408864971169741,-0.07758159613828113,6.748898952631615,-0.0028236816406250003,0.05490876680095604,0.054981322734264725,-0.242,0.217,0.45899999999999996,0.04191933600093645,-0.05979839789130237,4.401494688755141,2nd_test,325,2004.02.14.16.42.39
-0.0024634765625,0.07872387918744708,0.07876241407609184,-0.427,0.461,0.888,0.6552318596666904,-0.00041176816038153717,5.853045585281044,-0.0016555175781250001,0.09439098288618672,0.09440549977978972,-0.457,0.43,0.887,0.1361397014735557,0.14172560344531254,4.84081966687489,-0.0008648437499999998,0.09832672782444805,0.09833053116593543,-0.742,0.762,1.504,1.4328607222122987,0.08193703989816321,7.749373373223775,-0.002980810546875,0.05538864350235086,0.05546879357392655,-0.232,0.281,0.513,0.14849126447783867,-0.03271881677183085,5.065911513298532,2nd_test,326,2004.02.14.16.52.39
-0.0013345214843749997,0.07562268242617169,0.07563445673052643,-0.378,0.364,0.742,0.2940289000270888,-0.014845114149992634,4.997722153829389,-0.0012241699218750002,0.09299679142122594,0.09300484829642283,-0.437,0.466,0.903,0.19273191925351485,0.08055731588924554,5.010491480076022,-0.0028902343750000004,0.10109471774239157,0.10113602429478949,-0.559,0.552,1.1110000000000002,1.0374098413020603,-0.030766836602642466,5.527209556558299,-0.0026703125,0.055793169222886,0.055857034478937834,-0.234,0.205,0.439,0.02519450293423775,0.015729518841875463,4.189266440273441,2nd_test,327,2004.02.14.17.02.39
-0.0016426269531249998,0.0776324653549241,0.07764984159926294,-0.347,0.354,0.701,0.3089038176237886,0.052089528309713126,4.558927522639031,-0.0011652832031249997,0.09465441756963665,0.09466159015350747,-0.486,0.415,0.901,0.1336968484790364,0.14656758667412872,5.1340781325006954,-0.0009408203125,0.1008202168549088,0.10082460646851665,-0.732,0.874,1.6059999999999999,1.6300737114199393,0.038019615409972146,8.668518832892698,-0.0024852050781250003,0.05531870000436369,0.05537449606500383,-0.237,0.315,0.552,0.1315661834616635,0.017422634320751373,5.688539352566471,2nd_test,328,2004.02.14.17.12.39
-0.001707958984375,0.07829359630142696,0.07831222347566902,-0.374,0.422,0.796,0.4207031177532925,0.05771399812147968,5.3886862263044195,-0.0017170898437499998,0.09475550951230878,0.09477106615665327,-0.388,0.437,0.825,0.2065572312064381,0.11823893702753302,4.611111995649,-0.002362890625,0.09793574628417367,0.09796424680639233,-0.64,0.491,1.131,0.8497986717808281,0.009115567391973365,6.532995667881824,-0.003298681640625,0.05501624403425709,0.05511504702169023,-0.225,0.242,0.46699999999999997,0.13370324175673387,-0.02418809823681942,4.390815450096076,2nd_test,329,2004.02.14.17.22.39
-0.0019138183593749997,0.07746422337313492,0.077487861007487,-0.4,0.383,0.783,0.4261150547702037,-0.01518032024507904,5.16209887321821,-0.001277734375,0.09346104433896213,0.09346977807859876,-0.391,0.4,0.791,0.12252240774371392,0.07866562047797188,4.279458111683549,-0.0019191894531249997,0.09916144488305996,0.09918001532291233,-0.603,0.637,1.24,1.3697089091011643,0.03751926643967902,6.422664867711702,-0.002984423828125,0.05556754407609261,0.05564763014032471,-0.283,0.254,0.5369999999999999,0.2111620524297022,0.007020487171259654,5.085571466049553,2nd_test,330,2004.02.14.17.32.39
-0.0019645507812500003,0.07661337986162496,0.0766385636190668,-0.352,0.403,0.755,0.41426243038844524,0.044389857442305426,5.258449284068781,-0.001638427734375,0.0938927089751907,0.09390700316877662,-0.481,0.439,0.9199999999999999,0.19458997773950415,0.08827525124952702,5.122088702270576,-0.0019277832031249996,0.10016335782875455,0.10018190754626992,-0.701,0.891,1.592,1.717192648686849,0.07328867132036576,8.893821467509888,-0.003288818359375,0.05511788176804251,0.05521591452468098,-0.251,0.229,0.48,0.09558137228536712,-0.0029980563514747176,4.54579086765392,2nd_test,331,2004.02.14.17.42.39
-0.0018185546875,0.07509976364459194,0.07512177873709461,-0.366,0.374,0.74,0.4322386192221237,0.0053971070769729314,4.978582859491622,-0.0018758300781250002,0.0930621870891442,0.09308109047651342,-0.344,0.398,0.742,0.03164492264922014,0.13985177514546707,4.275841612493238,-0.0008854003906249997,0.09777516860351178,0.09777917738095815,-0.671,0.564,1.2349999999999999,1.2421244437510177,-0.003892160317666757,6.862401770663807,-0.002972119140625,0.0559213424115588,0.05600026811808025,-0.242,0.232,0.474,0.12281832971891049,0.009984100848957159,4.321407881215955,2nd_test,332,2004.02.14.17.52.39
-0.002142333984375,0.07497681350459298,0.0750074140215694,-0.349,0.354,0.703,0.264094651949371,0.005284190432349757,4.719533456965773,-0.001586767578125,0.09295741365075401,0.0929709555935851,-0.374,0.449,0.823,0.0920772351676713,0.12732763229555957,4.829465257493288,-0.0016229980468749998,0.09700300368051994,0.09701658026184558,-0.623,0.579,1.202,1.1020831755666824,0.009024923909269594,6.421582767730169,-0.0030953125,0.05487023930712435,0.05495747557060595,-0.273,0.342,0.615,0.2126442803421611,-0.008751069036780515,6.222993258749607,2nd_test,333,2004.02.14.18.02.39
-0.001755419921875,0.07636214150477158,0.07638231571703541,-0.361,0.352,0.713,0.332808431759835,0.0034653848290839948,4.726224867711893,-0.0016622070312500002,0.09297894617098278,0.09299380282191524,-0.564,0.381,0.945,0.13254591277048222,0.0665896809052397,6.0649202729563045,-0.0016797363281249999,0.09975298064708317,0.09976712215008196,-0.535,0.525,1.06,1.1515521697907039,-0.0447090897904692,5.362488046811903,-0.0025471679687500003,0.05413575890638482,0.05419564979803499,-0.269,0.222,0.491,0.059373891031528014,-0.04553869526362314,4.963498011325438,2nd_test,334,2004.02.14.18.12.39
-0.0022265625,0.0778484444935067,0.07788027921511965,-0.354,0.364,0.718,0.3784283215736437,-0.052990636716203465,4.673840459532652,-0.0018944335937500002,0.0939266361413397,0.09394573888936501,-0.378,0.481,0.859,0.2543285394948378,0.14057276522363685,5.119976761919224,-0.0016781249999999997,0.0984401899930073,0.09845449258096352,-0.544,0.559,1.1030000000000002,1.1773181921077915,0.014204130318656869,5.6777500481720695,-0.002677294921875,0.055262507528935724,0.05532732278435651,-0.237,0.239,0.476,0.09893103916214274,-0.05126680738337105,4.319746338119511,2nd_test,335,2004.02.14.18.22.39
-0.0017974121093750003,0.07525292848292316,0.07527439096762507,-0.396,0.398,0.794,0.43813676578415883,0.014947210797409044,5.287322751849156,-0.0010183105468749998,0.09374195489791777,0.09374748564336606,-0.439,0.442,0.881,0.09888012179749062,0.11176386511123783,4.714793116444109,-0.001655908203125,0.09879417726851845,0.09880805379188796,-0.857,0.796,1.653,1.623426389869283,-0.013152310427908142,8.673382048353687,-0.0030820800781250005,0.05560544293812567,0.055690793691175966,-0.215,0.254,0.469,0.07761380331189915,-0.010173598448533331,4.560897469049443,2nd_test,336,2004.02.14.18.32.39
-0.0022341796875,0.07915147318116678,0.07918299858950152,-0.374,0.378,0.752,0.41325990616012565,0.011272075494800112,4.773752026679921,-0.0013243652343750002,0.09537845418920803,0.09538764839745696,-0.43,0.5,0.9299999999999999,0.25400609705521715,0.15524931796153957,5.241768807543936,-0.0005669921874999999,0.10113425195400821,0.1011358413147263,-0.635,0.898,1.533,1.7717557477553907,0.0663267593597274,8.879146980115781,-0.00315361328125,0.055676315310494225,0.055765557141314835,-0.256,0.261,0.517,0.11319339951364293,0.02127917768336682,4.680308300945021,2nd_test,337,2004.02.14.18.42.39
-0.0009719238281250001,0.07800105820352181,0.07800711324486297,-0.359,0.381,0.74,0.34814837459687187,0.021013061212255775,4.884169970489274,-0.0017982421875000001,0.09409024153225241,0.09410742386529608,-0.474,0.398,0.872,0.15800535143743621,0.06953117625381683,5.0367971040567365,-0.0008173339843750001,0.10028776701674467,0.10029109755131248,-0.659,0.784,1.443,1.4464525038060518,0.010143185013371537,7.8172441934944485,-0.0024126953125,0.05623126593378937,0.05628300247132788,-0.286,0.203,0.489,0.11857098776911368,-0.013013244409643309,5.0814630960850895,2nd_test,338,2004.02.14.18.52.39
-0.0020195800781250004,0.0782297576242485,0.07825582203031686,-0.381,0.349,0.73,0.3212339905021637,0.0019217993073334608,4.868647342909889,-0.00145419921875,0.09368534568457565,0.09369663116359227,-0.388,0.481,0.869,0.10392468108219877,0.11978261800259794,5.133589052471384,-0.002491650390625,0.0996427036331074,0.0996738516812929,-0.652,0.969,1.621,1.5065672983238105,0.11806649501713294,9.721707184434441,-0.00310703125,0.055100380427160145,0.055187911415510646,-0.247,0.237,0.484,0.159416895301975,-0.023662687517395236,4.475617823908166,2nd_test,339,2004.02.14.19.02.39
-0.0015823242187499996,0.07754587012035527,0.07756201211067341,-0.371,0.425,0.796,0.5701837051718384,0.0388834536970139,5.479486522191907,-0.000879443359375,0.09472675788527642,0.09473084017403269,-0.459,0.381,0.8400000000000001,0.213306002517748,0.09706287625161063,4.845306968162775,-0.00119306640625,0.09909460309260806,0.0991017848957891,-0.615,0.818,1.4329999999999998,1.4383741433543848,0.06038548733113338,8.25413993150494,-0.0029563964843749998,0.0563860646284195,0.056463515339138466,-0.278,0.259,0.537,0.13069596219782786,-0.015208854093556337,4.923533335204458,2nd_test,340,2004.02.14.19.12.39
-0.0018259277343749998,0.07687381427959207,0.0768954961879067,-0.354,0.376,0.73,0.36326545631774865,0.05536950284268488,4.889753218787909,-0.0016762695312500004,0.09348218926780841,0.09349721701657088,-0.464,0.415,0.879,0.1284500475701713,0.10056765807196706,4.962714557726363,-0.00035844726562500004,0.09702073706097393,0.09702139920809674,-0.505,0.764,1.2690000000000001,1.1599370414301564,0.06713804399903132,7.874551451824117,-0.0031262695312500007,0.054449395705776456,0.054539070893316936,-0.217,0.242,0.45899999999999996,0.006477317886276701,-0.018455875077421916,4.437185966532789,2nd_test,341,2004.02.14.19.22.39
-0.0017081542968750002,0.07673297177188527,0.07675198204637372,-0.4,0.386,0.786,0.3774049694681145,0.014011684004366842,5.211591796458201,-0.0016045898437499998,0.09329002418129087,0.0933038226457657,-0.457,0.403,0.8600000000000001,0.1596382449615441,0.0849650519525475,4.897977242906045,-0.0013150390624999998,0.09849906045514012,0.09850783846111562,-0.608,0.635,1.2429999999999999,1.012514684106244,-0.044938402182664636,6.446187530997443,-0.0028423828124999996,0.055121165014932826,0.055194401642342766,-0.212,0.232,0.444,0.06274083449477219,-0.006456180546648007,4.203324849848835,2nd_test,342,2004.02.14.19.32.39
-0.0019189941406249997,0.07703683378953455,0.07706073123730481,-0.339,0.391,0.73,0.33766053420515485,0.03782793004877168,5.073920188881422,-0.0014760742187499998,0.09311149395463077,0.09312319314522295,-0.427,0.427,0.854,0.07894336512300404,0.1123696401429524,4.585323865876467,-0.0008720703125,0.10035901005699516,0.1003627989159828,-0.588,0.544,1.1320000000000001,0.9356752121576517,-0.0493800406493278,5.85874453826638,-0.0023734374999999997,0.05517778437182481,0.055228806738422294,-0.249,0.251,0.5,0.07835663920293356,-0.00783301228283339,4.544729731066892,2nd_test,343,2004.02.14.19.42.39
-0.0020412109375000003,0.07645715623248507,0.07648439894024141,-0.369,0.354,0.723,0.40368314859793664,0.009556589048265108,4.824513300856055,-0.00116396484375,0.0913186368055832,0.09132605456378537,-0.378,0.471,0.849,0.25927612395734956,0.10041492826354484,5.157345318863846,-0.00234169921875,0.09857683610587177,0.09860464579255382,-0.579,0.664,1.2429999999999999,1.0841907562129203,0.07896650170859712,6.733962630829797,-0.00310869140625,0.05582309794612986,0.055909589754911455,-0.244,0.244,0.488,0.18049364037031834,-0.00919414311887113,4.364188702962202,2nd_test,344,2004.02.14.19.52.39
-0.001978857421875,0.07802320488327184,0.07804829515724943,-0.386,0.454,0.8400000000000001,0.49550169457822246,0.039552440455765454,5.81691117121107,-0.0017812500000000003,0.09362583339916127,0.09364277618294964,-0.53,0.403,0.933,0.19591752103340188,0.08061048837119769,5.659806571292596,-0.002059912109375,0.10160454117554134,0.101625420173255,-0.823,0.808,1.631,2.2657625657465097,-0.0022335385609855646,8.098367500855778,-0.0025600097656250003,0.055610259742890786,0.05566915338562169,-0.234,0.254,0.488,0.07395168898295523,0.0007139228342208359,4.562670429635828,2nd_test,345,2004.02.14.20.02.39
-0.002130712890625,0.07647613594591682,0.07650581224090511,-0.352,0.337,0.6890000000000001,0.32143393913664564,0.003097700371138607,4.60095762250069,-0.0014946777343750003,0.0932991878219526,0.09331115962073146,-0.437,0.527,0.964,0.18736083032431328,0.1324495086716136,5.6477703431869655,-0.0019262695312500001,0.10099483004902023,0.10101319820170779,-0.833,0.708,1.541,1.6800658221566716,-0.07497602155018517,8.246447145732192,-0.0027460449218750004,0.05554376537517662,0.05561160521658789,-0.251,0.283,0.534,0.18248309654086903,-0.03320611321572489,5.088865874177241,2nd_test,346,2004.02.14.20.12.39
-0.0019508300781250001,0.0786808722778091,0.07870505320746962,-0.461,0.422,0.883,0.5518785151478065,-0.04094556048867035,5.857311331445626,-0.0013611328125000001,0.09319892909187844,0.09320886796011553,-0.447,0.42,0.867,0.17877094013740136,0.15699791492260767,4.795681030977412,-0.0028895019531250004,0.09981853626836931,0.09986034951018785,-0.613,0.608,1.221,1.161583151458868,-0.004759321948058302,6.138572546567369,-0.0032050292968749997,0.05577633735456773,0.05586834543356708,-0.295,0.234,0.529,0.09540623434601869,-0.021621337574530344,5.280270924534602,2nd_test,347,2004.02.14.20.22.39
-0.001975830078125,0.07719535987180028,0.07722064160724369,-0.388,0.376,0.764,0.42249302572013914,-0.019125658602111035,5.0245632763374894,-0.0008175292968750001,0.09165556413477786,0.09165921007195964,-0.371,0.371,0.742,0.09362917833834672,0.11609016824868197,4.047601978073872,-0.001264453125,0.0987554833628603,0.0987635779826627,-0.771,0.876,1.647,2.1118030155654415,-0.05261096809154939,8.869666509499142,-0.002601953125,0.05585808482857744,0.05591865342424878,-0.259,0.225,0.484,0.10205220047702523,-0.04404105673168043,4.631728128901161,2nd_test,348,2004.02.14.20.32.39
-0.0019471191406250001,0.07665643399961015,0.07668115900587559,-0.378,0.41,0.788,0.30615492979033476,0.030253716776114506,5.34681537564185,-0.0018169921874999998,0.0922999346366064,0.09231781731892956,-0.33,0.398,0.728,0.03582481051834563,0.12927496669645372,4.311193782027164,-0.002001513671875,0.0980110272995757,0.09803146193593604,-0.969,0.989,1.958,2.1082288666399345,-0.04517500941046758,10.088597889483959,-0.0032969726562499997,0.05414179057741755,0.05424208251556166,-0.229,0.217,0.446,0.027922184987703158,-0.019173645145791333,4.221814306817585,2nd_test,349,2004.02.14.20.42.39
-0.0023460449218749998,0.07556877706675667,0.07560518496862914,-0.349,0.393,0.742,0.389790037405521,0.0035128804980339014,5.198056193604571,-0.001474658203125,0.09184724252450821,0.09185907998761948,-0.427,0.42,0.847,0.1661089259718569,0.07321928725055783,4.648424522136532,-0.0016493652343749997,0.0989982888040016,0.09901202751078717,-0.918,1.008,1.9260000000000002,2.85517808622574,0.09732224580032392,10.180581342807063,-0.00294609375,0.05394678842002516,0.05402717324845665,-0.242,0.208,0.44999999999999996,0.14479679997389683,0.014588914033314072,4.479227496923204,2nd_test,350,2004.02.14.20.52.39
-0.00203828125,0.07640429061505413,0.07643147398057785,-0.352,0.366,0.718,0.27409504741691926,-0.012521961375462319,4.788603188369968,-0.0012888671875,0.09241013187803994,0.09241911951725006,-0.378,0.461,0.839,0.20272584926937842,0.167684287448581,4.988145336192757,-0.001286572265625,0.10068619914666657,0.10069441874700343,-0.64,0.918,1.558,2.104177091745033,0.05242275264226716,9.116691981681479,-0.00323515625,0.05543490053776443,0.05552922143875016,-0.234,0.217,0.451,0.11216910390493862,-0.00819758222032247,4.2139974941642695,2nd_test,351,2004.02.14.21.02.39
-0.002419287109375,0.07734805877568478,0.07738588467210525,-0.339,0.369,0.708,0.46867986441406906,0.02010200789954984,4.768311450579598,-0.00057529296875,0.09360065862916034,0.09360242655942473,-0.432,0.452,0.884,0.11851053620481489,0.11913445503333196,4.8289346399392,-0.001638818359375,0.10164707520352886,0.10166028537755968,-0.796,0.925,1.721,1.8101230813570037,-0.010457913813510251,9.098931766279343,-0.0029263671875,0.05534522555985677,0.055422537087249084,-0.281,0.232,0.513,0.11299604189623924,-0.026142192002785426,5.0701395995741745,2nd_test,352,2004.02.14.21.12.39
-0.0016590820312500005,0.07671429012964165,0.07673222832214148,-0.369,0.522,0.891,0.4150533719613865,-0.017336723568894156,6.802878157033416,-0.0015602539062500001,0.0940270343352008,0.09403997861614495,-0.435,0.464,0.899,0.22580235248796798,0.15443168800445642,4.9340717301631285,-0.001125634765625,0.0984889155757961,0.09849534783390469,-0.598,0.679,1.2770000000000001,1.2217844085424554,0.04824388218673049,6.893726606642599,-0.0025194824218749997,0.05537819643114506,0.05543547989907388,-0.222,0.237,0.45899999999999996,0.04388678057146489,0.012223253154620377,4.275240341153503,2nd_test,353,2004.02.14.21.22.39
-0.0018869140625,0.07785117202077461,0.07787403565815439,-0.449,0.361,0.81,0.5209914178339541,-0.023116085785980855,5.765721478275774,-0.00160771484375,0.09351215411819437,0.09352597347712426,-0.364,0.405,0.769,0.08305271271578718,0.11395887035646445,4.330347869565128,-0.0019242675781249996,0.09919102849421868,0.09920969176170806,-0.84,0.825,1.665,1.9573301409064028,0.001064958394182508,8.466914724512304,-0.0031264648437500002,0.055289348286872084,0.055377674349924175,-0.232,0.234,0.466,0.05452411153297376,0.03704530523158421,4.2255295611939125,2nd_test,354,2004.02.14.21.32.39
-0.0011360351562499998,0.07609349942401462,0.07610197914948566,-0.371,0.459,0.8300000000000001,0.46806435398399415,-0.011006075117471512,6.031380591198078,-0.0010974609375,0.09377147344386998,0.09377789532903663,-0.381,0.488,0.869,0.22491483114482191,0.1374718535879753,5.2037849461492,-0.0019512207031249999,0.09720708661892698,0.09722666790120843,-0.764,0.762,1.526,2.20281228349556,-0.01915224996703155,7.85792639493147,-0.0025535644531249997,0.05530027020508681,0.05535919594947054,-0.244,0.212,0.45599999999999996,0.08011834187868727,-0.03081185003530341,4.407578466607517,2nd_test,355,2004.02.14.21.42.39
-0.0017716796874999996,0.0784287645702927,0.07844877284532563,-0.369,0.391,0.76,0.39247062477379524,-0.018447182450738904,4.984144248705269,-0.000821875,0.09487168868768557,0.0948752485792198,-0.425,0.454,0.879,0.2047345819491473,0.14342836086324723,4.78523120407036,-0.0009170410156249999,0.10051826104421915,0.10052244409870924,-0.591,0.696,1.287,1.5061057425767466,0.1061090117717889,6.923826875017388,-0.0030891601562500004,0.054913857964636645,0.0550006791506364,-0.239,0.237,0.476,0.1314234305309161,-0.024388297706000997,4.345400887525026,2nd_test,356,2004.02.14.21.52.39
-0.0015327148437500001,0.07837120333241189,0.07838618964181446,-0.378,0.354,0.732,0.4702673332381755,0.011830659019398513,4.82227802783179,-0.0020553222656250003,0.09404126689331685,0.0940637242964344,-0.454,0.457,0.911,0.19080878208575447,0.152382888605041,4.858408524788389,-0.002553125,0.09954565932784626,0.09957839493726162,-0.669,0.583,1.252,1.5092529048058463,0.018198776776621156,6.718324797409905,-0.0024422851562500006,0.0555180308289281,0.05557172396017826,-0.286,0.271,0.5569999999999999,0.16665189435945926,-0.016433691810973615,5.146502206766091,2nd_test,357,2004.02.14.22.02.39
-0.001753955078125,0.07638111651411816,0.07640125207324402,-0.396,0.354,0.75,0.4155701252808761,0.041866116457415656,5.183161129547736,-0.0010462402343750002,0.09362454501998982,0.09363039062627115,-0.508,0.439,0.9470000000000001,0.2098816962753567,0.11561392739152174,5.425588813596575,-0.0006689453125000002,0.09984542678786111,0.0998476676657059,-0.732,0.686,1.4180000000000001,1.5373777289705872,0.02742182549623216,7.331167738874331,-0.00317587890625,0.05509027148165851,0.0551817380910569,-0.217,0.21,0.427,0.13416595176897372,-0.008083337114120898,3.9324604027149324,2nd_test,358,2004.02.14.22.12.39
-0.002301123046875,0.07755393472743673,0.07758806582835001,-0.327,0.398,0.7250000000000001,0.41610777262515786,-0.013632761150585586,5.129654873410242,-0.0015305664062500001,0.09415238719710488,0.09416482702388138,-0.417,0.476,0.893,0.13723127056056228,0.08486784643034216,5.054966010548986,-0.001271875,0.09835208898748986,0.0983603124955322,-0.581,0.713,1.294,1.5632614779060088,0.07964181271037038,7.248858629085156,-0.0032349609375000006,0.054936541590744487,0.05503170517273429,-0.251,0.312,0.563,0.15890977503198522,-0.005916679543613247,5.66945906936775,2nd_test,359,2004.02.14.22.22.39
-0.0018176269531249996,0.07628622661353195,0.07630787730419367,-0.349,0.4,0.749,0.259737428643497,0.027416412410051064,5.241922775550398,-0.001729541015625,0.09343290617043545,0.09344891260778868,-0.383,0.452,0.835,0.1845263582154275,0.07742689719160642,4.836867411098054,-0.001194189453125,0.1000795149465697,0.10008663946996435,-0.962,0.806,1.768,2.0615758865863034,-0.02817111188336227,9.611672497797082,-0.0025540527343750003,0.05477281210134648,0.054832327425154724,-0.242,0.276,0.518,0.2137703902377388,0.0015979945320553643,5.03352698956108,2nd_test,360,2004.02.14.22.32.39
-0.0019311035156250004,0.07533387721343443,0.07535862403731158,-0.366,0.378,0.744,0.46059922045061397,0.03164755789379751,5.016015151866739,-0.0008187011718749999,0.09221438692593227,0.09221802116579154,-0.378,0.42,0.798,0.1953687518031706,0.11420178181530889,4.554424337954081,-0.001224267578125,0.09595065996340399,0.09595847007177441,-0.515,0.662,1.177,0.9200501900429865,-0.01876186927138661,6.898817785422617,-0.002847265625,0.05451258018818403,0.05458688780570386,-0.205,0.225,0.43,0.10203201940999573,-0.0024824274381407517,4.121868987965414,2nd_test,361,2004.02.14.22.42.39
-0.00228203125,0.07681343412124615,0.0768473247948489,-0.371,0.322,0.6930000000000001,0.2964954180069941,-0.011202151120523635,4.8277542645185285,-0.001650634765625,0.0925549539282873,0.09256967155498001,-0.347,0.43,0.7769999999999999,0.15889396504177178,0.11321637236943521,4.645149893828504,-0.002687744140624999,0.09927189278668036,0.09930827088423011,-0.632,0.825,1.4569999999999999,1.618788384035648,0.04251593397056668,8.307465155177727,-0.00294306640625,0.05537229625146182,0.05545045384874004,-0.256,0.247,0.503,0.16841363311119117,0.004175880216840095,4.616734079286534,2nd_test,362,2004.02.14.22.52.39
-0.0017149902343750003,0.07785398787240526,0.07787287473273749,-0.366,0.349,0.715,0.4005970384193849,0.0220041848818913,4.699967751947327,-0.0015397949218749999,0.09346669265098767,0.09347937528415359,-0.435,0.444,0.879,0.24014864447018747,0.10023296004781217,4.749710817446125,-0.0009088867187500001,0.10014309585582387,0.10014722024427962,-0.83,0.674,1.504,1.7676274830343344,-0.10675563103638615,8.287798682451413,-0.0027354003906249996,0.05597465906774104,0.056041456735588836,-0.249,0.222,0.471,0.17259691901093,0.006254778157224257,4.443139320420818,2nd_test,363,2004.02.14.23.02.39
-0.002119873046875,0.0775262621555561,0.07755523957507239,-0.354,0.508,0.862,0.41182245684681895,0.031330426901108856,6.550169953400929,-0.00168662109375,0.0938160961622784,0.09383125593235844,-0.449,0.513,0.962,0.21268920305720318,0.07605296140998012,5.467261360802277,-0.001453369140625,0.10155976329666909,0.10157016197060226,-0.703,0.886,1.589,1.9645873842933952,0.10179977834417883,8.72303423369271,-0.0027306640625,0.055942870876482295,0.05600947534234721,-0.266,0.256,0.522,0.18007529719347826,0.01890388914050971,4.749196423808234,2nd_test,364,2004.02.14.23.12.39
-0.0020730468750000002,0.0766363670204398,0.07666440030051432,-0.347,0.403,0.75,0.4049766158613508,0.03418190120828427,5.2566771332592,-0.001310986328125,0.09482260223662708,0.09483166443798255,-0.435,0.488,0.923,0.3758928634671683,0.10938627198198078,5.145960506830431,-0.0019103515625000002,0.10082328905318157,0.10084138564395945,-0.835,0.947,1.782,2.5845421273232567,-0.007764944600940727,9.390985595281094,-0.002855517578125,0.055067603816256104,0.055141590208327554,-0.293,0.232,0.525,0.10765032575736999,-0.03518836019227342,5.313593584945926,2nd_test,365,2004.02.14.23.22.39
-0.002400390625,0.07752790160446214,0.07756505271282776,-0.461,0.396,0.857,0.59416197100937,-0.021400401532155847,5.943398268558336,-0.0012994628906249999,0.09306570847235578,0.09307478013546755,-0.396,0.479,0.875,0.07203885192851622,0.11609955245781446,5.1463994789746845,-0.001076513671875,0.0985072255794525,0.0985131076204932,-0.52,0.596,1.116,0.951979566351143,0.07261551773549571,6.049956339718259,-0.0029061035156250003,0.05558662055406945,0.05566253517641489,-0.242,0.271,0.513,0.09546258603072655,-0.03916044610196185,4.868624814450752,2nd_test,366,2004.02.14.23.32.39
-0.002123388671875,0.07746586924757592,0.07749496549927856,-0.33,0.393,0.7230000000000001,0.3910969739121195,-0.0393762203455962,5.071297179925673,-0.0014669433593749999,0.09428060200842488,0.0942920136485091,-0.527,0.452,0.9790000000000001,0.23250854297548562,0.13464387685577012,5.589020528916699,-0.00138740234375,0.1031267155041508,0.10313604770368845,-0.701,0.671,1.3719999999999999,1.6449580480246446,0.0234100992667702,6.7968476163367,-0.002578662109375,0.05565152952124316,0.055711239766568874,-0.244,0.225,0.469,0.14927754500589696,-0.02977049526775603,4.379726622814082,2nd_test,367,2004.02.14.23.42.39
-0.001664501953125,0.07694450865242865,0.07696251021449096,-0.374,0.417,0.7909999999999999,0.4719871514500311,0.04347241862057142,5.4182224414513245,-0.0011061523437499998,0.09296009760808623,0.0929666785483514,-0.339,0.43,0.769,0.07882568611327034,0.15475447608237416,4.625313141328743,-0.0006910644531250001,0.09899267362726775,0.098995085746481,-0.837,0.886,1.7229999999999999,2.6659848054667634,0.07024557647226715,8.949939214760919,-0.0033494628906249996,0.054381337585988086,0.05448439023515703,-0.273,0.205,0.478,0.13240616935738547,0.029201325003967587,5.01060943908355,2nd_test,368,2004.02.14.23.52.39
-0.00210712890625,0.07824615573099228,0.0782745225402637,-0.361,0.356,0.717,0.3734058194569596,0.02183247728819558,4.611973197405233,-0.001329296875,0.0935338970823512,0.09354334254020298,-0.405,0.437,0.8420000000000001,0.2662208384534055,0.14987326059167488,4.6716312260010895,-0.0011203124999999998,0.09906045728128526,0.09906679209944673,-0.684,0.605,1.2890000000000001,1.5414997243736535,-0.016297813719661207,6.904432711482898,-0.0027016601562499997,0.05511758344717574,0.055183756420311314,-0.232,0.259,0.491,0.1939409411536701,-0.0144360473730164,4.6934101046440775,2nd_test,369,2004.02.15.00.02.39
-0.0019688476562500002,0.07573919520095079,0.07576478107129493,-0.376,0.369,0.745,0.393678130983552,-0.011643142354171266,4.962727994174759,-0.00164970703125,0.09263838703187406,0.09265307488236023,-0.364,0.413,0.7769999999999999,0.07493232327899957,0.1097359102808882,4.45748832966332,-0.00248525390625,0.099187249809339,0.09921838041269747,-0.776,0.728,1.504,1.5209996645621677,-0.013827467543922741,7.821131495640401,-0.003043505859375,0.05489739552086761,0.0549816966170618,-0.278,0.22,0.498,0.13512221968898297,0.00030124405490660004,5.056228110441311,2nd_test,370,2004.02.15.00.12.39
-0.0016216796875,0.07493482740432615,0.0749523728985614,-0.349,0.342,0.6910000000000001,0.3035741644560339,0.02316076004099789,4.656290208018781,-0.001960693359375,0.09389827840493072,0.0939187468286251,-0.393,0.393,0.786,0.1342219775185165,0.1286629021345884,4.184468098929475,-0.00092099609375,0.09597727243878651,0.09598169126762536,-0.591,0.527,1.1179999999999999,1.0789968281242288,0.03549912100547816,6.15742431903976,-0.0031457519531250004,0.055488323980500937,0.05557742215608443,-0.244,0.269,0.513,0.09652747183251575,0.013312646969160426,4.8400949443048376,2nd_test,371,2004.02.15.00.22.39
-0.0018842773437500002,0.07598874676957491,0.07601210519857182,-0.454,0.408,0.862,0.5926312705867858,-0.03757943902430414,5.972732879953933,-0.0014225097656250002,0.0931217834550935,0.0931326478088679,-0.364,0.439,0.8029999999999999,0.15411491376726616,0.13488028882365288,4.713706850644115,-0.0015594238281249999,0.0988190229704782,0.09883132652917102,-0.779,0.786,1.565,1.8195086650912353,0.052960151663879254,7.952943945966885,-0.0028888183593750003,0.055147872876326005,0.05522348372112063,-0.249,0.225,0.474,0.10701858169601408,-0.031369404878275685,4.508951323189688,2nd_test,372,2004.02.15.00.32.39
-0.0015859863281249998,0.07783000887917607,0.07784616647443614,-0.437,0.4,0.837,0.4691571133496648,0.013646935481141232,5.613635452914596,-0.0011224609375,0.09261889763234762,0.09262569901052028,-0.396,0.466,0.8620000000000001,0.24282505580396618,0.12907407186322933,5.0310011689308975,-0.001690966796875,0.10043924992856997,0.10045348323936744,-0.811,0.962,1.7730000000000001,2.6512130796458955,0.021038868508810524,9.576571851651016,-0.0027623535156250005,0.05549111537423436,0.05555982795529406,-0.264,0.227,0.491,0.17444679056723045,0.009720063218750456,4.751634584032094,2nd_test,373,2004.02.15.00.42.39
-0.00213740234375,0.07774252606442102,0.07777190268764324,-0.344,0.374,0.718,0.31991028155765777,0.002222794763459712,4.808934680398579,-0.0016660644531249998,0.09378090563884078,0.09379570370333135,-0.457,0.405,0.8620000000000001,0.20038625770885332,0.09794566026282485,4.872291394503354,-0.0004599609374999998,0.09828107242828969,0.09828214874390338,-0.522,0.662,1.1840000000000002,1.048729949663187,0.05799730940935348,6.73570946966429,-0.0028693359375,0.05488313326995618,0.05495808772373726,-0.259,0.232,0.491,0.21181270963081733,-0.008012351638318916,4.712682167859002,2nd_test,374,2004.02.15.00.52.39
-0.0017658203125,0.07607377332562755,0.0760942646286499,-0.391,0.383,0.774,0.42323338040355285,0.043605322365242484,5.138363606021997,-0.001442236328125,0.09349665656245795,0.09350777953723624,-0.378,0.459,0.837,0.0960153122733205,0.13451050629637906,4.90868248895067,-0.0025745605468749998,0.10284032016890846,0.10287254159615736,-0.955,0.969,1.924,2.341060280683603,0.06067554777105533,9.419423151753607,-0.0031439453125000003,0.05468924892257855,0.054779543078084816,-0.234,0.217,0.451,0.0739348131874733,-0.04658689734776006,4.271667612527836,2nd_test,375,2004.02.15.01.02.39
-0.0019600097656250004,0.07789516199424248,0.07791981712241516,-0.347,0.381,0.728,0.36960954395167844,0.013746491794007653,4.889641866029332,-0.00104189453125,0.09390082504465551,0.0939066051365997,-0.374,0.449,0.823,0.14337817131278285,0.07022929246154179,4.7813463104335225,-0.0014884765625000004,0.09932953983784425,0.09934069179784788,-0.728,0.95,1.678,1.9232554796178905,0.07868122924439619,9.563049972750619,-0.0035016113281250002,0.056852503254561024,0.05696023532433065,-0.242,0.234,0.476,0.15689906279183452,-0.0013339256663484282,4.2485779529843475,2nd_test,376,2004.02.15.01.12.39
-0.0013693359375,0.07684182412407498,0.07685402406917285,-0.322,0.466,0.788,0.3818657000263892,0.033342585751388834,6.0634430745553525,-0.00161650390625,0.09295114172054224,0.0929651968858844,-0.352,0.469,0.821,0.1593512848962888,0.13764218727950894,5.044898690105037,-0.0009679687499999998,0.09726266310437563,0.09726747965099256,-0.566,0.623,1.189,1.2397175364146626,0.0515057733567409,6.405018431946567,-0.002781884765625,0.0556571758587575,0.055726655268568515,-0.239,0.227,0.46599999999999997,0.1734304377367133,0.053803960759749324,4.288791402316842,2nd_test,377,2004.02.15.01.22.39
-0.0018294433593749999,0.07672148901858732,0.07674329768933816,-0.327,0.371,0.698,0.3646884901407135,-0.0038610033668955977,4.834298383905755,-0.0012923339843750002,0.09200249412710074,0.09201157021122058,-0.403,0.393,0.796,0.09123120063960233,0.08944110719463369,4.379883954490706,-0.0022220703125000003,0.09872788963909239,0.09875289256048403,-0.752,0.942,1.694,2.388011795011338,0.06804753999095511,9.53896109335234,-0.0028483886718749995,0.05533849241279355,0.055411750202884545,-0.259,0.303,0.562,0.2647810317945565,0.0005939739972525354,5.468154297330942,2nd_test,378,2004.02.15.01.32.39
-0.0017436523437500003,0.07580981683692348,0.07582986649298382,-0.369,0.347,0.716,0.33242199799785155,0.044223570570014324,4.866156529884906,-0.0018567871093749997,0.0932392270703556,0.09325771347747527,-0.41,0.439,0.849,0.08878620484376398,0.0717549947752136,4.707385412160305,-0.001141748046875,0.0982078843579747,0.09821452101737235,-0.791,0.767,1.558,1.8348007122721528,0.027429475157960327,8.053798886338129,-0.00299404296875,0.054790174719230256,0.054871919403848994,-0.217,0.21,0.427,0.07900948837157262,-0.021709413469896466,3.9546639219772555,2nd_test,379,2004.02.15.01.42.39
-0.00125322265625,0.07843447478830728,0.0784444861181699,-0.376,0.493,0.869,0.56474034220826,0.011571633412402691,6.284699210739337,-0.0010092285156250002,0.09277154748227698,0.09277703683807284,-0.447,0.457,0.904,0.2819338410997183,0.13506414763961314,4.925787841151825,-0.001590673828125,0.09898875202899012,0.09900153166231507,-0.732,0.596,1.3279999999999998,1.013351977434275,0.0528558865501576,7.3938250015099705,-0.00231806640625,0.054690066062756906,0.05473917023313835,-0.271,0.208,0.479,0.0936744713375508,-0.041875350992344795,4.95075096755832,2nd_test,380,2004.02.15.01.52.39
-0.0021708007812500005,0.07728906543416653,0.07731954482353573,-0.366,0.359,0.725,0.25864743757069686,-0.08451365370298389,4.733602620535055,-0.001212548828125,0.09380373350085158,0.09381157014654096,-0.403,0.439,0.8420000000000001,0.14570479505752942,0.15262724359588734,4.679593351966802,-0.0009016113281249998,0.10302156478089246,0.10302551001033979,-0.72,0.632,1.3519999999999999,1.2153610199508815,-0.021457782642289057,6.988560405289439,-0.002776708984375,0.055792531199137366,0.055861584746502,-0.232,0.261,0.493,0.1611045240253164,-0.03277747142923444,4.672262721863997,2nd_test,381,2004.02.15.02.02.39
-0.0023517578125,0.07736674024999435,0.07740247581129915,-0.371,0.327,0.698,0.3167613458612375,0.003050668265414388,4.793128334805132,-0.0012128417968749999,0.09240940803029814,0.09241736675395147,-0.437,0.447,0.884,0.2315341547231755,0.09080615167200096,4.836753260729006,-0.0013354492187500002,0.10101753828037927,0.10102636519663444,-0.916,0.991,1.907,2.63813449242954,0.08899146074161844,9.80932054777325,-0.0030467285156250004,0.055370725128098625,0.055454483640724445,-0.308,0.239,0.5469999999999999,0.19123001631979308,-0.007892484781842379,5.554104551579632,2nd_test,382,2004.02.15.02.12.39
-0.0018564453124999998,0.076993353364847,0.07701573119540255,-0.383,0.359,0.742,0.3112997957537118,0.007963625337304037,4.9730099818605655,-0.001779150390625,0.09372466899896562,0.09374155404663466,-0.349,0.439,0.788,0.17335526826637926,0.15657310659007417,4.683088566858222,-0.001826025390625,0.10141215293115598,0.10142859128894266,-0.691,0.913,1.604,1.786866967898007,-0.022540245740951745,9.001406688081747,-0.002653173828125,0.05432846675084,0.05439321309556345,-0.278,0.227,0.505,0.1602884883983946,0.004251741535334286,5.110931753681674,2nd_test,383,2004.02.15.02.22.39
-0.0015043945312500002,0.07519694246755879,0.07521198946560981,-0.342,0.32,0.662,0.3649192576756848,0.00938821880008867,4.547147368729425,-0.0015912597656249998,0.09165112909628516,0.09166494189310123,-0.361,0.366,0.727,0.15806202888112075,0.11891342242166851,3.992802400102242,-0.0018182128906249998,0.1008912438048701,0.10090762594873282,-0.696,0.891,1.587,1.5346710413407543,0.02718578639713382,8.82985791820979,-0.00265634765625,0.05445137029759109,0.054516125230579714,-0.239,0.217,0.45599999999999996,0.1177366423054611,0.011193771111333689,4.384023974278234,2nd_test,384,2004.02.15.02.32.39
-0.002388525390625,0.0768513764208974,0.07688848490722212,-0.356,0.408,0.764,0.40478293715094704,-0.0199986890378833,5.30638626170107,-0.001130810546875,0.0943151037575846,0.09432188255806218,-0.479,0.461,0.94,0.15256687929089097,0.1309870658758442,5.0783549586180206,-0.0020697753906249996,0.10053102203380053,0.10055232648391645,-0.698,0.869,1.567,2.172177168388445,0.09906507138046018,8.642266473370519,-0.00291650390625,0.05586730285598481,0.05594337783364087,-0.225,0.256,0.481,0.08615661689903309,-0.007879779720925935,4.576055467310047,2nd_test,385,2004.02.15.02.42.39
-0.002622607421875,0.07632668791276483,0.07637173140254105,-0.366,0.398,0.764,0.44490280527972814,0.04533753750649015,5.211352324815126,-0.0029919921874999996,0.09288886081344032,0.092937035031621,-0.383,0.381,0.764,0.20298238899824605,0.11650345416074062,4.121069709890858,-0.0019371093749999998,0.10021860846304587,0.10023732775268902,-0.769,0.823,1.592,1.6096741680949913,0.03682466021743181,8.210514171151287,-0.003577099609375001,0.05443179427067634,0.05454920594418057,-0.237,0.232,0.469,0.1254351692328579,-0.007819615861639583,4.344701190300992,2nd_test,386,2004.02.15.02.52.39
-0.002057568359375,0.07583678928931606,0.07586469664650103,-0.381,0.366,0.747,0.3650362834636387,-0.004654698555934322,5.022098773692916,-0.00172978515625,0.0917543693162659,0.09177067312225895,-0.42,0.496,0.9159999999999999,0.2236217662440514,0.13923934438019264,5.404776745331407,-0.0009567871093750003,0.09798350884558564,0.09798818014059463,-0.686,0.62,1.306,1.3779147598799515,0.06969897355033006,7.000844377441423,-0.00328427734375,0.05624973478119102,0.056345533457630874,-0.256,0.239,0.495,0.06717742900239809,-0.022983118239332006,4.5433947339935346,2nd_test,387,2004.02.15.03.02.39
-0.0011814453125000002,0.07508954347002032,0.075098837218445,-0.369,0.391,0.76,0.36803551699047077,-0.009819002282423687,5.206472090339638,-0.0013513183593749998,0.09396179806353346,0.09397151460224862,-0.454,0.408,0.862,0.13089280524680502,0.10347465660697357,4.831251277760134,-0.0015319335937500002,0.09877048766788508,0.09878236712433804,-0.703,0.703,1.406,1.4579274185596027,0.0867173611897121,7.1166547275386955,-0.0025804687499999994,0.054645859766536964,0.05470675286099285,-0.225,0.217,0.442,0.06413737734728109,-0.020739997172963726,4.112837780147563,2nd_test,388,2004.02.15.03.12.39
-0.0017964843750000001,0.07797442105718311,0.07799511327841316,-0.432,0.415,0.847,0.42318121122703367,0.010981915915985392,5.538808546278841,-0.0010224121093749998,0.09237973619688859,0.09238539379321888,-0.403,0.398,0.801,0.1630316065566464,0.13552511770140482,4.362161413714927,-0.00199716796875,0.10063255402442889,0.10065237011305297,-0.737,0.664,1.401,1.1423116064384775,-0.00673407048846781,7.322231947095509,-0.003162646484375,0.05584886624251423,0.055938342783455566,-0.291,0.227,0.518,0.08697048202825775,-0.02250166570223092,5.202156258387843,2nd_test,389,2004.02.15.03.22.39
-0.0016198242187499996,0.07794851689857768,0.07796534561705924,-0.356,0.342,0.698,0.267938429937038,0.01803113153939537,4.566131236613656,-0.001192138671875,0.09365138952767943,0.09365897690599724,-0.378,0.427,0.8049999999999999,0.1168279274847297,0.12098212921631256,4.559093149437327,-0.0015950195312500002,0.09850096393980076,0.09851387711573939,-0.566,0.627,1.193,1.355326219401241,0.07394875581729218,6.3645855624685455,-0.0029217773437500002,0.05541703164949426,0.055494001294621925,-0.232,0.232,0.464,0.04938489370098553,-0.021064543698384158,4.180632042806096,2nd_test,390,2004.02.15.03.32.39
-0.002166748046875,0.07795797068379691,0.07798807594904733,-0.391,0.4,0.791,0.4842177956348408,0.016961254322180583,5.12898920927613,-0.0016649902343749997,0.092755220250352,0.09277016263956787,-0.349,0.435,0.784,0.1474574297011011,0.13367467433664892,4.689007625063459,-0.0016604003906249998,0.09990010320000144,0.09991390067867496,-0.574,0.859,1.4329999999999998,1.442677682406619,0.06292546082017889,8.59740230495017,-0.0033949218749999995,0.05474966371894577,0.05485481903967052,-0.227,0.229,0.456,0.07955768248957673,0.012233818681174555,4.174656010262555,2nd_test,391,2004.02.15.03.42.39
-0.00209619140625,0.07780539202692423,0.07783362414069513,-0.376,0.332,0.708,0.33710919095959824,0.02623981893326039,4.830817068411163,-0.0020138671875000002,0.09494024489472239,0.09496160151197298,-0.391,0.364,0.755,0.13464094279312677,0.141096065290705,4.11745372624728,-0.0011623046875000004,0.10115324961259729,0.10115992714200124,-0.789,0.83,1.619,1.929265662031491,0.051611053394932306,8.204829950368579,-0.002157421875,0.055848275764371375,0.055889930890993235,-0.242,0.242,0.484,0.1857901031001763,0.03587594351108814,4.329939152504281,2nd_test,392,2004.02.15.03.52.39
-0.001993701171875,0.07894798468926638,0.0789731544947989,-0.347,0.41,0.7569999999999999,0.3611321322444012,0.0067839719973264295,5.191637621893532,-0.00125166015625,0.09385378758744639,0.09386213345996483,-0.398,0.437,0.835,0.0835641604156998,0.11155625037992274,4.6557646186652955,-0.0008166503906250003,0.09997235421620378,0.09997568967199288,-0.579,0.642,1.221,1.292561866413755,0.07042466965650825,6.42156110250298,-0.0032080078125,0.05455906788976456,0.05465330002044707,-0.234,0.271,0.505,0.17191556451384216,-0.042904975746300845,4.958529492156084,2nd_test,393,2004.02.15.04.02.39
-0.0015709472656250001,0.07861573341707276,0.07863142766105437,-0.359,0.444,0.8029999999999999,0.4299032321679883,0.0152261980149484,5.646597209302149,-0.001924658203125,0.0944837160313777,0.09450331689574115,-0.461,0.437,0.898,0.18699852647491966,0.12951524035290798,4.878135658494513,-0.001706298828125,0.099378604589562,0.0993932518124816,-0.605,0.85,1.455,1.4787873388820616,0.026280062471858427,8.551888427949661,-0.003082275390625,0.05492012593497235,0.05500655101255554,-0.264,0.264,0.528,0.13074534934545534,0.005492541001213427,4.799428343270262,2nd_test,394,2004.02.15.04.12.39
-0.0021546874999999995,0.07724088423093915,0.0772709316302062,-0.33,0.459,0.789,0.43830608328698695,0.025830176954956062,5.940138035227608,-0.0009732421874999999,0.09377150465253674,0.09377655509324413,-0.408,0.466,0.874,0.17327132020898128,0.11752354125267135,4.969259102466245,-0.00136376953125,0.09901984982825102,0.0990292407692988,-0.608,0.852,1.46,1.4656129197985166,0.010542954277183372,8.60351945922961,-0.00297109375,0.055534925704663195,0.05561434501182002,-0.215,0.215,0.43,0.0816530847733623,-0.0033544198872239,3.8659090554862954,2nd_test,395,2004.02.15.04.22.39
-0.0019034667968750002,0.07684139323661317,0.076864965363881,-0.31,0.449,0.759,0.30778397737436824,0.03887260428234736,5.841412896871538,-0.0015214355468750002,0.09440832105003287,0.09442057958734089,-0.4,0.449,0.849,0.17146814885567707,0.1444929945718398,4.755319253043886,-0.001271630859375,0.09943024258496183,0.09943837380783574,-0.557,0.767,1.324,1.3320678602886336,0.014069088968322093,7.713320025471365,-0.0032384277343750004,0.055616807137769564,0.055711010136153746,-0.249,0.225,0.474,0.16480271408323688,0.006320753044673333,4.469493541527828,2nd_test,396,2004.02.15.04.32.39
-0.001705224609375,0.07857582593853027,0.07859432684927473,-0.383,0.43,0.813,0.5275230618433251,0.0031698031267807024,5.471132806050579,-0.0008017089843750001,0.09298956272816992,0.09299301862866843,-0.493,0.469,0.962,0.1780465333295691,0.10272621349758429,5.301473242451704,-0.001940185546875,0.09900961268812777,0.09902862073466122,-0.696,0.879,1.575,1.53591658886213,0.08935555023709835,8.876221777806334,-0.002863134765625,0.05504463448407796,0.05511904685471144,-0.227,0.244,0.471,0.11488477720757073,0.008241041896770787,4.426781918757303,2nd_test,397,2004.02.15.04.42.39
-0.001984228515625,0.07403929221890163,0.07406587578013323,-0.315,0.3,0.615,0.1608655511931616,0.017356403779158914,4.252970705846157,-0.0011693359375,0.09168022741451817,0.09168768426191438,-0.334,0.413,0.747,0.06577670398560942,0.11123090858085871,4.504421758714319,-0.0023816406249999996,0.0951864056016974,0.09521619622436879,-0.63,0.535,1.165,1.0032136619060203,0.04349904849329828,6.616521400506722,-0.0030388671875,0.054668267627898046,0.05475266385500116,-0.247,0.249,0.496,0.15165012223837904,0.03301120609322432,4.547723936407313,2nd_test,398,2004.02.15.04.52.39
-0.0014970703125,0.07716845280685904,0.07718297304538742,-0.312,0.386,0.698,0.336034830856613,0.020256186508447155,5.001103025248998,-0.0012181640625,0.09342182959183354,0.0934297713149762,-0.476,0.435,0.911,0.17668547650832167,0.11784134875271993,5.094735792408018,-0.0008337890625,0.10183571189751783,0.10183912520183488,-0.793,1.155,1.948,2.137928282161252,0.10536003604113452,11.341417139037329,-0.002606640625,0.054999764335821016,0.05506149882035314,-0.205,0.229,0.434,0.12829541855883653,0.028622224134243358,4.158985950291505,2nd_test,399,2004.02.15.05.02.39
-0.0017297363281249998,0.0775906284267439,0.0776099066319621,-0.366,0.474,0.84,0.5830624514456066,0.06050705045923584,6.107467726274586,-0.0016940917968749996,0.09313544679373227,0.0931508529026137,-0.371,0.469,0.84,0.13864452393174576,0.12579427572765747,5.03484386219512,-0.0017146484374999996,0.09938519955653372,0.09939998948770695,-0.593,0.876,1.4689999999999999,1.3768200203253045,-0.00019682358427970407,8.812878195520575,-0.0030576171875,0.05513754906575422,0.05522226308151224,-0.256,0.229,0.485,0.1121470471856254,0.004344568978881752,4.635811459184294,2nd_test,400,2004.02.15.05.12.39
-0.0018655761718750004,0.07533174187904663,0.07535483865674701,-0.361,0.405,0.766,0.3873433248055256,0.015523939946711389,5.374571921512079,-0.0019928222656250003,0.09212442332144204,0.09214597502273567,-0.442,0.405,0.847,0.1470564392365472,0.08271337050019306,4.796736915379605,-0.0015085449218749998,0.09794679142484357,0.09795840779740718,-0.659,0.903,1.562,1.6153815372384397,0.0649362418050768,9.218198011734966,-0.0032421875000000003,0.054687040511462524,0.05478306471609178,-0.222,0.247,0.469,0.18251316155556996,0.026158286827260412,4.508692627467013,2nd_test,401,2004.02.15.05.22.39
-0.00220078125,0.07655518025835775,0.07658680736589037,-0.386,0.352,0.738,0.32951908124459095,0.023729563784133507,5.040032523497952,-0.001156884765625,0.09365804837728677,0.09366519315200884,-0.371,0.398,0.769,0.13969247825045095,0.08761886912125048,4.249177166056107,-0.0015370117187499996,0.10050271343340152,0.10051446568778048,-0.662,0.764,1.4260000000000002,1.7457821110674008,0.06854330057928859,7.6008959980501425,-0.00324169921875,0.054466012906732995,0.054562397086099966,-0.256,0.273,0.529,0.16968791837383002,0.008573638665240118,5.003445863351643,2nd_test,402,2004.02.15.05.32.39
-0.002155224609375,0.07397529265166018,0.0740066815633266,-0.366,0.293,0.659,0.346576183254911,-0.006562763250616897,4.945499409831974,-0.001613232421875,0.09166967741049184,0.09168387140272068,-0.4,0.391,0.791,0.23230427237772888,0.10197594411140823,4.362817514965531,-0.0019416992187500002,0.0954404101729852,0.09546015969944609,-0.569,0.615,1.184,1.1559215477170586,0.04064900195767963,6.442478222641461,-0.003110888671875,0.05470260200934755,0.05479098735122297,-0.281,0.227,0.508,0.14993215709488616,0.01664426528317439,5.1285806950985595,2nd_test,403,2004.02.15.05.42.39
-0.0015609863281250001,0.07722067285270202,0.07723644861165371,-0.376,0.344,0.72,0.412106396846204,0.01668706464130192,4.868167901992319,-0.0019346191406249998,0.09237695084602464,0.09239720666139277,-0.425,0.493,0.9179999999999999,0.13688445700238727,0.09485371417363185,5.335659137416968,-0.0016375488281250004,0.09776108186387301,0.09777479579809602,-0.742,0.852,1.5939999999999999,1.8939994196155823,0.05961110786105981,8.713902115946706,-0.002914404296875,0.05572222934608308,0.05579839241145864,-0.232,0.217,0.449,0.09069047933016261,-0.03153956088681781,4.157825879374244,2nd_test,404,2004.02.15.05.52.39
-0.0019541015625000003,0.07635722828457163,0.07638222845805659,-0.352,0.339,0.6910000000000001,0.22272780378887358,-0.021014847073160495,4.608401811537662,-0.002282177734375,0.09297958137925014,0.09300758511364476,-0.398,0.42,0.8180000000000001,0.16420107102909665,0.1370507829431647,4.515760725131091,-0.0021706542968750004,0.09981597632174963,0.09983957566586822,-0.825,0.725,1.5499999999999998,1.8492098727798547,-0.043484099143268416,8.263256273772168,-0.002728271484375,0.055908168300834366,0.05597469739129346,-0.222,0.249,0.471,0.10394398427225404,0.01500491818773211,4.448438519549407,2nd_test,405,2004.02.15.06.02.39
-0.002509130859375,0.0765308513325829,0.07657197230945129,-0.371,0.332,0.7030000000000001,0.3681107468870848,-0.009497014737697894,4.8451148482349105,-0.001443994140625,0.09370239097419669,0.09371351659904444,-0.386,0.4,0.786,0.06148988079608397,0.11612959604644109,4.2683277131424,-0.0008842285156250001,0.09848857268982544,0.09849254190316582,-0.847,0.745,1.592,1.8418291128234072,-0.030036818772077083,8.59963590770293,-0.002966748046875,0.05453134238683968,0.054611984916173625,-0.215,0.193,0.40800000000000003,0.06459576995277505,-0.026072661618133056,3.93686478025064,2nd_test,406,2004.02.15.06.12.39
-0.0018087402343750004,0.07620485338525151,0.07622631580171722,-0.325,0.339,0.664,0.31402076871710305,-0.0012239519829088425,4.447283020700782,-0.0014991699218749998,0.0912912668849941,0.09130357561411204,-0.388,0.4,0.788,0.15755699712085391,0.13350527251513924,4.380989433384188,-0.002219482421875,0.09701196880353662,0.09703735462882,-0.469,0.591,1.06,0.8276182697372154,0.07242581206938765,6.090438081855779,-0.003094482421875,0.05488743282443014,0.05497459507368495,-0.237,0.21,0.44699999999999995,0.12219756283701333,-0.03975079171242163,4.311082231311155,2nd_test,407,2004.02.15.06.22.39
-0.001504150390625,0.07609641988617473,0.07611128423493212,-0.33,0.356,0.6859999999999999,0.23864300736866317,-0.01863225716373474,4.677361623494095,-0.001814111328125,0.09279835575142102,0.09281608605235477,-0.364,0.522,0.886,0.21196613628273608,0.11994055534397847,5.624025125342297,-0.0019374023437499998,0.10078013898365433,0.1007987596223597,-0.696,0.735,1.431,1.5479287973627622,0.0963092374597114,7.291756394090258,-0.00328369140625,0.054477813965856964,0.05457668773157638,-0.237,0.208,0.44499999999999995,0.06826021347068822,-0.07013543171327921,4.342513440194294,2nd_test,408,2004.02.15.06.32.39
-0.0020588378906250004,0.07620723124968688,0.07623503727422926,-0.383,0.427,0.81,0.48025107600364203,0.01224566994344893,5.601099117436168,-0.0009127441406249999,0.09211245861933867,0.09211698070804114,-0.474,0.415,0.889,0.1479794395080707,0.11528954754682894,5.1456310915917545,-0.001819287109375,0.09987452826214269,0.0998910967062224,-0.684,0.974,1.658,2.5163560094824033,0.15222307421402756,9.750618744879363,-0.0030456054687500005,0.05613689122903022,0.05621944743174954,-0.222,0.259,0.481,0.0779636595659694,0.014781079996732548,4.606946738667599,2nd_test,409,2004.02.15.06.42.39
-0.0021943847656249993,0.07705428508089941,0.07708552506033882,-0.403,0.347,0.75,0.4056871758192355,-0.030025278292353286,5.22795946034386,-0.0017703125,0.09177804927971527,0.09179512152580603,-0.386,0.439,0.825,0.1234237445705979,0.12069047236736968,4.782389223939347,-0.002048095703125,0.09937135400783374,0.09939245792996254,-0.679,0.703,1.3820000000000001,1.4056862911326968,-0.04365513446922184,7.072971276032834,-0.0026941894531250002,0.05489229675993978,0.0549583742517064,-0.232,0.22,0.452,0.08695034854413297,-0.010512457984822579,4.221376690169747,2nd_test,410,2004.02.15.06.52.39
-0.00233095703125,0.07745006227971006,0.07748513088207633,-0.469,0.491,0.96,0.6670576458997246,-0.01587874967779885,6.336699627453816,-0.0019271972656249997,0.09474228985448496,0.09476188883813934,-0.505,0.481,0.986,0.24944874021726893,0.10152245658705547,5.329146624095368,-0.0018343749999999999,0.09951219210203906,0.0995290977985521,-0.747,0.813,1.56,1.7774883413818365,0.0063647229423845686,8.168465483705596,-0.0031998046875000006,0.055820359363704414,0.055911995757004146,-0.242,0.254,0.496,0.19097371006258657,-0.018720846420782547,4.542853399462822,2nd_test,411,2004.02.15.07.02.39
-0.0017563964843750005,0.0760862482384238,0.07610651811513502,-0.396,0.334,0.73,0.3022605356791517,-0.008379722710305789,5.203233701950762,-0.0018465820312500002,0.09279129544198564,0.09280966746519459,-0.352,0.447,0.7989999999999999,0.1575288579671943,0.17269599250987014,4.8163086045192145,-0.0021684570312500004,0.09971536954256285,0.09973894489569383,-0.679,0.881,1.56,2.0953473490254284,0.07425584202883942,8.833059151693547,-0.0022522460937500002,0.054766993517441125,0.054813284807665466,-0.251,0.222,0.473,0.0986527666645114,-0.003816265787892247,4.5791818694346755,2nd_test,412,2004.02.15.07.12.39
-0.0018105468749999999,0.07632856509656741,0.07635003555786664,-0.371,0.352,0.723,0.4431342835395671,0.01463937589324612,4.859198784707249,-0.0014142578125,0.09101984336702922,0.09103083000675513,-0.432,0.42,0.852,0.21107129527828317,0.1221900088796348,4.745644964054451,-0.0021281738281250006,0.0969316075900189,0.09695496724680033,-0.557,0.625,1.182,1.0838781577451764,0.04224035850000972,6.4462916933653,-0.002712451171875,0.05550155527493864,0.055567796692840676,-0.261,0.239,0.5,0.10649559041324297,-0.005031331243858621,4.696965068419388,2nd_test,413,2004.02.15.07.22.39
-0.0019696289062499997,0.07703638582941937,0.07706156097359759,-0.298,0.396,0.694,0.36952452332865526,0.049577760574691786,5.138748748296658,-0.0022124023437500003,0.09290432590554178,0.09293066499328276,-0.413,0.515,0.9279999999999999,0.10460210282923788,0.11150828481518195,5.541766004059947,-0.0011548828124999997,0.09990432207821712,0.09991099701343567,-0.623,0.583,1.206,1.191568844293232,-0.03904019290816641,6.235549825511056,-0.0032840332031250003,0.05493433792576959,0.055032411880835054,-0.264,0.264,0.528,0.17265381933070634,-0.05187590363705926,4.797172992651271,2nd_test,414,2004.02.15.07.32.39
-0.001896240234375,0.07697260397835007,0.07699595762268546,-0.369,0.33,0.6990000000000001,0.3919277969191701,-0.01662964637322681,4.792459388627544,-0.00165712890625,0.0930093688470109,0.09302413003909926,-0.537,0.449,0.986,0.17955688299918116,0.12325241938610362,5.772695748603283,-0.001487060546875,0.10009953312473191,0.10011057826653172,-0.786,0.713,1.499,1.814513547774225,-0.04186716134577838,7.851318148413081,-0.00285966796875,0.055402888137282655,0.05547664116404084,-0.259,0.227,0.486,0.17965662719486497,-0.009985973032054599,4.668631599910404,2nd_test,415,2004.02.15.07.42.39
-0.001673779296875,0.07726214303310824,0.07728027098298197,-0.354,0.378,0.732,0.48063870982954926,0.01574541604981994,4.891287196422341,-0.0014930175781249998,0.09260182186211718,0.09261385702837278,-0.415,0.396,0.8109999999999999,0.14173257608259204,0.12137566048306798,4.480970918513645,-0.001309619140625,0.0995497126972104,0.09955832662510265,-0.657,0.657,1.314,1.4154892453817682,0.05352885597616327,6.599146673762441,-0.00297939453125,0.05463521487393371,0.05471639147544134,-0.247,0.254,0.501,0.18305648536949626,-0.02350626712799003,4.64211899115025,2nd_test,416,2004.02.15.07.52.39
-0.0019785156250000007,0.07777919736232741,0.07780435763121658,-0.381,0.405,0.786,0.3735755677580297,-0.00016758399499251116,5.205363970928808,-0.0017866699218750004,0.09319727872509016,0.09321440313155406,-0.637,0.403,1.04,0.27528274191683,0.08284954775876571,6.833707866950178,-0.0023334960937500004,0.09850467703384928,0.09853231247444921,-0.73,0.825,1.555,1.878115095239072,0.007028372824130044,8.37288783012741,-0.0029316894531249997,0.055258621107625014,0.05533633534817449,-0.278,0.225,0.503,0.15386192247863217,-0.01273016626009985,5.0238238265293305,2nd_test,417,2004.02.15.08.02.39
-0.0023066894531250004,0.07681567092072565,0.0768502967803923,-0.374,0.374,0.748,0.4013357758732137,0.020131339703278444,4.866604498143673,-0.0014185058593750002,0.09174681267514852,0.0917577778442889,-0.356,0.457,0.813,0.1042970447566125,0.13155648149495763,4.980504222438116,-0.0016790039062499998,0.09906282772315657,0.09907705531870131,-0.642,0.833,1.475,1.5292788041358039,0.03963897403652818,8.407597473623737,-0.0031029296875000004,0.055780049454963565,0.05586628759675866,-0.256,0.242,0.498,0.10877699265259455,-0.0007638841850854277,4.582369994641826,2nd_test,418,2004.02.15.08.12.39
-0.001743505859375,0.07657646034595227,0.07659630599315398,-0.393,0.388,0.781,0.34257832867343607,-0.015492367710161674,5.130795733543531,-0.001681298828125,0.09229918151359019,0.09231449330320848,-0.361,0.43,0.7909999999999999,0.24445167018392588,0.1637634670048103,4.657990144440265,-0.0019874511718750002,0.09763736911852083,0.09765759474074137,-0.627,0.596,1.2229999999999999,1.3457910709276852,-0.003557756240199762,6.420391590209871,-0.002864697265625,0.05418516975062868,0.05426084326038552,-0.242,0.229,0.471,0.12285516674044139,-0.05237956671442354,4.459938059462821,2nd_test,419,2004.02.15.08.22.39
-0.0018067382812499999,0.07638262897598555,0.07640399408735123,-0.452,0.349,0.8009999999999999,0.4208639557564058,-0.007668606406138175,5.915921090163442,-0.0013740722656250003,0.09331153906078934,0.09332165556013446,-0.376,0.425,0.8009999999999999,0.060416560706788136,0.08714656554597769,4.554141238113645,-0.0018822265625,0.10103784000953514,0.10105537041951308,-0.916,0.632,1.548,2.170829161397191,-0.08782809794577817,9.064337661505048,-0.0031772949218749997,0.05581228532737037,0.05590265106848131,-0.256,0.222,0.478,0.14041475901005596,-0.010599744344348495,4.579389261554305,2nd_test,420,2004.02.15.08.32.39
-0.0021597167968750003,0.07804807668192676,0.07807795239624708,-0.437,0.388,0.825,0.35235280839096905,-0.015090090776029826,5.596970547800995,-0.0014615234375000001,0.09374479560566489,0.09375618781662494,-0.427,0.388,0.815,0.16226733336838617,0.09700665206537087,4.554366063076314,-0.0011950195312499998,0.09944319620803593,0.09945037628762397,-0.776,0.669,1.445,1.487518930269374,0.006529561032206632,7.802886514455208,-0.0033693847656249996,0.05509468705077695,0.05519762037372512,-0.242,0.205,0.44699999999999995,0.05791191518466965,-0.04625515332114285,4.384246972190332,2nd_test,421,2004.02.15.08.42.39
-0.0017215332031249998,0.0771113601263777,0.07713057459340865,-0.427,0.376,0.8029999999999999,0.4000626852348472,-0.0389795530893923,5.5360666278629544,-0.0017492675781250004,0.09274604667730181,0.09276254153120281,-0.391,0.449,0.8400000000000001,0.19087978470670963,0.124519406042174,4.840315849303549,-0.00213359375,0.0991401963858692,0.09916315223770748,-0.618,0.671,1.2890000000000001,1.1039677900883813,-0.019173680049141145,6.76662636121889,-0.0032134277343749997,0.055495354582548846,0.05558831260298225,-0.251,0.229,0.48,0.17268394992466485,-0.03017670145964726,4.515337635595343,2nd_test,422,2004.02.15.08.52.39
-0.0025084960937499998,0.07663647909329076,0.07667752265474381,-0.33,0.378,0.708,0.37034304960210074,-0.026171989152571507,4.92973673258971,-0.001473779296875,0.09362066023807046,0.09363225965888106,-0.398,0.513,0.911,0.1592564961362295,0.09215543404774244,5.478880909885879,-0.0023912109375,0.10068285982527578,0.10071125136916802,-0.808,0.61,1.4180000000000001,1.2898324339563452,-0.0010605255063163034,8.022936752420694,-0.0032423828125,0.05493262333114044,0.05502823050347658,-0.315,0.234,0.549,0.20949850751788857,0.015634859166245345,5.724334529971386,2nd_test,423,2004.02.15.09.02.39
-0.0017423828125000002,0.07614852392452992,0.07616845537195828,-0.312,0.435,0.747,0.3379413350421925,-0.001123023365993417,5.711025619070594,-0.002137548828125,0.09344069641401175,0.09346514249348858,-0.417,0.461,0.878,0.2387132264361025,0.13445276433355025,4.932320089569051,-0.0018600585937499996,0.09820062345857493,0.09821823794807663,-0.811,0.696,1.5070000000000001,1.8688743271712802,-0.03876117165316625,8.257122271125251,-0.0028015624999999994,0.05527409222227077,0.05534504515706442,-0.222,0.254,0.476,0.22659982960308112,-0.029796623020239797,4.58939005785578,2nd_test,424,2004.02.15.09.12.39
-0.00133173828125,0.07767867576409083,0.07769009071504872,-0.369,0.398,0.767,0.4444621380077156,0.08524832561355442,5.122918461437498,-0.00095263671875,0.09425027666405462,0.09425509093926307,-0.405,0.405,0.81,0.20239271810104054,0.13616268866732528,4.296850132548072,-0.0008897949218749998,0.10044302505687057,0.10044696619399773,-0.691,0.75,1.4409999999999998,1.3970354814512316,0.027597524047534308,7.466626702732113,-0.002914013671875,0.05578809813446548,0.05586415101959955,-0.271,0.222,0.493,0.12440625760857316,-0.02778439655077177,4.851053762547479,2nd_test,425,2004.02.15.09.22.39
-0.0020384765624999997,0.07701900501068154,0.07704597666024651,-0.366,0.415,0.7809999999999999,0.4245121177058362,-0.0023399100931393137,5.386394176358615,-0.0014686523437500002,0.09284506475076879,0.09285667982585448,-0.371,0.452,0.823,0.13223349540026197,0.09882027347709668,4.867716580463822,-0.0015597656249999997,0.09896523834522059,0.09897752911409362,-0.776,0.737,1.513,1.5516425183322076,-0.023211772863851444,7.840163387971094,-0.003162255859375,0.05558238791977386,0.05567227055711286,-0.356,0.208,0.564,0.20324618506590753,-0.014109805863796076,6.394565848152241,2nd_test,426,2004.02.15.09.32.39
-0.0020284667968749996,0.07616282811783646,0.07618983570301963,-0.327,0.32,0.647,0.20491353479846586,0.013172296279778178,4.291911079455814,-0.002104638671875,0.092352685893611,0.09237666423779939,-0.349,0.403,0.752,0.07711942115310189,0.04853463805439778,4.362573636110307,-0.0029863281250000007,0.09983337342691864,0.09987802864228323,-0.771,0.681,1.452,1.5578290875999343,-0.0582740149718837,7.719415475786421,-0.002839990234375,0.05447125041234394,0.054545235044095516,-0.229,0.264,0.493,0.13374792525441315,-0.006311380437976141,4.840019477076904,2nd_test,427,2004.02.15.09.42.39
-0.0016513671875,0.07624888727470584,0.07626676749553996,-0.415,0.374,0.7889999999999999,0.47739307455073465,-0.002989254606689195,5.44142637248691,-0.00037158203125,0.09278932851027537,0.09279007252176144,-0.344,0.503,0.847,0.20138449186562646,0.13131531069119778,5.4208385264125525,-0.0019577148437499997,0.09844349668764596,0.0984629609929541,-0.652,0.679,1.331,1.4603158899595758,0.059500349682700446,6.8959941194709,-0.0028573730468750003,0.056666983257772044,0.05673897753983257,-0.256,0.3,0.556,0.18355026390858153,0.014297319886585,5.287370569624788,2nd_test,428,2004.02.15.09.52.39
-0.0022995117187500002,0.07684533243437158,0.07687972991038503,-0.317,0.408,0.725,0.3443925457307482,0.04650077431538896,5.306990548357529,-0.001877783203125,0.09388883966396211,0.09390761568266508,-0.381,0.549,0.93,0.19226899468663783,0.11811608882002361,5.846171218416918,-0.002230419921875,0.09894923079943688,0.09897436561467886,-0.583,0.596,1.1789999999999998,0.9572935466525325,0.04617625179586287,6.0217612539623655,-0.0033554199218749996,0.05537382365884632,0.05547539264803022,-0.288,0.325,0.613,0.13682133406811614,-0.015167497935267423,5.858453351671436,2nd_test,429,2004.02.15.10.02.39
-0.0020439453125,0.07756700683459598,0.07759393186144616,-0.391,0.405,0.796,0.3416938055017189,0.010853550773706928,5.219480316037594,-0.0014328125000000003,0.09324535049096869,0.09325635817381972,-0.422,0.466,0.888,0.3395565198307926,0.1497286910871457,4.99697831998146,-0.0010978515624999999,0.09871084516108383,0.09871695006668688,-0.547,0.84,1.387,1.4612554368228334,0.059757183065739745,8.509176989605537,-0.002978466796875,0.05512434519162598,0.05520475248803879,-0.225,0.222,0.447,0.1090931433746567,-0.007368562652124598,4.075736052700806,2nd_test,430,2004.02.15.10.12.39
-0.002122119140625,0.07748901181554627,0.07751806461591308,-0.342,0.466,0.808,0.41849458983080856,0.008647476355361219,6.011501993798836,-0.0014464843749999999,0.09284200850007437,0.09285327597546034,-0.386,0.42,0.806,0.11864747923874797,0.11528170431749843,4.523265286907875,-0.00105263671875,0.09841815466099657,0.09842378376661558,-0.486,0.696,1.182,1.1792154697306492,0.057498857240104936,7.071461524414642,-0.003133740234375,0.05502024515777428,0.05510941575700223,-0.215,0.254,0.469,0.038806992779958804,-0.0067328024968442935,4.609012752292109,2nd_test,431,2004.02.15.10.22.39
-0.0015158203125,0.07725303166906437,0.07726790157161802,-0.349,0.374,0.723,0.3435785290994704,0.02415248310550825,4.8403022780230005,-0.0019219238281250003,0.0938570300908289,0.09387670578302092,-0.466,0.471,0.937,0.21874292123453687,0.09823528824106101,5.0172190861023,-0.001819580078125,0.0990994712033945,0.0991161745854486,-0.84,0.876,1.716,2.007035666171456,-0.061207838210105926,8.838113493130805,-0.003145166015625,0.054530226271477474,0.05462085358619339,-0.208,0.203,0.41100000000000003,0.1493200654651119,-0.019307422789008894,3.808069378995726,2nd_test,432,2004.02.15.10.32.39
-0.00175634765625,0.07627937132019466,0.07629958876752711,-0.388,0.417,0.8049999999999999,0.29133089670985957,-0.0015354823704096892,5.4652981324063,-0.0011841796875000001,0.09225975274343744,0.09226735206893336,-0.457,0.444,0.901,0.18445987484386794,0.10735462389974729,4.952997888718214,-0.002615673828125,0.09727294173501815,0.09730810317419292,-0.598,0.776,1.374,1.4759843638481422,0.018571153368081964,7.974669885434867,-0.003166259765625,0.05461313554894289,0.05470484233950981,-0.254,0.227,0.481,0.16488913000174188,-0.033239185012992147,4.643099022550494,2nd_test,433,2004.02.15.10.42.39
-0.001859130859375,0.07779223148189088,0.07781444368807358,-0.376,0.378,0.754,0.3765801214698361,-0.017567373672921785,4.8577099838995235,-0.001365576171875,0.09324880872521607,0.09325880723531223,-0.396,0.449,0.845,0.13325127857988406,0.09306940619319412,4.814558681436498,-0.0006194335937500002,0.09907467735323659,0.09907661374221972,-0.598,0.549,1.147,1.081262938173512,0.06093782791416191,6.035733130220389,-0.00281201171875,0.05534601661309839,0.05541740669540347,-0.349,0.278,0.627,0.44008848723947924,0.01893794193805447,6.2976602624505285,2nd_test,434,2004.02.15.10.52.39
-0.0021792968750000002,0.07795397769060194,0.07798443416898176,-0.359,0.386,0.745,0.2728455757651256,-0.0023962720866781287,4.949705721511555,-0.0018185058593750002,0.09403677554861208,0.09405435725760197,-0.349,0.457,0.806,0.14248180085393614,0.15177563752023768,4.858892382236804,-0.0015386718749999997,0.09806452738798997,0.09807659783541,-0.701,0.588,1.289,1.156337070287356,-0.007844821272219802,7.147474682688884,-0.0029846679687500002,0.054632659639668076,0.05471412744609476,-0.22,0.254,0.474,0.0698834476395418,0.000422255023345098,4.642311078534563,2nd_test,435,2004.02.15.11.02.39
-0.0012150390625,0.07716322017168606,0.0771727857938762,-0.364,0.356,0.72,0.4433362853016818,0.03406532079982955,4.716688613101321,-0.00281201171875,0.09282257001481975,0.0928651544663686,-0.361,0.405,0.766,0.1756563086517664,0.10320306589765384,4.361162185352428,-0.002479052734375,0.10153042691014262,0.10156068772421555,-0.83,1.03,1.8599999999999999,1.9692442464377482,0.04514293707939356,10.141719429734335,-0.0029152343750000003,0.05681367179711296,0.05688841617175899,-0.286,0.222,0.508,0.23846103929229523,-0.05625365490855869,5.027385524875116,2nd_test,436,2004.02.15.11.12.39
-0.0016568847656249996,0.07655438857836835,0.07657231665382976,-0.386,0.359,0.745,0.4935185749376494,-0.0039231208423093685,5.04098631023531,-0.0012394042968749998,0.09166359478773874,0.09167197353838236,-0.405,0.449,0.8540000000000001,0.09798520370457409,0.10952705429965644,4.897898263389183,-0.001516943359375,0.09867979756412947,0.09869145639037416,-0.698,0.544,1.242,1.1001576680302803,-0.047087902066638355,7.072547366531786,-0.00282802734375,0.05459693944260294,0.054670133849810995,-0.244,0.227,0.471,0.045106235463651334,-0.012811026545136068,4.463131564042813,2nd_test,437,2004.02.15.11.22.39
-0.001827880859375,0.07820447716114663,0.07822583586312373,-0.356,0.388,0.744,0.4387350438105728,0.030709406296931224,4.9599981350655815,-0.0012576171875,0.09435921867528209,0.09436759904755446,-0.474,0.457,0.931,0.19106617666103753,0.0681626476452573,5.022910456332743,-0.00124697265625,0.09725764420378259,0.09726563780120398,-0.557,0.62,1.177,1.3498165592052143,0.008907724642765649,6.374296349763422,-0.002743798828125,0.056102246358826,0.05616930192298659,-0.237,0.251,0.488,0.1294558445449936,0.003992110895302204,4.4686330682848086,2nd_test,438,2004.02.15.11.32.39
-0.0019280273437499995,0.07819152477410357,0.07821529157356316,-0.308,0.342,0.65,0.2898784257899969,0.047437603053552116,4.372546507404746,-0.001515673828125,0.09289005623477607,0.09290242092891403,-0.422,0.413,0.835,0.1874895956376812,0.16584793307715479,4.542400464659134,-0.0017615234375,0.09895915431469259,0.09897483108093694,-1.018,0.71,1.728,2.182691212656004,-0.08544251797925798,10.285443166427253,-0.0028808105468750003,0.05533991907731379,0.055414851013880974,-0.215,0.217,0.432,0.08972568627431388,0.0035720207498833806,3.915917773409286,2nd_test,439,2004.02.15.11.42.39
-0.0018171386718750001,0.07736118369941933,0.07738252216313529,-0.403,0.444,0.847,0.5335850965343232,0.02085257944180796,5.737729755799844,-0.0008595703125,0.09333386762536479,0.09333782570336235,-0.488,0.449,0.937,0.1828170749711293,0.09542750038978132,5.22831977622543,-0.0012844726562500001,0.10125572337756565,0.10126387009550222,-0.859,0.601,1.46,1.7359995932883248,-0.09672227188332634,8.482788571890369,-0.002896240234375,0.0548682426214305,0.054944628999196776,-0.266,0.217,0.483,0.11198007383136988,-0.02455636477424718,4.8412375302242445,2nd_test,440,2004.02.15.11.52.39
-0.0022078124999999997,0.07723264606791835,0.07726419646050492,-0.378,0.398,0.776,0.3621181761247989,-0.0009911069393442886,5.151156916493582,-0.0017516601562499999,0.09295431110132552,0.09297081405271763,-0.461,0.488,0.9490000000000001,0.17858215712612635,0.11637030139123303,5.248959095034258,-0.0016664550781249996,0.09858402204252963,0.09859810583682313,-0.583,1.018,1.601,1.9472380039603951,0.0716708466190781,10.32474195472309,-0.002743505859375,0.05484116697811463,0.054909747949902984,-0.269,0.227,0.496,0.19004865683892413,-0.049069543844833384,4.8989480017377565,2nd_test,441,2004.02.15.12.02.39
-0.0017453613281250002,0.0769740536449615,0.07699383884898274,-0.369,0.427,0.796,0.3984708522721938,-0.0069289152704166395,5.545898300148151,-0.0013972167968750002,0.09238410540621643,0.09239467055238833,-0.364,0.579,0.943,0.2255155445680206,0.13462930018031724,6.266595210872437,-0.001336279296875,0.09857089053648835,0.09857994777598345,-0.613,0.688,1.301,1.6224322874804704,0.06410122881500245,6.979106963583064,-0.002691064453125,0.055149738622735124,0.055215355636334305,-0.278,0.22,0.498,0.08375369365467344,-0.029064966778339762,5.034831285448211,2nd_test,442,2004.02.15.12.12.39
-0.0024232910156249997,0.07687163975449084,0.07690982601651512,-0.339,0.378,0.7170000000000001,0.40445901986884536,0.007672421040704175,4.914846640192839,-0.0016021484374999998,0.0938063680294905,0.09382004883019407,-0.444,0.447,0.891,0.20275193440121875,0.12713264745614677,4.764440069779389,-0.00282451171875,0.10175331529052577,0.10179250973948181,-0.906,0.842,1.748,2.1276285747527375,0.057388015967175056,8.900458415946623,-0.0032265625,0.05573931579848818,0.0558326251509814,-0.256,0.286,0.542,0.16411423012523363,-0.024638644111065987,5.122453032102331,2nd_test,443,2004.02.15.12.22.39
-0.002080712890625,0.07729555176929596,0.07732355197126632,-0.371,0.347,0.718,0.4491927431890046,0.0074860658465970824,4.798020661713351,-0.0016636230468750003,0.09241312212862972,0.09242809520488413,-0.476,0.464,0.94,0.21099246976951624,0.134246250212833,5.149949254495693,-0.002014208984375,0.10122064120676123,0.10124067978900886,-0.781,0.715,1.496,2.342945161502163,-0.047067998351443485,7.7142903585785145,-0.0030145996093750003,0.05401094752795058,0.05409501144904098,-0.234,0.22,0.454,0.14766121324908354,-0.011169883782956507,4.3257223490212,2nd_test,444,2004.02.15.12.32.39
-0.002343896484375,0.07827777029973873,0.07831285446098951,-0.398,0.356,0.754,0.39381196438108645,-0.02590979393427695,5.0821797102693544,-0.0011470703124999999,0.09327780694656516,0.09328485964540281,-0.469,0.42,0.889,0.15363471971991727,0.10995324653084046,5.027611144806875,-0.00184541015625,0.10331676171085555,0.10333324145241211,-0.82,0.632,1.452,1.75782908656711,-0.07391122018345385,7.935490926893043,-0.0026488769531249996,0.05572232184734479,0.05578524626791456,-0.251,0.225,0.476,0.1009076923020511,0.0005989510413227058,4.499397543035778,2nd_test,445,2004.02.15.12.42.39
-0.0016277343749999998,0.07830373487176039,0.0783206512617362,-0.337,0.383,0.72,0.31384600148732567,0.008012374839791272,4.8901534119676775,-0.0008736328125000002,0.09324786121503095,0.09325195362816133,-0.374,0.432,0.806,0.10612078769921096,0.11457551113765829,4.63261071953464,-0.0012618164062500002,0.09823373755669138,0.09824184126430041,-0.608,0.698,1.306,1.4802872134513159,0.07596005130375974,7.104915695900516,-0.0030881347656250002,0.05482454966467999,0.05491145438126389,-0.249,0.22,0.469,0.06038423422443717,-0.025842995211591054,4.534573028545128,2nd_test,446,2004.02.15.12.52.39
-0.001625146484375,0.07861787069276106,0.07863466597728622,-0.549,0.378,0.927,0.6568070391325245,-0.006822325844008605,6.981653615106575,-0.00054287109375,0.09305726625414223,0.09305884972273594,-0.393,0.43,0.823,0.14404002483469291,0.14952651406560874,4.620731948401922,-0.000810498046875,0.09893444689474509,0.0989377667498773,-0.813,0.842,1.6549999999999998,2.1442872997827225,0.13384005411111832,8.51040030163743,-0.0027869140625,0.056325035929932966,0.05639394083144039,-0.264,0.212,0.476,0.10352979197494694,-0.04756206632123485,4.681353991280834,2nd_test,447,2004.02.15.13.02.39
-0.0017200683593749995,0.07587631606402918,0.075895809993763,-0.396,0.359,0.755,0.33265136066566825,-0.0033407729033218965,5.217679342605672,-0.001822314453125,0.0933406459776142,0.0933584330496414,-0.449,0.444,0.893,0.2201012112829437,0.1370867279939773,4.809420909586648,-0.0016166015624999998,0.09774815913874349,0.09776152625458034,-0.645,0.818,1.463,1.5251997209469241,0.05385729986758422,8.367299809349156,-0.0032334960937499997,0.055306285589143966,0.055400728539038636,-0.249,0.234,0.483,0.10271684090037692,-0.011026376399238678,4.494525732094756,2nd_test,448,2004.02.15.13.12.39
-0.002498779296875,0.07595099030425728,0.07599208397044968,-0.359,0.359,0.718,0.36302236851475733,0.01813517338495,4.724176272555924,-0.0015677734375000002,0.09307521265862714,0.09308841563266614,-0.413,0.439,0.852,0.11275072556820476,0.10934153647836539,4.715946630004005,-0.001567236328125,0.09971556310903118,0.09972787852882149,-0.557,0.789,1.346,1.4974735532699999,0.08020057010387048,7.911528968943888,-0.0028961914062500004,0.054711033910796854,0.05478763689236834,-0.271,0.225,0.496,0.19242487070386582,-0.023693237531418807,4.946371396295843,2nd_test,449,2004.02.15.13.22.39
-0.001984619140625,0.07668765286093837,0.07671332879267542,-0.352,0.391,0.743,0.39330191453147245,0.0024107010572614637,5.0968978422461015,-0.0018426269531250001,0.09348527253524878,0.09350343017813906,-0.366,0.41,0.776,0.08540023351500547,0.1118457478660002,4.3848658729898915,-0.0014078125,0.09971627620276487,0.09972621358389804,-0.598,0.696,1.294,1.34223923887075,0.01052072138397458,6.979107849186386,-0.0034710449218749995,0.055498746655698906,0.05560718508613006,-0.269,0.244,0.513,0.11452417498816336,-0.044201764239449895,4.837504354491385,2nd_test,450,2004.02.15.13.32.39
-0.001532373046875,0.07886164969000829,0.07887653617511595,-0.332,0.374,0.706,0.3171912838501538,0.0055486159710913495,4.741587525660747,-0.00140126953125,0.09381190049332515,0.09382236529990463,-0.388,0.432,0.8200000000000001,0.15024993308936274,0.09214552677244452,4.604445844170533,-0.001909716796875,0.10003289304393885,0.10005112047840531,-0.806,0.901,1.707,1.9495637913295916,0.034197203960518535,9.005396398188898,-0.0029138183593749997,0.055291702874022554,0.055368427322262145,-0.251,0.232,0.483,0.1777078053391108,-0.01507744280579912,4.533269448571577,2nd_test,451,2004.02.15.13.42.39
-0.0018132812499999998,0.07696505522607093,0.07698641253392544,-0.432,0.356,0.788,0.39602829531441364,-0.048938440253877016,5.611379797753533,-0.0014763183593749997,0.09380201643267669,0.09381363335216461,-0.496,0.461,0.9570000000000001,0.28929422153920603,0.138125452439845,5.287078031961422,-0.0015378417968749999,0.1001896908565742,0.10020149256038119,-0.71,0.645,1.355,1.8389831859347403,-0.00226159154495748,7.08572279564668,-0.0031119140625000003,0.05407234172204044,0.0541618144861996,-0.266,0.264,0.53,0.12512017006822074,-0.03903698883749757,4.9112091704916105,2nd_test,452,2004.02.15.13.52.39
-0.0022091308593750005,0.07866917643476562,0.07870018792911568,-0.378,0.42,0.798,0.3987174692024569,0.008037458569118588,5.336708984392162,-0.0019898437500000003,0.09352483112775765,0.0935459967910172,-0.491,0.476,0.967,0.2903457037095736,0.09146714600499535,5.248754803389938,-0.00085498046875,0.10045258552215347,0.10045622394698847,-0.615,0.747,1.362,1.3216282914353208,0.07574928368402563,7.43607484576328,-0.002791015625,0.055081283839769526,0.05515195008026688,-0.225,0.234,0.459,0.07910748233829068,-0.006972589854939074,4.242823683572366,2nd_test,453,2004.02.15.14.02.39
-0.0010874023437500002,0.07908917211595123,0.07909664714666323,-0.378,0.403,0.781,0.5847783239420163,-0.0016194037574722429,5.095032653503644,-0.0010056152343750002,0.09321701524592904,0.09322243932315533,-0.415,0.476,0.891,0.20442179427340035,0.1524242222227861,5.106066773739327,-0.0013623046875,0.10025849736509702,0.10026775238315035,-0.72,0.791,1.5110000000000001,1.7482914167519752,0.00450835404719496,7.888877342831871,-0.0027813964843749995,0.05556009306164436,0.05562966930893869,-0.254,0.225,0.479,0.18450966868160545,-0.03531819006275016,4.565908860339403,2nd_test,454,2004.02.15.14.12.39
-0.001974609375,0.07849802097328577,0.07852285259022529,-0.413,0.386,0.7989999999999999,0.39721974753291445,0.013510202448730146,5.259615339626003,-0.00163115234375,0.0925100289445027,0.0925244082028156,-0.403,0.5,0.903,0.1695574054154112,0.11260497606498521,5.403979443981794,-0.0014085937499999997,0.09793825753722961,0.09794838653995915,-0.74,0.601,1.341,1.3088246263425942,-0.05306182648284324,7.554999384196631,-0.0030939941406249996,0.0558463993064204,0.05593204014904494,-0.254,0.244,0.498,0.14507678942576563,-0.0167690300778853,4.541225374912342,2nd_test,455,2004.02.15.14.22.39
-0.002210498046875,0.07762642018342812,0.07765788699230347,-0.376,0.393,0.769,0.48903230800688613,0.00403326951107997,5.06065790888553,-0.0014567382812500002,0.09293764439456807,0.09294906041499962,-0.422,0.435,0.857,0.17912803895302565,0.13985635403828114,4.679982756717808,-0.00251494140625,0.09611579001004142,0.09614868704008002,-0.54,0.566,1.1059999999999999,0.933464270464011,0.006412272414837499,5.886715850401301,-0.003103466796875,0.055485963769960046,0.05557268827077402,-0.261,0.215,0.476,0.11578821929903915,-0.02752486888927547,4.69655163564518,2nd_test,456,2004.02.15.14.32.39
-0.0019760253906249995,0.07731893959023707,0.07734418592048871,-0.415,0.43,0.845,0.4460425802924233,-0.04058257840704113,5.559564625018984,-0.001369921875,0.09335759738680965,0.09336764790751265,-0.398,0.454,0.8520000000000001,0.14826863101950583,0.09223684617122443,4.862497986935015,-0.0016870117187500003,0.09805892573979204,0.09807343639223239,-0.627,0.684,1.311,1.2486175947363725,0.024487588501019335,6.974365589245324,-0.002353955078125,0.055082004375631106,0.05513228011380334,-0.266,0.371,0.637,0.160337471431363,-0.004031640697483353,6.729270025245778,2nd_test,457,2004.02.15.14.42.39
-0.002159716796875,0.07945728773705511,0.07948663378941062,-0.542,0.447,0.9890000000000001,0.4256197320515729,0.025232882728315073,6.818756489665155,-0.00186201171875,0.09437086395249589,0.09438923164631255,-0.408,0.479,0.887,0.2317270873478683,0.11880281034041143,5.074731424764575,-0.0017046875,0.09948277222823479,0.09949737649650617,-0.718,0.674,1.392,1.450463067295762,-0.03696729116646516,7.216270672403067,-0.002993017578125,0.056239076196894985,0.05631866338704359,-0.254,0.22,0.474,0.07559367569129627,-0.046200535659944524,4.510050216389263,2nd_test,458,2004.02.15.14.52.39
-0.0021002929687499996,0.07876634936876864,0.07879434639260294,-0.41,0.391,0.8009999999999999,0.439388905842216,-0.0081793874922193,5.203419011205689,-0.002228369140625,0.09274398221020859,0.09277074897420186,-0.64,0.469,1.109,0.23370619543293047,0.0982867231070401,6.8987262372008615,-0.0019983886718750003,0.10090862709795553,0.1009284131455465,-0.613,0.801,1.4140000000000001,1.4946714277025022,0.09420949416789824,7.936318178677399,-0.003053173828125,0.056055561989564226,0.056138648900651546,-0.247,0.256,0.503,0.13894281145447707,-0.0339907908943513,4.560138247154515,2nd_test,459,2004.02.15.15.02.39
-0.00233125,0.07814375112473006,0.07817851729475464,-0.339,0.403,0.742,0.3073003909672307,-0.015834015903187077,5.154868804628561,-0.001392236328125,0.09411818486843297,0.09412848158194137,-0.513,0.476,0.989,0.26051323500566825,0.13375287684153617,5.449997613612514,-0.0015042480468749997,0.09900253449999574,0.09901396163980802,-0.706,0.627,1.333,1.4747124129758218,-0.021791500526186506,7.130307567746347,-0.0028089355468750004,0.055710898109821175,0.0557816662274387,-0.242,0.242,0.484,0.11816459043674676,-0.015534610900947715,4.338342978299618,2nd_test,460,2004.02.15.15.12.39
-0.0016337890625,0.07932798355868348,0.07934480601896698,-0.425,0.422,0.847,0.3604415941491075,-0.002086452236838826,5.356368252926971,-0.0015169921875000001,0.09451821709918841,0.09453038997542668,-0.417,0.459,0.876,0.17894589733363775,0.10937895124044165,4.855581365045275,-0.001816943359375,0.10366720122298541,0.10368312250592246,-0.764,0.876,1.6400000000000001,1.5894168360151717,0.057902285918193824,8.4488196228997,-0.0031453124999999997,0.056648239380428615,0.05673549167518512,-0.247,0.244,0.491,0.10964372452484561,-0.0052940745632413435,4.353535903235662,2nd_test,461,2004.02.15.15.22.39
-0.0017288574218749999,0.07789096424990805,0.0779101486313922,-0.388,0.376,0.764,0.3972290693037701,0.0012117436137166991,4.98009574889559,-0.001390185546875,0.09441003463617961,0.0944202693062214,-0.383,0.435,0.8180000000000001,0.09984745696187458,0.10849403593218844,4.6070616319109625,-0.0020358886718750005,0.10106074485900228,0.101081249468636,-0.679,0.537,1.2160000000000002,1.2150442138380804,0.004184107925736747,6.717368488840911,-0.0032740234375,0.05560845443027931,0.055704752342989106,-0.315,0.269,0.5840000000000001,0.266619248884572,-0.010440786709365905,5.654813759063242,2nd_test,462,2004.02.15.15.32.39
-0.0018725585937500004,0.07738960048090585,0.07741225186158357,-0.381,0.349,0.73,0.44607896359149146,0.02531527376854343,4.921701550244562,-0.00206708984375,0.09232822411214713,0.09235136072698116,-0.396,0.4,0.796,0.14146063213273274,0.12000829055525823,4.331284312942512,-0.0014404296874999999,0.0988223699718167,0.09883286722812026,-0.681,0.708,1.389,1.2869179236684225,0.020880032847750606,7.1636088261880735,-0.003119189453125,0.05546811357845505,0.05555574647862159,-0.249,0.266,0.515,0.12578731719736957,-0.005778429296673913,4.787983545456841,2nd_test,463,2004.02.15.15.42.39
-0.00206484375,0.07714844023338603,0.07717606759971805,-0.364,0.371,0.735,0.280075909188402,0.007793126152468438,4.80718973554631,-0.0016351562499999999,0.09290076818240975,0.09291515734713982,-0.398,0.396,0.794,0.12956719086363977,0.11212811596842974,4.283477651646769,-0.002647412109375,0.0980435606917023,0.09807929742807284,-0.525,0.671,1.1960000000000002,0.8550665562019057,-0.017433143673294474,6.841403003373279,-0.0027683105468750005,0.05430047588488922,0.05437099617083887,-0.225,0.229,0.454,0.044500928748259394,-0.016465189939574347,4.21180438328274,2nd_test,464,2004.02.15.15.52.39
-0.002142333984375,0.07610593591350984,0.07613608261640387,-0.371,0.339,0.71,0.41735303968953685,-0.0009021435715211593,4.872853806575983,-0.0012226562500000002,0.09189495709253084,0.09190309041236724,-0.554,0.391,0.9450000000000001,0.21801685546591854,0.09654873787301571,6.0280889087427365,-0.0005383789062500001,0.09696659526544209,0.09696808985031494,-0.635,0.649,1.284,1.2311310271812328,-0.026536553628021438,6.692923424552734,-0.003123486328125,0.05493008193619769,0.055018815584846746,-0.264,0.237,0.501,0.1438112056491221,0.011001521958364074,4.798358474076501,2nd_test,465,2004.02.15.16.02.39
-0.00224228515625,0.07729168063614163,0.0773241989178113,-0.344,0.396,0.74,0.30207416938145837,0.018617829239865505,5.121294569320935,-0.0011234375,0.09338728425669014,0.09339404141944095,-0.439,0.454,0.893,0.14185779361827855,0.0876025557872102,4.861123826478227,-0.0016646972656250002,0.10093679045709472,0.10095051701088818,-0.757,0.747,1.504,1.293623764417645,-0.041207325865751376,7.498723358800171,-0.0037149414062500005,0.05463743593600114,0.05476358457325908,-0.247,0.212,0.45899999999999996,0.14029223972158045,-0.036456760033989115,4.510296430013078,2nd_test,466,2004.02.15.16.12.39
-0.002213134765625,0.07660661122983158,0.07663857285733715,-0.356,0.352,0.708,0.37399640255617905,0.009818049805300716,4.645180445335921,-0.0007668457031250001,0.0912620432143176,0.09126526493680044,-0.4,0.444,0.8440000000000001,0.122106631568212,0.12285104850045735,4.864939583560044,-0.0013512695312500004,0.09947943288312246,0.09948860988120073,-0.789,0.754,1.5430000000000001,1.7525901169932405,-0.02331182622905354,7.930556080080058,-0.0026021484375,0.05487765525389606,0.05493931399877732,-0.222,0.247,0.469,0.10005850109437686,-0.0154421183389252,4.495869751868419,2nd_test,467,2004.02.15.16.22.39
-0.0020231445312500003,0.07803934399022344,0.07806556426631879,-0.349,0.376,0.725,0.33869269784374456,0.061299565132494335,4.816464257050248,-0.001771044921875,0.09340594874638782,0.09342273738939641,-0.43,0.486,0.9159999999999999,0.25685768027514033,0.10259434659192833,5.202159705180715,-0.0017404296875,0.10090976111793085,0.10092476893396883,-0.569,0.935,1.504,1.372176639956006,0.13314196706446652,9.264326387533966,-0.00245556640625,0.05599130075315938,0.05604512080820461,-0.264,0.232,0.496,0.20160272210224672,-0.000829965112859646,4.7104903368616124,2nd_test,468,2004.02.15.16.32.39
-0.001889697265625,0.07576516060711819,0.07578872289185327,-0.347,0.398,0.745,0.4080605046318513,0.02046519636313942,5.251440911105926,-0.001306201171875,0.09185635567957706,0.09186564232744675,-0.405,0.398,0.803,0.11941371128686429,0.09265988883323165,4.408612292199576,-0.0018775390624999999,0.0987701460037396,0.09878798962693416,-0.762,0.889,1.651,2.178945672277532,0.07539350144273078,8.999069657640026,-0.002734130859375,0.05382604057218205,0.053895436868387804,-0.266,0.21,0.476,0.09595179684728317,-0.01423351265793528,4.935482769063256,2nd_test,469,2004.02.15.16.42.39
-0.0021158203125,0.07690524724884,0.07693434701094173,-0.4,0.361,0.761,0.46816235514344706,0.0007117606449284682,5.199238253597084,-0.0017168457031250001,0.09313142254180265,0.09314724592723139,-0.332,0.466,0.798,0.07358056491993814,0.1013109894577505,5.002831756926515,-0.001094677734375,0.10060815644642579,0.10061411164886676,-0.688,1.04,1.728,1.7573328281635172,0.04934760628464733,10.336522212899519,-0.00306474609375,0.05514895319416402,0.05523404481867366,-0.232,0.266,0.498,0.17049511505114845,-0.015490059876363258,4.815870372492696,2nd_test,470,2004.02.15.16.52.39
-0.0017371582031249998,0.07730953224226583,0.07732904689791945,-0.378,0.371,0.749,0.4112921301260366,0.004327480864429495,4.888201977894569,-0.00143935546875,0.09355948420101289,0.09357055534795655,-0.361,0.413,0.774,0.14270630666118622,0.11155294249683333,4.4137816480813,-0.001715673828125,0.09771587663885466,0.09773093718973729,-0.527,0.586,1.113,0.9554695934615518,0.0008114258764470568,5.99605423670837,-0.002948583984375,0.056000043970989094,0.05607761649950562,-0.249,0.229,0.478,0.15764380606107276,-0.014928294720163339,4.44027431154737,2nd_test,471,2004.02.15.17.02.39
-0.001984423828125,0.07840959228104522,0.07843469958895345,-0.376,0.378,0.754,0.3733421371332839,-0.016631503443417916,4.8192955665813155,-0.001217138671875,0.09316891198969779,0.09317686186972936,-0.464,0.452,0.916,0.15468390944211796,0.09335440322852201,4.979777067870551,-0.00197216796875,0.099142484994309,0.09916209849203349,-0.884,0.625,1.509,2.540314977997876,-0.06830682067600258,8.914696375269875,-0.002787353515625,0.05452898317484068,0.05460017715816612,-0.217,0.222,0.439,0.0607041059558604,-0.030421825641731327,4.065920873348875,2nd_test,472,2004.02.15.17.12.39
-0.0017840820312499998,0.07570118489862475,0.07572220509038284,-0.322,0.349,0.671,0.2559677197295893,0.005856994030451214,4.608951886422495,-0.0019591308593750003,0.09105931885543878,0.09108039165561721,-0.356,0.508,0.864,0.21360120840349772,0.09793483872862208,5.57749028918556,-0.001434521484375,0.09904955608290347,0.0990599435297102,-0.706,0.732,1.438,1.8562423781875665,-0.0035846185645176548,7.389465145142829,-0.0025477539062499998,0.05600709501679843,0.05606501353061016,-0.259,0.256,0.515,0.11906259183746393,0.012160241356417559,4.6196368052952055,2nd_test,473,2004.02.15.17.22.39
-0.0016589843749999999,0.07846671341781498,0.0784842490169206,-0.459,0.386,0.845,0.3059077768184104,-0.008388647250505307,5.84830721760738,-0.0006734374999999999,0.09380768484425912,0.09381010208877426,-0.349,0.403,0.752,0.13177654470521993,0.14501578338567062,4.29591260453312,-0.002081884765625,0.0984642978601294,0.09848630461777731,-0.559,0.813,1.3719999999999999,1.4957087567178204,-0.01751836636234809,8.254954870598262,-0.0030023925781250006,0.05466613282700675,0.05474851997500138,-0.232,0.256,0.488,0.1119824995417189,-0.0009855143418895853,4.675925488254582,2nd_test,474,2004.02.15.17.32.39
-0.00246708984375,0.0776577118255754,0.07769689014549584,-0.413,0.393,0.806,0.32212716724723434,-0.02189689233932832,5.315528063237759,-0.0014560546875,0.09240679596167838,0.09241826678290525,-0.435,0.479,0.9139999999999999,0.19769278561866033,0.1196986711240646,5.1829580522215375,-0.0009289550781249997,0.1004180431015933,0.10042233983477294,-0.852,0.769,1.621,1.9642329568635253,0.027519025357306718,8.48416797889125,-0.00326640625,0.05482912397899232,0.05492633472291547,-0.256,0.212,0.46799999999999997,0.18161644711439173,-0.010682079933688091,4.660787967862255,2nd_test,475,2004.02.15.17.42.39
-0.0021398437500000003,0.07681755459350152,0.07684735275206298,-0.371,0.371,0.742,0.3543989446650708,0.004052347383994404,4.827752508172283,-0.0015299804687500002,0.093190545722777,0.0932031043063682,-0.53,0.457,0.9870000000000001,0.21205726781286538,0.1435291051812002,5.686505872724463,-0.0012384765625000002,0.09994090326064768,0.09994857662193095,-0.935,0.94,1.875,1.8692045454541155,0.08029422916914525,9.404836284425265,-0.0029779296875,0.054636178608146686,0.05471727403777531,-0.21,0.203,0.41300000000000003,-0.03181069799816161,0.009834414923098042,3.837910489677973,2nd_test,476,2004.02.15.17.52.39
-0.0019693847656250003,0.07746894343847119,0.07749397185477155,-0.308,0.344,0.6519999999999999,0.30961601911305836,0.05052699531143143,4.439054958239048,-0.0011323730468749999,0.09169294093238359,0.09169993285464759,-0.361,0.454,0.815,0.1429655285908491,0.07576340519145369,4.950930560818172,-0.0011307617187500001,0.09803258432211664,0.09803910551885661,-0.488,0.723,1.2109999999999999,1.0412363523932733,0.06169829361667466,7.374608286828619,-0.00333076171875,0.055839158238454485,0.05593840868675341,-0.325,0.251,0.5760000000000001,0.26970627562436533,-0.008144194124850044,5.80996148485633,2nd_test,477,2004.02.15.18.02.39
-0.0019145507812500003,0.07687059008688574,0.0768944284392569,-0.339,0.376,0.7150000000000001,0.34906668202127555,0.020238106759345845,4.889821117431584,-0.00067724609375,0.09301742543945597,0.0930198908710188,-0.43,0.466,0.896,0.20929508254771978,0.14184100590585264,5.009681215828827,-0.00081044921875,0.10000354880516155,0.10000683277437847,-0.667,0.588,1.255,1.2643446869082338,-0.002771517397952918,6.669544285020237,-0.0026030761718749997,0.05424767258391406,0.054310091017490715,-0.259,0.21,0.469,0.09261526982772184,-0.014849072212145301,4.768911175490747,2nd_test,478,2004.02.15.18.12.39
-0.00202744140625,0.07753484869782247,0.07756135172397398,-0.359,0.383,0.742,0.4112223149714027,0.06400382741626191,4.938026368571885,-0.00099501953125,0.09333625354167013,0.09334155713862127,-0.542,0.515,1.057,0.3104059847443277,0.1091115049080907,5.806631222031905,-0.0011171386718749998,0.10241770133189709,0.10242379384167467,-0.776,0.913,1.689,2.542129054108285,0.006292668045929436,8.913944365333599,-0.0030921875,0.05445884517570212,0.054546562141039194,-0.237,0.234,0.471,0.1222239887696035,-0.015784392087349268,4.344911772493603,2nd_test,479,2004.02.15.18.22.39
-0.0019455078125000004,0.07576150103062902,0.0757864766238839,-0.378,0.334,0.712,0.4064597916663981,0.028846636435000003,4.987697236156861,-0.00160458984375,0.09150991770036232,0.09152398454008517,-0.317,0.466,0.783,0.10792305984119821,0.15412485061082706,5.091561543529743,-0.002040625,0.09923688372675189,0.09925786236962542,-0.854,0.808,1.662,1.9044483654548099,0.05007274236805524,8.603852426432413,-0.00327607421875,0.05444691592844806,0.0545453876730769,-0.21,0.21,0.42,0.0332104406834568,0.0042303201232478,3.850004720010525,2nd_test,480,2004.02.15.18.32.39
-0.0022997070312499998,0.0766301144035941,0.07666461430110699,-0.396,0.352,0.748,0.3700231720140432,-0.039471444663507424,5.165355667733616,-0.00060048828125,0.0923764602586494,0.09237841195914634,-0.391,0.425,0.8160000000000001,0.14830631763969837,0.13044598097675908,4.600641978813756,-0.0008961425781250001,0.09938380515611081,0.09938784532742485,-0.83,0.576,1.406,1.313896542880621,-0.022198904405495774,8.351121782118165,-0.00317978515625,0.054677310671773095,0.054769693589954475,-0.247,0.208,0.45499999999999996,-0.01174623746220238,-0.01767666396599395,4.509793351131573,2nd_test,481,2004.02.15.18.42.39
-0.002220703125,0.07677883289524279,0.07681094129826167,-0.369,0.405,0.774,0.532578800373201,0.01859195197107819,5.272686327616883,-0.00104521484375,0.0936849019119031,0.09369073230748333,-0.457,0.505,0.962,0.19370053281855926,0.07869944674688054,5.390074210726115,-0.0018601074218750004,0.0980696236577028,0.09808726259807832,-0.837,0.835,1.672,2.199784682839394,0.11662715096781666,8.53321805320587,-0.0030234863281250004,0.05526474532055238,0.05534738968480695,-0.251,0.242,0.493,0.1997445595295817,-0.022595041186493112,4.53499255204018,2nd_test,482,2004.02.15.18.52.39
-0.0022009277343749997,0.07545653374935424,0.07548862542369794,-0.391,0.386,0.777,0.4047138169573614,-0.025227826458098495,5.179588286317832,-0.00156591796875,0.0925012597598819,0.09251451321954843,-0.549,0.483,1.032,0.2819338766177917,0.16676897008636277,5.93420406040748,-0.0024658691406250002,0.0988757333802925,0.09890647684610637,-0.73,0.537,1.267,1.6636273905289025,-0.10881222076968125,7.380709770184853,-0.003197216796875,0.05581621559989897,0.05590771073063737,-0.261,0.222,0.483,0.16904691103660818,-0.03743453986559357,4.668407927715485,2nd_test,483,2004.02.15.19.02.39
-0.0018453125000000002,0.07670384782392663,0.07672604153231645,-0.349,0.493,0.842,0.3695643133022122,0.01987360176974356,6.425458555501348,-0.0017619628906250001,0.09143517025641139,0.09145214526213628,-0.552,0.503,1.0550000000000002,0.1857709045494058,0.11469068069617086,6.035943699425795,-0.0015358886718750003,0.10024233323381634,0.10025409879985893,-0.984,0.92,1.904,2.3779667073667046,0.11292395440782324,9.815060050109087,-0.00279169921875,0.05487077654450528,0.05494174827146475,-0.242,0.222,0.46399999999999997,0.11549575974657111,0.016804438427171157,4.404665079092205,2nd_test,484,2004.02.15.19.12.39
-0.0016681640625000002,0.0765744476784151,0.07659261588817652,-0.376,0.457,0.833,0.43309883912666836,-0.008804501955417187,5.966632614575313,-0.0010128906250000003,0.09313861545728784,0.09314412293171669,-0.53,0.474,1.004,0.18341458859708526,0.11188979913625645,5.690106721847059,-0.0013865234375,0.09921346744807262,0.09922315541400858,-0.598,1.008,1.6059999999999999,1.7313525705314472,0.11836856281639202,10.15891901224025,-0.002947509765625,0.05492411605180524,0.055003148436163406,-0.254,0.291,0.5449999999999999,0.2181566136518005,-0.01373508851467242,5.290606233794847,2nd_test,485,2004.02.15.19.22.39
-0.00206689453125,0.07609643615462021,0.0761245009733233,-0.337,0.461,0.798,0.26809421544900447,-0.008421212329501531,6.055868926556179,-0.0015004394531249999,0.09146458555070991,0.09147689177336331,-0.439,0.427,0.866,0.18123277301964613,0.06767715693528063,4.799026196504756,-0.001980859375,0.0987431382349185,0.0987630049783002,-0.762,0.999,1.7610000000000001,1.8003903400201082,0.03390707554273342,10.115123574959885,-0.002379931640625,0.055286069228844416,0.055337270671678644,-0.232,0.237,0.469,0.08563890592102119,-0.012630261969632848,4.282827778078557,2nd_test,486,2004.02.15.19.32.39
-0.0023765624999999998,0.07583848610119465,0.0758757143191252,-0.347,0.31,0.657,0.3259681516945001,0.0036747950322403976,4.5732683126511535,-0.00125234375,0.09217221957245625,0.09218072697576891,-0.388,0.449,0.837,0.29149415355869257,0.17219023278617704,4.870866337527969,-0.001194384765625,0.09886664421133029,0.09887385848938093,-0.671,0.598,1.2690000000000001,1.2885650506973763,-0.03473475247001897,6.7864247460847205,-0.002572607421875,0.05580713773966139,0.05586640252996988,-0.239,0.269,0.508,0.17175705466639446,-0.017575230685816803,4.8150585649555335,2nd_test,487,2004.02.15.19.42.39
-0.002078369140625,0.07863962230433474,0.07866708215291275,-0.369,0.408,0.7769999999999999,0.49377479186990936,0.0054440430764863944,5.1864132853147495,-0.0021427734375,0.09362595035880435,0.0936504674766429,-0.386,0.42,0.806,0.17529061294485881,0.1317508330020191,4.484761382534114,-0.0019360351562499995,0.10044087341829527,0.10045953058399312,-1.035,0.842,1.8769999999999998,2.2134318909436717,-0.04399443254732123,10.302656143951866,-0.0030837890625,0.05565122898900576,0.05573660415713134,-0.256,0.251,0.507,0.24360978167434189,0.01987482682327596,4.593031883924929,2nd_test,488,2004.02.15.19.52.39
-0.002196484375,0.07485720499714194,0.07488942304220102,-0.305,0.32,0.625,0.29257708015378325,0.00954030370643049,4.272966555175668,-0.001974658203125,0.09192516642915424,0.09194637294666318,-0.422,0.405,0.827,0.12417985261512365,0.09014564054569446,4.589631830721661,-0.002176806640625,0.09782407399154083,0.09784829042682924,-0.71,0.725,1.435,1.7085205361754578,0.04749075188008741,7.409429401679164,-0.0031472167968750004,0.05461912651728873,0.054709724501939554,-0.22,0.266,0.486,0.07433328764404123,-0.023806390693765164,4.862024117590061,2nd_test,489,2004.02.15.20.02.39
-0.002172998046875,0.07547957028666864,0.07551084326884368,-0.408,0.352,0.76,0.48153185523704733,-0.0024494770840002293,5.403197505581831,-0.0018146972656250004,0.09199618702190057,0.09201408344777649,-0.408,0.464,0.872,0.12397439241100461,0.09708313856179625,5.042706318520307,-0.0016687988281250004,0.09796320470312117,0.09797741762893313,-0.591,0.833,1.424,1.4417735958423865,-0.0012424599438327379,8.501959126400875,-0.0026416992187500003,0.0539437309864423,0.054008376086492366,-0.244,0.234,0.478,0.17595597142005115,-0.009193915626213139,4.517817747468012,2nd_test,490,2004.02.15.20.12.39
-0.001290380859375,0.0774549037472992,0.07746565172555915,-0.369,0.376,0.745,0.4419314838847854,0.029546590655753574,4.853764108604125,-0.0013621093750000003,0.09216523846596414,0.09217530321858182,-0.381,0.41,0.7909999999999999,0.22510383637752973,0.08858619057573126,4.448046121674152,-0.0011760253906249998,0.0990375230806611,0.09904450521695726,-0.754,0.608,1.362,1.7722427872780564,-0.050904510589514534,7.612739327040386,-0.0033215820312500004,0.055594462325371734,0.055693600605792225,-0.225,0.247,0.472,0.1320767195381305,0.021047274192538868,4.434979913471003,2nd_test,491,2004.02.15.20.22.39
-0.002198876953125,0.07784892877637682,0.07787997670444165,-0.4,0.388,0.788,0.521811344975156,0.018004148626003247,5.136108367274988,-0.00114091796875,0.09199979495103416,0.0920068691177118,-0.425,0.439,0.864,0.2284831042619735,0.11061534138070696,4.771382878310754,-0.0019069335937499997,0.09851697253624132,0.09853542648934696,-0.833,0.735,1.568,1.9564255388837344,-0.029704044002886034,8.453812295434728,-0.00286552734375,0.05600676911442019,0.056080027047013356,-0.247,0.259,0.506,0.21616682619457483,0.03610348342497579,4.618400054947462,2nd_test,492,2004.02.15.20.32.39
-0.001991064453125,0.07809715296357081,0.07812252964844313,-0.339,0.444,0.783,0.4536244074601785,0.04170705446001611,5.683379711235002,-0.001694384765625,0.09260942961083468,0.09262492856989486,-0.476,0.544,1.02,0.24370653947162646,0.10901966885621518,5.873148928623722,-0.0010309082031250002,0.09804752749661057,0.0980529470231358,-0.725,0.872,1.597,1.6769416502505088,0.08999919096600413,8.893154427937352,-0.002872412109375,0.05548441223106757,0.05555871445554806,-0.298,0.229,0.527,0.1464604625948973,-0.02048068508604215,5.36369501913265,2nd_test,493,2004.02.15.20.42.39
-0.0023245117187499996,0.07607857372246403,0.07611407711044653,-0.415,0.405,0.8200000000000001,0.4236777373486098,0.0430331988739695,5.452342270305076,-0.0013575683593750002,0.09229433177650456,0.09230431555415962,-0.396,0.464,0.8600000000000001,0.22110773553226348,0.10713517640693226,5.026850556328765,-0.00174345703125,0.09580902536794321,0.09582488708250586,-0.581,0.803,1.384,1.7354398326382299,0.09200546060971192,8.379868992699484,-0.0030687499999999994,0.05441622593061053,0.05450268682453875,-0.229,0.281,0.51,0.22486259462368485,-0.012051685066980391,5.155709128606292,2nd_test,494,2004.02.15.20.52.39
-0.0018037109375,0.0774497893414917,0.077470789606067,-0.408,0.378,0.786,0.29830253571617904,-0.0022874305278621984,5.26650111699367,-0.0015994628906249998,0.0917077579108749,0.091721704860835,-0.356,0.479,0.835,0.09993211454596151,0.07844557104284687,5.222318978060227,-0.0012136230468749996,0.09747786267095196,0.09748541732893631,-0.879,0.75,1.629,2.3803457640821817,-0.04353721252214658,9.016733210722709,-0.002373974609375,0.054792127025761354,0.054843531427627136,-0.266,0.266,0.532,0.17360671949208006,-0.02450570205283334,4.850161779720001,2nd_test,495,2004.02.15.21.02.39
-0.002238525390625,0.07690184928854053,0.07693442285428465,-0.342,0.393,0.7350000000000001,0.3992394228624758,0.04931177367938913,5.108246548352507,-0.002332568359375,0.09182339693377836,0.09185301900106155,-0.356,0.42,0.776,0.14464925198802536,0.12183164125208103,4.572522542678467,-0.00205771484375,0.09970894748245672,0.09973017797255503,-0.713,0.623,1.3359999999999999,1.5627694128802103,-0.010598036655870016,7.149290360126127,-0.0028488281250000002,0.05602648646958606,0.0560988681509039,-0.271,0.242,0.513,0.1990257947915035,-0.003961459092809473,4.830756999698981,2nd_test,496,2004.02.15.21.12.39
-0.002342578125,0.07841605485970027,0.07845103780085545,-0.393,0.344,0.737,0.42221413329817814,0.03372010551248036,5.009493959692463,-0.0013029785156250002,0.09335630068638749,0.09336539311147024,-0.427,0.479,0.9059999999999999,0.1835669638262889,0.1350044622657311,5.130380583552889,-0.0011660156249999997,0.09982978128685349,0.09983659060794668,-0.791,0.72,1.5110000000000001,1.317258751139728,-0.015660181627326093,7.922946839183387,-0.0027607910156250003,0.056404881871905996,0.05647240623539629,-0.239,0.254,0.493,0.09353129567488061,-0.0007357928665099606,4.497771866435856,2nd_test,497,2004.02.15.21.22.39
-0.0023398925781250002,0.07709048084366325,0.07712598352036994,-0.378,0.378,0.756,0.47643644736944246,0.031190357230299136,4.9010720219245485,-0.0019380859375,0.09327403172788161,0.09329416472574799,-0.374,0.518,0.892,0.09321172243452835,0.0916029339230127,5.552330111075921,-0.003301708984375,0.09861943968507489,0.09867469364541055,-0.527,0.637,1.1640000000000001,0.9472235555081192,0.071543779059505,6.455555892401515,-0.002913916015625,0.05454991677010845,0.054627688274096635,-0.244,0.21,0.45399999999999996,0.06793219412311569,-0.00749769357007298,4.46659940598719,2nd_test,498,2004.02.15.21.32.39
-0.002167333984375,0.07661851316675722,0.07664916109445931,-0.32,0.386,0.706,0.36493871305970593,-0.009899719407707695,5.03593248097358,-0.000816796875,0.09175100599272736,0.09175464161453904,-0.364,0.405,0.769,0.08256233771311816,0.1233197990889198,4.4139456366359076,-0.002115283203125,0.10024478604747955,0.10026710104882047,-0.774,0.605,1.379,1.12797370554998,-0.03701020128803514,7.719381451104453,-0.00280029296875,0.05410038105580144,0.0541728056417032,-0.298,0.21,0.508,0.14743494367123677,-0.054189095189979365,5.500915015653044,2nd_test,499,2004.02.15.21.42.39
-0.0018611816406250003,0.0760743867622998,0.07609715052720026,-0.347,0.391,0.738,0.4046983336170258,0.05531396656026518,5.138168739381408,-0.0008675781249999999,0.09097112481652912,0.09097526170441886,-0.452,0.483,0.935,0.22141653338927503,0.12551073703954746,5.309135592970001,-0.0012652832031250002,0.09769002858720542,0.09769822223025927,-0.581,0.977,1.5579999999999998,2.1162770492780822,0.08794990142882557,10.000181965311151,-0.0026890625,0.05529643920692221,0.05536178506961052,-0.261,0.251,0.512,0.1478021154586564,0.00138984358486557,4.714443359568531,2nd_test,500,2004.02.15.21.52.39
-0.0016909179687499998,0.07745153396046593,0.07746998977930906,-0.393,0.432,0.825,0.4164259373181851,-0.02025226488434788,5.576352871932398,-0.0009208984375,0.09242206806178821,0.09242665588860176,-0.4,0.391,0.791,0.14491202925303215,0.13189057552016445,4.327755842186659,-0.0024230957031249997,0.09774706998778977,0.09777709897508913,-0.735,0.63,1.365,1.6722173955776913,-0.025215007017387554,7.517097640417214,-0.0026311035156250002,0.05486028507285066,0.05492334279688715,-0.234,0.198,0.43200000000000005,0.04412977604103974,-0.024244389500215124,4.260483577285136,2nd_test,501,2004.02.15.22.02.39
-0.001999365234375,0.07797954553010325,0.07800517279271853,-0.413,0.518,0.931,0.5485896012354474,0.007311364391002886,6.640585251568248,-0.00126181640625,0.09217607877884813,0.09218471500030523,-0.381,0.461,0.8420000000000001,0.16840468050521995,0.12110072590689669,5.000829041923846,-0.001072265625,0.09988303683414262,0.09988879216799676,-0.72,0.798,1.518,1.551875856610648,0.008945851359172625,7.988884264912368,-0.0029587890625000003,0.05508313284767743,0.05516254124885156,-0.217,0.249,0.46599999999999997,0.14761253259897256,0.009965837042830371,4.513932722428194,2nd_test,502,2004.02.15.22.12.39
-0.0016881347656250005,0.07761817449257592,0.07763653012948786,-0.356,0.4,0.756,0.37794366180997097,-0.04333381849214864,5.152213775238263,-0.000913037109375,0.09378466601760535,0.09378911033162045,-0.325,0.459,0.784,0.07664734567438014,0.11079945299858242,4.893958353716859,-0.0011944824218749997,0.09990656777214127,0.09991370812989389,-0.571,0.881,1.452,1.7611751224031407,0.06321007870518568,8.817608879512598,-0.002993798828125,0.05502290104383667,0.05510428722615986,-0.232,0.256,0.488,0.11737544548996981,-0.033129200779495965,4.645736527625793,2nd_test,503,2004.02.15.22.22.39
-0.0021275390625000003,0.07915981624047037,0.0791884014846082,-0.371,0.415,0.786,0.3224069468935795,-0.0016817936246373297,5.2406664639571305,-0.0019146484375000001,0.09389200152028808,0.09391152127468173,-0.417,0.535,0.952,0.221932647612467,0.15040853679166344,5.696851597467813,-0.0016794921875,0.10011828067992691,0.10013236649711471,-0.857,0.706,1.563,1.87083602381965,-0.005424447773273308,8.558671186665059,-0.002695556640625,0.056236892047227836,0.056301456932608546,-0.234,0.242,0.476,0.18007713659527935,-0.009401010668099506,4.298290189637006,2nd_test,504,2004.02.15.22.32.39
-0.0020180175781249997,0.07752226883677524,0.07754853035710525,-0.334,0.391,0.7250000000000001,0.2677201212044107,-0.01943422818000384,5.042003996651283,-0.0017718749999999998,0.09341371253436578,0.09343051552072669,-0.371,0.364,0.735,0.08494396205026833,0.12773862984369944,3.9708653851291897,-0.00041562499999999987,0.09934499207897635,0.0993458614906152,-0.723,0.562,1.2850000000000001,0.9054034323123585,-0.0244899328962768,7.277605620854385,-0.003001708984375,0.05537578430427643,0.05545708019847984,-0.239,0.251,0.49,0.08871633217315811,-0.04783832001395713,4.526022630422477,2nd_test,505,2004.02.15.22.42.39
-0.0021659667968749997,0.07853056446143572,0.07856042875899338,-0.454,0.376,0.8300000000000001,0.3885134945276123,0.01665746316154906,5.778990863033552,-0.001086865234375,0.09290635418414842,0.09291271131458885,-0.376,0.4,0.776,0.1669422709341366,0.09884934719348648,4.305115999051555,-0.0010714843750000002,0.09843140441118947,0.0984372361107574,-0.515,0.737,1.252,1.377376549700779,0.0368592028313788,7.487004197916242,-0.002732373046875,0.05564216384450137,0.055709211623982124,-0.242,0.256,0.498,0.09911456891856929,-0.012399331544728085,4.59529030357342,2nd_test,506,2004.02.15.22.52.39
-0.0017487792968749998,0.07896260563918972,0.0789819683115037,-0.442,0.349,0.7909999999999999,0.4070034550620174,-0.05530929399221073,5.5962140402878084,-0.0010687011718750002,0.0940260244729929,0.0940320977134437,-0.4,0.393,0.793,0.17875891084395423,0.12262309531114494,4.253866602175764,-0.00126806640625,0.10032827327202233,0.10033628660736976,-0.757,0.759,1.516,1.6491722736048198,0.0010556351377155348,7.5645613930532525,-0.00288017578125,0.055352431715725924,0.05542731374850309,-0.249,0.254,0.503,0.11642061019907901,0.02704181218494898,4.582578205899021,2nd_test,507,2004.02.15.23.02.39
-0.0016450195312499999,0.07905916720124433,0.0790762796786274,-0.391,0.327,0.718,0.3474743632273807,-0.05523747146277419,4.944592760105963,-0.0017469726562500004,0.0933359917924595,0.09335233943155227,-0.383,0.479,0.862,0.20756383670963263,0.14999019487613885,5.131097976886598,-0.001570751953125,0.09910718813615327,0.09911963479529738,-0.583,0.61,1.193,1.027964660119797,0.04078854262413429,6.154179252714383,-0.002749267578125,0.05531479757278558,0.05538307776509333,-0.264,0.266,0.53,0.31828470769416706,-0.01992850478558889,4.802911118869792,2nd_test,508,2004.02.15.23.12.39
-0.0018308593749999998,0.07819904743892489,0.07822047728316575,-0.457,0.398,0.855,0.545918411380272,0.027530549424184824,5.842459875817083,-0.002103271484375,0.09350812876722209,0.09353178014174848,-0.374,0.371,0.745,0.09523401377016416,0.11135372709418646,3.998640883656871,-0.002201318359375,0.09838138752005536,0.09840601207695912,-0.713,0.723,1.436,1.447449848286639,0.04453325459511997,7.347112079160627,-0.0033343749999999997,0.0551682636526937,0.05526893676463977,-0.237,0.276,0.513,0.03833948077185534,-0.024403451386206074,4.993763516210554,2nd_test,509,2004.02.15.23.22.39
-0.0012717773437500002,0.07780511614291777,0.0778155094799552,-0.386,0.403,0.789,0.43269991308322275,-0.016503285146634922,5.178916165788665,-0.0017070800781250003,0.09281572905088604,0.09283142615321939,-0.381,0.461,0.8420000000000001,0.13670270622924852,0.1297166029970052,4.965990711315238,-0.001613427734375,0.09858919871314034,0.0986023998285697,-0.618,0.669,1.287,1.3241064050174147,0.012312784325346163,6.7848247218763404,-0.0027872558593749997,0.054985180919862445,0.05505578004184143,-0.242,0.251,0.493,0.11637561101918203,0.0028072309904402606,4.559012692303794,2nd_test,510,2004.02.15.23.32.39
-0.0025516601562500002,0.0774870854107122,0.077529087283419,-0.327,0.366,0.6930000000000001,0.3029990008129091,-0.002108302244827455,4.720808832139507,-0.0012275390625000001,0.09196139742631164,0.09196958991291632,-0.354,0.427,0.7809999999999999,0.053420771645599,0.1336429233375822,4.642839012326495,-0.00195234375,0.10204656744888868,0.1020652417535899,-0.715,0.676,1.391,1.2709424884420022,0.050736636962717824,7.005323141439051,-0.0032288085937500002,0.05457251384828425,0.054667947397503865,-0.259,0.2,0.459,0.1460577981878317,-0.018178292945666887,4.73769388325504,2nd_test,511,2004.02.15.23.42.39
-0.00167529296875,0.08151823352707728,0.08153544630347129,-0.483,0.413,0.8959999999999999,0.5666889213621578,0.009621055882152032,5.9238039636941675,-0.0014719238281249998,0.09373591973853232,0.09374747574726679,-0.403,0.427,0.8300000000000001,0.17405964614203873,0.14407009136448626,4.5547893059712,-0.0013024414062500003,0.10046491406895885,0.10047335623188866,-0.696,0.725,1.4209999999999998,1.3488460736869783,0.06000444003936441,7.2158433557202155,-0.0032422363281249997,0.055867406881288675,0.0559614085602469,-0.276,0.242,0.518,0.17518885201802936,-0.02209750510931462,4.9319702111845904,2nd_test,512,2004.02.15.23.52.39
-0.0016622070312499997,0.07678379216775025,0.07680178169726923,-0.388,0.474,0.862,0.3561730038030797,-0.0038746256224301335,6.171731820782509,-0.00150595703125,0.09292981466028558,0.092942016114215,-0.464,0.493,0.9570000000000001,0.24894003277124988,0.1612938024479524,5.3043824591544855,-0.0013680175781250001,0.09914290241954572,0.09915234022586468,-0.581,0.647,1.228,1.0801917275828918,0.017734723215562163,6.525312448699013,-0.003230810546875,0.05553375678366335,0.055627657503231925,-0.232,0.256,0.488,0.09074411967391516,-0.01903487428457314,4.60202732751284,2nd_test,513,2004.02.16.00.02.39
-0.002186083984375,0.07828435555027986,0.07831487270697295,-0.374,0.349,0.723,0.38899196237205436,0.015403101465941087,4.775593537572391,-0.001631591796875,0.09127656113858856,0.09129114253353457,-0.391,0.396,0.787,0.14402135686401119,0.14522645356047933,4.337770226177167,-0.0026013671874999997,0.09892458053916402,0.09895877801435177,-0.857,0.591,1.448,1.9026449767325033,-0.10648191389264107,8.660171610719072,-0.0033023925781249996,0.055514775923514906,0.05561291345162672,-0.234,0.205,0.439,0.07273194036230723,0.01601192794955237,4.2076558387708,2nd_test,514,2004.02.16.00.12.39
-0.0018823730468749997,0.0771200007359263,0.07714297013854778,-0.332,0.361,0.6930000000000001,0.35279620493135777,0.011436284171182228,4.679622775049612,-0.0016279785156249997,0.09267635810695352,0.09269065576429819,-0.471,0.435,0.9059999999999999,0.22735415819829186,0.15672626932668926,5.081418359932829,-0.0021667968750000003,0.09992932859755808,0.09995281748233138,-0.786,0.825,1.611,1.9077749992110533,0.006801102480524365,8.253894395098778,-0.0031540039062500002,0.05600151725748696,0.05609026364513943,-0.234,0.247,0.481,0.14408391764233386,0.01179128863306231,4.403616313131744,2nd_test,515,2004.02.16.00.22.39
-0.002467822265625,0.07831569065068257,0.07835456303769503,-0.422,0.364,0.786,0.44221756979937377,0.020784239769755124,5.385774403356665,-0.001910400390625,0.09188668946275966,0.09190654672044928,-0.361,0.383,0.744,0.15422881774785768,0.14632177626418022,4.167276583253616,-0.00082919921875,0.09868758078162938,0.09869106429598883,-0.603,0.564,1.1669999999999998,1.0410534543837784,0.016052901834489666,6.109975652764322,-0.0032222656249999994,0.0549430103566818,0.05503741802458124,-0.269,0.225,0.494,0.15833503429849793,0.008596256268880694,4.887583931989135,2nd_test,516,2004.02.16.00.32.39
-0.0023838867187499996,0.07738437691901007,0.07742108696622162,-0.342,0.378,0.72,0.28391523619049597,-0.030332739751400765,4.882390764676772,-0.0009399902343750002,0.09364537214940151,0.09365008973108688,-0.352,0.481,0.833,0.24764310640818588,0.13067004521783182,5.1361403003033885,-0.0007011230468750002,0.10123130411257437,0.10123373205537459,-1.025,0.818,1.843,2.7835504465928746,0.09196922386465656,10.125083597917762,-0.003038720703125,0.05491505527293061,0.05499906471150782,-0.249,0.222,0.471,0.09491692448448052,0.018487009313886364,4.527349715882946,2nd_test,517,2004.02.16.00.42.39
-0.0021278808593750004,0.0755417258715849,0.0755716893063095,-0.361,0.4,0.761,0.3718072446196725,0.026865235037342713,5.292987409258706,-0.001750244140625,0.09177019678792829,0.09178688562668894,-0.374,0.459,0.833,0.0614647912692714,0.07425631608325686,5.000714392487629,-0.0018768554687500002,0.09979683009175153,0.09981447732073989,-0.889,0.601,1.49,1.668858201748848,-0.14652463200796845,8.906523621161849,-0.0029373046875,0.05397911538199557,0.05405897387344676,-0.215,0.229,0.444,0.06097086548905395,0.005736973870132098,4.236114442938889,2nd_test,518,2004.02.16.00.52.39
-0.00119599609375,0.07787376769430278,0.07788295128949917,-0.359,0.359,0.718,0.33128732679968653,0.017214517082513255,4.60948120290087,-0.001129638671875,0.09256397935424383,0.09257087207875853,-0.408,0.547,0.9550000000000001,0.20745817529015964,0.10776633820975007,5.908986139060113,-0.001260595703125,0.09897252129120936,0.09898054895920524,-0.71,0.74,1.45,1.7788890337928391,-0.01460042733837359,7.476216365475142,-0.00257373046875,0.05495117358055675,0.05501141305589459,-0.249,0.234,0.483,0.1352599426178469,-0.018936907346423545,4.526333467247535,2nd_test,519,2004.02.16.01.02.39
-0.0018313964843749999,0.0790170110035342,0.0790382315149803,-0.437,0.393,0.8300000000000001,0.4731143985341131,-0.056854705094082476,5.528969862029939,-0.0010749023437499998,0.09279769744642186,0.0928039226886787,-0.53,0.381,0.911,0.1731689182323728,0.08617357825036362,5.710965491967772,-0.0015154785156250004,0.10030529449717773,0.10031674226816217,-0.552,0.688,1.24,1.1841613961448578,0.05418293160763932,6.858276938001148,-0.002943115234375,0.055420363019113426,0.05549845551412332,-0.232,0.264,0.496,0.12320201736726144,-0.04950909476155265,4.7568891341140125,2nd_test,520,2004.02.16.01.12.39
-0.0018272460937500002,0.07648061079752747,0.07650243562299176,-0.398,0.398,0.796,0.4433637639149004,0.02637918504571029,5.202448742366368,-0.001838525390625,0.0917255291903372,0.0917439528299243,-0.33,0.457,0.787,0.0690577399583936,0.11043839848679797,4.9812547410313694,-0.0012557617187500003,0.09898062870774625,0.09898859427668927,-0.767,0.754,1.521,1.6679211123410305,0.0059212416157979125,7.74836743158875,-0.0033323242187500005,0.054220545810212774,0.05432284945265896,-0.212,0.21,0.422,0.05019523438248319,0.0321097040974757,3.9025935151073075,2nd_test,521,2004.02.16.01.22.39
-0.002473095703125,0.07818151679986492,0.07822062241816012,-0.332,0.391,0.7230000000000001,0.32019748710613216,0.016040020944363662,4.998681778633158,-0.0020166015625,0.09219230240549164,0.09221435519856712,-0.354,0.381,0.735,0.1869307523144048,0.15058197226953154,4.131677754243935,-0.002125439453125,0.09992432799619157,0.0999469300096775,-0.745,0.745,1.49,1.8918873781800318,0.008363864584479507,7.453955813554357,-0.003001318359375,0.05547018086376502,0.05555131750870653,-0.254,0.229,0.483,0.09041978201163836,-0.008775108496980278,4.572348800829402,2nd_test,522,2004.02.16.01.32.39
-0.002377978515625,0.07958598161819926,0.0796214999353386,-0.369,0.405,0.774,0.37007201037201254,0.01471983361289396,5.086565818576866,-0.00128349609375,0.09341041832182628,0.09341923577765582,-0.354,0.437,0.7909999999999999,0.21623906625156764,0.11534534902396688,4.677837453470633,-0.00201171875,0.10253359853001673,0.10255333168573194,-0.754,0.776,1.53,1.8039115265374983,-0.09569019638746289,7.5667946349167385,-0.0029642578125,0.05652415043033405,0.056601823347397565,-0.234,0.269,0.503,0.1778142482792111,-0.045531165412583244,4.752497076715031,2nd_test,523,2004.02.16.01.42.39
-0.002244287109375,0.07952488089415834,0.07955654282244407,-0.381,0.425,0.806,0.3755785190178629,0.002920261777534491,5.342112476445609,-0.0016598144531249997,0.09286197096092039,0.0928768035343897,-0.33,0.491,0.821,0.10466728397996672,0.13841013846332845,5.286572979580522,-0.0018529296875,0.09919304761192656,0.09921035249896429,-0.676,0.876,1.552,1.8780385265443948,0.09708923282393186,8.829723692397074,-0.002362548828125,0.05555586604226956,0.055606077803346955,-0.239,0.225,0.46399999999999997,0.10079533260991269,-0.004843659789125184,4.298091313703776,2nd_test,524,2004.02.16.01.52.39
-0.0013968261718750002,0.0800961141360331,0.080108293097824,-0.498,0.393,0.891,0.5260048179163537,0.02152908415873024,6.216584834552051,-0.0012041992187499999,0.09402168343006209,0.09402939461030924,-0.4,0.496,0.896,0.2647331876532508,0.11593234432581988,5.274946223468978,-0.0011084960937499998,0.09974924736403473,0.09975540643634936,-0.715,0.759,1.474,1.8750917723132412,0.06909281242254671,7.608610170684676,-0.0022861328124999998,0.056784537974818555,0.05683053894034439,-0.247,0.242,0.489,0.14806704856447261,-0.04488577204070036,4.346254753187053,2nd_test,525,2004.02.16.02.02.39
-0.0019568847656250003,0.07787621792826703,0.07790080048880675,-0.391,0.374,0.765,0.3387606415850897,0.00792259653450328,5.019203879055928,-0.001648876953125,0.09257949658112928,0.0925941789877845,-0.381,0.415,0.796,0.1667782639722062,0.12163417662954297,4.481923210856126,-0.002041748046875,0.09934737708300334,0.09936835546772109,-0.742,0.867,1.609,1.7398713224472226,0.05043487387575426,8.725111690843187,-0.002809521484375,0.055137868725082764,0.055209401178745135,-0.244,0.283,0.5269999999999999,0.16326690193261806,-0.009155306420746018,5.1259385893108576,2nd_test,526,2004.02.16.02.12.39
-0.001774755859375,0.07846345124382906,0.07848352017750684,-0.396,0.374,0.77,0.2777135623768947,0.008623625909561573,5.045645239909191,-0.0007003906249999998,0.09201297239895667,0.09201563800093301,-0.405,0.393,0.798,0.11646974394962584,0.08464162797107,4.401425766253905,-0.0022007324218749997,0.09974953589652903,0.09977380986393987,-0.742,0.881,1.623,2.0187072430823587,0.030477263905853903,8.829972526784106,-0.0029535156250000004,0.05592804378297511,0.05600597589487662,-0.225,0.239,0.46399999999999997,0.1753126106419538,-0.001614653258928781,4.267401758061252,2nd_test,527,2004.02.16.02.22.39
-0.001760546875,0.0781415394123521,0.07816136965938641,-0.391,0.435,0.8260000000000001,0.37018849360160333,0.03218013434806743,5.5654091258903025,-0.0019381347656249998,0.09293391485412981,0.09295412253625104,-0.349,0.505,0.854,0.15218113607583827,0.12728695098202014,5.4327875538561825,-0.0009913574218749998,0.09970718101917343,0.09971210927629665,-0.75,0.659,1.409,1.4548836534268341,0.04765513740131924,7.521654144475778,-0.002831689453125,0.0552828340438439,0.05535530873437637,-0.234,0.234,0.468,0.08925333455996887,0.005787361669869771,4.227236833211911,2nd_test,528,2004.02.16.02.32.39
-0.0019248046875,0.07780462064750704,0.0778284258300751,-0.366,0.398,0.764,0.458982255928821,0.008831341248523878,5.113812797188656,-0.0016973144531249999,0.0909143802902989,0.09093022280805142,-0.427,0.43,0.857,0.1875220017560717,0.10295554960358436,4.728900762763739,-0.001697216796875,0.09939486177333957,0.09940935112853758,-0.947,0.876,1.823,2.148852572255282,0.06872358480604247,9.52626678717569,-0.0022905761718750002,0.05480797612691937,0.05485581998592424,-0.254,0.212,0.46599999999999997,0.13241421240847684,-0.02861321829086705,4.630319992674341,2nd_test,529,2004.02.16.02.42.39
-0.002044921875,0.0794376532600419,0.07946396957701962,-0.364,0.349,0.713,0.33043739316895504,0.04435393427507771,4.580692380873524,-0.00215263671875,0.09378663369085885,0.09381133462384089,-0.371,0.432,0.8029999999999999,0.1670021931261778,0.1408365776661851,4.604987251568298,-0.002563818359375,0.0997972257091762,0.09983015287891793,-0.85,0.544,1.3940000000000001,1.3273999136932195,-0.10043907435510868,8.51446156776334,-0.003036083984375,0.056348268474332434,0.05643000235704076,-0.266,0.251,0.517,0.1127331782603882,-0.033397313441556976,4.713804516828936,2nd_test,530,2004.02.16.02.52.39
-0.001803759765625,0.077098690150829,0.07711978716429153,-0.376,0.398,0.774,0.39377059294869765,0.004784974714342346,5.160802624454383,-0.001960693359375,0.0919651941840832,0.09198609275192433,-0.537,0.422,0.9590000000000001,0.14702352849743505,0.07827421274797944,5.83783900292828,-0.0018544921875000002,0.09899495390063577,0.09901232266269941,-0.735,0.818,1.553,1.8171464760694853,-0.0012566921796888344,8.261597930374588,-0.003121923828125,0.05557872397247224,0.055666336028131716,-0.273,0.249,0.522,0.21885479768272997,0.03221669469451057,4.904220745858532,2nd_test,531,2004.02.16.03.02.39
-0.002038427734375,0.08223985284736413,0.08226511158434281,-0.457,0.396,0.853,0.5003740741636844,-0.007223062782532966,5.555210358231906,-0.00193154296875,0.09307534121215925,0.09309538119584666,-0.376,0.405,0.781,0.13053531876469915,0.12262183682953245,4.350376944519329,-0.0007476562500000001,0.10044254466939338,0.10044532726578798,-0.706,0.615,1.321,1.6170526870390542,-0.021119536793391257,7.028699285580776,-0.002797412109375,0.056287548432465924,0.05635701928816742,-0.229,0.22,0.449,0.1082467389684969,-0.017529548007236474,4.06338026546441,2nd_test,532,2004.02.16.03.12.39
-0.002299267578125,0.08429453767294064,0.08432588993239636,-0.43,0.383,0.813,0.4508448020711775,-0.029106629190465676,5.099264298777393,-0.0019432617187499998,0.09412320042844081,0.09414325852125578,-0.503,0.508,1.0110000000000001,0.2608110799337586,0.07972907643732319,5.396031622167689,-0.0012480957031250001,0.1000499788254611,0.10005776334627602,-0.864,0.642,1.506,1.6765346531826628,-0.04012889371198476,8.635012127957202,-0.0034185546875,0.05634706995436694,0.05645067589138105,-0.242,0.208,0.44999999999999996,0.146723231462774,-0.05076889409878627,4.286928299341441,2nd_test,533,2004.02.16.03.22.39
-0.0016643066406250005,0.08426361545795787,0.0842800498732685,-0.364,0.4,0.764,0.37837651204512657,-0.009241176562636063,4.74608167172103,-0.0013586425781249999,0.09283887377022101,0.09284881470744862,-0.393,0.41,0.8029999999999999,0.11255362363539634,0.1215495730104882,4.415780656839044,-0.0017807128906249998,0.09861383417207135,0.0986299104152266,-0.764,0.92,1.6840000000000002,2.263792354384579,0.11697149628703686,9.327799205307212,-0.0032107421875,0.05548403505806114,0.055576856799559565,-0.239,0.237,0.476,0.09754992204311153,-0.008775431497233508,4.300351148998295,2nd_test,534,2004.02.16.03.32.39
-0.0017368652343750003,0.08308035483617349,0.08309850817281184,-0.42,0.327,0.747,0.2911308678170452,-0.026798606640015665,5.054242359219167,-0.001190771484375,0.09226070336572134,0.09226838744806168,-0.547,0.442,0.9890000000000001,0.3780360303755401,0.09933692567625126,5.928357643640197,-0.00089736328125,0.09789710803991589,0.09790122074538958,-0.618,0.549,1.167,1.1078934866460726,-0.056780318977144244,6.312485128259145,-0.00259658203125,0.056662471631958394,0.056721935172272635,-0.327,0.271,0.5980000000000001,0.2932817766567015,-0.02945056349506236,5.764965511157002,2nd_test,535,2004.02.16.03.42.39
-0.001722607421875,0.08265013893192785,0.0826680884126207,-0.356,0.393,0.749,0.20897921343268377,-0.018092357454208546,4.7539504970003374,-0.0012217285156250002,0.09345912692094194,0.09346711199877006,-0.354,0.408,0.762,0.09547209435684234,0.15620037202587403,4.365171783643039,-0.0019137695312500002,0.09787513462758946,0.09789384297384336,-0.588,0.754,1.342,1.4981022004255022,0.07822262626670559,7.702220865859378,-0.0029669433593749995,0.05582695196284349,0.055905736005882035,-0.225,0.21,0.435,0.0752258902877232,-0.027651728328500068,4.02463174748835,2nd_test,536,2004.02.16.03.52.39
-0.0020143554687499995,0.08424717046536646,0.08427124871137842,-0.41,0.42,0.83,0.39805576986482194,0.013995405888354526,4.983906212585967,-0.0017482421875,0.09169538616836916,0.0917120504367474,-0.378,0.513,0.891,0.1578116554512965,0.1343828549211889,5.59359427197864,-0.0017033203125,0.10067744736009289,0.10069185521695015,-0.847,1.284,2.1310000000000002,3.300239014685106,0.03864819369290005,12.751776171178378,-0.003025146484375,0.055858607096802446,0.055940463870501424,-0.249,0.261,0.51,0.11999025674962738,0.01615418407214355,4.665674575018408,2nd_test,537,2004.02.16.04.02.39
-0.0023246582031249997,0.08595580269518177,0.08598723191692109,-0.413,0.476,0.889,0.47031290657213587,0.014674508507171757,5.535705585386963,-0.001772216796875,0.09520052243677159,0.09521701646559493,-0.42,0.51,0.9299999999999999,0.2367480294414528,0.18152063001084817,5.356185469000951,-0.0006433105468750001,0.10268931435353756,0.10269132938500394,-0.881,0.669,1.55,1.5958101677892378,-0.024343985383221425,8.579107946771538,-0.003163134765625,0.05763582207844024,0.05772255545454589,-0.239,0.273,0.512,0.107128351933373,0.027716170410560344,4.729520338202051,2nd_test,538,2004.02.16.04.12.39
-0.001966943359375,0.0844199690988402,0.08444288039158852,-0.471,0.515,0.986,0.4865130026451254,0.012273896728958502,6.098797170414867,-0.0012630859374999999,0.09373189629707562,0.0937404062799562,-0.408,0.425,0.833,0.2251067640293556,0.11624326585859035,4.533797290425663,-0.001781884765625,0.10089565131878285,0.10091138473115595,-0.779,0.923,1.702,1.711095870437382,0.03989981777658138,9.146638929292992,-0.0028833984375,0.05727302499743551,0.05734556110900172,-0.237,0.242,0.479,0.11806718801610527,0.025970514973463827,4.220030204880016,2nd_test,539,2004.02.16.04.22.39
-0.0015724609375,0.08266760510022222,0.08268255902187746,-0.369,0.393,0.762,0.26595855893303977,-0.03174959405436106,4.753118488885433,-0.0019228515625000005,0.09304190034599245,0.09306176754245,-0.359,0.408,0.7669999999999999,0.1861819855521598,0.13003078244771143,4.38418494264583,-0.00116630859375,0.10162647589664023,0.10163316820264066,-0.83,0.735,1.565,1.7407521541042463,-0.07536862619668633,8.166625272735205,-0.00279267578125,0.055666507381118044,0.05573651479982625,-0.229,0.239,0.46799999999999997,0.0930287768278033,-0.0007827308799040377,4.288032734986455,2nd_test,540,2004.02.16.04.32.39
-0.0018037109375000002,0.08361850069275305,0.0836379520986137,-0.396,0.4,0.796,0.3818054415969727,-0.005056333966050067,4.782517863703736,-0.0015340332031249996,0.09341867762938166,0.09343127200188717,-0.378,0.393,0.771,0.15846898666997733,0.08687848900689618,4.2063004342684716,-0.0013419921874999999,0.09905594287415288,0.09906503299206411,-0.613,0.879,1.492,1.5455891976813954,0.06599205506930138,8.872959241446392,-0.00326826171875,0.05586747282654956,0.05596298825730717,-0.259,0.203,0.462,0.10727179610252335,0.0012432305154990307,4.628058794940314,2nd_test,541,2004.02.16.04.42.39
-0.0022471679687500004,0.08378558270330716,0.0838157123265829,-0.444,0.366,0.81,0.38767370740609763,-0.011899977446575786,5.297336115986025,-0.001095654296875,0.0934443082838442,0.09345073145237749,-0.476,0.442,0.9179999999999999,0.22433417482361717,0.15553757290311485,5.09359309014586,-0.00187392578125,0.09919165931249647,0.0992093588075238,-0.642,0.779,1.421,1.4229636836643174,0.05777117741758631,7.852081793044211,-0.003098046875,0.05589247189160677,0.05597826639503719,-0.229,0.256,0.485,0.09902074440089725,-0.00614245852534702,4.573203432004153,2nd_test,542,2004.02.16.04.52.39
-0.002347216796875,0.08548433357170829,0.08551655227434408,-0.42,0.374,0.794,0.3946015078150089,0.014266712876400548,4.911329898423574,-0.0013400878906249998,0.0923791107973606,0.09238883020834081,-0.408,0.391,0.7989999999999999,0.06194936659809436,0.10984474539555661,4.4161182588363355,-0.001376416015625,0.09990878779838416,0.09991826860184591,-0.649,0.715,1.3639999999999999,1.3930930387347908,-0.025343112102932303,7.155848575018593,-0.003388623046875,0.05603084214033877,0.05613321687832771,-0.254,0.215,0.469,0.08294381378913407,0.02969793100523696,4.524950005021735,2nd_test,543,2004.02.16.05.02.39
-0.001894873046875,0.08427990203943556,0.08430120065361243,-0.366,0.41,0.776,0.3658697395741912,-0.008100766957841022,4.863513174382852,-0.001441650390625,0.09254791259976146,0.09255914045852995,-0.417,0.413,0.83,0.21004918295582087,0.15023984885161043,4.505227662332568,-0.00184697265625,0.09753787085332966,0.09755535638084538,-0.544,0.674,1.218,1.1268771129447819,0.04686312523934782,6.908897932388963,-0.002808349609375,0.05533488017053211,0.055406098861186984,-0.242,0.232,0.474,0.08247504297642871,-0.021148701363470614,4.367750211072121,2nd_test,544,2004.02.16.05.12.39
-0.002053271484375,0.08695461810286201,0.08697885681706287,-0.383,0.398,0.781,0.4364173780138687,0.03295377871455478,4.575824683836814,-0.0016318359375,0.09303867487034266,0.09305298442369407,-0.413,0.415,0.828,0.14997575162030286,0.0989296607927789,4.459824717775185,-0.0010448242187499999,0.09824400249351439,0.09824955818523434,-0.891,0.964,1.855,2.0000726971706984,0.05006368981055758,9.811748956394442,-0.00322744140625,0.05589504087685662,0.055988141357400406,-0.237,0.215,0.45199999999999996,0.026399296410609896,-0.02518141148094379,4.23303925170291,2nd_test,545,2004.02.16.05.22.39
-0.0028209472656249997,0.08473888904789488,0.0847858305411162,-0.371,0.518,0.889,0.4287637975372536,0.011074611469630076,6.1095114205750525,-0.0023083007812499997,0.09180164997923256,0.09183066585518287,-0.361,0.466,0.827,0.15063800199821697,0.10893244412761086,5.074557563698909,-0.002019091796875,0.09904750121447496,0.09906807875655824,-0.698,0.62,1.318,1.3495865018807844,-0.014375699077359213,7.0456600022310125,-0.0028372070312500004,0.05601960770719548,0.05609140924781843,-0.276,0.212,0.488,0.11128757403008871,-0.012897567647929096,4.920539592358593,2nd_test,546,2004.02.16.05.32.39
-0.0019638671875,0.08514582655865971,0.085168471600044,-0.413,0.374,0.7869999999999999,0.32894899911736086,-0.01634805981008458,4.8492122992957105,-0.0016021972656250002,0.09334367313070233,0.09335742257372669,-0.378,0.432,0.81,0.13283996653871233,0.12551701475228738,4.627377107098382,-0.0021544921875,0.10043747792536285,0.10046058335782124,-0.803,0.688,1.491,1.4382577967897472,-0.007376417978238457,7.993184721333695,-0.0029189453125,0.05596918596686827,0.05604524974992305,-0.229,0.232,0.461,0.07866525144336078,-0.0071303217705926646,4.139512287500851,2nd_test,547,2004.02.16.05.42.39
-0.0017693847656249997,0.08697370286725636,0.08699169910336632,-0.381,0.403,0.784,0.4340085155916307,-0.02781576133484295,4.632625918899571,-0.000981298828125,0.09298592326614172,0.09299110104223347,-0.432,0.435,0.867,0.17469761333272693,0.10318831573446648,4.677866969203424,-0.0007990722656250001,0.09863096716896871,0.0986342040124615,-0.73,0.652,1.3820000000000001,1.2732677311286738,-0.0023161612470436414,7.401083704192212,-0.0029285644531249996,0.05572868868604185,0.05580558424048506,-0.244,0.217,0.46099999999999997,0.10883530587252954,-0.030294709560002703,4.372322292051446,2nd_test,548,2004.02.16.05.52.39
-0.00245185546875,0.0869207126049963,0.08695528664204379,-0.396,0.381,0.777,0.31669418796819127,-0.037450901400111654,4.554064684135902,-0.001170947265625,0.09460921333430217,0.09461645927234001,-0.435,0.447,0.882,0.14553749861080112,0.11863335219615719,4.724336584067786,-0.0013904785156249994,0.09923683849468129,0.09924657951245411,-0.625,0.815,1.44,1.4177046068194663,0.06014544950884482,8.211869910232187,-0.0029390625000000003,0.05587875666814128,0.055955996418223575,-0.259,0.232,0.491,0.08727154397023185,-0.04934434852850985,4.6286370822452385,2nd_test,549,2004.02.16.06.02.39
-0.002354736328125,0.08786925596907819,0.08790080163305894,-0.469,0.364,0.833,0.430147194240349,-0.022819722791090877,5.335559986727999,-0.0021136230468749998,0.09377321863497379,0.09379703585693354,-0.391,0.464,0.855,0.16919941312570996,0.10727464157134418,4.946851419726969,-0.0016910644531249997,0.10186530253998292,0.10187933824160261,-0.625,0.837,1.462,1.6963702299077017,0.030227685222459,8.215601067282883,-0.00309755859375,0.05746332265950852,0.057546748998640235,-0.237,0.315,0.552,0.1690546666138366,-0.016511828925246316,5.473810518852582,2nd_test,550,2004.02.16.06.12.39
-0.002430078125,0.08561584231134678,0.08565032244174565,-0.356,0.396,0.752,0.4363586459691815,-0.030115242554844653,4.623450195003207,-0.00094765625,0.09396195776071072,0.09396673644749907,-0.442,0.461,0.903,0.1621465692437174,0.15320529269138083,4.9059913903965695,-0.0016743652343750002,0.10029684100466496,0.10031081603921445,-0.671,0.957,1.6280000000000001,2.1114523013217807,0.04163378586647962,9.540347071011167,-0.0031794921875,0.056565517092667654,0.05665480469061075,-0.266,0.229,0.495,0.1949644075427579,0.011448312750901765,4.69510046761115,2nd_test,551,2004.02.16.06.22.39
-0.0023742187499999996,0.08541338928822663,0.08544638075644281,-0.532,0.405,0.937,0.4780069177953763,-0.0056728677582763495,6.226126785992163,-0.0021217773437500003,0.09202267582281581,0.09204713360386352,-0.403,0.442,0.845,0.09438012103255611,0.08717181082455962,4.801887714368173,-0.0017214355468749998,0.0986523324842339,0.09866735045050047,-0.759,0.571,1.33,1.1720999699233419,0.01836110226937334,7.69251425650761,-0.0033010742187499996,0.05727619129000988,0.057371240004792476,-0.283,0.281,0.5640000000000001,0.21184117118313983,-0.022638508075844287,4.932785137142354,2nd_test,552,2004.02.16.06.32.39
-0.00160380859375,0.08659816145580611,0.08661301154867697,-0.391,0.442,0.833,0.4862233238389191,0.021692794278675216,5.103159353216698,-0.0004274414062499997,0.09297111923922516,0.09297210183033403,-0.43,0.496,0.9259999999999999,0.17342844138516078,0.09029710556174433,5.334933708391596,-0.00195498046875,0.09962292248362978,0.09964210271171771,-0.852,0.803,1.655,1.6394091864249383,-0.06945938380099403,8.550602373942635,-0.003057666015625,0.0555285834406706,0.05561270448728982,-0.237,0.225,0.46199999999999997,0.09634818897434716,-0.027243416263940452,4.261616157327941,2nd_test,553,2004.02.16.06.42.39
-0.0019158203125000002,0.08758340524732817,0.08760435629686174,-0.393,0.435,0.8280000000000001,0.4443845022745201,0.02745019501262627,4.965506492861675,-0.0020280761718749997,0.09302371454413089,0.09304581968335211,-0.464,0.364,0.8280000000000001,0.09993739210107933,0.09186800267622748,4.986790396108819,-0.0020239257812500002,0.1029061812642989,0.10292608230166322,-0.972,0.71,1.682,2.0938357017424982,-0.11427169387179913,9.443670430802449,-0.0029156738281249997,0.055842437278526016,0.05591850279717908,-0.278,0.222,0.5,0.19727089091624883,0.010727239872514071,4.971520804184563,2nd_test,554,2004.02.16.06.52.39
-0.0020942871093749997,0.08817470975296222,0.08819957754159384,-0.4,0.439,0.839,0.4654821554251858,-0.003868878832467972,4.977348103373801,-0.0018604003906250003,0.09192000807765378,0.09193883278903085,-0.344,0.474,0.818,0.12940076551308666,0.12806102858994736,5.155601671412527,-0.001796533203125,0.09906652129896454,0.09908280967871332,-0.73,0.642,1.3719999999999999,1.485866546615985,-0.014332898150720209,7.3675746818215595,-0.0030436523437500002,0.05618343499564961,0.05626581722058251,-0.247,0.242,0.489,0.1619432176351845,-0.001015568522765976,4.389876699511536,2nd_test,555,2004.02.16.07.02.39
-0.0015017578125,0.08604078734387456,0.08605389220297506,-0.391,0.403,0.794,0.4927349634179672,-0.019651156954613183,4.683111823051094,-0.0017398437500000003,0.0912652341434395,0.0912818164780437,-0.386,0.415,0.8009999999999999,0.10517672935976696,0.11196725451900258,4.546360009118298,-0.0019802734375,0.09840009607585622,0.09842002027344335,-0.813,0.591,1.404,1.7503415936621574,-0.10906018890194773,8.260514453593453,-0.0032114257812500004,0.05460570066607307,0.05470005302356891,-0.232,0.225,0.457,0.008671498687291113,0.044699053066870324,4.241312159163641,2nd_test,556,2004.02.16.07.12.39
-0.0020556640625,0.08915456824095384,0.08917826412847893,-0.498,0.366,0.864,0.4000941939036653,0.027676746032502655,5.584320404319018,-0.0009240722656250003,0.0930535686961469,0.09305815685172701,-0.581,0.388,0.969,0.19112026379576275,0.11299674330277802,6.243407559849753,-0.001697607421875,0.10018333591499547,0.10019771786830091,-0.735,0.852,1.587,2.13433130985808,-0.016066461800449062,8.503187678499414,-0.0031609863281249996,0.05652329797757321,0.056611615847175084,-0.217,0.242,0.45899999999999996,0.11811451528329187,0.030278421306043284,4.274741082272095,2nd_test,557,2004.02.16.07.22.39
-0.0020389648437500003,0.08559283408887657,0.08561711642539709,-0.398,0.364,0.762,0.40487944030252443,0.006372640925290417,4.648603183712111,-0.0014633300781250003,0.09238557017842033,0.09239715857162153,-0.43,0.42,0.85,0.30628234333385285,0.1298596479453785,4.6538227651452315,-0.001481787109375,0.09602519027989799,0.09603662250062799,-0.518,0.652,1.17,1.4482003748924184,0.07483761732682642,6.789076739854606,-0.00297548828125,0.055800730008559424,0.05588000536864684,-0.234,0.215,0.449,0.1346965855250315,-0.01841358505517675,4.187544336334391,2nd_test,558,2004.02.16.07.32.39
-0.0022212890625000004,0.08824570498964564,0.08827365730623576,-0.381,0.396,0.777,0.3659394532713698,-0.04226739190974397,4.486049542750054,-0.0019783203124999994,0.09351004144103268,0.0935309660035782,-0.417,0.525,0.942,0.15572621599854752,0.12753736395115084,5.61311427035087,-0.001945703125,0.0989211214189713,0.09894025481793292,-0.625,0.986,1.611,2.069027350409196,0.0927327792704976,9.965610072507332,-0.00293681640625,0.055830347020759966,0.055907535619650596,-0.227,0.217,0.444,0.1290269717933885,-0.005452158133011919,4.0602755510502755,2nd_test,559,2004.02.16.07.42.39
-0.002211376953125,0.08880598419897902,0.08883351291927008,-0.366,0.476,0.842,0.3770945051934542,0.010986231035584673,5.358338135600016,-0.0017708984375000001,0.09270647012111835,0.09272338261514057,-0.4,0.508,0.908,0.21411987326961102,0.15713788387195507,5.478661214324285,-0.0022674804687500003,0.09968409348166506,0.09970987895357962,-0.786,0.898,1.6840000000000002,1.7728420634002866,0.027626834326674874,9.006128674662836,-0.0028546386718749997,0.056473174572146734,0.0565452775057575,-0.254,0.271,0.525,0.20667327581843065,0.0007768541561280026,4.792619506865341,2nd_test,560,2004.02.16.07.52.39
-0.0017884765624999997,0.08728705664550379,0.08730537730432188,-0.378,0.452,0.8300000000000001,0.37620336380365016,0.0031887419764519524,5.177229787568279,-0.0012029785156250003,0.0930603097506884,0.0930680847992647,-0.447,0.439,0.886,0.11551734677915126,0.15323804420281809,4.802935409698348,-0.0021459960937500002,0.09934237020109728,0.09936554642533925,-0.676,0.994,1.67,1.8246169771681258,0.07806652519920125,10.003467356130958,-0.002809521484375,0.055833852098889886,0.055904494015882794,-0.266,0.259,0.525,0.127631043097701,-0.012268561053098464,4.758114793413026,2nd_test,561,2004.02.16.08.02.39
-0.0018255859375000002,0.08745980466075431,0.08747885570417858,-0.464,0.415,0.879,0.4396049452472912,-0.02233087013884833,5.3041388831579335,-0.001438037109375,0.09275518468312262,0.09276633137258433,-0.435,0.4,0.835,0.11328030509552844,0.09787584970281094,4.689201281962826,-0.0014974609375,0.09941946132638299,0.09943073810290005,-0.771,0.845,1.616,1.4891968500856514,-0.04238079605699017,8.49837802789936,-0.00288291015625,0.056446867828292654,0.05652043929936983,-0.254,0.271,0.525,0.18845157979004679,-0.010584968308656843,4.794725648889759,2nd_test,562,2004.02.16.08.12.39
-0.002275048828125,0.0888879659499545,0.08891707562606085,-0.381,0.479,0.86,0.4402469914533116,-0.01218920332674179,5.387041764722883,-0.0020722167968749996,0.09363523240546197,0.09365815944208025,-0.41,0.535,0.9450000000000001,0.10799424347494657,0.13748412453785008,5.71226258535585,-0.001834765625,0.09815701429553478,0.09817416065499363,-0.637,0.806,1.443,1.5754641873228845,0.08682853551649372,8.209899576572473,-0.0029422851562499997,0.05573935129043091,0.05581695373467411,-0.237,0.205,0.44199999999999995,0.0368330168373423,-0.029815356170878812,4.246021757517142,2nd_test,563,2004.02.16.08.22.39
-0.002172314453125,0.08603791602122939,0.08606533531776527,-0.4,0.334,0.734,0.32130361436320864,-0.015844278477415263,4.647631924264239,-0.0014376464843749999,0.09262642974356233,0.0926375858626137,-0.403,0.586,0.989,0.25564545898443747,0.11656559887638017,6.325726156797116,-0.001641015625,0.09960953278097186,0.09962304930649835,-0.745,0.491,1.236,1.3681233431968076,-0.1015043128282765,7.4781890855445425,-0.0028909667968749996,0.055451803541972294,0.0555271123423335,-0.254,0.215,0.469,0.11986421294731198,-0.004125284779065003,4.574341961625434,2nd_test,564,2004.02.16.08.32.39
-0.00154423828125,0.08848404967495963,0.08849752380010414,-0.459,0.437,0.896,0.5412085936380691,-0.019660452883292403,5.186585796813823,-0.001361767578125,0.0931981913153565,0.09320813953400543,-0.386,0.605,0.991,0.22553770554086894,0.1500968775779213,6.490849436735994,-0.001555029296875,0.09907715043036656,0.0990893528766619,-0.737,0.647,1.384,1.544070072550559,0.008395879639132573,7.437731487760526,-0.00279931640625,0.05559788541674898,0.05566831266668903,-0.21,0.203,0.41300000000000003,0.03741396753332493,-0.027868892904164243,3.7723435458443144,2nd_test,565,2004.02.16.08.42.39
-0.0017691894531250002,0.08783154763349316,0.08784936420382122,-0.554,0.503,1.057,0.5760381353265771,0.007928480646487424,6.30624939650498,-0.0022650390625000003,0.0938769305747642,0.09390425174662619,-0.347,0.498,0.845,0.20045170107119725,0.10916178373546127,5.303274247245029,-0.00105751953125,0.10004796023784555,0.10005354913901106,-0.713,0.857,1.5699999999999998,1.6539106795948317,0.13525573490664655,8.565413294842218,-0.0028159667968750005,0.05656646109181679,0.056636509333230674,-0.222,0.242,0.46399999999999997,0.04711901329999435,-0.01389915120354162,4.272862202221511,2nd_test,566,2004.02.16.08.52.39
-0.00203662109375,0.08690246040095322,0.08692632195841919,-0.396,0.396,0.792,0.4667661948985651,-0.0026248680861131863,4.555582142137213,-0.00199091796875,0.09167752382426109,0.09169913919392184,-0.374,0.388,0.762,0.06322262158071057,0.09591516798845887,4.231228378002995,-0.0028110839843749997,0.09873136495548623,0.09877137550495399,-0.64,0.662,1.302,1.3055347216634363,-0.007914755799658838,6.702346672899116,-0.003106982421875,0.05544626859623454,0.055533251669748505,-0.217,0.215,0.432,0.08521907287011166,-0.0023447365751751562,3.9075687713475316,2nd_test,567,2004.02.16.09.02.39
-0.00204111328125,0.08671931682883927,0.08674333435306428,-0.481,0.413,0.8939999999999999,0.44798583289768334,-0.03923706279865413,5.545094658647545,-0.001080859375,0.09119775154872363,0.0912041563994276,-0.347,0.471,0.818,0.13153138541058462,0.12223515591912648,5.164238326289609,-0.0024229003906249998,0.09855948004343106,0.09858925678152958,-0.977,0.623,1.6,1.8058590135114274,-0.09424327123800962,9.909801857570432,-0.00300205078125,0.0562683207637792,0.05634834718488867,-0.291,0.249,0.54,0.1580522363904091,-0.009970528454964237,5.164304092895828,2nd_test,568,2004.02.16.09.12.39
-0.001968701171875,0.08851431429343214,0.08853620513180258,-0.435,0.505,0.94,0.44239483736892193,-0.006525636494893895,5.703881245446536,-0.0012366699218749997,0.09360286262526886,0.0936110316369851,-0.361,0.432,0.7929999999999999,0.10795031618334239,0.1418955408135659,4.614840713118525,-0.001260693359375,0.09933345710827622,0.0993414568487302,-0.686,0.71,1.396,1.7251850786935359,-0.008736498556163829,7.147066516992882,-0.0027578125000000003,0.05623045700004219,0.056298044586102186,-0.251,0.237,0.488,0.10932163919855498,-0.004231906098386157,4.458414174788298,2nd_test,569,2004.02.16.09.22.39
-0.0019487792968750002,0.08811929537982273,0.08814084160583206,-0.374,0.461,0.835,0.42207357939809453,-0.00637339900791863,5.230265465995578,-0.00151279296875,0.0927419451544308,0.09275428256201301,-0.388,0.378,0.766,0.10129492253769534,0.08851550130811262,4.183095262867357,-0.00125625,0.10141755021783705,0.1014253304468366,-0.735,0.659,1.3940000000000001,1.504549459644732,0.029191148015667558,7.246710429777825,-0.0025008300781250003,0.0553222916765224,0.0553787875221359,-0.217,0.266,0.483,0.11285379806146167,0.012712177446633529,4.803283204582111,2nd_test,570,2004.02.16.09.32.39
-0.0016519531250000004,0.08997184051706986,0.0899870048126742,-0.356,0.369,0.725,0.418621701128957,0.034172050404120795,4.100592088424835,-0.001512646484375,0.09352262706778601,0.09353485913308938,-0.347,0.396,0.743,0.0879387870827335,0.15485278211448114,4.233715682752071,-0.0022926269531250002,0.0996165855935932,0.09964296394463522,-0.74,0.62,1.3599999999999999,1.3147475532677202,-0.03145926580328992,7.426515337337223,-0.00342421875,0.05567949243928054,0.05578468564349673,-0.229,0.264,0.493,0.07408792667363251,-0.021379960678077174,4.732481629141244,2nd_test,571,2004.02.16.09.42.39
-0.00221708984375,0.0883772052684528,0.08840501059576601,-0.383,0.447,0.8300000000000001,0.5602555996498153,0.03453279582939991,5.0562744914862545,-0.002103076171875,0.09262846795923306,0.09265233945162624,-0.349,0.435,0.784,0.06634486792066907,0.12385174457651592,4.694970494753869,-0.00251220703125,0.09734075962206627,0.09737317221888557,-0.615,0.759,1.374,1.5694750204566654,0.02021238627643353,7.794754784059473,-0.0031017578125000006,0.055565110814960544,0.0556516167007415,-0.264,0.251,0.515,0.2150777845716889,-0.02141888084541767,4.743797496753381,2nd_test,572,2004.02.16.09.52.39
-0.002065576171875,0.0876224469501469,0.08764679009783032,-0.408,0.42,0.828,0.4137279539953309,0.021974405241028724,4.7919610008125675,-0.0013860351562500002,0.09268136253440137,0.09269172592355533,-0.371,0.383,0.754,0.11676953260960676,0.10145998300546853,4.1319761411254285,-0.0007858398437499999,0.10234774770187288,0.10235076454969083,-0.71,0.933,1.643,1.8590439329202884,0.12072254997288852,9.115711095034538,-0.0032603515624999996,0.055646553849678364,0.05574198460457118,-0.22,0.227,0.447,0.11432376573957193,-0.04334022665419146,4.072334374282618,2nd_test,573,2004.02.16.10.02.39
-0.0018838378906250001,0.08949987578834939,0.08951969957125708,-0.415,0.442,0.857,0.49796496157412706,0.01297273554004362,4.93746071660164,-0.0016375,0.09220935990824088,0.0922238985346938,-0.359,0.442,0.8009999999999999,0.09007745829141811,0.10424519652284908,4.792683968233363,-0.0017312011718749998,0.09939249778695887,0.09940757352349028,-0.667,0.73,1.397,1.5877040835069414,-0.009257249219005908,7.3435048670628245,-0.0025252929687499997,0.055453457794437694,0.05551092762634669,-0.261,0.222,0.483,0.07080997400514821,-0.0015512100542547404,4.701776950155342,2nd_test,574,2004.02.16.10.12.39
-0.0017783203125000002,0.08911881924741626,0.08913656021626312,-0.422,0.417,0.839,0.44915542368613437,-0.004073790691489718,4.734308783863874,-0.0008754882812500002,0.09488548363498177,0.09488952252158822,-0.354,0.435,0.7889999999999999,0.11517423695139772,0.1275811315014517,4.584278521334632,-0.000983056640625,0.1019671666864545,0.101971905358397,-0.576,0.815,1.391,1.2173114891054464,0.06003096570963073,7.992397485636424,-0.0027693847656249998,0.05563513329585945,0.05570401734909364,-0.254,0.21,0.46399999999999997,0.08770216266433328,-0.013260019884805005,4.559814750947636,2nd_test,575,2004.02.16.10.22.39
-0.002096923828125,0.08817040070709482,0.08819533236169941,-0.474,0.415,0.889,0.5134914074370189,0.024026916796746137,5.374434080600727,-0.000862939453125,0.0931564702150211,0.09316046697726389,-0.427,0.378,0.8049999999999999,0.09733338501993272,0.06064902953579832,4.583489261594483,-0.0010621093749999997,0.09889772005992119,0.09890342314285688,-0.72,0.92,1.6400000000000001,1.466492187332432,0.08039402264341004,9.302003618841814,-0.003030126953125,0.0556531558006356,0.05573558486211367,-0.352,0.215,0.567,0.12655431802226902,-0.03870087061253207,6.315534337075861,2nd_test,576,2004.02.16.10.32.39
-0.0019158203124999998,0.08843589024435419,0.08845663938213598,-0.425,0.403,0.8280000000000001,0.48489349535248216,-0.07557730884923268,4.80461390986356,-0.0016351074218749998,0.09287132819903732,0.09288572106483524,-0.4,0.515,0.915,0.1485994122137848,0.11795123476687447,5.544447457483589,-0.0022884765625,0.09783683545125853,0.09786359637829457,-0.715,0.728,1.443,1.3646989962390217,0.006636756119857515,7.438925473149953,-0.0026900390625,0.05605149712957919,0.05611601055514371,-0.217,0.205,0.422,0.029881454150052278,-0.03753600044958925,3.8669890793981674,2nd_test,577,2004.02.16.10.42.39
-0.001820947265625,0.09013235071380551,0.090150743170207,-0.42,0.483,0.903,0.6217770021628457,0.004514336506654278,5.357692937513842,-0.00118349609375,0.092737323937337,0.0927448754059355,-0.378,0.479,0.857,0.14148695124189414,0.12595213083823142,5.164705843835552,-0.00203203125,0.09782893057573906,0.09785003223603839,-0.64,0.879,1.5190000000000001,1.753627274239574,0.09607524881998934,8.983134495762375,-0.003157177734375,0.05511454648831778,0.05520490019789344,-0.222,0.208,0.43,0.03579720771200012,-0.04682686378431768,4.021382145428639,2nd_test,578,2004.02.16.10.52.39
-0.0022775878906249997,0.09068182025654924,0.09071041798845723,-0.452,0.439,0.891,0.4888141347703794,-0.022285238655476637,4.982889617513761,-0.0013604003906250001,0.09505643186292846,0.0950661660515158,-0.64,0.525,1.165,0.33858184557778115,0.12469892744703995,6.732153263091051,-0.0010225585937500001,0.09794305723153555,0.09794839501460706,-0.574,0.662,1.236,1.1704135021263173,0.02526887717366097,6.758661026497853,-0.0028071289062500003,0.05740609526346001,0.0574746878729563,-0.298,0.247,0.5449999999999999,0.12144045606344145,-0.023229468064068098,5.184891141184148,2nd_test,579,2004.02.16.11.02.39
-0.0024446289062500003,0.08988117568565582,0.08991441460146977,-0.454,0.432,0.886,0.4496169147110769,-0.03897465668218249,5.049246019197565,-0.0010071289062499999,0.09262602978909976,0.09263150491665889,-0.454,0.42,0.874,0.20208397937117617,0.13667831287741788,4.901140280551043,-0.002303076171875,0.09880900081916077,0.0988358376437129,-0.742,0.735,1.4769999999999999,1.3356225085933815,0.016178572741201457,7.507398304927427,-0.0031569335937500003,0.055453388548714067,0.055543177180010145,-0.249,0.208,0.45699999999999996,0.1708258520956618,-0.03879065800888828,4.48299886030163,2nd_test,580,2004.02.16.11.12.39
-0.0018393066406250003,0.09101847827023163,0.09103706078046937,-0.41,0.439,0.849,0.36341261581366435,-0.009687210938571493,4.822211923710949,-0.00199248046875,0.0933729456250934,0.09339420192455739,-0.469,0.437,0.9059999999999999,0.08968086671017472,0.10842071549141875,5.021725014298321,-0.001796337890625,0.0991875235126542,0.09920378848809468,-0.674,0.84,1.514,1.319930905020068,0.0838271163451108,8.467418561261296,-0.002784375,0.055880999660411185,0.05595032499626342,-0.234,0.254,0.488,0.06877670021571092,-0.025843337678537717,4.539741279651608,2nd_test,581,2004.02.16.11.22.39
-0.002083984375,0.09008923786255496,0.09011333846624067,-0.378,0.491,0.869,0.5452279361146344,0.019480439396568395,5.448693926465675,-0.0016337890624999996,0.09230765512262108,0.09232211252423496,-0.403,0.457,0.8600000000000001,0.20163174740988943,0.11256200106060563,4.9500600397882515,-0.0019035156249999998,0.09807700043835012,0.0980954707757639,-0.684,0.645,1.3290000000000002,1.4338741260344863,-0.017123240497478265,6.972798994528304,-0.002663671875,0.055772253026133735,0.05583582501825105,-0.266,0.261,0.527,0.123661021852711,-0.01632613177864531,4.763966501941875,2nd_test,582,2004.02.16.11.32.39
-0.0021591308593750004,0.09206942183556503,0.09209473537180682,-0.464,0.43,0.894,0.6274695337680583,-0.009970193289901567,5.038290170677955,-0.00163291015625,0.09343787526538215,0.09345214245637977,-0.41,0.403,0.813,0.14421780383838145,0.11448136222872858,4.387272343028267,-0.001963427734375,0.10105736632934044,0.10107643809459564,-0.71,0.737,1.447,1.4055184625216857,-0.04815703782105623,7.291511393614437,-0.002929345703125,0.056828599188302256,0.05690404864289644,-0.242,0.22,0.46199999999999997,0.07347552236255295,0.005780465104261401,4.252772970767468,2nd_test,583,2004.02.16.11.42.39
-0.001678955078125,0.08919257007795696,0.0892083709483904,-0.405,0.383,0.788,0.587115769874706,0.00247680641909757,4.539932695663327,-0.0019396972656250005,0.09211003220877789,0.09213045348300623,-0.366,0.459,0.825,0.13514505943611654,0.11077126360542235,4.982066001440902,-0.0009999023437499998,0.09901097289642555,0.09901602172675768,-0.83,0.632,1.462,1.3017141187484453,-0.0411991304734268,8.382481799582559,-0.00286787109375,0.05566230510786346,0.05573613634376938,-0.251,0.234,0.485,0.10319216363893435,-0.00999355802684484,4.503362027955771,2nd_test,584,2004.02.16.11.52.39
-0.00205166015625,0.08970540254238178,0.08972886132503578,-0.403,0.505,0.908,0.51467069938347,0.017609433947676136,5.628066516580979,-0.0016618652343749999,0.09257512031430691,0.09259003562622506,-0.408,0.422,0.83,0.12385775604467186,0.11190762482369665,4.557725862629603,-0.001739697265625,0.0973786427547237,0.09739418160921177,-0.618,0.64,1.258,1.3548264747662593,0.03689777907882735,6.571234435352512,-0.0029762695312500003,0.05565610632482165,0.05573562910349627,-0.244,0.254,0.498,0.09334066079455816,0.007220099119405846,4.557228546282067,2nd_test,585,2004.02.16.12.02.39
-0.001878271484375,0.09107452721996616,0.09109389338539316,-0.403,0.393,0.796,0.45951746098325197,-0.028710427863563717,4.424006758505689,-0.0018146484375,0.09354233051364114,0.09355993024193103,-0.354,0.435,0.7889999999999999,0.14323677511589006,0.13253837885262548,4.6494262968186275,-0.0019358398437499997,0.09908351208878978,0.09910242097824856,-0.735,0.789,1.524,1.992174396109509,0.07247355843675092,7.961460398280399,-0.0028665527343749997,0.056739392889765504,0.05681175785062565,-0.237,0.208,0.44499999999999995,0.08225973045792179,-0.0372331967661544,4.171671656754031,2nd_test,586,2004.02.16.12.12.39
-0.00206962890625,0.0918006439942167,0.0918239707351109,-0.444,0.466,0.91,0.5832556522576771,-0.03048354319263104,5.074927562642854,-0.0020767578125,0.09273312823949148,0.09275637981343252,-0.371,0.42,0.7909999999999999,0.1620044491202548,0.08306040275135242,4.527990428693398,-0.00196650390625,0.10028480269437241,0.10030408161716302,-0.857,0.969,1.826,2.10104751069524,0.05131387918336139,9.66062381876725,-0.0028961425781249997,0.05719164435771232,0.057264926666956234,-0.251,0.227,0.478,0.06037593877231551,-0.01065159612664203,4.383136670293725,2nd_test,587,2004.02.16.12.22.39
-0.0017212890624999997,0.08979934367745021,0.08981583914286778,-0.522,0.544,1.066,0.5313526949232945,-0.004265579670543827,6.056838138856735,-0.0009051757812499998,0.09300031078035459,0.09300471573225468,-0.552,0.405,0.9570000000000001,0.21617367822971056,0.1341457751443804,5.9351829167800725,-0.001619677734375,0.0985792671290908,0.09859257205120411,-0.796,0.757,1.553,1.6505647319274894,0.00625611174697109,8.073630532516418,-0.002721630859375,0.05563597680384899,0.05570250613260704,-0.232,0.232,0.464,0.07783646967085378,-0.0016052624102800503,4.164983159707912,2nd_test,588,2004.02.16.12.32.39
-0.0029027832031250003,0.09119080363740102,0.09123699259817464,-0.422,0.41,0.832,0.4307299921087786,-0.0505288941318044,4.625316858633694,-0.0012733398437499998,0.09342073685425693,0.09342941436587301,-0.571,0.535,1.1059999999999999,0.26510933061029185,0.10468211484040887,6.111565654878574,-0.0018783691406250003,0.1002632331357047,0.10028082662928704,-0.84,0.662,1.502,1.4878960516408748,-0.06584439785950612,8.37647662296295,-0.00322412109375,0.0570215476696449,0.05711262430906804,-0.222,0.273,0.495,0.13326504014213736,-0.030558053595257574,4.780028991801633,2nd_test,589,2004.02.16.12.42.39
-0.002134375,0.09084378391597234,0.090868854030479,-0.454,0.415,0.869,0.543120842220695,-0.030888378232713527,4.996211351391361,-0.001200830078125,0.0926383459161302,0.09264612850493605,-0.476,0.515,0.991,0.20015077422480587,0.12055528081348738,5.558785977408681,-0.00104453125,0.09726327416524067,0.09726888272656883,-0.632,0.83,1.462,1.9500528276692375,0.08301676854588676,8.533047535095761,-0.00229189453125,0.05658421589974431,0.056630612477098025,-0.237,0.242,0.479,0.10805513003164435,-0.05543467188589065,4.2733071286063495,2nd_test,590,2004.02.16.12.52.39
-0.0019475097656249996,0.08960327125381455,0.08962443312887326,-0.493,0.383,0.876,0.5000568354441408,-0.03241857365368439,5.500732141709638,-0.0010821289062499999,0.09247460849217075,0.09248093975922822,-0.364,0.4,0.764,0.14125959938492905,0.12853397040323192,4.3252155637374,-0.002367626953125,0.09727989607571269,0.09730870381363953,-0.667,0.53,1.197,0.9664338477277736,0.050704323699364055,6.854474202744994,-0.002889404296875,0.0551649720886685,0.05524059017366103,-0.244,0.217,0.46099999999999997,0.06479427760246104,0.0014265851113746276,4.417041874978434,2nd_test,591,2004.02.16.13.02.39
-0.0020207519531250002,0.08980131230891515,0.08982404539353243,-0.376,0.498,0.874,0.44308004759376196,0.008680003884526426,5.544172474226073,-0.0014158691406250003,0.0932465557974784,0.09325730455849357,-0.498,0.488,0.986,0.1947354716025309,0.11014115178298585,5.340064270057264,-0.00149296875,0.10090647621807544,0.10091752027491312,-0.833,0.85,1.6829999999999998,2.347826808191094,-0.004932487924192045,8.422719837705694,-0.002584912109375,0.055444176923978516,0.055504400955155124,-0.251,0.278,0.529,0.06471229344357843,-0.035393671070266766,5.008611843583394,2nd_test,592,2004.02.16.13.12.39
-0.0015564941406249998,0.09139292334375963,0.09140617654911579,-0.444,0.5,0.944,0.5828125625920308,0.005042525841349812,5.4700898655996415,-0.001461572265625,0.09341369778284916,0.09342513113158112,-0.427,0.476,0.903,0.17089116413447059,0.12270184644237234,5.094988834690536,-0.0023208496093750004,0.09808746562609331,0.09811491862025558,-0.718,0.696,1.414,1.3662923675943484,-0.015598324403983125,7.317949299551808,-0.0027107910156249997,0.05695487952338001,0.05701935363938392,-0.259,0.237,0.496,0.12392859951421453,0.0016427345076109364,4.542317361811752,2nd_test,593,2004.02.16.13.22.39
-0.00220263671875,0.09193215140416172,0.09195853451590287,-0.425,0.383,0.808,0.4359665616194084,-0.055027476575790685,4.621648248666695,-0.0012684082031249998,0.09433317718790468,0.09434170433977952,-0.403,0.496,0.899,0.27226533641121753,0.13310313155629055,5.257483988293842,-0.0016632324218750002,0.09912414493493853,0.09913809787953304,-0.632,0.762,1.3940000000000001,1.3767443118034892,0.050320673183187614,7.686247933849333,-0.0031273925781250002,0.05681573605021688,0.0569017437981089,-0.273,0.256,0.529,0.1806758537376667,-0.028399028086671593,4.79774400172733,2nd_test,594,2004.02.16.13.32.39
-0.0018162597656249998,0.09038048900211067,0.09039873667146503,-0.381,0.386,0.767,0.47912682547507224,-0.008994214156270677,4.269971176683197,-0.0013441894531250002,0.09208513829999786,0.09209494850976152,-0.361,0.417,0.778,0.10093451702889134,0.08911982004531523,4.527935644062741,-0.0018254394531250003,0.09875684137348967,0.09877371081044603,-0.542,0.613,1.155,1.2572929483755075,-0.021758897954803832,6.2061047920958,-0.002694921875,0.05660414897552914,0.05666826523863466,-0.273,0.222,0.495,0.159503724875663,-0.0417136562633192,4.817511156298104,2nd_test,595,2004.02.16.13.42.39
-0.0019430664062499998,0.09159794525518655,0.09161855206251215,-0.454,0.449,0.903,0.47732192161953524,-0.03595667677055766,4.955328258028749,-0.001127978515625,0.09384666307508042,0.0938534416303386,-0.352,0.461,0.813,0.174484836859913,0.14187620611656065,4.911913638828856,-0.001528564453125,0.09827668791324329,0.09828857459788688,-0.901,0.713,1.6139999999999999,1.6724239958040474,-0.03780118999679683,9.166884387905283,-0.0029165039062500004,0.05511148201851705,0.055188598870713326,-0.261,0.247,0.508,0.062464042138128395,0.01899790675110233,4.729237656616327,2nd_test,596,2004.02.16.13.52.39
-0.001699560546875,0.09142726104563606,0.09144305642507458,-0.449,0.4,0.849,0.5755229887249769,0.018024298933638716,4.910159585085452,-0.0015744628906250002,0.09442551225931566,0.09443863774339466,-0.43,0.452,0.882,0.21302665778101426,0.11689082080846182,4.78617662003313,-0.00217978515625,0.1014594251064069,0.10148283798874567,-0.676,0.703,1.379,1.3358812103263995,0.05183760698086086,6.927279665464564,-0.002478955078125,0.0559234649508707,0.05597838109833675,-0.251,0.273,0.524,0.12874211977202865,0.0015753902206887174,4.8768827293441435,2nd_test,597,2004.02.16.14.02.39
-0.0022939453125,0.09035473613622591,0.09038385103182842,-0.393,0.476,0.869,0.385410349683454,0.011194814783252951,5.266427515100142,-0.00176796875,0.0946177665527808,0.09463428269362799,-0.422,0.461,0.883,0.15029028575722103,0.09509612289955162,4.8713847336655425,-0.0020990234375000004,0.1001586766429091,0.10018066882512813,-0.754,0.735,1.4889999999999999,1.748396879866723,0.03814593068629684,7.5264021376083,-0.0026289062499999997,0.05603974144711912,0.05610137047819108,-0.227,0.225,0.452,0.10153141096687479,-0.04135970161983678,4.046246964398098,2nd_test,598,2004.02.16.14.12.39
-0.0017541503906250001,0.09099477554843573,0.09101168178153354,-0.391,0.388,0.779,0.5069703567366908,0.015227645482240263,4.296151794384691,-0.0016803222656250002,0.09360672595511911,0.09362180636450637,-0.413,0.459,0.872,0.16945158726480214,0.11556878351852899,4.902703951342601,-0.00219609375,0.09999923058480854,0.10002334200231713,-0.674,0.955,1.629,1.8029287574110109,0.04870353827311726,9.547771358892694,-0.003115966796875,0.0561116499899321,0.05619810062334736,-0.217,0.217,0.434,0.06054470079983609,-0.007643143639362921,3.861340465054553,2nd_test,599,2004.02.16.14.22.39
-0.0016595703125,0.09109987611374874,0.09111499109127158,-0.457,0.496,0.9530000000000001,0.5420037471466377,0.01990016495650028,5.443670619445091,-0.0014013183593750002,0.09325903854182876,0.09326956611291072,-0.447,0.505,0.952,0.20900812894304854,0.12716148606012664,5.414413522447829,-0.0009630371093749998,0.10057592772259344,0.10058053826528457,-0.564,0.891,1.455,1.1486568261352588,0.07115644728587793,8.858572596232273,-0.00293828125,0.056608608618320136,0.056684813366599786,-0.237,0.249,0.486,0.1654686294074974,-0.002717085909245562,4.392710943321633,2nd_test,600,2004.02.16.14.32.39
-0.0017581542968750003,0.09314847364028707,0.09316506452553379,-0.447,0.547,0.994,0.5609820953544635,-0.002375529843010001,5.871299534647048,-0.0016327148437500002,0.09280001422778177,0.09281437603322829,-0.386,0.396,0.782,0.034866571565400406,0.1332610245013213,4.266580425579355,-0.0016198242187500003,0.09739318466658922,0.09740665403348991,-0.898,0.979,1.877,2.485914505600973,-0.016638327316841225,10.050648076396854,-0.002947265625,0.05565424487846316,0.05573222898517742,-0.239,0.269,0.508,0.05105641543345918,-0.0029056137965965795,4.826650663240417,2nd_test,601,2004.02.16.14.42.39
-0.0018046386718749998,0.09194259719876635,0.09196030611296717,-0.374,0.447,0.821,0.39486897540859767,-0.0060814349831588375,4.860792866935753,-0.001576318359375,0.09313907892589594,0.09315241705256164,-0.452,0.452,0.904,0.22300479431804376,0.1385222062035079,4.852262714129091,-0.0015492187499999998,0.09805464943965381,0.09806688715090711,-0.652,0.989,1.641,1.3899012679431166,0.10289294313885895,10.084953532460185,-0.00294033203125,0.05511945350397857,0.05519782339034076,-0.227,0.229,0.456,0.09922804373772331,-0.008635016993499429,4.148714313903993,2nd_test,602,2004.02.16.14.52.39
-0.0020703124999999997,0.09218131619884988,0.09220456198041396,-0.488,0.503,0.991,0.7432975552995371,0.042682115673109276,5.455261531434764,-0.001460986328125,0.09394327858455152,0.09395463837547152,-0.332,0.42,0.752,0.12010721699277616,0.14492251622988003,4.470242313286131,-0.00018291015625000018,0.09865520341605019,0.09865537297677962,-0.586,0.798,1.384,1.1541623693432594,0.03933310667597721,8.08876370250747,-0.002683642578125,0.056099654685855684,0.05616380679191337,-0.232,0.222,0.454,0.08017831082856519,-0.001965734011026598,4.13077412746305,2nd_test,603,2004.02.16.15.02.39
-0.0021659667968749997,0.09180432572924035,0.09182987332434706,-0.442,0.371,0.813,0.5517784022496657,-0.08015390921864018,4.813248499581653,-0.0019452636718749999,0.09319093032140391,0.0932112307875069,-0.405,0.403,0.808,0.1661822793299752,0.14853464698451813,4.344969984560457,-0.0016223144531249997,0.09838759191229124,0.09840096618674217,-0.723,0.632,1.355,1.6645926482878126,-0.022277158605662994,7.347488830755649,-0.0032150390625,0.055979904042782164,0.05607215113416374,-0.293,0.259,0.552,0.09528870780003906,-0.018587100030776686,5.225410369823586,2nd_test,604,2004.02.16.15.12.39
-0.0023229003906249995,0.093382117695304,0.09341100455237795,-0.5,0.417,0.917,0.46252264920486175,-0.0029152523179089875,5.3526883945915005,-0.0018276855468749998,0.09386372552716316,0.09388151790579909,-0.325,0.447,0.772,0.10737785885137496,0.13048752472301392,4.761320544942183,-0.001511279296875,0.10136096094664584,0.10137222681356381,-0.63,0.911,1.541,1.6101570165196684,0.07905901534397285,8.98668233525595,-0.00276943359375,0.05559317438634944,0.055662112794801905,-0.266,0.217,0.483,0.11966762162604105,-0.023132759753307447,4.778834051374026,2nd_test,605,2004.02.16.15.22.39
-0.0014637695312499997,0.09313785647333142,0.09314935818183344,-0.381,0.447,0.8280000000000001,0.6215580358289516,0.020015575893097215,4.79874481928935,-0.00186083984375,0.09359669063450995,0.09361518692314966,-0.481,0.439,0.9199999999999999,0.23236730633218583,0.14982025324998027,5.138055221635387,-0.0021037597656249998,0.09818104801329615,0.09820358442613296,-0.759,1.038,1.7970000000000002,2.1309458102879564,0.024539307110036022,10.56987895151827,-0.0029160156249999998,0.05436672150831109,0.05444486711056883,-0.232,0.242,0.474,0.09781882601039271,-0.043607074413663016,4.444863452492074,2nd_test,606,2004.02.16.15.32.39
-0.0020039062500000005,0.09359113145530917,0.09361258209954337,-0.503,0.422,0.925,0.5944372850986572,-0.06288268724045408,5.373209334828083,-0.0017837890625000002,0.09466337528325305,0.09468018020387108,-0.342,0.4,0.742,0.04486293186626744,0.10877586164370587,4.224749035484207,-0.00129345703125,0.09914473280576765,0.09915316976384946,-0.688,0.779,1.467,1.2951554585112914,0.026832795623391595,7.856531484040981,-0.0031341308593749997,0.05618574652372422,0.0562730920482594,-0.247,0.254,0.501,0.06090305627587922,0.008014434651947552,4.51370256636436,2nd_test,607,2004.02.16.15.42.39
-0.00230234375,0.09450843626765197,0.09453647609520888,-0.449,0.371,0.8200000000000001,0.4948223120819719,-0.03499771217809009,4.749489493801915,-0.0006587890625,0.09493397572508554,0.09493626151265912,-0.52,0.396,0.916,0.19845791835239313,0.105494312572242,5.477359142957026,-0.0011783203125,0.10177948858004814,0.10178630916962753,-0.74,0.789,1.529,1.443353543753731,0.057899765091207506,7.75153364365904,-0.00325927734375,0.056500894125471754,0.05659482242909903,-0.225,0.251,0.476,0.08677080626448097,0.013991853618094177,4.435034676714698,2nd_test,608,2004.02.16.15.52.39
-0.0018067382812499999,0.09486459281639577,0.09488179632277996,-0.413,0.425,0.838,0.45458474965973483,-0.05345132863514018,4.479257523220852,-0.001323193359375,0.09355606497763429,0.0935654216832566,-0.486,0.471,0.957,0.16265232441951571,0.11605179895458452,5.194226576993825,-0.00076884765625,0.10021916016754345,0.10022210929433809,-0.886,0.842,1.728,1.9462027142174438,-0.02733833575746417,8.840364728196885,-0.003138818359375,0.055498059307375565,0.055586749928180954,-0.271,0.249,0.52,0.08276254986893772,0.004332406021526789,4.8752625462949615,2nd_test,609,2004.02.16.16.02.39
-0.002327099609375,0.09588292160878376,0.09591115706125188,-0.405,0.498,0.903,0.5121334435393043,0.011267629088632913,5.1923052046673694,-0.002183642578125,0.09420183210473071,0.09422713763453115,-0.432,0.496,0.9279999999999999,0.13603508231323547,0.12872133000635635,5.263876335907803,-0.001973828125,0.09817571489284128,0.09819555484943043,-0.652,0.632,1.284,1.1746826654010318,0.02879294172443358,6.639811761266727,-0.003283154296875,0.05735140062563674,0.05744529794386461,-0.264,0.244,0.508,0.13935865981268147,-0.02429762631200772,4.595676399021978,2nd_test,610,2004.02.16.16.12.39
-0.001824365234375,0.09451864152530166,0.09453624651051508,-0.466,0.479,0.9450000000000001,0.45030249249972787,-0.021704374893095214,5.06683962686899,-0.00135546875,0.09368144321115054,0.09369124877840113,-0.376,0.466,0.8420000000000001,0.1497165091995898,0.11211941441762001,4.9737836358357335,-0.001749951171875,0.0980765093412685,0.09809212003862428,-0.779,0.647,1.4260000000000002,1.6083886465209387,-0.0187338549267026,7.9415145649347085,-0.00266806640625,0.056043257007661856,0.056106730740393344,-0.239,0.234,0.473,0.19520174692097214,-0.01410041671417832,4.259738481316916,2nd_test,611,2004.02.16.16.22.39
-0.002173193359375,0.09481914031088155,0.09484404113423192,-0.42,0.452,0.872,0.5362435114092148,-0.03152018402464271,4.76571848468079,-0.00166044921875,0.09375902684767586,0.0937737287678764,-0.398,0.422,0.8200000000000001,0.14633116697154103,0.123666399845386,4.500194303247779,-0.00232275390625,0.09857028757001143,0.09859765097274757,-0.605,0.791,1.396,1.4562806705242748,0.07736295177691385,8.02250349970924,-0.0030996582031250003,0.057001848413357835,0.05708606312853975,-0.244,0.254,0.498,0.1217424020131892,-0.031539552684599154,4.449422259573637,2nd_test,612,2004.02.16.16.32.39
-0.0017346679687500004,0.09558295342597416,0.09559869276613436,-0.452,0.437,0.889,0.4700351608607565,-0.029625122049336962,4.728098124741219,-0.0013485839843749997,0.09208471930902251,0.09209459380975832,-0.386,0.405,0.791,0.0779550055914684,0.10862842216848641,4.397652275140266,-0.0012739746093749997,0.10062055253381534,0.10062861721953464,-0.557,0.964,1.521,1.602093994721396,0.08290882820329398,9.57977985414752,-0.002749755859375,0.05632361610715089,0.05639069860067238,-0.276,0.347,0.623,0.1921006168601651,-0.020541164378171464,6.153497094460699,2nd_test,613,2004.02.16.16.42.39
-0.0019507812499999998,0.09625091780901182,0.0962706846686077,-0.437,0.43,0.867,0.48214773837679425,-0.016392114499991454,4.539284222395888,-0.001141455078125,0.09490765999648156,0.094914523892306,-0.432,0.422,0.854,0.23356990313979642,0.14884377550313743,4.5514635935551215,-0.00169912109375,0.09928614393828462,0.0993006817228613,-0.728,0.806,1.534,1.9461005857884262,0.00791585634872992,8.116762000097362,-0.0027669433593750003,0.05718606155151914,0.057252961594385005,-0.234,0.259,0.493,0.17022683957228146,-0.00882885796118714,4.523783447752287,2nd_test,614,2004.02.16.16.52.39
-0.00187724609375,0.09627513860956524,0.09629343885845754,-0.391,0.425,0.8160000000000001,0.4809149930704564,0.00040881731305404987,4.413592504680377,-0.001065185546875,0.09325202797552236,0.09325811139947493,-0.417,0.439,0.856,0.14680830994944216,0.08633175548224571,4.707365326269778,-0.001366943359375,0.09840371429644633,0.09841320806418404,-0.637,0.854,1.491,1.3974828694628156,-0.005018329639753857,8.677696996061266,-0.0032862304687499995,0.057125234253567914,0.05721967930020887,-0.225,0.234,0.459,0.15704481742895693,-0.021150322794456927,4.089502123355248,2nd_test,615,2004.02.16.17.02.39
-0.0015850585937500002,0.09497518174685494,0.09498840749582946,-0.466,0.508,0.974,0.7511586473517373,0.02138280067933913,5.348021020533017,-0.0013333496093749998,0.09409859233383784,0.0941080384472582,-0.415,0.413,0.828,0.15399316284822762,0.1289942668462693,4.4098252056137826,-0.0009539062500000001,0.09843301142730247,0.09843763343244924,-0.698,0.935,1.633,1.857723136871014,0.04112936224885658,9.498399823194914,-0.0028130859375,0.05683386497207884,0.05690344154931449,-0.327,0.249,0.5760000000000001,0.1578094028720649,-0.0430820119496563,5.74657685178609,2nd_test,616,2004.02.16.17.12.39
-0.0023247558593750004,0.09549244976104748,0.09552074356479788,-0.464,0.503,0.9670000000000001,0.6564783060272297,-0.038974765964673,5.265871906174147,-0.0015213378906249997,0.09439951582324548,0.09441177393016523,-0.415,0.481,0.8959999999999999,0.2627089344475584,0.1411527844108322,5.094703552024059,-0.0012237304687499999,0.09937192380925486,0.09937945842986115,-0.623,0.713,1.3359999999999999,1.2535287566931324,0.018487481507333783,7.174520884474713,-0.0031461425781249995,0.057295729891774956,0.057382043157708534,-0.229,0.229,0.458,0.06714626401574986,0.003601293489151129,3.990795506647031,2nd_test,617,2004.02.16.17.22.39
-0.001941650390625,0.09490302288929583,0.09492288322509818,-0.437,0.461,0.898,0.5195036890723932,-0.04191146010988256,4.856573929617555,-0.000660498046875,0.09497069357867431,0.0949729903524385,-0.369,0.422,0.7909999999999999,0.1481157096562833,0.13699100358020494,4.443368566468661,-0.0008984863281249998,0.10088452507720175,0.10088852599644013,-0.637,0.703,1.3399999999999999,1.3640862804838765,0.07450941677786706,6.968086737810376,-0.003306591796875,0.05728643334009775,0.05738178277241502,-0.315,0.227,0.542,0.17977559835353718,-0.016432217229874035,5.489547113651887,2nd_test,618,2004.02.16.17.32.39
-0.00176201171875,0.09426557865206811,0.09428204497096067,-0.479,0.466,0.9450000000000001,0.47955622735407344,0.024794250109829986,5.080500747968013,-0.0016286621093750003,0.09447707305362693,0.09449111002124419,-0.41,0.461,0.871,0.16814585376214186,0.14733481535376367,4.878765842537735,-0.001995166015625,0.09960181234071232,0.09962179334354695,-0.767,0.75,1.517,1.6526749274388504,-0.022907807942451723,7.699118578876533,-0.002622412109375,0.056897090109527815,0.05695749211651725,-0.283,0.286,0.569,0.20131179130871812,0.00511306238330319,5.021288497216696,2nd_test,619,2004.02.16.17.42.39
-0.002434814453125,0.09328469083302592,0.09331646084820391,-0.386,0.493,0.879,0.6900665599350058,-0.04144753497726455,5.283097917704685,-0.001241650390625,0.09300336988607905,0.09301165790297136,-0.432,0.4,0.8320000000000001,0.1377456243271613,0.06863165766880688,4.644579074657637,-0.0006927734375000002,0.09660151187333609,0.09660399593831509,-0.747,0.825,1.572,2.051874929754125,0.0597455051155893,8.540019405804395,-0.002974462890625,0.05560096111716883,0.05568046611371554,-0.217,0.256,0.473,0.04931147418752202,-0.029664316272505806,4.597662660951448,2nd_test,620,2004.02.16.17.52.39
-0.001748681640625,0.09845005065436922,0.09846557957645975,-0.552,0.493,1.045,0.6142024183200445,0.007110728644009216,5.606019914459134,-0.0017250976562500002,0.09347371797536942,0.09348963532960486,-0.576,0.53,1.1059999999999999,0.2723032297273442,0.058430542217498646,6.161110779426048,-0.001661669921875,0.10057268892382072,0.1005864151080894,-0.649,0.62,1.2690000000000001,1.2719679643096757,-0.025462516942714057,6.4521635381491365,-0.002925537109375,0.05781684250755609,0.057890811403208675,-0.232,0.232,0.464,0.07205116007266055,0.0006028630225560934,4.007544450882123,2nd_test,621,2004.02.16.18.02.39
-0.0016535156249999998,0.09503868695899781,0.09505307008620237,-0.447,0.42,0.867,0.5214360964550426,-0.030028712415334273,4.702636112541331,-0.0003012207031249999,0.09377244647155092,0.09377293026866482,-0.469,0.454,0.923,0.15240151857143003,0.05194406653045759,5.001443365918998,-0.00047753906250000004,0.09887629425609956,0.09887744742546199,-0.603,0.806,1.409,1.1978188291220562,0.13099819269824847,8.15150492835533,-0.002970556640625,0.0566831315699209,0.05676091623052014,-0.234,0.22,0.454,0.1156735003469116,4.093792504960379e-05,4.122555017356406,2nd_test,622,2004.02.16.18.12.39
-0.001448388671875,0.09557886945078164,0.09558984315937742,-0.427,0.432,0.859,0.5461967132436896,-0.04973483089447392,4.519308597203208,-0.0010159179687500002,0.09330852846819267,0.09331405882405261,-0.479,0.42,0.899,0.20031477529420716,0.08575428530766036,5.1332029281679885,-0.0014242675781249998,0.10029132675177614,0.10030143947005758,-0.576,0.845,1.4209999999999998,1.4231675876047873,0.07433600075487687,8.424604915504013,-0.0029790527343750003,0.05663401901719661,0.056712316697824776,-0.283,0.259,0.542,0.1224627531250948,-0.018765577649975353,4.9900976802427905,2nd_test,623,2004.02.16.18.22.39
-0.00179560546875,0.09692809996445481,0.09694473044843,-0.537,0.493,1.03,0.7066014705423598,0.03707694695852091,5.539238672494111,-0.001657373046875,0.09403837906743377,0.09405298306298888,-0.444,0.452,0.896,0.08077170485021634,0.10518091089180227,4.805801849926249,-0.0019878417968749998,0.10062334576779994,0.1006429790323976,-0.723,0.632,1.355,1.213508569555672,0.00597666034748013,7.183809610405887,-0.003522265625,0.056483489294091006,0.05659320558131294,-0.254,0.222,0.476,0.07913044383898304,0.02287767407553945,4.488171281101323,2nd_test,624,2004.02.16.18.32.39
-0.0018451171874999998,0.09649377021860993,0.0965114094210498,-0.513,0.498,1.0110000000000001,0.5868126529442286,0.005347423829440987,5.31543371993069,-0.0016024902343750001,0.09465229256568146,0.09466585690147544,-0.432,0.518,0.95,0.14347059057067124,0.12760311499943347,5.471877791521419,-0.0019836914062500003,0.09782926038335754,0.09784937004779336,-0.54,0.74,1.28,1.2810392077658843,0.06317091994264529,7.562644497670175,-0.0026546875000000004,0.056213439485665644,0.05627608856815877,-0.261,0.254,0.515,0.10422613436732098,0.006227221227340509,4.637848980553296,2nd_test,625,2004.02.16.18.42.39
-0.00206416015625,0.09610307518105546,0.09612524026709245,-0.405,0.427,0.8320000000000001,0.5574171385605213,-0.02897750517399276,4.442121536540254,-0.002187060546875,0.09285738455165361,0.09288313678816718,-0.344,0.51,0.854,0.07577097474207095,0.12707755108280797,5.490770635337549,-0.001713134765625,0.09676659349455488,0.0967817567895191,-0.498,0.657,1.155,0.919337192120683,0.049148147112719774,6.78846945733848,-0.0032308593750000002,0.05669111262644238,0.056783102267532026,-0.327,0.266,0.593,0.1590994539989654,-0.02051069898260733,5.758755456043767,2nd_test,626,2004.02.16.18.52.39
-0.002319677734375,0.09612540130917151,0.09615338622035434,-0.42,0.54,0.96,0.5643935427422329,0.00610786179682812,5.616026863129584,-0.001640966796875,0.0929882203952115,0.09300269837105198,-0.352,0.437,0.7889999999999999,0.14316968529319896,0.11035089447440317,4.698788396996896,-0.001483251953125,0.09838654491089178,0.09839772485103188,-0.801,0.696,1.4969999999999999,1.4441579265993507,0.008626538629761269,8.140432120808937,-0.003028515625,0.05614607298002133,0.05622769262533143,-0.298,0.215,0.513,0.10280419379738959,-0.03574462581702821,5.2998795803412815,2nd_test,627,2004.02.16.19.02.39
-0.0022940917968749994,0.09565264910863361,0.09568015540681293,-0.447,0.435,0.882,0.5436207732186147,-0.020913074033234186,4.671815154300004,-0.0008269042968750001,0.09499430168347302,0.0949979006244184,-0.388,0.413,0.8009999999999999,0.06316359366915059,0.10304267565360367,4.3474644942784595,-0.00174560546875,0.09941703037183176,0.09943235422339275,-0.491,0.796,1.287,1.1577485379099466,0.07087373526106704,8.005442556490584,-0.003209326171875,0.05734207917299383,0.05743181886689098,-0.242,0.232,0.474,0.10352277621412131,-0.0020811641510291765,4.213692074713266,2nd_test,628,2004.02.16.19.12.39
-0.0016488281249999997,0.09587125623493316,0.09588543375429867,-0.422,0.461,0.883,0.5675984206307501,-0.027514076223508314,4.80782097911222,-0.001918408203125,0.09200103139816182,0.09202103057649037,-0.393,0.435,0.8280000000000001,0.11826295012034516,0.10189559556409919,4.727180268141955,-0.001287109375,0.10062471996197324,0.10063295145213992,-0.784,1.057,1.841,2.0626292447505916,0.06381413839056743,10.503517831256252,-0.002764306640625,0.0567507405083821,0.056818024776061384,-0.237,0.242,0.479,0.12235933925708897,-0.004765174035128968,4.259211772136444,2nd_test,629,2004.02.16.19.22.39
-0.0021183105468749997,0.09356724330764812,0.09359121892445693,-0.383,0.432,0.815,0.5771797568819839,0.045614765105353415,4.6158176478508866,-0.001649267578125,0.09386059094044806,0.09387507984142743,-0.449,0.386,0.835,0.06641802513557726,0.08026556040954572,4.782951990599231,-0.0021556640625,0.09923455773261222,0.09925796862689414,-0.691,0.72,1.411,1.766519061067747,0.001627036229941284,7.253825662090577,-0.0035399414062499994,0.05624762379005727,0.05635890672455863,-0.217,0.242,0.45899999999999996,0.08406543365255015,0.004601952509129048,4.293908701572693,2nd_test,630,2004.02.16.19.32.39
-0.0019236328125,0.09778247306724465,0.0978013926401038,-0.542,0.535,1.077,0.6771886124561832,-0.02843193631710454,5.541843376289605,-0.0006886718749999999,0.09383920676957118,0.09384173376538688,-0.437,0.547,0.984,0.293605936474997,0.09789973859831826,5.828963064149287,-0.001412939453125,0.09831469342829015,0.09832484600444018,-0.635,0.818,1.4529999999999998,1.3466827764639682,0.08084630924795883,8.319362126992205,-0.0035005859375000004,0.05668320080555549,0.05679119082629584,-0.225,0.242,0.46699999999999997,-0.01206651664928815,0.015572592521690926,4.261224258106,2nd_test,631,2004.02.16.19.42.39
-0.002181201171875,0.09708231057954604,0.09710681060572232,-0.439,0.491,0.9299999999999999,0.6499851458312187,0.05948135770925023,5.05628798775531,-0.001245947265625,0.09286708784108155,0.09287544556378653,-0.408,0.43,0.838,0.21196199170264496,0.09440803858769221,4.629856657861712,-0.0017109863281249999,0.10270062975443162,0.10271488123038391,-0.747,0.767,1.514,1.3740827707931489,-0.003791131690858624,7.4672724225051015,-0.002791357421875,0.05700875475455694,0.05707705138601569,-0.256,0.264,0.52,0.08464229926218891,-0.013655526629147456,4.625326529394907,2nd_test,632,2004.02.16.19.52.39
-0.0020691894531249997,0.09406876405599629,0.09409151883148463,-0.417,0.454,0.871,0.5973913543767053,0.00601573266892025,4.825089504701021,-0.00167724609375,0.09202243819143921,0.09203772207718013,-0.381,0.43,0.8109999999999999,0.10004948049197626,0.10383351439770871,4.67199741900112,-0.0016130859375000002,0.0991687349562388,0.09918185337581921,-0.723,0.789,1.512,1.6305395275342303,0.027863087301397964,7.95508425318865,-0.0026847656249999997,0.05635609735707458,0.05642001130610707,-0.283,0.271,0.554,0.23528827437445088,-0.02392547967613434,5.015950784900876,2nd_test,633,2004.02.16.20.02.39
-0.00210263671875,0.0963140650874664,0.09633701373222937,-0.439,0.557,0.996,0.5472246871079167,0.0276087482568102,5.781786028186536,-0.001539404296875,0.09375594778026826,0.09376858487662926,-0.364,0.41,0.774,0.1179868217021629,0.10701657197304067,4.372466541273519,-0.002477734375,0.09830704000028148,0.09833825949878308,-0.623,0.627,1.25,0.9653432288637505,-0.044610573285418224,6.375951772884317,-0.0029713378906249996,0.05698062058141225,0.05705804036858544,-0.254,0.247,0.501,0.09959192548383156,0.03108421367914627,4.451607492208823,2nd_test,634,2004.02.16.20.12.39
-0.001822119140625,0.09587481384944377,0.09589212714726963,-0.51,0.449,0.9590000000000001,0.6811948931940965,-0.007184546000463887,5.318476241656747,-0.00150830078125,0.09240311611951747,0.09241542533497181,-0.425,0.447,0.872,0.2394520618148106,0.08936806283538337,4.836854868924242,-0.0021958984375000006,0.09958043772211078,0.09960464621128373,-0.767,0.664,1.431,1.5750494584585732,-0.020555774563655795,7.700443997013161,-0.0030541992187500004,0.057276877662704666,0.05735825004004437,-0.283,0.437,0.72,0.3127039771623914,0.029401527861785275,7.618781948321155,2nd_test,635,2004.02.16.20.22.39
-0.002164306640625,0.09739518356995239,0.09741922811159702,-0.488,0.552,1.04,0.5790203454839511,-0.04887423782855838,5.666232536373611,-0.0018983886718749998,0.09296942477350348,0.09298880482222376,-0.447,0.398,0.845,0.10732639771080432,0.09957829998242942,4.807030274770912,-0.0019626464843749995,0.09762647156595385,0.09764619773263383,-0.723,0.71,1.4329999999999998,1.8205509096108203,-0.007132357396510593,7.404282161321326,-0.0029095703125,0.056157504039724006,0.05623282723974494,-0.264,0.21,0.474,0.12760317825573164,-0.033365343410759654,4.694766615054917,2nd_test,636,2004.02.16.20.32.39
-0.001724658203125,0.09764422684677404,0.0976594566973515,-0.442,0.454,0.896,0.6133940913684968,-0.02686820871756509,4.648807349013888,-0.001742333984375,0.09230405007884955,0.0923204927882855,-0.396,0.403,0.799,0.10687831217703536,0.04956524121106548,4.365227998942952,-0.0008751953125,0.099829301820232,0.09983313812933059,-0.627,0.815,1.442,2.0145272324144408,0.06223644675322406,8.163621972255648,-0.003511328125,0.05677114460669992,0.05687962979095636,-0.247,0.278,0.525,0.18395197648519135,0.001871005505362125,4.887514229906493,2nd_test,637,2004.02.16.20.42.39
-0.0017319335937499999,0.0948210754185315,0.09483689122646313,-0.461,0.493,0.954,0.6512805700988582,0.0332188784218825,5.198398994517396,-0.0017803222656249998,0.0942395102205805,0.09425632516698482,-0.396,0.432,0.8280000000000001,0.2102864320436817,0.12096407265790093,4.583246792510573,-0.0018214355468749999,0.09714299422823401,0.09716006872722006,-0.579,0.75,1.329,1.4070111048534528,0.06849199355063666,7.719220558580802,-0.00297197265625,0.056791326634216356,0.056869037290460174,-0.215,0.244,0.45899999999999996,0.030714527310490958,-0.0010434338728018482,4.290559707375961,2nd_test,638,2004.02.16.20.52.39
-0.0020203125000000004,0.09748992524821395,0.09751085676733642,-0.479,0.415,0.8939999999999999,0.5207344685544979,-0.022260994597276342,4.9122735239420035,-0.001223974609375,0.09337309643633293,0.0933811182839075,-0.415,0.422,0.837,0.114985876422534,0.07689954894403964,4.519114867659544,-0.002089794921875,0.10001877994241322,0.10004060967419368,-0.654,0.552,1.206,1.0214688125169946,-0.008514565407888877,6.53734520534582,-0.002824609375,0.05662856897420385,0.05669897038031202,-0.232,0.256,0.488,0.14912276246354494,0.04120621109996167,4.515073171141351,2nd_test,639,2004.02.16.21.02.39
-0.0015130859375,0.09843639396525677,0.09844802225508394,-0.41,0.457,0.867,0.5386898269168503,-0.015103373647776542,4.642043481698873,-0.0015115234375,0.09380356211598731,0.09381573945106439,-0.408,0.378,0.786,0.1838073018899662,0.133752700981804,4.34895042540777,-0.0003946777343750001,0.0978272185461202,0.09782801469407613,-0.889,0.735,1.624,1.9263947632068792,0.003927854553489434,9.087376481787532,-0.0032312499999999993,0.056272794339827306,0.05636548908130755,-0.239,0.229,0.46799999999999997,0.1323062341500818,-0.004945980595599597,4.240183202366982,2nd_test,640,2004.02.16.21.12.39
-0.00176455078125,0.09940383393201764,0.09941949426467503,-0.432,0.439,0.871,0.6725187096744207,-0.02123072572011468,4.41563300278793,-0.001379833984375,0.09296161849523538,0.09297185840391771,-0.378,0.408,0.786,0.2582934449040737,0.0738689118326809,4.388424701838798,-0.0006386718750000001,0.09805455178409533,0.09805663173566462,-0.676,0.789,1.465,1.265132194654421,0.02814900977192183,8.046370612840283,-0.0032789550781250005,0.056899311995390264,0.05699371238964106,-0.239,0.308,0.5469999999999999,0.16185308361238304,-0.010959159717322154,5.404104892991261,2nd_test,641,2004.02.16.21.22.39
-0.0016810546874999998,0.0983651064774757,0.09837946999850884,-0.422,0.493,0.915,0.5520838440108813,0.0330496423725162,5.011208131152376,-0.0014736328125,0.09422738345647019,0.09423890590790382,-0.354,0.469,0.823,0.14969123228630732,0.14226029740502052,4.976713125822572,-0.002224951171875,0.09776952646491338,0.09779483990932561,-0.803,0.896,1.699,2.002529282017104,0.04735189708897958,9.162037596478507,-0.00282939453125,0.05706941270444512,0.05713950769689699,-0.308,0.264,0.5720000000000001,0.18063149296689973,0.03756618612888145,5.390315954915654,2nd_test,642,2004.02.16.21.32.39
-0.0018572265625000002,0.09803372410072997,0.09805131488951334,-0.413,0.396,0.8089999999999999,0.6552368688722146,-0.03163399196956978,4.2120801792527365,-0.0009922851562500002,0.09317303154705596,0.09317831527506816,-0.374,0.461,0.835,0.19347625800941382,0.13522064746532736,4.947503060493763,-0.0012503417968749999,0.09787379107491118,0.09788177733359961,-0.757,0.791,1.548,1.70917260705676,0.019465412493653227,8.081177329831693,-0.002774658203125,0.05653987507085337,0.05660791641786398,-0.259,0.261,0.52,0.1934832261475603,-0.009743126590162965,4.6106625453012535,2nd_test,643,2004.02.16.21.42.39
-0.0015690429687499996,0.09791493996037309,0.09792751075811766,-0.4,0.476,0.876,0.6111333437801081,4.218274879528586e-06,4.860738277835591,-0.0009364257812500001,0.09406814279855169,0.09407280363002105,-0.408,0.408,0.816,0.13426387742937784,0.11545319824793192,4.337066444838682,-0.0015818359375000001,0.09842424237185209,0.09843695287546364,-0.664,0.559,1.223,1.1618136584261185,-0.07802996755547253,6.745434317062886,-0.002600341796875,0.05616463478965256,0.05622479860804861,-0.356,0.232,0.588,0.12604796327530376,-0.02599988132053187,6.33172565855499,2nd_test,644,2004.02.16.21.52.39
-0.001627294921875,0.09725953373048636,0.09727314629554436,-0.491,0.386,0.877,0.5724844892623211,-0.036247240812406614,5.04764180756681,-0.001186669921875,0.09371298731889242,0.09372050030667985,-0.383,0.415,0.798,0.09976872478077903,0.08652951477466451,4.42806001501886,-0.001903076171875,0.09822581370911831,0.09824424755543897,-0.645,0.828,1.4729999999999999,1.1460013561048266,0.06408071766488495,8.427974365871485,-0.0020902343750000005,0.05681027276939064,0.05684871301863394,-0.271,0.271,0.542,0.14962388403758098,0.016516970267632727,4.767038435969593,2nd_test,645,2004.02.16.22.02.39
-0.0014086914062500003,0.09837636823344928,0.09838645353035777,-0.391,0.464,0.855,0.5403197851984634,-0.027033723995058132,4.716096407033452,-0.0015958984375000003,0.09344216221005208,0.09345578938895385,-0.454,0.42,0.874,0.13085562612766877,0.14338537288770506,4.85791199200767,-0.0011451171875,0.09962491293315841,0.09963149386771485,-0.562,0.74,1.302,1.070810562330733,0.05002890876767474,7.427370315004043,-0.0029162109375,0.05646068020384191,0.056535941624001454,-0.259,0.254,0.513,0.1323372166418575,0.005552201983342273,4.581156562632795,2nd_test,646,2004.02.16.22.12.39
-0.0022640136718749997,0.10376910203435047,0.10379379699636138,-0.488,0.496,0.984,1.0579778032148015,0.02224209670061174,4.778705610053067,-0.0020932128906250005,0.09349087915505526,0.09351430920126944,-0.486,0.576,1.0619999999999998,0.21107320372461302,0.102283631032568,6.1594851623629525,-0.0010840332031250004,0.1014292545119141,0.10143504719192535,-0.779,0.791,1.57,1.474125626425728,0.004083898716294716,7.798093675606519,-0.0028240722656250002,0.056760727033897763,0.05683093803183373,-0.254,0.239,0.493,0.10415565823468231,-0.016590536583660515,4.4693965785546785,2nd_test,647,2004.02.16.22.22.39
-0.0016309082031250003,0.10637398947336635,0.10638649114453806,-0.5,0.496,0.996,0.8593839482326833,-0.058150663672739876,4.699844826313462,-0.0005608886718749997,0.09268898928122955,0.0926906863178719,-0.447,0.403,0.8500000000000001,0.16052565149392306,0.13043501479985353,4.822490993995266,-0.0011677246093749999,0.0982737047148284,0.09828064213842228,-0.806,0.752,1.558,1.5137345911950089,-0.004690301307962447,8.201004617537981,-0.003165185546875,0.057854770938754296,0.05794128855938462,-0.356,0.215,0.571,0.13410103877825463,-0.07624883629370778,6.144150550414283,2nd_test,648,2004.02.16.22.32.39
-0.002164794921875,0.10500558225887016,0.10502789459271344,-0.457,0.498,0.9550000000000001,0.8594033690020813,-0.036005389568740095,4.741597476807921,-0.0013324707031249997,0.09363228683023654,0.09364176747175576,-0.444,0.41,0.854,0.2848389263936877,0.13003901758927958,4.741473938210081,-0.00149521484375,0.10133585902709134,0.10134688940558315,-0.769,0.767,1.536,1.7665340061652328,-0.010406767568964866,7.58780071596404,-0.002600390625,0.05734096280559311,0.05739989587860765,-0.261,0.212,0.473,0.11929096069269374,-0.014816529416604383,4.54704657561452,2nd_test,649,2004.02.16.22.42.39
-0.0016755859375000002,0.10534146824160609,0.10535479352896693,-0.439,0.51,0.9490000000000001,0.8345135768103153,-0.04559297185090279,4.840785909327766,-0.0012726562500000001,0.09497576209292473,0.09498428838003947,-0.359,0.42,0.7789999999999999,0.15184054150520998,0.12620004625181094,4.421783930360417,-0.00166630859375,0.09875496663561607,0.0987690235829597,-0.559,0.789,1.348,1.164244553155676,0.07314707708407298,7.988334513900522,-0.0028073730468749997,0.05798492155102743,0.05805284205534751,-0.22,0.225,0.445,0.041171559606673735,-0.010670573839237713,3.875779238880493,2nd_test,650,2004.02.16.22.52.39
-0.00208916015625,0.10625564856160724,0.1062761847330165,-0.52,0.527,1.0470000000000002,0.8989962838910843,-0.04214172701670748,4.958777936175946,-0.001475732421875,0.09355966040776283,0.09357129817308764,-0.405,0.415,0.8200000000000001,0.09717587734604471,0.10713554894640803,4.435120684420775,-0.00131357421875,0.09735612587520154,0.09736498714967434,-0.593,0.801,1.3940000000000001,1.0982601098828129,0.03964986998683368,8.226776621049986,-0.003091162109375,0.057232277039909386,0.05731569434595882,-0.295,0.278,0.573,0.19275541326287504,0.0042498432213315,5.146932325624923,2nd_test,651,2004.02.16.23.02.39
-0.0021498535156250003,0.1042700012427267,0.10429216187852698,-0.457,0.435,0.892,0.7805928630818695,-0.0405011399857617,4.381920863122036,-0.0015078613281249997,0.09299495605817565,0.09300717981987666,-0.369,0.466,0.835,0.1219608394082976,0.13804483277418944,5.010365876026706,-0.001730810546875,0.09807286656450372,0.098088138229493,-0.564,0.906,1.47,1.4129885564833797,0.10320350528318772,9.236590849252643,-0.00309052734375,0.05724603739113768,0.05732940045256012,-0.249,0.232,0.481,0.03127493129032377,-0.041321374547986525,4.343321193489601,2nd_test,652,2004.02.16.23.12.39
-0.00222412109375,0.10583460325573028,0.1058579707010176,-0.491,0.508,0.999,0.932443746332901,-0.021959523457071087,4.798882848699061,-0.00165595703125,0.09350243246366992,0.09351709506989886,-0.366,0.51,0.876,0.1615644360699271,0.11604649247627917,5.453548355125334,-0.0010217285156250001,0.0983671443344384,0.09837245048117829,-0.684,0.789,1.473,1.6683315984528768,0.05548003216053511,8.020538231310399,-0.0031902832031250002,0.058781861152108254,0.05886837102741909,-0.244,0.261,0.505,0.126361842094445,0.0005712772206675836,4.433620218130387,2nd_test,653,2004.02.16.23.22.39
-0.0016638671875,0.10619686540460416,0.10620989914212917,-0.481,0.461,0.942,0.7618131670541999,-0.018680843374084922,4.52876807040181,-0.0016882324218750002,0.093069566755494,0.09308487731509145,-0.356,0.53,0.886,0.10265001764337711,0.13824319877781416,5.693728297027896,-0.0005892578125000002,0.0988942969763634,0.09889605249563174,-0.583,0.713,1.2959999999999998,1.3815299938346675,0.04479045596536128,7.209590089799425,-0.00259482421875,0.05634329062978607,0.05640300977535463,-0.251,0.249,0.5,0.10241999327134321,-0.019355692371599644,4.450117130189472,2nd_test,654,2004.02.16.23.32.39
-0.0022435546875,0.10299146827083759,0.10301590204535778,-0.449,0.571,1.02,1.035295589771101,-0.005549846191328379,5.542833568967308,-0.0011640624999999997,0.09356707277099992,0.09357431350770093,-0.537,0.393,0.93,0.1720924482384314,0.09324641009499218,5.738754363932015,-0.0023267089843749997,0.09949982946705942,0.09952702968878291,-0.75,0.928,1.678,1.6824921420275665,-0.05201639947844901,9.324100225762743,-0.0032386718750000002,0.05796686122759999,0.05805726480031375,-0.261,0.208,0.469,0.14982655868146688,-0.0036973171980086874,4.495561423591109,2nd_test,655,2004.02.16.23.42.39
-0.00148330078125,0.10595899954424515,0.10596938126470778,-0.493,0.493,0.986,0.7446224362206095,-0.05052026083159421,4.65228723723366,-0.00085625,0.09293937056792724,0.09294331479791863,-0.476,0.386,0.862,0.125068553737687,0.13744046664539974,5.121401157574574,-0.000591845703125,0.09826105447269314,0.09826283685820329,-0.703,0.84,1.543,1.7787757672035207,0.060085104618673266,8.548501415683742,-0.003138671875,0.05783452628203446,0.05791963131276174,-0.264,0.249,0.513,0.09802119598753345,-0.016303898444300455,4.558040063650638,2nd_test,656,2004.02.16.23.52.39
-0.0014659179687500003,0.10594924027191699,0.10595938103673266,-0.53,0.527,1.057,0.8544294796051406,-0.02282361658493963,5.001916723270254,-0.0014310058593749997,0.09322992843617767,0.09324091019495882,-0.647,0.454,1.101,0.274546626197254,0.10368231645942606,6.939014201386912,-0.0023649414062500004,0.10031086798417585,0.10033874218662377,-0.769,0.676,1.445,1.3671030342176618,-0.02283271754138461,7.66403866775651,-0.003010595703125,0.05772238868332807,0.05780084637612908,-0.239,0.242,0.481,0.04807811511334448,0.0010833893145142377,4.186789903058508,2nd_test,657,2004.02.17.00.02.39
-0.0018698242187500003,0.1046235968561095,0.10464030419355035,-0.549,0.474,1.0230000000000001,0.9503298348422975,-0.06483677415511667,5.246544381018646,-0.0014208007812499999,0.09304983951481996,0.09306068616012753,-0.403,0.427,0.8300000000000001,0.1234867064882823,0.11010220302868791,4.588403735393502,-0.001201513671875,0.1004980525292004,0.10050523467593926,-0.579,0.92,1.499,1.4362026064528886,0.10380773487716093,9.1537520702998,-0.0028700683593749997,0.05695840092671264,0.05703066480864154,-0.249,0.215,0.46399999999999997,0.04586380465608242,-0.004689002819816327,4.366072196968399,2nd_test,658,2004.02.17.00.12.39
-0.0022325195312500002,0.10561847953754985,0.10564207193765772,-0.488,0.481,0.969,0.8951812464408859,-0.022863855306557938,4.619371724206268,-0.002174560546875,0.09400975861133966,0.09403490536888083,-0.369,0.405,0.774,0.15659247868165949,0.15107034633480548,4.306911336880237,-0.002155126953125,0.10196391733148319,0.1019866903559755,-0.635,0.73,1.365,1.0750359811678916,0.02965755788944332,7.157796742347868,-0.002289306640625,0.05734436344109651,0.057390042196877454,-0.264,0.217,0.481,-0.020819380861058612,-0.01641762329315613,4.6001011654555635,2nd_test,659,2004.02.17.00.22.39
-0.0016324218750000002,0.10434677548583268,0.10435954367219488,-0.461,0.496,0.9570000000000001,0.7816348788004697,-0.037082335313783285,4.752799624663358,-0.002053173828125,0.09432597471814631,0.09434831757533821,-0.43,0.532,0.962,0.25189518136465505,0.0909061932670336,5.638680303647739,-0.0021015136718750002,0.0985745385287007,0.09859693710181557,-0.642,0.688,1.33,1.5339874212514601,-0.04326396273515303,6.977904387461476,-0.0025944335937500003,0.05874004876053578,0.05879731638486998,-0.269,0.283,0.552,0.1563361114726498,-0.00839883027084732,4.81314484053578,2nd_test,660,2004.02.17.00.32.39
-0.00187197265625,0.10661143815612846,0.10662787171909487,-0.505,0.459,0.964,0.7678642560795552,-0.03740551442805824,4.736097531100104,-0.00153017578125,0.09398861024106711,0.09400106538209421,-0.42,0.471,0.891,0.23509281624115275,0.1660605758994519,5.010581508629452,-0.0018033691406250003,0.09752774273960853,0.09754441421291445,-0.684,0.684,1.368,1.3484219806451971,-0.02745685202964211,7.012190349515977,-0.0031937988281250003,0.05817700874324059,0.05826460930329512,-0.244,0.229,0.473,0.10308800934544893,-0.03525944643900632,4.187790889074287,2nd_test,661,2004.02.17.00.42.39
-0.00165927734375,0.10660886235708324,0.10662177420384168,-0.483,0.486,0.969,0.765469776591543,-0.014485438513994796,4.558168381875705,-0.0017247558593750003,0.0937139220811664,0.09372979235338877,-0.371,0.398,0.769,0.14212725928490633,0.125895883481106,4.246248604661122,-0.0020248046875000003,0.09997834418814146,0.09999884569646292,-0.674,0.696,1.37,1.2153298985240015,-0.018665481264093654,6.960080340383951,-0.0032549804687500004,0.05961612162508398,0.05970491483511847,-0.269,0.349,0.618,0.18291372673330386,-0.00043810344245098505,5.845414920328678,2nd_test,662,2004.02.17.00.52.39
-0.0023523437500000003,0.10467625720588139,0.10470268546579882,-0.635,0.581,1.216,0.7869819151709754,-0.038785664155529954,6.064791912155474,-0.00148671875,0.09224659980276183,0.09225857958917695,-0.388,0.427,0.815,0.16485275318648895,0.12319023109169867,4.628295838682779,-0.0018065429687500003,0.09666356097149308,0.09668044071676286,-0.698,0.791,1.4889999999999999,1.2880893119545336,-0.0014660734804126522,8.181592824024762,-0.002756640625,0.057793617311912994,0.057859323099490635,-0.271,0.217,0.488,0.0758730975785551,0.00868775266631357,4.6837741176011445,2nd_test,663,2004.02.17.01.02.39
-0.00182509765625,0.10419411991093308,0.10421010318327466,-0.466,0.491,0.9570000000000001,0.8916386740504207,0.03003721306603901,4.711635292518279,-0.0017135742187500001,0.09307185297253186,0.09308762620425848,-0.393,0.408,0.8009999999999999,0.163804217225322,0.08976627976083179,4.382967066969339,-0.001305810546875,0.0973006158718949,0.09730937770962456,-0.574,0.781,1.355,1.269071592529201,0.017349111758145026,8.025947944323642,-0.0027970703125000003,0.05773169801989788,0.05779941659388744,-0.247,0.269,0.516,0.17107711900334133,0.005532538062322548,4.654026214233346,2nd_test,664,2004.02.17.01.12.39
-0.0018949707031250007,0.10610636041632907,0.10612328036187736,-0.527,0.479,1.006,0.8149963220300802,-0.05855082417662549,4.965922634486788,-0.001694384765625,0.09328447234652262,0.09329985916764894,-0.496,0.449,0.9450000000000001,0.23492508468283813,0.12619521197681913,5.3161923760616805,-0.00077333984375,0.09931171625014125,0.0993147272012691,-0.637,0.796,1.433,1.5723532509562936,-0.006429827702325765,8.014924094578928,-0.003006298828125,0.05790779485065365,0.057985778748839575,-0.234,0.205,0.439,0.03600703003860728,-0.03476285063900101,4.035472232071168,2nd_test,665,2004.02.17.01.22.39
-0.001646240234375,0.10684368830670976,0.10685637013248496,-0.532,0.479,1.0110000000000001,0.9259511693175684,-0.02436546304425811,4.978645628102711,-0.0015526367187500005,0.09285109447389858,0.09286407500094561,-0.415,0.435,0.85,0.21957347494825052,0.11924012431666992,4.684265686067365,-0.0007994628906249999,0.09958820470964239,0.09959141357668906,-0.53,0.632,1.162,1.1583167230556386,-0.00581773102385377,6.345928602639932,-0.0029443847656250004,0.059820190227872314,0.0598926085635521,-0.271,0.266,0.537,0.19098165076458473,0.02360159917960133,4.524765350768066,2nd_test,666,2004.02.17.01.32.39
-0.0014062500000000002,0.10483115097547938,0.10484058257137954,-0.442,0.603,1.045,0.7773012336510239,-0.04778357028931343,5.751589558210462,-0.0013703125,0.09288622533472654,0.09289633261480913,-0.439,0.444,0.883,0.0885582151681592,0.10456064541125537,4.779521295380394,-0.001530078125,0.09726487561756375,0.09727690973693989,-0.618,0.769,1.387,1.3063793667742711,0.04932326738037785,7.905267571427333,-0.0023548828125,0.057310207625109355,0.057358568419145106,-0.269,0.234,0.503,0.177303850062132,0.019404597649396525,4.689796266001708,2nd_test,667,2004.02.17.01.42.39
-0.0018466796875,0.10358289973678944,0.10359935976515493,-0.425,0.474,0.899,0.8176352010912522,0.0076991910768523485,4.57531785012876,-0.0009566894531249998,0.09239406058203717,0.09239901344466225,-0.476,0.444,0.9199999999999999,0.2220265038852398,0.11917458631855125,5.151570154803922,-0.0020883300781249997,0.0958179918341301,0.09584074645807296,-0.576,0.686,1.262,1.3396175207131868,0.02155886843956296,7.1577071897383835,-0.003121044921875,0.05801998869666611,0.05810387258837078,-0.247,0.227,0.474,0.15635130151115773,-0.021011161042998706,4.251007531728357,2nd_test,668,2004.02.17.01.52.39
-0.0017053710937500002,0.10614715155693699,0.1061608500070471,-0.559,0.466,1.0250000000000001,0.6430516614183497,-0.046073558652955156,5.26559461381128,-0.0012795898437500002,0.09284027916259205,0.09284909684620658,-0.347,0.466,0.813,0.1286881879827,0.13442536576641484,5.018896422512912,-0.00043496093749999996,0.09901822240161959,0.0990191777313554,-0.613,0.94,1.553,1.729040587640113,0.06921757554016819,9.493110542088923,-0.00293505859375,0.05774919068524904,0.05782372863928787,-0.254,0.222,0.476,0.12793629672603712,-0.0062957200037378844,4.392660348489341,2nd_test,669,2004.02.17.02.02.39
-0.0021922851562500003,0.1062959236188349,0.10631852845194717,-0.466,0.491,0.9570000000000001,0.7746946322817005,-0.06889835567028421,4.618197854547049,-0.0016369140625000001,0.09230203374913788,0.09231654738926819,-0.496,0.464,0.96,0.20152820917914926,0.10328372365438554,5.372817918581379,-0.0007956054687499999,0.09781377155835136,0.09781700718449347,-0.613,0.652,1.2650000000000001,1.0981121868621644,0.04209332512989716,6.665507550886236,-0.00293408203125,0.05893717814182654,0.05901016696034252,-0.261,0.242,0.503,0.18407062988504252,-0.01425673530256305,4.4229666418497136,2nd_test,670,2004.02.17.02.12.39
-0.001649755859375,0.10489966343887303,0.10491263548297877,-0.435,0.486,0.921,0.7594868721250303,-0.05970775277350097,4.632425806081453,-0.0015895019531249998,0.09453680250813906,0.09455016417183988,-0.547,0.466,1.0130000000000001,0.1606813057511598,0.14749092070686656,5.785288738368252,-0.00147880859375,0.09968138862608356,0.09969235734639466,-0.52,0.964,1.484,1.6351820967046367,0.10626516941494651,9.669748270078328,-0.003075439453125,0.05709511853777026,0.05717788810958197,-0.237,0.239,0.476,0.046184540528332096,-0.00705664274314814,4.179937523011942,2nd_test,671,2004.02.17.02.22.39
-0.00222900390625,0.10293961366314318,0.1029637437136551,-0.474,0.483,0.957,0.7345061687411087,-0.002428813659855202,4.690971623356516,-0.0024074707031249997,0.09463844301001824,0.09466905941513772,-0.4,0.415,0.815,0.1932179055596306,0.1295118614549496,4.383692016794847,-0.0020517578125,0.10090494277972138,0.10092580040554545,-0.776,0.828,1.604,1.5576539661030955,-0.010025611212621743,8.204046900442522,-0.0035029785156250005,0.05729141592581471,0.057398407619598864,-0.352,0.232,0.584,0.17513048375053364,-0.0020264381044432897,6.132574309843326,2nd_test,672,2004.02.17.02.32.39
-0.0017624511718749996,0.10198831440725149,0.10200354165305059,-0.552,0.552,1.104,0.9054039207769429,-0.01790827273292484,5.411576804579314,-0.001567578125,0.09308394608703759,0.09309714453361338,-0.466,0.481,0.9470000000000001,0.14327116160487385,0.10248108227488081,5.166646113632034,-0.00248662109375,0.10150980900834716,0.1015402610267228,-0.693,0.786,1.479,1.3835984825528103,0.019639438111170374,7.740771907070479,-0.0024143554687499997,0.057967280043480285,0.058017537589669814,-0.251,0.244,0.495,0.09415168879150215,0.02503838628281304,4.326278060452621,2nd_test,673,2004.02.17.02.42.39
-0.0022574218749999994,0.1048669769520988,0.10489127136513195,-0.461,0.442,0.903,0.7653851180387234,-0.032580534143837284,4.395027288694405,-0.0014263671875,0.09375639742800314,0.09376724685107936,-0.388,0.457,0.845,0.15193152206191884,0.1132431445657636,4.873770056626822,-0.0020474609375,0.09755819523954362,0.09757967798003589,-0.652,0.779,1.431,1.4101907779089773,-0.020587759797944846,7.983219622341802,-0.0031562988281249997,0.058422810941056676,0.05850800851632941,-0.256,0.227,0.483,0.07794237312197971,-0.013490313109568669,4.3754693842326855,2nd_test,674,2004.02.17.02.52.39
-0.00238818359375,0.10281090090426959,0.10283863459626931,-0.481,0.496,0.977,0.8056773825533741,-0.02134167948916816,4.823090095880856,-0.0015503417968750002,0.0928995152120881,0.09291245065290295,-0.391,0.483,0.874,0.12186846538659646,0.11389695538091592,5.198442152808621,-0.0018798828125,0.09873515723887955,0.09875305177246423,-0.632,0.637,1.2690000000000001,1.2571750681576859,0.049745009890243885,6.450433566967165,-0.003309619140625,0.0574534779977212,0.05754872468517982,-0.291,0.244,0.5349999999999999,0.09144880766226926,-0.007583908322359525,5.056584686921531,2nd_test,675,2004.02.17.03.02.39
-0.0020735351562499995,0.10411814607733272,0.104138791478608,-0.537,0.53,1.0670000000000002,0.767350526474162,-0.0453236704588022,5.1565799100439245,-0.001978515625,0.09331836901410612,0.09333934068511117,-0.381,0.493,0.874,0.16399044659273798,0.10617273167565218,5.281802896571756,-0.001982763671875,0.09863994681266747,0.0986598725875134,-0.869,0.767,1.6360000000000001,1.9111243695235487,0.026966434273368617,8.808038944307073,-0.00327958984375,0.057356788822688826,0.05745047374559891,-0.281,0.232,0.513,0.1674088036716923,0.0038669003294429486,4.891169413840305,2nd_test,676,2004.02.17.03.12.39
-0.002402001953125,0.10524364665863592,0.10527105383433104,-0.522,0.53,1.052,0.8042036898939058,-0.02149548155331198,5.0346223457499155,-0.0014488769531249997,0.09470183175216479,0.09471291454516972,-0.425,0.439,0.864,0.1285890586290548,0.11059512679648834,4.635059559760465,-0.001036962890625,0.10001786339939027,0.10002323875487948,-0.654,0.613,1.267,1.0988183518384487,0.016583844608610215,6.538480538469438,-0.0025067382812499995,0.05770502132263332,0.05775944271421124,-0.21,0.276,0.486,0.05531970512197404,0.015214469279029792,4.778439455533633,2nd_test,677,2004.02.17.03.22.39
-0.00197587890625,0.10529723231413343,0.10531576914436294,-0.457,0.508,0.9650000000000001,0.8374606137177665,-0.005411978713467028,4.823589136958482,-0.0016085937499999998,0.09471342376343075,0.09472708279496288,-0.488,0.439,0.927,0.16452330315673747,0.13091349618323914,5.151641807139001,-0.002503173828125,0.0983009975673661,0.09833286328564385,-0.657,0.74,1.397,1.3097996294809118,0.03758517883943412,7.525459701533079,-0.00324033203125,0.05814757419743325,0.05823778959334523,-0.234,0.251,0.485,0.07341598061523014,0.0065861440804666545,4.309916323204196,2nd_test,678,2004.02.17.03.32.39
-0.001993505859375,0.10319522564778863,0.10321447893638458,-0.425,0.452,0.877,0.7876753191941406,0.004344139839311848,4.379230556152954,-0.0010965820312500002,0.09362832963057302,0.09363475103594017,-0.371,0.444,0.815,0.03517757188546167,0.09644053855062676,4.741829236293222,-0.0019068847656249998,0.09796678761722007,0.09798534423854863,-0.525,1.045,1.5699999999999998,1.8906217716180844,0.15026095842733328,10.66486022078207,-0.0026945312500000003,0.057901878118278884,0.05796454078383827,-0.283,0.269,0.552,0.18297062991732993,-0.015847256465402634,4.882295213042109,2nd_test,679,2004.02.17.03.42.39
-0.0016300292968750001,0.10399037377794015,0.10400314819265989,-0.488,0.459,0.9470000000000001,0.7657113842738918,-0.029368027861976297,4.692165655325314,0.00018217773437500008,0.09382601899563879,0.0938261958586027,-0.347,0.447,0.794,0.09678011343574378,0.08551209417216568,4.7641279272248305,-0.0015117187500000005,0.10032834551337996,0.10033973393940833,-0.659,0.82,1.479,1.5834312297968918,0.01595906542704775,8.172236140141623,-0.00264326171875,0.05746568595272696,0.05752644517551254,-0.266,0.259,0.525,0.08632474123221767,0.014938738236392957,4.623960322662265,2nd_test,680,2004.02.17.03.52.39
-0.0017270507812500002,0.10478630929616466,0.10480054064895132,-0.469,0.5,0.969,0.8513716239181859,-0.04638696069503723,4.770967753592712,-0.0015078613281249997,0.09303912114373997,0.09305133910366027,-0.557,0.43,0.9870000000000001,0.18420198422949952,0.0866354331862573,5.985942871531485,-0.000814306640625,0.0969157844612626,0.09691920538802862,-0.728,0.759,1.487,1.5142759316713805,-0.012041040568205185,7.831265196133353,-0.002810888671875,0.056686382195009585,0.0567560307058587,-0.203,0.227,0.43000000000000005,0.06930727829786854,0.02579881973616467,3.9995749733176487,2nd_test,681,2004.02.17.04.02.39
-0.0028621582031250004,0.10485010316830717,0.10488916094613579,-0.505,0.525,1.03,0.8011197732616546,-0.005933738228531229,5.0052836275866515,-0.001599267578125,0.09404349272998204,0.09405709001261214,-0.376,0.376,0.752,0.13374749702787625,0.08856505997675067,3.9975721122733487,-0.00189208984375,0.09778054577850304,0.09779885038546593,-0.693,0.776,1.4689999999999999,1.4728456639479663,-0.00404783644784197,7.934653596985309,-0.0031346191406250003,0.057365716950131485,0.0574512951843505,-0.239,0.242,0.481,0.07189803831273389,0.005591908724005736,4.212263609014467,2nd_test,682,2004.02.17.04.12.39
-0.0014580078125,0.1044703204074305,0.10448049403028538,-0.525,0.532,1.057,0.8875430047913371,-0.011294745799652235,5.091859537347701,-0.00119658203125,0.09318201604020751,0.09318969858238087,-0.457,0.415,0.872,0.2563775975191547,0.1067317201537814,4.903975513893333,-0.0013639160156250004,0.09850138074409387,0.0985108231383264,-0.769,0.793,1.562,1.907472991147242,0.025842547343307758,8.049876904169603,-0.00270908203125,0.058421278961397774,0.05848405732280807,-0.269,0.33,0.599,0.22194057343653562,0.015622817997388648,5.642563377107926,2nd_test,683,2004.02.17.04.22.39
-0.00209873046875,0.10530391525817447,0.10532482726442635,-0.513,0.537,1.05,0.8239941692202497,-0.053580327548383336,5.098512990168218,0.0024021972656250003,0.09404026058240374,0.09407093686207964,-0.41,0.405,0.815,0.15891128436538438,0.07862530133851456,4.358413062227236,-0.0013188476562499998,0.09851017107345872,0.09851899900051005,-0.771,0.776,1.5470000000000002,1.669063712295337,0.027099403280466474,7.876653314231358,-0.0028410644531250005,0.05800073311800735,0.05807027371601692,-0.251,0.222,0.473,0.10974515854348121,-0.01527885779406265,4.32234918029062,2nd_test,684,2004.02.17.04.32.39
-0.00174560546875,0.10709339131389001,0.10710761691664371,-0.508,0.562,1.07,0.9259360914985333,-0.03482180885041305,5.247059137093195,-0.0020310058593749998,0.09234628891160737,0.09236862054045666,-0.41,0.437,0.847,0.1294276800387344,0.13588959690568075,4.7310439133803746,-0.001836279296875,0.09736686073083718,0.09738417474227716,-0.615,0.652,1.267,1.2648076245669255,-0.014638011950838,6.695132979447569,-0.0025835449218749996,0.05769097830057381,0.05774879809693553,-0.266,0.349,0.615,0.25172469406117726,-0.04073789167795911,6.043415819808662,2nd_test,685,2004.02.17.04.42.39
-0.0014053222656250002,0.10711509271296862,0.10712431104832426,-0.518,0.479,0.997,1.0499797079690092,0.0012977414078426674,4.835503677232448,0.0004300781249999998,0.09467181642799057,0.09467279330921186,-0.422,0.52,0.942,0.21805827652234333,0.12174027606191841,5.492602275884368,-0.0008417480468749999,0.0991158211449676,0.09911939538261735,-0.613,0.896,1.509,1.2870909979418679,-0.005055006122464543,9.039603162753883,-0.0032449218749999995,0.058205610883102554,0.05829599176830256,-0.291,0.229,0.52,0.06585169408518832,-0.005575252695498174,4.9917668636908665,2nd_test,686,2004.02.17.04.52.39
-0.002170458984375,0.10518518220292614,0.10520757314597474,-0.547,0.518,1.065,0.8787991225503635,-0.0303828961021568,5.199245488115596,0.0007211425781249997,0.09213859254723365,0.09214141459302178,-0.33,0.383,0.7130000000000001,0.06330583286909297,0.13405088965133058,4.15665422207279,-0.00197099609375,0.097876307255917,0.09789615083166575,-0.635,0.691,1.326,1.0877559485772252,0.007537975455894414,7.0585001976342125,-0.002931640625,0.05732110089876021,0.05739602011463862,-0.249,0.244,0.493,0.11073459343053038,0.0033719144708589874,4.338279892897231,2nd_test,687,2004.02.17.05.02.39
-0.0021233886718750004,0.10514338916451799,0.1051648280769437,-0.417,0.51,0.927,0.8321046946773341,-0.03051343558569358,4.849530107366406,-0.019135302734375,0.09461789058397305,0.09653343995371177,-0.449,0.383,0.8320000000000001,0.253346512590646,0.12208224863852592,4.651237956615306,-0.0021141113281250004,0.0996920777558411,0.09971449159467433,-0.608,0.605,1.213,1.0574691011906276,0.0008178330767352865,6.097408614039159,-0.0026887207031250004,0.0583926635291409,0.05845453252782778,-0.247,0.229,0.476,0.06455738647077336,0.028231168937248693,4.225506377596776,2nd_test,688,2004.02.17.05.12.39
-0.002530419921875,0.10571934420289815,0.10574962299541249,-0.491,0.454,0.9450000000000001,0.8605328986184082,-0.03352447307743038,4.643042557387244,-0.0023634277343749996,0.09406618348460839,0.09409586954811368,-0.457,0.576,1.033,0.2824228917075726,0.13976355740222063,6.1214164103064554,-0.00223193359375,0.09934299462875121,0.09936806383026188,-0.667,0.72,1.387,1.4907314936539509,-0.02328217707189389,7.245788759884068,-0.003478564453125,0.05825380662093963,0.058357573600042484,-0.237,0.247,0.484,0.09689483923301001,-0.00034438478014727343,4.2325268985410265,2nd_test,689,2004.02.17.05.22.39
-0.0016843261718750002,0.10542583760539853,0.10543929148781836,-0.583,0.562,1.145,0.9539876786626973,-0.08485689422111355,5.529248079799796,-0.005479150390625,0.09423895075143446,0.09439809811502758,-0.347,0.439,0.786,0.17827472209303608,0.1211286807634601,4.650517423141425,-0.002608203125,0.09933659493290975,0.09937082980636847,-0.693,0.652,1.345,1.209929271634116,-0.0001495352109211927,6.9738775588710356,-0.0032491699218750005,0.05798217141035172,0.05807313756497598,-0.222,0.269,0.491,0.08432071896037119,0.005757315337501166,4.632090003650885,2nd_test,690,2004.02.17.05.32.39
-0.0021205566406249997,0.10667180733337311,0.10669288280028043,-0.461,0.483,0.944,0.9485028239098772,-0.02196034307258449,4.5270123678221905,-0.00215107421875,0.09393383397297099,0.09395846042350976,-0.437,0.486,0.923,0.2325604569294506,0.14190260970375543,5.172498546743144,-0.0017428222656249999,0.09787455810007428,0.0978900738212735,-0.706,0.769,1.475,1.5934724329496355,-0.03522884104157054,7.855750537037851,-0.00264287109375,0.05878598547145885,0.058845363925025984,-0.308,0.256,0.5640000000000001,0.11714541864841044,-0.04012562092904618,5.234057187362869,2nd_test,691,2004.02.17.05.42.39
-0.0018029296875000003,0.10713080010557506,0.10714596999756337,-0.471,0.557,1.028,0.932492736168892,-0.023710010554168236,5.198515632528861,-0.0012326660156250003,0.09308091667020582,0.09308907838018311,-0.352,0.427,0.7789999999999999,0.15967203485619352,0.1802556795264629,4.5870042697330335,-0.00238017578125,0.10148394364596722,0.10151185179419939,-0.662,0.798,1.46,1.4769727731669393,-0.022633281637356905,7.861151046775982,-0.0032027343750000007,0.05749859129001069,0.05758772011299371,-0.332,0.227,0.559,0.16521996603884226,0.014933907845646095,5.765117968601863,2nd_test,692,2004.02.17.05.52.39
-0.001559619140625,0.10823434391804927,0.10824558011870218,-0.503,0.505,1.008,1.0423942932084937,-0.059173989208342936,4.665317507112543,-0.0006531250000000001,0.09471524392430516,0.09471749576454315,-0.508,0.449,0.9570000000000001,0.2378936685893498,0.11987518801052859,5.363317472597317,-0.0020576171875,0.09913555863032802,0.09915690986228595,-0.537,0.618,1.155,1.007160265584612,0.055941793379485676,6.232545980427148,-0.0032918945312500002,0.058550014116577086,0.05864248223477797,-0.273,0.244,0.517,0.02072932576136388,-0.030521359562510383,4.6553281783396585,2nd_test,693,2004.02.17.06.02.39
-0.002083837890625,0.10663266500748596,0.1066530244622867,-0.51,0.544,1.054,1.1178083967298198,-0.02320078481346431,5.100652351282001,-0.00212861328125,0.09422122230188582,0.09424526368238619,-0.415,0.498,0.913,0.12790095457065398,0.10822599229977153,5.284085168173696,-0.0017577148437500003,0.09813212697571606,0.09814786755834282,-0.62,0.708,1.3279999999999998,1.032960033600883,0.09673238955759725,7.213605528127489,-0.0032073242187500004,0.057922182989708866,0.05801091458456331,-0.261,0.237,0.498,0.059802447686597926,0.04041253230330444,4.499153338033269,2nd_test,694,2004.02.17.06.12.39
-0.002018603515625,0.10573303274973286,0.10575230009134258,-0.486,0.491,0.977,0.9838773110024168,-0.0176094192684152,4.642925019798721,-0.0146501953125,0.09284017001239606,0.09398896419593633,-0.454,0.42,0.874,0.15079327435548606,0.09506739036944052,4.830354328075451,-0.0016595214843750001,0.0976455121204811,0.09765961319208737,-0.728,0.913,1.641,2.0329902820496004,0.13978640272737064,9.348798035835603,-0.003238525390625,0.05763848634021501,0.05772939592873699,-0.232,0.217,0.449,0.09391826093703948,-0.02001381268864155,4.0187498286379,2nd_test,695,2004.02.17.06.22.39
-0.0013639648437499996,0.10727136319458126,0.10728003431076423,-0.52,0.554,1.074,1.068532133388807,-0.053502390095079705,5.164055022484728,-0.0075931640624999994,0.09530454122585114,0.09560654642204162,-0.54,0.493,1.033,0.2923440464426479,0.13324462806209117,5.648148795278076,-0.0016721191406249996,0.09905665185814218,0.0990707639001821,-0.569,0.671,1.24,1.1015400905327297,-0.03423841919861889,6.772936571573097,-0.003248583984375,0.05844245695008114,0.05853267525293565,-0.239,0.234,0.473,0.07509792280224126,-0.012493484560722566,4.08318941451305,2nd_test,696,2004.02.17.06.32.39
-0.0016236328125,0.10925792237474784,0.1092699857470305,-0.53,0.498,1.028,1.1376804821538258,-0.053414763432014706,4.850371274158904,-0.00219697265625,0.09342591833853008,0.09345174640556483,-0.376,0.547,0.923,0.1226359528494374,0.10849356127640707,5.853288151729759,-0.0010166992187499997,0.09825010294624933,0.09825536324420159,-0.62,0.696,1.3159999999999998,1.460441523101534,0.05342204524895742,7.083582788891576,-0.00272021484375,0.05695425488893558,0.057019178516969186,-0.264,0.247,0.511,0.10796954453942043,-0.023060795770533406,4.6300211062634355,2nd_test,697,2004.02.17.06.42.39
-0.0024064453125,0.10647368979524564,0.10650088073652841,-0.479,0.505,0.984,0.9490147794299428,-0.0430458749481006,4.741744824106885,-0.00208037109375,0.09321393082507726,0.09323714304798277,-0.354,0.417,0.7709999999999999,0.053816332994020666,0.12137960107571072,4.472466512416904,-0.00219052734375,0.09795730459516551,0.09798179388842475,-0.718,0.771,1.4889999999999999,1.447269479973209,0.056217272920572034,7.868808779619767,-0.0029676269531250005,0.056638879514772894,0.056716571497419294,-0.234,0.232,0.466,0.08960656483006613,0.017009232201621587,4.125778301082986,2nd_test,698,2004.02.17.06.52.39
-0.002151513671875,0.10976950924023306,0.10979059235618448,-0.522,0.576,1.0979999999999999,1.0141714282015117,-0.02149128811196038,5.24635114569821,-0.008323681640625,0.09495891260809144,0.09532302324079753,-0.435,0.403,0.8380000000000001,0.10793542966298908,0.1375379118155509,4.563430587976356,-0.0019274902343750003,0.09935280395863653,0.09937149929958225,-0.615,0.754,1.369,1.1473558767572838,-0.025813396973898315,7.58768867640082,-0.002944482421875,0.05864556620390534,0.058719438111322006,-0.259,0.276,0.535,0.11852699479235174,-0.0205170922406509,4.70031745658143,2nd_test,699,2004.02.17.07.02.39
-0.0017068359374999998,0.11275490562424527,0.11276782356350593,-0.552,0.54,1.092,1.0775865528894446,0.010692169773799949,4.895013334049518,-0.0010779785156249998,0.09416462180367542,0.09417079184709756,-0.381,0.53,0.911,0.2156365546556951,0.1518466601288823,5.628072033788543,-0.0011691894531250001,0.09965311141737285,0.09965996999367713,-0.513,0.879,1.392,1.7593115844865599,0.14184770424102047,8.819990614556152,-0.0025802734375,0.0588396257974822,0.05889617453621245,-0.239,0.237,0.476,0.1212732183783829,-0.031032331991699195,4.057988517556303,2nd_test,700,2004.02.17.07.12.39
-0.0020744140625,0.12027081919912475,0.12028870746886945,-0.581,0.588,1.169,1.345963647530156,-0.008205888018520827,4.888239406407166,-0.0011372558593749998,0.09476227482067134,0.094769098761559,-0.408,0.483,0.891,0.21998852914626532,0.08288179373704578,5.096598008282649,-0.0016244140625,0.09899250805009085,0.09900583503558641,-0.667,0.781,1.448,1.4365369530860708,0.06374040568436617,7.88842394704707,-0.002968017578125,0.059948210905718995,0.06002163875753998,-0.237,0.239,0.476,0.10504491083489897,-0.06977962313482515,3.9818972781044684,2nd_test,701,2004.02.17.07.22.39
-0.0019139160156249999,0.16688531206930557,0.16689628653443545,-0.808,0.776,1.584,2.3890722982950106,-0.1349700516951401,4.8413300066352605,-0.001356982421875,0.09742542498080825,0.09743487483434447,-0.393,0.403,0.796,0.08282028526338658,0.0919607246162986,4.136096040365742,-0.0019180175781249996,0.10433890547105681,0.10435653303137339,-0.693,0.769,1.462,1.308116674732286,-0.01194951395654991,7.3689684551080425,-0.0030293457031249998,0.06417826102083035,0.06424971691024697,-0.286,0.283,0.569,0.16506474016485528,-0.0202353572794912,4.45138148071646,2nd_test,702,2004.02.17.07.32.39
-0.001823388671875,0.17175226188535525,0.1717619405135619,-0.869,0.881,1.75,2.3850877136573763,-0.09728691498686165,5.129192167721866,-0.0007022460937500003,0.09827418503439148,0.0982766940517944,-0.427,0.422,0.849,0.126511905121931,0.11973854961960416,4.344875497853183,-0.001108642578125,0.10413060770235663,0.10413650920223956,-0.608,0.662,1.27,0.8057911150388679,-0.010102161286011185,6.3570404372591165,-0.0032078124999999997,0.06450723582762707,0.06458694554750402,-0.291,0.288,0.579,0.12756494537915497,-0.026236352660475592,4.50555445111524,2nd_test,703,2004.02.17.07.42.39
-0.0024104492187499997,0.17373771535987825,0.1737544359258383,-0.903,0.879,1.782,2.6268074089323488,-0.04025486919192273,5.196989620341092,-0.0010077636718750001,0.09768754142812826,0.09769273943282901,-0.427,0.42,0.847,0.19401519724242489,0.14301149039585034,4.3708468252057076,-0.0026466796875,0.10056209975405384,0.1005969225190935,-0.496,0.61,1.1059999999999999,0.946027933205694,0.0655875302989791,6.063803789605561,-0.00290234375,0.06472680217875812,0.06479183991469335,-0.269,0.273,0.542,0.23401885373743747,-0.0415940907890801,4.213493556522326,2nd_test,704,2004.02.17.07.52.39
-0.0020238281250000005,0.17176726202426995,0.17177918437224501,-0.786,0.974,1.76,2.6189030455499056,-0.1417596614112363,5.6700700003539115,-0.0008425292968749999,0.09799808451297419,0.09800170622916789,-0.417,0.4,0.817,0.11839935394487533,0.0963627994722068,4.255027958601345,-0.001988037109375,0.10263617004648568,0.10265542213326763,-0.786,0.652,1.4380000000000002,1.3983812845764865,-0.03509782008220468,7.656682751466896,-0.00309931640625,0.06478178967094224,0.06485588666540802,-0.295,0.271,0.5660000000000001,0.1913506183365823,-0.010522814403034871,4.548546248659871,2nd_test,705,2004.02.17.08.02.39
-0.0014052246093749997,0.16911142314905972,0.16911726137713776,-0.82,0.847,1.6669999999999998,2.507133901376002,-0.1168414779399861,5.00835924788393,-0.0008480468749999997,0.09690872828222984,0.09691243883414168,-0.334,0.464,0.798,0.16798266293191855,0.13171030457349098,4.787827089867309,-0.001448046875,0.10071075604375161,0.10072116571335069,-0.54,0.588,1.1280000000000001,0.908697025329047,-0.03246981826746419,5.837899073443926,-0.0029128906249999997,0.06460421366811561,0.06466984889010295,-0.281,0.364,0.645,0.16938117526406815,-0.002366401964127223,5.628588998451762,2nd_test,706,2004.02.17.08.12.39
-0.0020058105468749995,0.17368022265539668,0.17369180469319248,-0.828,0.867,1.6949999999999998,2.5064066518245713,-0.015041003205504614,4.991599929118525,-0.0012829589843749995,0.09787232576683787,0.09788073423695608,-0.386,0.454,0.8400000000000001,0.30366020389832293,0.14621989017515927,4.638297858455871,-0.00247607421875,0.10141123453571105,0.10144145815983596,-0.542,0.779,1.3210000000000002,0.8832941250629776,0.04265423334489388,7.679306016726331,-0.003274267578125,0.06299948088475582,0.06308451014252132,-0.269,0.242,0.511,0.18891084132376745,-0.019802378795730564,4.264121246055611,2nd_test,707,2004.02.17.08.22.39
-0.0018554199218749998,0.16858932554701642,0.16859953520542212,-0.774,0.869,1.643,2.4672653367974213,-0.12751043045232785,5.154225359732183,-0.001124951171875,0.09798977178018517,0.09799622895128095,-0.481,0.449,0.9299999999999999,0.22377883575436197,0.13720795754325768,4.9083521390830445,-0.001580517578125,0.10268932620354641,0.10270148855763057,-0.762,0.654,1.416,1.4922883584596836,-0.02872948371769143,7.419561397739496,-0.002697216796875,0.06498826796216783,0.06504421535518647,-0.283,0.295,0.578,0.1709746744101719,0.0006576894962852638,4.5353764110237975,2nd_test,708,2004.02.17.08.32.39
-0.002476025390625,0.16684723438082694,0.16686560557006835,-0.82,0.842,1.662,2.686524509219736,-0.07891080344932823,5.045976953239718,-0.001266064453125,0.09839296542565255,0.09840111058546609,-0.393,0.586,0.979,0.20711845672343276,0.13356617957907851,5.955217339595731,-0.0007747070312500002,0.10379064398217444,0.10379353519954289,-0.574,0.684,1.258,1.0112836032134114,0.015105275299667749,6.590005809884221,-0.003072265625,0.06400633172066411,0.06408002275597481,-0.315,0.33,0.645,0.32459349403565385,0.006257296875403089,5.1498109052104075,2nd_test,709,2004.02.17.08.42.39
-0.002374462890625,0.172507030999726,0.17252337180324112,-0.75,0.776,1.526,2.2215812294847064,-0.09168321062484432,4.497941304326651,-0.003162158203125,0.0975733719500435,0.09762459812057167,-0.388,0.532,0.92,0.2642053411579348,0.1563947698925367,5.449446248552047,-0.0016398925781250001,0.10142576401411939,0.10143902036945952,-0.664,0.781,1.445,1.3446502359814891,-0.04623943007253676,7.6992068451346976,-0.00273330078125,0.06441252444300308,0.06447049122103266,-0.276,0.3,0.5760000000000001,0.20629129180811345,-0.007746233398076283,4.6532916736560495,2nd_test,710,2004.02.17.08.52.39
-0.00190517578125,0.1698140825991547,0.16982476952361808,-0.723,0.999,1.722,2.547557372864662,-0.018109164324489644,5.882534113230069,-0.028682080078124998,0.09812869743814828,0.10223454884976813,-0.42,0.449,0.869,0.07494934763339733,0.13489298544972786,4.391861704749201,-0.00164794921875,0.10306841338446601,0.10308158697953165,-0.842,0.806,1.6480000000000001,1.4909241259206212,0.003325921442812376,8.168287127351105,-0.0030244628906250003,0.06412528963449295,0.0641965742581672,-0.283,0.251,0.534,0.17207377585676875,-0.021415179676892937,4.4083349192046315,2nd_test,711,2004.02.17.09.02.39
-0.0023712402343749996,0.16882029445348168,0.1688369467847881,-0.784,0.857,1.641,2.248777066522476,-0.03884108424155056,5.07590320907259,-0.0009449218750000002,0.09682314889380868,0.0968277596511584,-0.576,0.447,1.023,0.1866744173533128,0.09482868699017548,5.948707292921036,-0.0013984863281249998,0.10040378803613773,0.10041352705694401,-0.652,0.791,1.443,1.2362986124417326,-0.007114122977604729,7.877424717324693,-0.0030608398437500005,0.06415074341381137,0.06422372319551203,-0.278,0.269,0.547,0.262809830400621,-0.03764597803512762,4.328618556563193,2nd_test,712,2004.02.17.09.12.39
-0.001768310546875,0.16848419830881153,0.16849347762436717,-0.776,0.793,1.569,2.29543109013067,-0.05479712710379407,4.706413632005252,-0.00092978515625,0.09766643322682934,0.09767085890728873,-0.43,0.444,0.874,0.17471776560651664,0.14219340726981805,4.545879958083592,-0.0015334960937500002,0.10256147094949548,0.10257293470303826,-0.588,1.169,1.7570000000000001,2.0112086962200433,0.137042555979744,11.396768585914087,-0.0026775390625,0.06522279667757115,0.06527773297132032,-0.332,0.259,0.591,0.21924284409324546,0.0006189505853743843,5.085960937717886,2nd_test,713,2004.02.17.09.22.39
-0.00167470703125,0.16950124228928082,0.16950951531182548,-0.725,0.767,1.492,2.236064581689714,-0.1002138237481717,4.52481973406933,-0.0017140624999999997,0.09784337710275076,0.09785838979425832,-0.471,0.588,1.059,0.19455922888383848,0.12753382082037826,6.008682558850883,-0.001279541015625,0.10131487712830582,0.1013229566916322,-0.552,0.781,1.3330000000000002,0.8915626127387712,0.09338345499440714,7.708026152150287,-0.00248515625,0.06465604967929789,0.06470379248327528,-0.261,0.281,0.542,0.25290657935585426,0.005905324688322641,4.342867538534011,2nd_test,714,2004.02.17.09.32.39
-0.0021479003906249997,0.1699224554601748,0.16993603015753642,-0.803,0.896,1.699,2.384176895930011,-0.10499995365973235,5.272572268306523,-0.0009833984375000001,0.09774003065057645,0.09774497769227072,-0.439,0.413,0.852,0.11885216102677809,0.07061605550049484,4.4912793512277105,-0.000945166015625,0.1002914345632257,0.10029588817866301,-0.603,0.664,1.267,1.2886323661846353,0.045640689832141125,6.620410986445995,-0.002815478515625,0.06355337926715565,0.06361571296108277,-0.249,0.251,0.5,0.09242262529920442,-0.00402048663650122,3.945566092289257,2nd_test,715,2004.02.17.09.42.39
-0.002344287109375,0.16507878585285252,0.16509543064755947,-0.747,0.854,1.601,2.7590090372117437,-0.08651695112745453,5.172765815777903,-0.0020035156249999997,0.09731154808132553,0.09733217075994838,-0.493,0.469,0.962,0.15941665484016854,0.1199995545325577,5.065128992250951,-0.0018885742187500002,0.10269778072736784,0.10271514435031599,-0.74,0.857,1.597,1.5468127545572674,0.030185983333384105,8.343462937352333,-0.0031025390625000005,0.06482062263318027,0.06489482927928465,-0.259,0.278,0.537,0.15212147057543612,0.023542228532916452,4.283854400776699,2nd_test,716,2004.02.17.09.52.39
-0.00193876953125,0.16551565040253277,0.16552700491300126,-0.723,0.869,1.592,2.5098751429398396,-0.10884377951468961,5.249898652195662,-0.00158125,0.09763961328288458,0.09765241642475495,-0.417,0.471,0.8879999999999999,0.12735086644125326,0.12655320632488692,4.823229339727613,-0.002225634765625,0.1001387665955631,0.10016349647147221,-0.559,0.627,1.186,1.0085530001418537,-0.026228191782956645,6.259765504215575,-0.003221875,0.0640870706691539,0.06416800686844457,-0.295,0.298,0.593,0.18180564767443075,-0.023097396546880256,4.6440588470560895,2nd_test,717,2004.02.17.10.02.39
-0.001725341796875,0.16502786371733058,0.16503688256696403,-0.769,0.854,1.623,2.373606332702642,-0.12873370487884986,5.174600893520351,-0.0012713378906250002,0.09721289338056442,0.09722120622298987,-0.366,0.413,0.7789999999999999,0.018091856660480854,0.07011218566927267,4.2480443932003995,-0.0011759277343749998,0.1013304139420473,0.10133723696501264,-0.759,0.779,1.538,1.2357384491314063,0.01991320157212459,7.68720386822139,-0.0027405761718749997,0.06465386908119286,0.0647119273775853,-0.264,0.276,0.54,0.16944067174166477,0.010850062381637363,4.265056090592272,2nd_test,718,2004.02.17.10.12.39
-0.002041162109375,0.1680890322673415,0.16810142507227036,-0.74,0.759,1.499,2.3706120727907978,-0.09561982633912822,4.515131264765749,-0.0016240234375000002,0.09722583573213424,0.09723939832155225,-0.403,0.469,0.872,0.16806464267524301,0.12241995884706129,4.823147901885229,-0.00249091796875,0.10198467167844616,0.1020150867748859,-0.642,0.645,1.287,1.111891394863619,-0.021122996775883588,6.322594239585195,-0.0029173828125,0.06384079403480254,0.06390741823504334,-0.283,0.295,0.578,0.26469859518395156,0.024714924917643103,4.616052535723028,2nd_test,719,2004.02.17.10.22.39
-0.00277158203125,0.16407562826353983,0.16409903551523772,-0.774,0.845,1.619,2.5158891668515384,-0.11029405038528899,5.149329472545173,-0.000708935546875,0.09705814843674127,0.09706073751820622,-0.569,0.549,1.1179999999999999,0.2903953508603321,0.11160990510653035,5.862308638314304,-0.001194921875,0.10096198374493563,0.1009690546652785,-0.759,0.681,1.44,1.3062558730376868,-0.011096325849116483,7.517154661976742,-0.0029179687500000004,0.06509341101519242,0.06515878067627379,-0.298,0.298,0.596,0.23998885403520198,0.007848027353751865,4.573443469974831,2nd_test,720,2004.02.17.10.32.39
-0.0021638671874999998,0.16515006168363172,0.16516423703487537,-0.745,0.818,1.563,2.3421508310443384,-0.09967779281608886,4.952646012722003,-0.000984228515625,0.09647371573352068,0.09647873617125757,-0.41,0.52,0.9299999999999999,0.1425166360984207,0.13317786098263926,5.38978867915069,-0.0011509277343750002,0.09979271496984823,0.09979935167977358,-0.559,0.825,1.384,1.1775600011491933,0.028644259106667003,8.266586767406194,-0.003044580078125,0.06329143139483621,0.06336461753896551,-0.276,0.269,0.545,0.15827653478292936,0.027629265543634686,4.355743168905273,2nd_test,721,2004.02.17.10.42.39
-0.0021258789062500003,0.16411413167975805,0.16412790006005987,-0.728,0.825,1.553,2.578314431277734,-0.09651947641963422,5.026567693201938,-0.0012236328125,0.09744517483046646,0.09745285719259339,-0.435,0.415,0.85,0.13224657462234823,0.09504412867521471,4.463696730162131,-0.0020065429687499995,0.09924149717672069,0.09926178003926033,-0.627,0.686,1.3130000000000002,1.1257452308590894,-0.02315747771578877,6.9110185181220825,-0.0031830078124999994,0.06434280903525129,0.0644214918585502,-0.273,0.305,0.5780000000000001,0.25007266848631593,0.0010100537890009623,4.734444844353368,2nd_test,722,2004.02.17.10.52.39
-0.002123583984375,0.1638229823359712,0.16383674542174786,-0.774,0.801,1.5750000000000002,2.531885326050883,-0.12135667396202172,4.889013132757125,-0.0015458984374999997,0.09782735731198067,0.09783957093438728,-0.649,0.435,1.084,0.1879986299455556,0.07582398946890219,6.633307912077783,-0.001191064453125,0.101186247136699,0.10119325691043167,-0.779,0.757,1.536,1.3290717047203273,0.027917133134543106,7.698141395743508,-0.0032487792968749997,0.06382522961206893,0.06390785946934167,-0.3,0.286,0.586,0.16353303814104914,0.010483361022869547,4.6942583038510906,2nd_test,723,2004.02.17.11.02.39
-0.0022813476562500005,0.16319995447417052,0.16321589900343655,-0.784,0.769,1.553,2.6241708680097338,-0.12754527339732658,4.803453614397512,-0.0018475585937500001,0.0975075733431712,0.09752507540131025,-0.405,0.415,0.8200000000000001,0.14029670467740196,0.13349754493938837,4.255315858901342,-0.0024282226562500004,0.10214946264717537,0.10217831954174525,-0.747,0.798,1.545,1.4809918274601932,0.004044162050909189,7.809875946004034,-0.0029677246093750003,0.06552743777134343,0.06559460717341309,-0.293,0.3,0.593,0.23258403212018353,-0.007536372943569927,4.573546712495946,2nd_test,724,2004.02.17.11.12.39
-0.002597265625,0.16845887536083012,0.16847889623499585,-0.833,0.801,1.634,2.3984384000021723,-0.10011542631288156,4.944239418764829,-0.001725390625,0.09861115129641101,0.09862624464518813,-0.376,0.461,0.837,0.17306516854440357,0.10284386719364241,4.674212240908004,-0.001448193359375,0.10299990353671205,0.10301008393637064,-0.723,0.801,1.524,1.503680048397083,-0.06261524512813126,7.775937746900604,-0.002416845703125,0.06481613658592597,0.06486118026275906,-0.269,0.276,0.545,0.17693842398268522,0.009226771893616068,4.255241715886783,2nd_test,725,2004.02.17.11.22.39
-0.0021315429687499996,0.16695990080764114,0.16697350674021613,-0.815,0.847,1.662,2.3044913572063175,-0.10277178109530763,5.072661025875936,-0.0013357421875,0.09753219306174517,0.09754133939322855,-0.347,0.515,0.862,0.1774179652384298,0.1356114803044009,5.279812674281077,-0.0007589355468750001,0.10109808116320786,0.10110092975856787,-0.71,0.837,1.547,1.2185404486229112,0.023630662539503418,8.278855614785174,-0.003056884765625,0.06538361660816924,0.06545503697374538,-0.269,0.269,0.538,0.17365406626446633,-0.016427960630799845,4.109691361167341,2nd_test,726,2004.02.17.11.32.39
-0.001575,0.1656306076291268,0.16563809588555936,-0.759,0.852,1.611,2.6610620225085304,-0.06898382663531083,5.143744230092512,-0.001501513671875,0.09825904259066337,0.09827051436794572,-0.41,0.449,0.859,0.13568750850826472,0.13838208340425656,4.569020553960666,-0.00279423828125,0.10222459115650742,0.10226277330821563,-0.691,0.923,1.6139999999999999,1.4365700998228341,-0.04094250393033882,9.025767345552929,-0.002944384765625,0.06530811425699781,0.06537445364554204,-0.293,0.286,0.579,0.15896696755454265,0.012178128361882404,4.4818730200661205,2nd_test,727,2004.02.17.11.42.39
-0.0023106445312499994,0.1641424046011769,0.16415866735084764,-0.789,0.842,1.631,2.4481806492189087,-0.059910718152897474,5.129183938824922,-0.001557763671875,0.09758028036690206,0.09759271358119224,-0.415,0.461,0.876,0.14197528247594304,0.08822563539281889,4.72371330890136,-0.0018685546875,0.09930342994424878,0.09932100832811003,-0.593,0.742,1.335,1.01503452593324,0.02516672966831293,7.470725604610348,-0.0030733886718750003,0.06460535269251856,0.06467841459446208,-0.269,0.264,0.533,0.1354039344264537,-0.014456941449657453,4.1590382461055775,2nd_test,728,2004.02.17.11.52.39
-0.0019210449218750002,0.16523855821088268,0.16524972475984076,-0.869,0.813,1.682,2.348742119130721,-0.07834211700700733,5.258707699862548,-0.001979638671875,0.09766226294221551,0.0976823247689449,-0.347,0.522,0.869,0.16401650756815078,0.1405970763016941,5.343853161044034,-0.0018363281250000003,0.0998197436348633,0.09983663315793707,-0.527,0.552,1.0790000000000002,1.015031804608821,-0.04666303954337586,5.529032605909614,-0.0029156738281250006,0.06352949893395872,0.06359637087658285,-0.273,0.266,0.539,0.17988031076219801,-0.01841918170854742,4.292697778706584,2nd_test,729,2004.02.17.12.02.39
-0.0020778808593750002,0.16629286759066028,0.16630584896626643,-0.84,0.864,1.704,2.555336429076207,-0.05067124987241958,5.195247222904703,-0.00081875,0.09775777652490747,0.09776120510026587,-0.374,0.457,0.831,0.15161423862541046,0.12903949589694638,4.674655959146748,-0.002309033203125,0.10094793510515701,0.100974339494389,-0.681,0.828,1.509,1.4196611367918255,-0.012358314345315733,8.200103156285667,-0.003032373046875,0.06517789266476948,0.06524839445163096,-0.288,0.271,0.5589999999999999,0.15413817006721242,0.010411735507253474,4.4139017123108255,2nd_test,730,2004.02.17.12.12.39
-0.0022439453124999996,0.15753519405416844,0.1575511747218979,-0.737,0.876,1.613,2.756871698389002,-0.10127559217528966,5.560098181055869,-0.0012150878906249999,0.09785547566722406,0.09786301935174811,-0.381,0.437,0.8180000000000001,0.12499027173110822,0.11812633999639628,4.46542527392119,-0.0021174316406249996,0.10259357070901376,0.10261541924865934,-0.596,0.752,1.3479999999999999,1.0566778436338629,0.06899433289817805,7.32833335865844,-0.003107763671875,0.06426545031187364,0.06434054941347737,-0.312,0.3,0.612,0.26463737206581284,0.02633183779992689,4.84919701244883,2nd_test,731,2004.02.17.12.22.39
-0.00187392578125,0.16211342999090594,0.16212426031057164,-0.781,0.789,1.57,2.539827058969368,-0.07638029661373541,4.8666374698252675,-0.001515283203125,0.09828619354030582,0.09829787344509608,-0.61,0.488,1.0979999999999999,0.26685495645041524,0.117396644283447,6.20562763582579,-0.0020178222656249997,0.10081896302488795,0.10083915366616965,-0.706,0.784,1.49,1.3839193332218107,0.03563170024547078,7.7747578345180814,-0.002898583984375,0.06406916061370634,0.06413469521919765,-0.3,0.269,0.569,0.2896178822076476,-0.013878254696652997,4.677655346610617,2nd_test,732,2004.02.17.12.32.39
-0.0017123535156250002,0.155816765083172,0.1558261737820283,-0.723,0.803,1.526,2.464085946432145,-0.08740517331296606,5.15317793221371,-0.0018220703124999997,0.0972133671425003,0.0972304411766513,-0.376,0.471,0.847,0.15649450105962082,0.1038075003649117,4.844161913648302,-0.0025673828125000004,0.10089204351152563,0.10092470410378966,-0.706,0.713,1.419,1.3152275394254351,0.03963523036583004,7.06467268172216,-0.003060546875,0.06377727010253871,0.06385066271313282,-0.286,0.271,0.5569999999999999,0.18186657225382952,-0.00433457911751685,4.479201747371937,2nd_test,733,2004.02.17.12.42.39
-0.0028331542968750003,0.15676437161368403,0.15678997088686228,-0.725,0.879,1.604,2.397824838205458,-0.08235462543050774,5.606225927732772,-0.00152998046875,0.09836241719679571,0.0983743155352618,-0.518,0.483,1.001,0.13501295586392992,0.08996567391739471,5.265602074853164,-0.001845361328125,0.10145728667041015,0.10147406750965059,-0.894,0.857,1.751,1.5313607430829155,-0.04455145921493408,8.810132696278947,-0.0036243652343750004,0.06448598111102116,0.06458775257897681,-0.273,0.342,0.615,0.2536524440806289,-0.016871698483131078,5.295121541448792,2nd_test,734,2004.02.17.12.52.39
-0.002072509765625,0.15416258433338978,0.1541765147649866,-0.754,0.784,1.538,2.380993795300869,-0.05083976910492171,5.085080572679808,-0.00269404296875,0.09792889611847225,0.09796594593275768,-0.352,0.417,0.7689999999999999,0.10246395877728087,0.1308602240433468,4.256581162212896,-0.0011277343750000003,0.10155141474284439,0.10155767632775846,-0.525,0.786,1.311,0.9140264338763329,0.05237084907285721,7.739444504968705,-0.00296455078125,0.06276812264131683,0.06283809180147024,-0.237,0.298,0.5349999999999999,0.15831596122826896,0.042595793353295906,4.742346424788877,2nd_test,735,2004.02.17.13.02.39
-0.00195458984375,0.1550153438361392,0.15502766606671775,-0.698,0.854,1.552,2.3857241830328233,-0.07974910128105614,5.508694168349045,0.0003561035156249999,0.09723312884291564,0.09723378093181852,-0.366,0.437,0.8029999999999999,0.1398630807443504,0.1253769767939294,4.494322814639238,-0.001924267578125,0.10155868491368501,0.10157691315997634,-0.61,0.781,1.391,1.0749392990849573,0.026273536280774078,7.688755010326926,-0.0029306640625,0.06307905178868037,0.06314709467906064,-0.254,0.305,0.5589999999999999,0.15666246323758726,-0.03485711018605659,4.829992599743578,2nd_test,736,2004.02.17.13.12.39
-0.0016204589843750003,0.15479107309514195,0.15479955490008887,-0.703,0.842,1.545,2.326244291018452,-0.0451468627100626,5.439292125471591,-0.0011016601562499999,0.09834002474066132,0.09834619525479239,-0.383,0.444,0.827,0.14417506598750052,0.11665828046903924,4.514663722833236,-0.001425927734375,0.10027722209510974,0.10028735982672804,-0.73,0.769,1.499,1.172650937539614,5.912253993681893e-05,7.667965347985782,-0.003534521484375,0.06469930809849025,0.06479578157987505,-0.308,0.31,0.618,0.22154029029610323,-0.004002436261747498,4.784262068250115,2nd_test,737,2004.02.17.13.22.39
-0.002097900390625,0.14505347658643136,0.1450686467016887,-0.701,0.771,1.472,2.2603903426575673,-0.180925884572745,5.314725252660058,-0.00146318359375,0.09661427723906664,0.09662535626147128,-0.471,0.476,0.947,0.12625495872000103,0.12748802311776886,4.926243156164957,-0.003064599609375,0.1011782393110969,0.10122464068031743,-0.872,0.623,1.495,1.3292604972913775,-0.13075851828344917,8.614503288238799,-0.0031189453125000004,0.06342125956264692,0.06349790535423196,-0.276,0.251,0.527,0.12528543550826354,0.013004779219667821,4.346600072174803,2nd_test,738,2004.02.17.13.32.39
-0.0014601562499999999,0.14250547917911555,0.14251295959436022,-0.706,0.74,1.446,2.398569851860411,-0.08434773312960187,5.192510225744354,-0.0016679199218749999,0.09535478378760599,0.09536937007261229,-0.439,0.425,0.864,0.13429362925986332,0.10475771192894298,4.603155076531922,-0.0021640136718750003,0.1000739253310075,0.100097320075655,-0.62,0.654,1.274,1.017334111713625,0.0023457885591086055,6.533641455127507,-0.0030890625,0.06362651012374751,0.06370145286927331,-0.308,0.271,0.579,0.16998799974836976,0.005689179376467233,4.8350545571893875,2nd_test,739,2004.02.17.13.42.39
-0.0018147460937499998,0.14807779692684844,0.14808891668890603,-0.657,0.793,1.4500000000000002,2.158488613774588,-0.054764321966497546,5.354890951498548,-0.0012748046875000001,0.0970354008268824,0.09704377435273732,-0.381,0.403,0.784,0.11686160045181326,0.10614869888033758,4.152765107125903,-0.0016858398437499997,0.1022117595184868,0.10222566135684205,-0.679,0.791,1.4700000000000002,1.5009316436198459,0.02436136244265216,7.737783150466455,-0.003034765625,0.0642968576271525,0.06436843716546954,-0.269,0.269,0.538,0.13417201081343544,0.007930183145018749,4.179066819725834,2nd_test,740,2004.02.17.13.52.39
-0.00204130859375,0.1452566719121925,0.14527101457545222,-0.837,0.72,1.557,2.2044594195762057,-0.16539356866168542,5.761644898263648,-0.001390966796875,0.09773312187667299,0.09774301970161668,-0.481,0.427,0.9079999999999999,0.13800264731188205,0.11761254461337577,4.921067524447714,-0.002798974609375,0.09937317150894123,0.09941258207394764,-0.701,0.64,1.341,1.2067589979935498,-0.026058185024730163,7.051421312762127,-0.0027513183593750002,0.06377130636001972,0.06383062954082566,-0.3,0.278,0.5780000000000001,0.21308982829550693,0.0003633862402541042,4.699937978888677,2nd_test,741,2004.02.17.14.02.39
-0.0016679199218749999,0.14390677431422344,0.1439164398197462,-0.713,0.715,1.428,2.0271482740199875,-0.09428018059840623,4.968160697211254,-0.00197197265625,0.09721257662623572,0.0972325754594043,-0.405,0.417,0.8220000000000001,0.1468467740024022,0.11067035317365125,4.288686153025058,-0.0016282226562500002,0.10069312166358074,0.10070628510363691,-0.811,0.662,1.473,1.6714973016842585,-0.03312268664566765,8.053121998863787,-0.002840771484375,0.06380700719955597,0.06387021332664097,-0.256,0.251,0.507,0.1197893912693444,-0.03104910159125033,4.008128150234492,2nd_test,742,2004.02.17.14.12.39
-0.0016946777343750004,0.1397168442716768,0.13972712158296033,-0.684,0.706,1.3900000000000001,2.342641300811165,-0.10366597950892527,5.052705530585006,-0.00155400390625,0.09833775111581315,0.09835002909331675,-0.405,0.43,0.835,0.14074850423215324,0.11131231664980192,4.372139021815988,-0.0018580078124999996,0.1016717674443104,0.10168874317386979,-0.793,0.757,1.55,1.1692628139651156,0.05089589414927018,7.798306629046557,-0.0027031738281249997,0.06331528814262054,0.06337296632893338,-0.281,0.264,0.545,0.12640920664874944,-0.013250844151881453,4.434067336173806,2nd_test,743,2004.02.17.14.22.39
-0.00212197265625,0.13940496793015889,0.13942111694991724,-0.706,0.671,1.377,1.9866054341726365,-0.1211387100892232,5.063795323405313,-0.000945068359375,0.09841693912301369,0.09842147662246728,-0.369,0.493,0.862,0.023324806458755454,0.108429728843774,5.009069330325925,-0.00104111328125,0.09911101123477328,0.09911647927990455,-0.569,0.554,1.123,0.9100974594468076,-0.08588559425934135,5.740720454642113,-0.00340458984375,0.06368291950551447,0.06377386195574171,-0.264,0.232,0.496,0.09260982776955595,-0.004644144237002501,4.1396269866653705,2nd_test,744,2004.02.17.14.32.39
-0.001689892578125,0.13975335792095936,0.1397635746076544,-0.706,0.669,1.375,2.0716523614208295,-0.1608252571450786,5.051387687935417,-0.001119091796875,0.09804955861245394,0.09805594479962383,-0.386,0.413,0.7989999999999999,0.06960149391165027,0.12636411747462586,4.211881297352738,-0.0016741210937500002,0.10135268786813062,0.10136651330459802,-0.862,0.867,1.729,1.5758550898739339,0.02143583036228007,8.553120470723732,-0.0029316894531250005,0.06279377108587134,0.0628621705816334,-0.283,0.256,0.5389999999999999,0.18391187184659463,-0.022845660224822054,4.501912634849151,2nd_test,745,2004.02.17.14.42.39
-0.0017964843750000001,0.14240961836091998,0.14242094915360065,-0.74,0.703,1.443,1.9998288945603404,-0.07639618602335731,5.195864824610289,-0.001124169921875,0.09774722243593358,0.09775368664123683,-0.457,0.466,0.923,0.11870120282363361,0.13910843469247047,4.767083636502497,-0.00274521484375,0.10113800290394878,0.1011752530806694,-0.618,0.793,1.411,1.309527389020639,0.036815096292424965,7.8378850148255585,-0.00288798828125,0.06226022484625407,0.062327169631058575,-0.264,0.305,0.569,0.16605124946605887,0.019336261489536457,4.893532015019022,2nd_test,746,2004.02.17.14.52.39
-0.0019873046875,0.13855399139048752,0.13856824279089436,-0.781,0.71,1.491,2.2251644103888673,-0.1446606286136689,5.636212051652611,-0.001038525390625,0.0985422990265343,0.09854777132143513,-0.452,0.432,0.884,0.15196296730748848,0.15276281969829125,4.586608037244358,-0.002037353515625,0.10227148317459024,0.10229177425422889,-0.652,0.815,1.467,1.2627445115439908,0.036929819361140606,7.967405061979744,-0.0030732421875,0.06361377914650819,0.06368797150831348,-0.266,0.298,0.5640000000000001,0.19429943676117922,-0.02082619797665241,4.679062512713592,2nd_test,747,2004.02.17.15.02.39
-0.0021846191406250004,0.1405783469409978,0.14059532065276256,-0.71,0.715,1.4249999999999998,2.0884088755661026,-0.13167135183397427,5.085517758879021,-0.0005707031249999999,0.0978309271834225,0.09783259178630095,-0.396,0.447,0.843,0.08637909954281398,0.116900935246819,4.569029521080544,-0.0015880859375,0.10229623493694118,0.10230856122152608,-0.703,0.72,1.423,1.185250348264871,0.009078891745462205,7.037534214111027,-0.0031851074218749997,0.06437228576565766,0.06445103632979361,-0.3,0.271,0.571,0.17945128620909534,-0.006695373495168616,4.654696294722961,2nd_test,748,2004.02.17.15.12.39
-0.001386962890625,0.13447099374999763,0.1344781462772739,-0.676,0.757,1.433,2.5143137121380645,-0.06836804061909312,5.629167421995464,-0.001740673828125,0.0984606093208203,0.09847599470532463,-0.391,0.413,0.804,0.16584293328429967,0.14262624521755599,4.193915494143011,-0.00214052734375,0.1014759307885836,0.10149850435705321,-0.671,0.767,1.4380000000000002,1.2782668432554676,-0.06450990717653333,7.556761598124414,-0.003241259765625,0.06242796197461211,0.06251204844805419,-0.288,0.227,0.515,0.13733365414103993,-0.01132646785879109,4.607111863158876,2nd_test,749,2004.02.17.15.22.39
-0.00203291015625,0.1405208429926291,0.14053554724361556,-0.674,0.693,1.367,2.029423852596696,-0.0453170028682196,4.931136737908504,-0.0034166992187500004,0.09809811880226013,0.09815760157060557,-0.43,0.437,0.867,0.1637862078174983,0.11908268761789409,4.452024020587038,-0.0013524902343750003,0.1000301303175088,0.1000392732939013,-0.63,0.652,1.282,1.3240758633182477,0.005208341106484051,6.517440386417026,-0.002857373046875,0.06368471626133398,0.0637487856042421,-0.256,0.283,0.5389999999999999,0.11953899154689784,0.01647201903565122,4.439300251967916,2nd_test,750,2004.02.17.15.32.39
-0.0017599121093750004,0.13954307594198878,0.1395541734739036,-0.696,0.745,1.4409999999999998,2.174915562196098,-0.0914008024227015,5.338428665008541,-0.0005447753906250002,0.09788641749261945,0.09788793342269325,-0.457,0.444,0.901,0.1845471187474952,0.1630930956445817,4.668604025196282,-0.00154697265625,0.1022224225523726,0.10223412735909179,-0.686,0.71,1.396,1.0545538708575428,-0.021142221550181358,6.944843354501563,-0.0033041015624999995,0.06237430018061073,0.062461751577715545,-0.276,0.283,0.5589999999999999,0.0748764686896286,0.0012983810031720457,4.530772718458875,2nd_test,751,2004.02.17.15.42.39
-0.0017565917968749996,0.13508302236099481,0.13509444305715124,-0.652,0.701,1.353,2.2229778685297505,-0.0877227269969415,5.18896250749748,-0.0023259765625000006,0.0976280973871608,0.09765580149897009,-0.469,0.422,0.891,0.14672740674305196,0.14362895289383973,4.802582056531927,-0.00238642578125,0.10066020100188845,0.1006884854079651,-0.635,0.652,1.287,1.0464703366135888,0.03661495914408892,6.4754176940072155,-0.0030032714843750002,0.063327907483593,0.06339908126983683,-0.249,0.31,0.5589999999999999,0.14785488105012146,0.007552856971198415,4.889660761418604,2nd_test,752,2004.02.17.15.52.39
-0.00252568359375,0.13563450076357514,0.135658014414925,-0.691,0.796,1.487,2.1120656548190597,-0.1733873901842237,5.867696084357232,-0.00098525390625,0.09825054606506758,0.09825548599108219,-0.425,0.464,0.889,0.07748930575322577,0.11859232343567126,4.722382626425469,-0.0013412109374999997,0.09836339115558887,0.09837253461412007,-0.671,0.562,1.233,0.6952592128223922,0.03365936567789238,6.821009569645325,-0.0031821777343750005,0.06332298519377638,0.06340289196073295,-0.256,0.264,0.52,0.16174745704176097,0.009456667715343599,4.163847922888725,2nd_test,753,2004.02.17.16.02.39
-0.0013253906250000002,0.13496485320782559,0.13497136089451994,-0.688,0.796,1.484,2.2537976858385402,-0.1034686882208997,5.897547410936873,-0.001162646484375,0.09729112372208215,0.09729807039172526,-0.396,0.391,0.787,0.0290438454795372,0.1227087168116434,4.0699676612457045,-0.00160673828125,0.10101254095981382,0.10102531880208297,-0.747,0.959,1.706,1.2510617995827689,0.07492596821020694,9.492669870899078,-0.00272509765625,0.06327590112417524,0.06333455470998829,-0.298,0.269,0.567,0.14834086494514098,-0.004828534221692353,4.705172419066494,2nd_test,754,2004.02.17.16.12.39
-0.0018705078124999996,0.13188363578557946,0.13189689984036773,-0.854,0.605,1.459,2.2796867432564882,-0.18245891263737352,6.47475415288081,-0.0018532714843749998,0.09848329492328041,0.098500730932012,-0.408,0.449,0.857,0.16487418926755426,0.15353156911396698,4.558341808705503,-0.002184521484375,0.10269426324666305,0.10271749528629787,-0.601,0.688,1.289,1.2271896431705018,0.05802106009058127,6.697982637482386,-0.00277255859375,0.06356837353713497,0.06362880790422291,-0.293,0.374,0.667,0.15258276928264047,0.014738290222592923,5.877840750326245,2nd_test,755,2004.02.17.16.22.39
-0.0018416015624999997,0.12850403655113327,0.12851723194284104,-0.635,0.686,1.3210000000000002,1.9454752438008258,-0.13136845360382987,5.337805597149537,-0.0016544433593750005,0.09649704635812692,0.09651122804457456,-0.43,0.442,0.872,0.2033648445705083,0.10413300255619712,4.579778010816303,-0.0019086914062500001,0.10039604758042997,0.10041418959816512,-0.664,0.808,1.472,1.393695866259165,0.04106719638777714,8.046671523470803,-0.00301259765625,0.06217262807009856,0.06224557354367658,-0.256,0.266,0.522,0.05887066851779954,-0.017704563155009068,4.273396240924333,2nd_test,756,2004.02.17.16.32.39
-0.0017689453124999997,0.12587990282028297,0.12589233138504705,-0.676,0.588,1.264,1.997542800174501,-0.10751198199200677,5.369667815008173,-0.00162919921875,0.09647734719821863,0.09649110224523295,-0.374,0.471,0.845,0.10770104240429745,0.14286150284460508,4.881279092429353,-0.001473193359375,0.10027641175301533,0.10028723275040735,-0.881,0.767,1.6480000000000001,1.7706823377966892,-0.1013455790032288,8.784767271262021,-0.0031506347656250003,0.062023140327788225,0.06210311131937654,-0.242,0.225,0.46699999999999997,0.03733929467765984,-0.01112022216107421,3.8967451848197148,2nd_test,757,2004.02.17.16.42.39
-0.0017800292968749999,0.12575086007719946,0.12576345778664455,-0.649,0.703,1.3519999999999999,1.909259789834607,-0.12252295098274688,5.589859028741377,-0.001528662109375,0.09837052115542408,0.09838239802034902,-0.562,0.579,1.141,0.26124058083515633,0.10125581798557437,5.885199097041289,-0.001723828125,0.09996533920112241,0.09998020116503066,-0.598,0.691,1.289,1.1119627774915015,0.012398850610587141,6.9113683703486535,-0.002614990234375,0.06264202503657987,0.06269658263900334,-0.239,0.227,0.46599999999999997,-0.013394385069838588,0.012431518107057182,3.812010000167168,2nd_test,758,2004.02.17.16.52.39
-0.0021049316406249997,0.12434257576370984,0.12436039114109293,-0.72,0.73,1.45,2.0802240990981096,-0.13352677000435864,5.8700362172864935,-0.0016131835937500001,0.09896312287652459,0.09897627013977264,-0.442,0.542,0.984,0.24084584968463973,0.09522152096528885,5.476060061963545,-0.002543798828125,0.10110542791719397,0.10113742367094822,-0.757,0.674,1.431,1.3739487530013745,-0.03874703880416542,7.4848653694741465,-0.0027285156249999996,0.06347745991553129,0.0635360741220588,-0.266,0.442,0.708,0.41335119550404453,0.059960309633076456,6.956677857431346,2nd_test,759,2004.02.17.17.02.39
-0.001952197265625,0.12273314790942975,0.12274867278273062,-0.681,0.64,1.3210000000000002,1.8499449241387067,-0.07868867589669111,5.5479214932111365,-0.0006163574218749998,0.09582579732831147,0.09582777953223232,-0.408,0.42,0.828,0.11881199499989181,0.13132375553499734,4.382862694364605,-0.002130517578125,0.1013421138008031,0.10136450628679461,-0.698,0.72,1.418,1.6138612334598026,-0.012440855673052736,7.10307805333528,-0.0027776367187499996,0.06173840800766693,0.061800859937888405,-0.278,0.293,0.571,0.19285497457808898,0.009089413433997235,4.741034352753864,2nd_test,760,2004.02.17.17.12.39
-0.0018621582031250004,0.12049771455313857,0.12051210248644377,-0.662,0.903,1.565,1.8363394045741623,-0.07787959904526649,7.4930233674587505,-0.001732080078125,0.09760974565805962,0.09762511228586693,-0.347,0.466,0.813,0.09476364173560681,0.13099019222131306,4.77336198734072,-0.0020020507812499996,0.10115167436213326,0.10117148527917216,-0.706,0.745,1.451,1.2019791038299177,-0.023836093306669325,7.3637349292331375,-0.0029774414062499997,0.062181491378191456,0.062252735099301064,-0.261,0.254,0.515,0.08086262435690061,-0.03302887528896447,4.192586873162747,2nd_test,761,2004.02.17.17.22.39
-0.0020005859375,0.11664609267848056,0.11666324734572582,-0.605,0.671,1.276,1.4947850896938135,-0.1193046837291084,5.75159714186399,-0.0017547851562500002,0.0979109973641197,0.09792672094878521,-0.388,0.408,0.796,0.10672182677537201,0.11335617148134623,4.166380698167295,-0.0022714843749999996,0.10478623714712196,0.10481085409784023,-0.557,0.854,1.411,1.184391766111852,0.07984266138074021,8.148011075214106,-0.00263857421875,0.06354142531278038,0.06359618545705002,-0.281,0.256,0.537,0.09790826633433758,-0.00023832235329087676,4.418504002655256,2nd_test,762,2004.02.17.17.32.39
-0.001382373046875,0.11791507359904692,0.11792317642053819,-0.833,0.615,1.448,1.7735457066958284,-0.10915909823304085,7.063920980404118,-0.0024096679687500002,0.09704998985847645,0.09707990024330475,-0.386,0.432,0.8180000000000001,0.112255594032169,0.11477209821473194,4.449942767893846,-0.0026248046875,0.10165013406691223,0.10168401720756684,-0.613,0.63,1.2429999999999999,1.232150476301138,-0.009204371082038854,6.195663952849049,-0.002625146484375,0.061348082839196766,0.06140422348755316,-0.269,0.315,0.5840000000000001,0.10012850590250055,-0.008538580678641359,5.129940289184206,2nd_test,763,2004.02.17.17.42.39
-0.002267041015625,0.11283584344546327,0.11285861527156722,-0.588,0.618,1.206,1.4246082301984373,-0.07585617893913278,5.475877924848317,-0.0015204589843750003,0.09657800781310778,0.09658997561171591,-0.342,0.459,0.801,0.12596970494206117,0.14118932290983896,4.752045924935231,-0.001871484375,0.1005255806770241,0.10054299987676292,-0.679,0.774,1.453,1.7328205309217335,0.03780966431821687,7.698198789980459,-0.00328876953125,0.062131025006898294,0.062218006022674015,-0.276,0.269,0.545,0.17710772499961314,0.018206669947922298,4.436014871562771,2nd_test,764,2004.02.17.17.52.39
-0.0016829101562499996,0.11247857322396893,0.11249116241329249,-0.583,0.579,1.162,1.552294876927517,-0.16297966657735716,5.182629350498447,-0.0019940429687500005,0.09657800625731916,0.09659858953421628,-0.388,0.457,0.845,0.03930283472714935,0.11245016027773519,4.730917937817246,-0.0011630371093750002,0.09925438007374203,0.09926119392361057,-0.566,0.596,1.162,0.9496077116389312,0.03024048212802493,6.004360580758934,-0.00294609375,0.06008383485850176,0.0601560194800778,-0.239,0.271,0.51,0.05628424851859126,-0.009474531758264756,4.504952327925281,2nd_test,765,2004.02.17.18.02.39
-0.0016341796874999998,0.11131627706126455,0.11132827171042965,-0.53,0.645,1.175,1.3309587974609647,-0.10000862201306106,5.7936765754514115,-0.0015064453125,0.09703042701674407,0.097042120465967,-0.386,0.562,0.9480000000000001,0.15014768211817797,0.10247201082405523,5.791299667563468,-0.0015293457031250002,0.10172836848802776,0.1017398636401466,-0.623,0.562,1.185,0.8556466526135247,-0.008295447105597762,6.123460143385138,-0.0028588867187499998,0.06112673589312703,0.061193554188482546,-0.251,0.293,0.544,0.08352635879626735,0.029874532354564297,4.788085998285722,2nd_test,766,2004.02.17.18.12.39
-0.002172265625,0.11109619772419393,0.1111174328659493,-0.603,0.596,1.1989999999999998,1.3866856891104478,-0.1641831282160322,5.426691244046513,-0.00147666015625,0.0966472228557057,0.09665850304519256,-0.383,0.457,0.8400000000000001,0.13452735734726584,0.1507654941596021,4.727985491163692,-0.0014429687500000002,0.09904848318310595,0.09905899343162891,-0.581,0.769,1.35,1.166895038819944,0.04483382954961325,7.763050818025979,-0.002625830078125,0.06098301574832282,0.06103952156889317,-0.283,0.264,0.5469999999999999,0.08830746479996243,-0.010917216179206712,4.636340402438303,2nd_test,767,2004.02.17.18.22.39
-0.0014509277343750001,0.11085801040438618,0.11086750498730173,-0.61,0.603,1.213,1.6093428330193849,-0.18889016875287884,5.502063026171325,-0.0015241210937500002,0.09697247114702366,0.09698444775049632,-0.386,0.442,0.8280000000000001,0.16750751565234756,0.11503414206490024,4.5574317351637506,-0.0016626953125000003,0.10228278859483296,0.10229630197830955,-0.63,0.596,1.226,1.1287019058518464,0.005491515739743122,6.158580396458747,-0.0032725097656250007,0.06300083554559625,0.06308577176835817,-0.256,0.261,0.517,0.06467250096710142,-0.015667199211601052,4.137224491034477,2nd_test,768,2004.02.17.18.32.39
-0.001373095703125,0.11016338278674173,0.11017193970711474,-0.623,0.601,1.224,1.3689570075773423,-0.13173266903017383,5.654797416207357,-0.0017505371093749999,0.09810256125160839,0.0981181782561054,-0.391,0.432,0.823,0.12284166727090495,0.15320097561458695,4.4028538612692385,-0.001595556640625,0.10372826367646709,0.10374053444207874,-0.71,0.71,1.42,1.0192467875779245,0.03283886103192308,6.843997901221233,-0.0033063964843749994,0.06110909508455953,0.061198478410542406,-0.308,0.322,0.63,0.11618223136711059,0.0010425688062489903,5.261568724546407,2nd_test,769,2004.02.17.18.42.39
-0.0017462890624999998,0.11002121859403505,0.11003507652747033,-0.547,0.549,1.096,1.273868225323242,-0.15478624773317098,4.989318109466234,-0.002189697265625,0.0976579864910919,0.09768253221333574,-0.439,0.54,0.9790000000000001,0.14765365201010372,0.09183788253166067,5.528112219850403,-0.001715380859375,0.10048664886126248,0.10050128919998676,-0.515,0.747,1.262,1.2436479611945392,0.1444518776829745,7.432740474663142,-0.00265791015625,0.061079893456808296,0.061137695991047535,-0.239,0.244,0.483,0.07961469678994826,0.03411469690653134,3.990991090533379,2nd_test,770,2004.02.17.18.52.39
-0.0012156738281249996,0.10700005484462607,0.1070069605194418,-0.557,0.544,1.101,1.2220807735566197,-0.15159655183990764,5.205268865604261,-0.00174306640625,0.09724048144277235,0.09725610269653391,-0.415,0.498,0.913,0.14493220489717373,0.11304916549476801,5.120501296960027,-0.0017829101562499999,0.10102822954485785,0.1010439604013706,-0.706,0.774,1.48,1.5060732675505486,-0.010996560479210911,7.660032296020743,-0.00297998046875,0.06236179320354827,0.06243295231811683,-0.269,0.276,0.545,0.161111870734997,0.022373877907531016,4.420742408420264,2nd_test,771,2004.02.17.19.02.39
-0.0014241699218750003,0.10727539268070405,0.1072848457833893,-0.537,0.491,1.028,1.073305002899736,-0.15020876609878686,5.005366751229811,-0.0017010253906250001,0.0968895332794251,0.0969044640173216,-0.41,0.417,0.827,0.07318974453354654,0.12477558488312052,4.303207331306825,-0.0017304687499999998,0.10024120134283744,0.10025613681341407,-0.684,0.735,1.419,1.288714744315886,0.0065266667173165815,7.331222041405521,-0.00301728515625,0.06180625753719945,0.0618798632874116,-0.344,0.293,0.637,0.1848205454723333,-0.017666287616036693,5.55915901747672,2nd_test,772,2004.02.17.19.12.39
-0.0021705566406250002,0.1077959383216059,0.10781778904599011,-0.715,0.591,1.306,1.2331512796328292,-0.1398801368810436,6.631558728109164,-0.0024126953125,0.0978839150980527,0.09791364528804833,-0.422,0.498,0.9199999999999999,0.26776987149209397,0.14905204449900333,5.08611438712007,-0.001882373046875,0.10118313659250129,0.10120064455814684,-0.679,0.723,1.4020000000000001,1.4089283061430091,0.08152258345097714,7.144223271991531,-0.0027237792968750002,0.06049323326193219,0.06055452290407897,-0.261,0.288,0.5489999999999999,0.08730998719383631,0.0016610903907563947,4.7560444073095685,2nd_test,773,2004.02.17.19.22.39
-0.001982861328125,0.10571842414788825,0.10573701784786337,-0.513,0.574,1.087,1.1528874123752004,-0.1133422140112855,5.428562405840257,-0.0012099609375000003,0.098167979532367,0.09817543588361348,-0.356,0.471,0.827,0.14692553971503797,0.14751569606867365,4.797534085344634,-0.0011434082031249997,0.09972498359994426,0.0997315383232813,-0.613,0.83,1.443,1.135257256650955,-0.013158617950215681,8.322342299596542,-0.003121875,0.06044074844230195,0.06052132001023482,-0.237,0.288,0.5249999999999999,0.04561456021261945,0.012362666088640619,4.758653643815722,2nd_test,774,2004.02.17.19.32.39
-0.001585400390625,0.10384050472535768,0.10385260668859317,-0.647,0.522,1.169,0.9432393234140064,-0.1403092427573264,6.229983248603758,-0.001413916015625,0.09955261599408818,0.09956265620083479,-0.388,0.527,0.915,0.20497362443659073,0.16455885987268182,5.293149260016309,-0.001912451171875,0.10310237868012342,0.10312011423085399,-0.601,0.671,1.272,1.2060670541279297,0.029296922005501106,6.5069749485666,-0.0028322753906250006,0.06069570814807284,0.060761754183732836,-0.271,0.232,0.503,0.08813958710555525,-0.010188771619010585,4.460042400620689,2nd_test,775,2004.02.17.19.42.39
-0.0015304687499999997,0.1067788746689228,0.10678984226112637,-0.649,0.569,1.218,1.1755023973384349,-0.12762794921655,6.077357043069363,-0.0011965332031250004,0.09872591427832257,0.09873316485253004,-0.413,0.549,0.962,0.0966353013782939,0.11564344862846215,5.56044162885326,-0.001245166015625,0.10163934064845613,0.10164696751924956,-0.659,0.884,1.5430000000000001,2.1132144192014444,0.11385504677684906,8.696767071028402,-0.002535546875,0.061438812979467045,0.06149111105095801,-0.256,0.247,0.503,0.03324805735692227,-0.007575130025740204,4.163203357696501,2nd_test,776,2004.02.17.19.52.39
-0.0016115722656250002,0.10528519329245467,0.1052975265226913,-0.513,0.53,1.0430000000000001,0.8799226510924183,-0.13839677752328658,5.033356599129166,-0.0015912109375,0.09879878087527133,0.09881159372607802,-0.405,0.459,0.8640000000000001,0.13915560201577248,0.1372300404048062,4.64520389447192,-0.0018055175781249999,0.10501643155854566,0.10503195128633774,-0.835,0.664,1.499,1.2177241443061417,-0.05425715560121764,7.949961795108194,-0.0025575195312500004,0.061038352538105294,0.061091909339279535,-0.273,0.242,0.515,0.19178285829389763,0.013356248058033782,4.468676833775169,2nd_test,777,2004.02.17.20.02.39
-0.0022591796875,0.10422214581101316,0.10424662858007687,-0.491,0.518,1.009,1.0331776509628554,-0.09988539913772561,4.968985635800492,-0.0013041503906249998,0.09744270162491267,0.09745142845645273,-0.447,0.5,0.9470000000000001,0.11615047244010501,0.10870733429997533,5.130761117763398,-0.001387939453125,0.10196542354486561,0.1019748693287193,-0.762,0.825,1.587,2.025430898022223,-0.044040752500924096,8.090228557513473,-0.0030929687500000002,0.06156676103095544,0.06164440379735415,-0.295,0.269,0.5640000000000001,0.16827506175937046,0.01960434806673306,4.785511446667219,2nd_test,778,2004.02.17.20.12.39
-0.00125029296875,0.10345598848132738,0.10346354326600385,-0.522,0.483,1.005,1.000355245197536,-0.12433339663790156,5.045255396414342,-0.0012292480468749998,0.09882353538760329,0.098831180288741,-0.437,0.442,0.879,0.03545778067907568,0.11777988070094432,4.472272806053709,-0.002293701171875,0.10349497279538998,0.10352038668293495,-0.632,0.752,1.384,0.9722847849013618,0.051047703302269785,7.264269619625569,-0.0031538574218750006,0.06020134437870228,0.06028390068368689,-0.269,0.232,0.501,0.10047056456177073,-0.0112200435753959,4.4622195469234205,2nd_test,779,2004.02.17.20.22.39
-0.0019775390625,0.1030124930008797,0.10303147274012928,-0.488,0.554,1.042,0.9084447005643232,-0.08751767018835731,5.376997778066779,-0.0017137695312500003,0.09797725942833627,0.09799224648457526,-0.457,0.491,0.948,0.13430802915125684,0.1150741899747852,5.010600507788915,-0.002278125,0.10044333217548901,0.10046916358779569,-0.544,0.662,1.206,0.9383727013887295,0.0260861228550096,6.589086405749935,-0.00273955078125,0.06135244572054119,0.06141357939719033,-0.254,0.261,0.515,0.0817936065989131,-0.005898820582758982,4.249874417964488,2nd_test,780,2004.02.17.20.32.39
-0.0018998046875,0.09930624154269888,0.09932441224184264,-0.532,0.483,1.0150000000000001,0.7717927254108252,-0.11870971133454765,5.356185735076788,-0.0019628906250000002,0.09715776720552524,0.09717759344606529,-0.383,0.437,0.8200000000000001,-0.002926868875599453,0.12440468991244782,4.496921404398054,-0.0014813964843750002,0.10095390320278833,0.10096477161575652,-0.688,0.576,1.2639999999999998,1.1741823810166885,-0.08735554120299775,6.814257973182169,-0.0033141113281249996,0.06030122802772484,0.060392229926927485,-0.291,0.259,0.55,0.07515669664453029,-0.0034466082088276382,4.818500663864896,2nd_test,781,2004.02.17.20.42.39
-0.001654345703125,0.10275773905266905,0.10277105523892355,-0.542,0.488,1.03,0.9268405707904264,-0.07435789981845702,5.273858468560794,-0.00120927734375,0.0985714012500565,0.09857881869901744,-0.378,0.435,0.813,0.10402398609756691,0.0923198570524855,4.412712646960569,-0.00111064453125,0.1002645244698378,0.10027067566560774,-0.498,0.671,1.169,0.9611050070039986,0.09608419156124569,6.691886691090257,-0.002234326171875,0.061243784150757284,0.061284527497133194,-0.251,0.242,0.493,0.1347643796283804,0.04404970819237229,4.095650407154494,2nd_test,782,2004.02.17.20.52.39
-0.0013151855468749997,0.10150196524741117,0.10151048547864094,-0.693,0.615,1.3079999999999998,0.9667239500366183,-0.11114737885400204,6.826880954470352,-0.0013520507812499998,0.09957853412600992,0.09958771259548037,-0.544,0.422,0.966,0.16427239697565632,0.1299709409923247,5.462521287181628,-0.0013375000000000001,0.10044571644985664,0.10045462089607925,-0.75,0.837,1.587,1.4500884463333037,0.06072368372816222,8.332120439313071,-0.0028059082031249996,0.060210485082926056,0.0602758296066145,-0.232,0.364,0.596,0.20143745287181813,0.021459325042781568,6.038904854061383,2nd_test,783,2004.02.17.21.02.39
-0.0019162597656250003,0.10048284100871414,0.10050111138028213,-0.483,0.483,0.966,0.6652145802848772,-0.12077170065060486,4.805917002923377,-0.0014753906250000001,0.097508466578728,0.09751962793218219,-0.469,0.425,0.8939999999999999,0.15498836045994313,0.09280421510141014,4.809288242171577,-0.00140009765625,0.1009535406178095,0.10096324894098223,-0.698,0.703,1.4009999999999998,1.2764743192333663,-0.010158286970788168,6.962929653779006,-0.0028179199218750003,0.06036274866938446,0.060428487484044925,-0.308,0.256,0.5640000000000001,0.11667891956557908,-0.026798250164539704,5.096933794284112,2nd_test,784,2004.02.17.21.12.39
-0.001831787109375,0.09936302244705549,0.09937990578496302,-0.471,0.4,0.871,0.7488124696956069,-0.11016758176460514,4.739388674954114,-0.0012396484375000003,0.09825627460022032,0.09826409428963613,-0.381,0.454,0.835,0.08855667432914238,0.09818200569528214,4.620202356490482,-0.001524560546875,0.10212809809360517,0.10213947672216715,-0.701,0.581,1.282,0.95732830583075,-0.028329677816593124,6.863164199479396,-0.003256396484375,0.06068937974289386,0.060776680821188526,-0.251,0.32,0.571,0.0990279423601188,-0.016399906792085,5.265177296144371,2nd_test,785,2004.02.17.21.22.39
-0.002060205078125,0.10258642144837173,0.10260710653042934,-0.535,0.486,1.021,0.8222244311026881,-0.06994686720304487,5.214063802063509,-0.001054150390625,0.09864132096895713,0.09864695350362765,-0.422,0.43,0.852,0.17006936928605976,0.11175602973657621,4.35897901276625,-0.001273828125,0.10243088427478408,0.10243880461722622,-0.715,0.752,1.467,0.973405527573385,0.031605911972175695,7.3409681302177345,-0.00298447265625,0.0603422178494903,0.060415977456557385,-0.244,0.239,0.483,0.058514947658080185,0.0496538641933421,4.038666761146281,2nd_test,786,2004.02.17.21.32.39
-0.001567578125,0.10000005968549854,0.10001234542935812,-0.542,0.376,0.918,0.6527158309279764,-0.15633968564534023,5.419330960270424,-0.0019644042968750006,0.09828634800240084,0.09830597686758738,-0.486,0.449,0.935,0.05500913900104054,0.1253980236310017,4.943748238722767,-0.001088623046875,0.10105084728864196,0.10105671099877843,-0.767,0.649,1.416,1.1275785247544334,0.01584290718901033,7.589797772081477,-0.00292041015625,0.059244922592208454,0.05931685804590041,-0.247,0.291,0.538,0.07411708721870269,0.025591660047969932,4.905856607744012,2nd_test,787,2004.02.17.21.42.39
-0.0019291992187500002,0.1027480462241223,0.10276615596829532,-0.518,0.474,0.992,0.6411511578676281,-0.06649134295298005,5.040569972810593,-0.0018091796874999996,0.09898183828493279,0.09899837090278935,-0.535,0.444,0.9790000000000001,0.06522042676459971,0.08974880189475473,5.404129331784003,-0.0006862792968750002,0.10048397710825495,0.10048632063502785,-0.583,0.601,1.184,0.9088956483277792,0.014058856255344874,5.980913583022767,-0.0031723144531249996,0.06044218283560223,0.0605253752150441,-0.264,0.239,0.503,0.05178442379138737,-0.015652187083221955,4.361806912516566,2nd_test,788,2004.02.17.21.52.39
-0.0019720703124999996,0.10077314648240278,0.10079244075465804,-0.469,0.483,0.952,0.688527101475187,-0.05380711704147773,4.79202603269518,-0.001320556640625,0.09661772554725415,0.09662674971127624,-0.437,0.42,0.857,0.09607561818971444,0.1274394545817852,4.522557172845481,-0.0015009765625000001,0.1020499312866443,0.10206096906383949,-0.754,0.828,1.5819999999999999,1.2203446110230498,0.01994097760493949,8.112797748118286,-0.0036563964843750003,0.06026251695951576,0.060373340023116784,-0.266,0.244,0.51,0.08899977841122597,0.00886018004859443,4.405918239635962,2nd_test,789,2004.02.17.22.02.39
-0.0019321289062500004,0.10069870981864483,0.10071724420996635,-0.5,0.481,0.981,0.8693732490038779,-0.04303829269138597,4.964393177326021,-0.0012503906250000002,0.09898386222165795,0.09899175954104084,-0.442,0.518,0.96,0.17110917813931437,0.11804380184391931,5.232758791200296,-0.0018689453124999997,0.10518748984542499,0.10520409201434372,-0.664,0.688,1.3519999999999999,0.9084041716740527,0.03304291054414079,6.539669577678186,-0.00334208984375,0.06031942452095181,0.06041194036829557,-0.259,0.264,0.523,0.1052811373854734,0.00917838723788884,4.369997030159592,2nd_test,790,2004.02.17.22.12.39
-0.0016906738281250004,0.10211176030560837,0.10212575566772138,-0.52,0.547,1.0670000000000002,0.8122074071808996,-0.06797729414654395,5.356141518055202,-0.0014340332031249998,0.09779534466141121,0.09780585815109377,-0.398,0.403,0.801,0.07714480245795974,0.10705443784845632,4.120407587174499,-0.0017654296874999999,0.10121596918557242,0.10123136450802316,-0.518,0.757,1.275,1.1433121995982471,0.1019352222683646,7.477919552615786,-0.002976904296875,0.06058760608829476,0.06066069543537335,-0.278,0.247,0.525,0.06659296082299315,0.005926747185667242,4.582868659848989,2nd_test,791,2004.02.17.22.22.39
-0.0014062500000000002,0.10274597154131519,0.10275559452911188,-0.608,0.52,1.1280000000000001,0.7643725473661331,-0.06600214954770775,5.916952773036892,-0.00198544921875,0.09727648500212431,0.09729674477066923,-0.522,0.408,0.9299999999999999,0.16335896508500714,0.10126331790965407,5.365030466589623,-0.0022381347656249997,0.10027686370917782,0.10030183768295636,-0.627,0.581,1.208,1.2112676027306541,0.07316640205342335,6.251131728768822,-0.002767724609375,0.06010092426053891,0.060164619141854246,-0.242,0.281,0.523,0.05019519731830924,-0.06317113306994238,4.67051905261457,2nd_test,792,2004.02.17.22.32.39
-0.0017239746093750002,0.10323281452876602,0.10324720860141631,-0.53,0.439,0.9690000000000001,0.8305410434162077,-0.07616936164575636,5.1333106935696495,-0.0015669921875,0.09771929417189353,0.0977318572317581,-0.378,0.388,0.766,0.07622563373426017,0.11256755570372055,3.970046318427568,-0.00153828125,0.10011900243124254,0.10013081921681881,-0.71,0.737,1.447,1.48573608183154,0.006192852936108328,7.360371219941511,-0.0028041503906250003,0.06006541414919972,0.06013083432256803,-0.232,0.271,0.503,0.010743415545312107,0.0358460480388768,4.506839179076262,2nd_test,793,2004.02.17.22.42.39
-0.0017345703125,0.10472464619055652,0.10473901018200549,-0.559,0.466,1.0250000000000001,0.8673107336548807,-0.04741288745911281,5.337075450906839,-0.001671044921875,0.09747574989633806,0.09749007236116083,-0.518,0.486,1.004,0.1823057311897327,0.0977447283267472,5.313361529527936,-0.0013359374999999999,0.10184290012638261,0.10185166191651589,-0.701,0.654,1.355,0.9886892705428507,0.0839837981316744,6.882558289207903,-0.003310400390625,0.06115769423144462,0.06124722291217068,-0.273,0.273,0.546,0.06956274915275751,0.006528678007339983,4.457344954023927,2nd_test,794,2004.02.17.22.52.39
-0.001966845703125,0.10544206525576959,0.10546040777193058,-0.535,0.513,1.048,1.0399953829715907,-0.004060615255579721,5.0729938495204925,-0.001433544921875,0.09828972577587951,0.09830017926810014,-0.437,0.632,1.069,0.17880843379598987,0.11889569075872224,6.429286342091789,-0.00206845703125,0.10214213251890658,0.10216307429790863,-0.586,0.735,1.321,1.0803685021134806,-0.0034508353419424177,7.194380210696651,-0.0028323730468750004,0.06066180645622673,0.060727893917123243,-0.283,0.256,0.5389999999999999,0.0997795691092973,0.011344168650913969,4.660131971340164,2nd_test,795,2004.02.17.23.02.39
-0.0018165039062499999,0.10416035152198547,0.10417618977302347,-0.527,0.557,1.084,0.9779203766262876,-0.03322860280978863,5.346711193874832,-0.00210244140625,0.09727858148592904,0.09730129842803358,-0.471,0.447,0.9179999999999999,0.04696430190828771,0.06985445182409683,4.84063427317491,-0.0020144042968750003,0.10206107306075665,0.10208095051959683,-0.708,0.632,1.3399999999999999,1.1184627584878895,-0.043319687837802566,6.9356720954233975,-0.002442041015625,0.06022502529684924,0.06027451564573642,-0.264,0.269,0.533,0.17030815351420614,0.0343023042879817,4.4629143364101855,2nd_test,796,2004.02.17.23.12.39
-0.00155751953125,0.10511782550252133,0.10512936366909462,-0.547,0.525,1.072,0.8677298220452299,-0.00791426356651985,5.203113391959026,-0.001356201171875,0.09844459262951308,0.0984539338960581,-0.435,0.442,0.877,0.18198567940030141,0.12138169207977204,4.48940923439533,-0.0009442382812499999,0.0999606461431171,0.09996510572835528,-0.718,0.874,1.592,1.6436138386301238,0.07569367970997945,8.743050823817068,-0.0030235839843749997,0.06041465102961413,0.06049026466416414,-0.269,0.278,0.547,0.1961904498561502,-0.016651759870592555,4.595780850667992,2nd_test,797,2004.02.17.23.22.39
-0.0017381347656249997,0.10301653116940576,0.10303119336706057,-0.493,0.632,1.125,0.9835885532070137,-0.0106392795603171,6.134064639456254,-0.00183583984375,0.09649357878509637,0.0965110411024951,-0.371,0.513,0.884,0.13203474217216016,0.0934365909069603,5.315454005411428,-0.0018375488281249998,0.09997673179611534,0.09999361722794173,-0.549,0.718,1.267,1.0710306847282771,0.09588171476420376,7.180458312215003,-0.002936767578125,0.060042060905940754,0.0601138393520213,-0.332,0.249,0.581,0.15369158655703918,-0.0042854315109876915,5.5228546965751875,2nd_test,798,2004.02.17.23.32.39
-0.002063427734375,0.10613361332449366,0.10615366979680035,-0.586,0.493,1.079,0.9646319369650573,-0.009901110585349303,5.520299026083625,-0.000841943359375,0.09750180621590546,0.09750544130449529,-0.437,0.427,0.864,0.07434684611832143,0.06947041089028139,4.481801160520169,-0.0016497558593750003,0.10430318840881656,0.10431623462645027,-0.732,0.576,1.3079999999999998,0.9353785522768527,-0.042077517310786676,7.017124444859688,-0.0032099609375000004,0.060037208176458995,0.06012295913246245,-0.281,0.264,0.545,0.11125756742399462,-0.02460742982611745,4.673755318267506,2nd_test,799,2004.02.17.23.42.39
-0.0018527832031250003,0.10577298046086293,0.1057892064492965,-0.532,0.498,1.03,0.8522948759061766,-0.028719287434431518,5.028868424775947,-0.002416259765625,0.09905469468104174,0.09908416043752591,-0.459,0.427,0.886,0.08924521368045513,0.11127670066695022,4.63242558617403,-0.0018051269531250001,0.10078895543742616,0.10080511902420618,-0.647,0.544,1.191,0.9225664919303886,-0.025961181320622074,6.41832484556879,-0.0027832519531250004,0.05996521324552303,0.060029770039669694,-0.247,0.264,0.511,0.1259436211901046,0.02000840383088245,4.397817946347989,2nd_test,800,2004.02.17.23.52.39
-0.0016828613281250002,0.10623180018397706,0.10624512879458581,-0.486,0.535,1.021,1.0616526237676327,-0.01629533373485568,5.035524979496545,-0.0017930175781249997,0.09853536989917712,0.09855168204147062,-0.422,0.537,0.9590000000000001,0.12485292531784609,0.10297343681004209,5.448917652857321,-0.001303857421875,0.10304909708921058,0.10305734546881229,-0.793,0.771,1.564,1.3832651039394825,-0.04636634346053802,7.694745060479815,-0.0033016601562499996,0.05950827162483491,0.05959979321744749,-0.234,0.239,0.473,0.11116854041342528,-0.019030509373794992,4.0100810270265175,2nd_test,801,2004.02.18.00.02.39
-0.002316162109375,0.10634430186694287,0.10636952169904862,-0.527,0.486,1.013,0.943261495800948,0.023695013734024172,4.954426715258598,-0.001064404296875,0.09782405484134345,0.09782984545684091,-0.454,0.435,0.889,0.14609270354302017,0.06110995405643594,4.640710591694107,-0.0012814941406250001,0.10249833558725804,0.10250634626885607,-0.601,0.825,1.426,1.4901047356789006,0.06662572279299113,8.048282179799113,-0.002288818359375,0.06051298472463091,0.060556254918593046,-0.273,0.229,0.502,0.15596797865710066,-0.002034495042198013,4.50820481488644,2nd_test,802,2004.02.18.00.12.39
-0.001262841796875,0.1059304975844383,0.10593802474980656,-0.486,0.576,1.0619999999999998,1.0365573859673773,0.04195991636813059,5.437141209257959,-0.0014041015624999998,0.09602560176387694,0.09603586671297605,-0.43,0.413,0.843,0.07455504346871811,0.09524118962699267,4.4774938230179195,-0.0012397949218750002,0.10042942936011619,0.10043708166333226,-0.608,0.637,1.245,1.1296279554702107,0.0006713159285863156,6.342279061123047,-0.0024858398437499997,0.059886265043799694,0.05993783563513951,-0.266,0.249,0.515,0.06781153270263962,0.017492712249594797,4.437931352990253,2nd_test,803,2004.02.18.00.22.39
-0.0021093261718750003,0.10889361794985976,0.1089140454078783,-0.645,0.481,1.126,1.0071678875967942,0.043105896327391896,5.922101209064279,-0.001481884765625,0.09767252596348823,0.09768376687324704,-0.444,0.461,0.905,0.14570868917981006,0.12590026264427293,4.71931022677972,-0.0012059082031249998,0.10168067468189326,0.10168782532023869,-0.637,0.696,1.333,0.9174404472216628,0.018566684043940414,6.8444771810321345,-0.0029421386718750005,0.06084252150881884,0.06091361591233626,-0.266,0.254,0.52,0.09879194610898923,0.06048063111262889,4.366839761711843,2nd_test,804,2004.02.18.00.32.39
-0.002089306640625,0.10740603716386624,0.1074263562701648,-0.537,0.508,1.045,0.9072687402430022,0.026896888734260303,4.998773286552777,-0.001608984375,0.09743170302944779,0.0974449874849266,-0.408,0.518,0.9259999999999999,0.08231152177345624,0.10727038199416951,5.315819862718046,-0.001715966796875,0.10051026377424171,0.10052491067399973,-0.73,0.713,1.443,1.3870717507708674,-0.011566437112282208,7.261881608232545,-0.003115966796875,0.05955673895721329,0.05963819585045204,-0.244,0.264,0.508,0.08152481695515013,0.019322544918482273,4.426693266469298,2nd_test,805,2004.02.18.00.42.39
-0.0015421874999999997,0.10871610497959165,0.10872704274567,-0.54,0.554,1.094,1.060751117656622,0.08066783897263262,5.095328503423013,-0.000961962890625,0.09818211498826522,0.09818682740659196,-0.417,0.442,0.859,0.1267719210186935,0.14241716017838257,4.501622179573793,-0.0016694824218750001,0.10079057895933863,0.10080440455910458,-0.908,0.662,1.57,1.617073393103869,-0.024185740652305845,9.007542914046036,-0.0031560058593750003,0.06010264355068931,0.060185447865456855,-0.256,0.264,0.52,0.22657457430618377,0.0564000654755066,4.3864423936128105,2nd_test,806,2004.02.18.00.52.39
-0.002320263671875,0.11017866270010543,0.1102030913263808,-0.461,0.591,1.052,1.030564302451337,0.04759964032442939,5.362825968686429,-0.001719873046875,0.09790451241068773,0.09791961761399946,-0.444,0.435,0.879,0.11300079785880968,0.12165444202347275,4.534331432397132,-0.001012841796875,0.10298769922913187,0.10299267955061478,-0.708,0.632,1.3399999999999999,1.1882472100012365,0.022197682672613354,6.8742749783996615,-0.0030237304687500003,0.060324467913545274,0.060400201779464285,-0.269,0.215,0.484,0.0745208732678666,-0.014647248387624528,4.453627505711493,2nd_test,807,2004.02.18.01.02.39
-0.0025946289062500003,0.10981806034255638,0.10984870721388805,-0.63,0.498,1.1280000000000001,0.9164351948112492,-0.018425904284794417,5.735160804101066,-0.0008430664062499997,0.09828591940801289,0.0982895351237544,-0.464,0.454,0.918,0.17476965145778411,0.12369572686955381,4.720746714399107,-0.0012957519531249999,0.10291610557459702,0.10292426225028589,-0.605,0.833,1.438,1.2593299420135011,0.08548863218952077,8.093329811451651,-0.003303759765625,0.06182181793965753,0.06191003151310073,-0.349,0.244,0.593,0.13740066312768828,0.00599489814943948,5.637212443035361,2nd_test,808,2004.02.18.01.12.39
-0.0022509277343750003,0.10853664988959488,0.10855998823195347,-0.508,0.459,0.9670000000000001,0.8935671532086928,-0.003635669787789149,4.679440448260809,-0.00143828125,0.09685972409486514,0.09687040210862914,-0.396,0.439,0.835,0.11579881248715518,0.10730175735950531,4.531827993272698,-0.00087919921875,0.10182519946955665,0.1018289950764577,-0.857,0.857,1.714,1.7992887763221015,-0.06233243735693063,8.41607048511193,-0.002969873046875,0.05930024669748281,0.05937456866619643,-0.237,0.242,0.479,0.09146745408746648,0.0299626593051667,4.0758190826858405,2nd_test,809,2004.02.18.01.22.39
-0.0018534667968750002,0.10969872878196792,0.10971438572742807,-0.5,0.481,0.981,0.8486574602590657,-0.006496539322708065,4.557287512301544,-0.0010475585937499998,0.09718046791227603,0.09718611383657776,-0.437,0.457,0.894,0.14612062343408638,0.1098134850172573,4.7023178719108065,-0.00042412109375,0.10101265441402174,0.10101354478716579,-0.642,0.911,1.553,1.676000732176803,0.08484063124083874,9.018592525491966,-0.0031750976562499996,0.05916382846489293,0.05924896491711902,-0.278,0.261,0.539,-0.0060579481528417745,0.04582470322690807,4.692065091503133,2nd_test,810,2004.02.18.01.32.39
-0.0017224121093750004,0.11020168498120776,0.11021514449553597,-0.505,0.508,1.013,0.906351215034003,0.032004300685968136,4.609166937271186,-0.0018964355468750003,0.09626896914836278,0.09628764660470146,-0.396,0.51,0.906,0.07439128953536711,0.1220329462395471,5.296629609075953,-0.002012109375,0.10130844305689946,0.10132842256124389,-0.771,0.645,1.416,1.2280292793116114,-0.0043279659649052985,7.60892137175422,-0.00292861328125,0.05865205666975913,0.058725126882312906,-0.256,0.254,0.51,0.18809169372591494,0.02137855608336281,4.359292411724766,2nd_test,811,2004.02.18.01.42.39
-0.0020727539062499996,0.10840942846231306,0.10842924185053242,-0.635,0.535,1.17,1.0126761241968207,0.007319705784382463,5.856353776497659,-0.0014274902343749999,0.09827301642851353,0.09828338357183337,-0.396,0.41,0.806,0.04161033709747253,0.08522947297314795,4.171610552013275,-0.0008707519531250003,0.10334144115967225,0.10334510955977488,-0.74,0.774,1.514,1.6105727772979286,0.018812327960663455,7.489469054603192,-0.0032959472656250003,0.06033825278544568,0.06042820548037253,-0.303,0.242,0.5449999999999999,0.18595481553422255,0.029233567392309635,5.014214762564844,2nd_test,812,2004.02.18.01.52.39
-0.002813916015625,0.10875097696982489,0.10878737571627682,-0.542,0.461,1.0030000000000001,0.832382817194703,-0.03151730825191958,4.982195741246505,-0.001699072265625,0.09695865399786038,0.09697353985309924,-0.398,0.41,0.808,0.07331856558195904,0.11201268623562385,4.227957447122814,-0.0015412109375,0.10167457643415526,0.10168625681093169,-0.649,1.001,1.65,1.76232141845514,0.10172383697766907,9.844004798518105,-0.0030228515625000006,0.0591124488302789,0.05918968861449813,-0.303,0.244,0.5469999999999999,0.0863550586368742,0.023690570441336902,5.119134887975454,2nd_test,813,2004.02.18.02.02.39
-0.0015854003906250005,0.10944368214859199,0.10945516459555768,-0.505,0.471,0.976,0.8226663722894187,0.02122378402809013,4.613761277152947,-0.0022082031249999997,0.09758336835939303,0.09760834975249941,-0.522,0.439,0.9610000000000001,0.09307850973806131,0.09375959206668943,5.347903138596865,-0.001647802734375,0.10376529363021247,0.10377837643755863,-0.547,0.859,1.4060000000000001,1.237084978530329,0.1009218708761427,8.277254178365045,-0.0030193359375,0.059645913335986574,0.059722285347996354,-0.256,0.239,0.495,0.10217938621775913,0.022160806136413407,4.286507097041325,2nd_test,814,2004.02.18.02.12.39
-0.002318017578125,0.11020072722462237,0.11022510370295927,-0.535,0.488,1.0230000000000001,0.8273301046767609,0.008109121660961255,4.853703757330036,-0.0018154785156249999,0.09702875291002626,0.09704573588528054,-0.439,0.413,0.852,0.07439585113901437,0.13443793683614985,4.523640281469203,-0.0019621582031249998,0.10251630340820324,0.10253507950597628,-0.664,0.603,1.267,0.9811456835647618,0.03325025884910876,6.47583249745101,-0.0027848144531250002,0.059420649670714566,0.05948587058140887,-0.247,0.222,0.469,0.04509361742791951,0.02677089199437323,4.152246534877859,2nd_test,815,2004.02.18.02.22.39
-0.0017166503906250001,0.11005897582780104,0.11007236278388924,-0.61,0.532,1.142,0.9088525634526534,-0.00816056278711879,5.541808902495377,-0.00150986328125,0.09962410455006952,0.09963554533664805,-0.435,0.457,0.892,0.13757695790427826,0.10194621632059858,4.586716502140919,-0.0021416015625,0.10286176093699737,0.1028840527988303,-0.703,0.762,1.4649999999999999,1.2774813377562815,-0.005080010238600947,7.406395639201111,-0.002819140625,0.05940123108766539,0.05946809067553582,-0.237,0.215,0.45199999999999996,0.04871523083825702,0.0004853518051960383,3.9853305748306544,2nd_test,816,2004.02.18.02.32.39
-0.0021333984375,0.11047037780701947,0.11049097592889091,-0.537,0.581,1.1179999999999999,0.8800067254017039,0.004961757268095486,5.25834797919296,-0.00090224609375,0.09889109043990041,0.09889520623572333,-0.469,0.427,0.8959999999999999,0.11497270389196945,0.10934120359753696,4.742393669490559,-0.00155615234375,0.10215691089970635,0.10216876261699316,-0.566,0.837,1.403,1.2439041242492648,0.03334603499592829,8.192327855917421,-0.003055517578125,0.06086820413993166,0.06094484771406542,-0.256,0.239,0.495,0.0823004150848492,-0.047588322027381176,4.200519151296811,2nd_test,817,2004.02.18.02.42.39
-0.00189833984375,0.11106613412551834,0.11108235613161074,-0.564,0.564,1.128,0.9103188476473094,0.006291369222905586,5.077313982489654,-0.0019633789062500004,0.09787101198526811,0.09789070356142099,-0.386,0.466,0.8520000000000001,0.20242334376545612,0.14306297874056004,4.760411183507844,-0.002415576171875,0.10064125209185965,0.10067023706567585,-0.635,0.681,1.316,1.1381168946637112,0.027435947705124156,6.764660736310381,-0.0032574218749999995,0.05894700218000506,0.059036936432044385,-0.261,0.288,0.5489999999999999,0.1498474489157684,0.025922173952954368,4.878301914033593,2nd_test,818,2004.02.18.02.52.39
-0.0020310546875,0.11179252158915924,0.11181097024177122,-0.527,0.491,1.018,0.7821177360607572,-0.033065986871466425,4.713312109319358,-0.0014936035156250002,0.0988712692786559,0.0988825502312434,-0.425,0.42,0.845,0.07330682386825416,0.06883228351898706,4.298028307338466,-0.001739794921875,0.10295216586078552,0.10296686526158244,-0.706,0.908,1.6139999999999999,1.470107425020358,0.06698517199362514,8.818370819432548,-0.00291474609375,0.06017981565475437,0.06025036063818415,-0.273,0.242,0.515,0.06383267543223337,0.003983636507625543,4.531093210128488,2nd_test,819,2004.02.18.03.02.39
-0.001701220703125,0.11376583439958977,0.11377855346468255,-0.657,0.618,1.275,1.0525077600426584,0.07034812342742032,5.774374695299337,-0.00029326171874999985,0.09871709070654541,0.09871752630612256,-0.41,0.537,0.9470000000000001,0.0987673656982726,0.11094267122769148,5.439763536307888,-0.0016479003906250001,0.10116712320156536,0.10118054354755229,-0.547,0.847,1.3940000000000001,1.1407194033479158,0.07233596823970236,8.371174637874526,-0.0027470703124999997,0.0603342026303649,0.060396708538990346,-0.256,0.31,0.5660000000000001,0.14685954297062542,-0.010462811568594308,5.13273003602076,2nd_test,820,2004.02.18.03.12.39
-0.0015712890625000004,0.11120202791145298,0.11121312854576793,-0.542,0.62,1.162,1.0037087771263522,-0.053252415447461725,5.574881384073953,-0.002048779296875,0.09812311658957878,0.09814450318718504,-0.479,0.479,0.958,0.211735851877763,0.10159764277186276,4.880558609396105,-0.0018955566406250002,0.10072302087100822,0.10074085600370575,-0.642,0.618,1.26,0.9153770750013566,-0.08889805662620766,6.372786826131508,-0.0027639648437500003,0.060118074333961866,0.06018157827177059,-0.259,0.269,0.528,0.07619651698259222,0.04304249152939338,4.469806338091837,2nd_test,821,2004.02.18.03.22.39
-0.002117041015625,0.11277862815009007,0.11279849657720675,-0.515,0.576,1.091,0.9866371510161294,0.0443681816109607,5.106451038561857,-0.001530419921875,0.09928966094181636,0.0993014549494524,-0.437,0.444,0.881,0.03472672084706385,0.07107291001236553,4.471233580832616,-0.0021521484374999998,0.10396913179630754,0.10399140401675035,-0.559,0.562,1.121,0.7272486612490772,-0.04692434216732156,5.404292838512614,-0.0033287109375,0.059941955614323826,0.060034309851742275,-0.237,0.244,0.481,0.11634236406582366,0.02288815621455823,4.064342550093535,2nd_test,822,2004.02.18.03.32.39
-0.0021709960937499996,0.13758972412980983,0.13760685088379956,-0.613,0.657,1.27,1.4340807064842034,0.01172348147276447,4.774471588991025,-0.001393994140625,0.09895363938295942,0.09896345773464504,-0.464,0.43,0.894,0.13176087266866698,0.07982473646640637,4.688599313490586,-0.00062685546875,0.10358266872045993,0.10358456548652048,-0.637,0.959,1.596,1.2361065543629408,0.01044823470603833,9.25813605035141,-0.0028942382812500002,0.06081083346577809,0.060879668872549315,-0.256,0.254,0.51,0.14081207747676627,0.005531135995292195,4.205016300790453,2nd_test,823,2004.02.18.03.42.39
-0.0020646972656249997,0.13714496765158554,0.137160508627495,-0.693,0.627,1.3199999999999998,1.4277365827989579,-0.07528488159277225,5.052474702299476,-0.000916552734375,0.0995902911593017,0.09959450869455291,-0.442,0.383,0.825,0.038656059804481835,0.104246733968536,4.437995686600903,-0.000978515625,0.10366991698105643,0.10367453486602918,-0.581,0.693,1.274,1.0778583001277786,-0.06048804396120672,6.684380121780411,-0.0029408203125,0.06162661725906946,0.06169674528616765,-0.269,0.251,0.52,0.09989234748068876,-0.02870586648571512,4.360035505081165,2nd_test,824,2004.02.18.03.52.39
-0.0016225585937500002,0.13581586698720016,0.13582555879463556,-0.737,0.691,1.428,1.5253678310169114,0.00823954006588212,5.426077437376107,-0.0008570800781249998,0.10013581857550552,0.10013948645787472,-0.432,0.432,0.864,0.07672876714476295,0.10265406280555285,4.3139825784648265,-0.00119189453125,0.10434557778013463,0.10435238480669116,-0.627,0.754,1.381,1.0518326296549354,0.030514712305132072,7.225517666793441,-0.00300458984375,0.06247068592569706,0.06254289855895911,-0.283,0.244,0.5269999999999999,0.15393751248994292,0.006015587100876174,4.524894216866065,2nd_test,825,2004.02.18.04.02.39
-0.0017740234375,0.141271784510056,0.14128292273948928,-0.713,0.625,1.338,1.3180243004515324,-0.06117201156246287,5.046611339642581,-0.0016742187500000001,0.10229732496356955,0.10231102434794112,-0.53,0.493,1.0230000000000001,0.24930251378887558,0.11624547028275027,5.180282412112173,-0.0014796875,0.10412984250022225,0.10414035516656717,-0.591,0.61,1.201,0.8957164410947862,0.03873641685661028,5.857479543050133,-0.0029726562499999996,0.06151759414214836,0.06158937468605076,-0.269,0.288,0.5569999999999999,0.1497438247599292,-0.014467304450046625,4.67613125581144,2nd_test,826,2004.02.18.04.12.39
-0.001969189453125,0.13923005978867162,0.1392439846307889,-0.596,0.774,1.37,1.6541833883366017,-0.03807444740499683,5.558588416201489,-0.0013788574218749998,0.09883217838655593,0.09884179648520092,-0.4,0.459,0.859,0.10439633326311704,0.1323572083128255,4.64378447496227,-0.0015905761718750001,0.10291305255311806,0.10292534342113888,-0.591,0.586,1.177,0.7743705611191114,-0.008899364662881718,5.742026019539886,-0.0030323242187499998,0.06099672066355192,0.06107204697629678,-0.288,0.293,0.581,0.18154732117365313,0.0440103741452554,4.797612238360395,2nd_test,827,2004.02.18.04.22.39
-0.002134130859375,0.1414760484750535,0.14149214397499468,-0.64,0.652,1.292,1.3526310858658794,-0.004010183036345891,4.608029687574861,-0.0015589355468749997,0.10146853943637561,0.10148051426451596,-0.386,0.479,0.865,0.12629126005270175,0.1452197617127146,4.720117979957545,-0.00019150390625,0.10497184911919905,0.10497202380277328,-0.742,0.618,1.3599999999999999,1.2412819488795899,-0.01049427288104824,7.06855001087755,-0.002891357421875,0.06228259895297476,0.06234967586185292,-0.251,0.298,0.5489999999999999,0.15060433714720745,-0.0057767183597856354,4.7794955767772365,2nd_test,828,2004.02.18.04.32.39
-0.0022471191406249996,0.14544415613965797,0.1454615141527455,-0.789,0.718,1.5070000000000001,1.4379920350952462,-0.033342191609270086,5.424115131690893,-0.0015218261718750003,0.09947383946778154,0.09948547981167591,-0.547,0.425,0.972,0.14375627007052794,0.12299716303171745,5.49828981103536,-0.0014641601562499994,0.10485733232009505,0.1048675541158942,-0.681,0.798,1.479,1.136607179992562,0.013613671282190527,7.609598666814352,-0.002862353515625,0.06310277106082358,0.06316765614777174,-0.247,0.303,0.55,0.22223282813581902,0.018872510396293632,4.796758633664954,2nd_test,829,2004.02.18.04.42.39
-0.0016695312500000004,0.14225630055719068,0.14226609709559232,-0.669,0.635,1.304,1.4857916003122567,-0.0529089364161842,4.702455564981015,-0.0010769531250000002,0.10112360135048372,0.10112933589283082,-0.398,0.491,0.889,0.057447217737100154,0.10506476672856797,4.855168835633107,-0.0013169921875,0.10527193861101738,0.10528017632652288,-0.71,0.579,1.289,0.8441526240555257,-0.009878247370858774,6.743909677651139,-0.0025402832031249994,0.061733106228403056,0.06178534974700212,-0.337,0.256,0.593,0.19182145272059214,-0.004305654039762538,5.45436744105988,2nd_test,830,2004.02.18.04.52.39
-0.00187568359375,0.14847332092298565,0.14848516833288014,-0.693,0.671,1.3639999999999999,1.6212744292805032,-0.09141194306664531,4.6671328037406195,-0.0010845214843750004,0.10025747631618578,0.10026334197572224,-0.425,0.408,0.833,0.11691259527718678,0.1574380885306763,4.238837361901128,-0.00173935546875,0.10263032984206388,0.10264506788412925,-0.781,0.659,1.44,0.9687330804249585,-0.02898644687787144,7.608743567435915,-0.0032818847656249997,0.06261432110144238,0.06270027092931398,-0.261,0.344,0.605,0.14157113043449554,0.04878191848048249,5.486419674044578,2nd_test,831,2004.02.18.05.02.39
-0.0019019042968749997,0.14732893084374551,0.14734120640036724,-0.674,0.72,1.3940000000000001,1.7901524761320955,-0.029541712478998193,4.886616701363718,-0.0012394531249999997,0.10117616900199215,0.10118376064353782,-0.488,0.698,1.186,0.2823647850121591,0.14976162666335302,6.898340164012079,-0.00152119140625,0.1039664160400153,0.10397754415016734,-0.75,0.771,1.521,1.2164934405989527,-0.03473670833853991,7.415062610818011,-0.00228828125,0.06264455548107033,0.06268633473493246,-0.3,0.349,0.649,0.16543475348074876,0.02972587089948999,5.567401595103143,2nd_test,832,2004.02.18.05.12.39
-0.0020749999999999996,0.15019298536071019,0.1502073183189238,-0.693,0.698,1.391,1.604501405928647,-0.026767457691751123,4.646910735157008,-0.0010059570312500002,0.10007382950218568,0.10007888538938296,-0.447,0.457,0.904,0.11767057915491641,0.10395191373924362,4.566397779285372,-0.001468408203125,0.10308388469207186,0.10309434274420384,-0.752,1.008,1.76,1.6471158794685792,0.05171607944043904,9.777452119669235,-0.0029295898437500002,0.06279084377471883,0.06285914856720341,-0.276,0.242,0.518,0.13781328261809245,-0.019790822165995918,4.390768985687653,2nd_test,833,2004.02.18.05.22.39
-0.0019233398437499996,0.15234833064324318,0.15236047087725052,-0.73,0.71,1.44,1.8112709395100897,-0.03303145187063687,4.791268993801775,-0.001543212890625,0.09971667229810963,0.09972861294650787,-0.388,0.391,0.779,0.105078124470948,0.12537660881631968,3.9206401096323553,-0.0016700683593749998,0.10584345144349692,0.1058566263480793,-1.016,0.723,1.7389999999999999,1.2871014805929448,-0.030781085805196482,9.597887586645507,-0.0028708984375,0.06123981047875687,0.06130706684642889,-0.266,0.293,0.5589999999999999,0.11727074864176457,0.02887394528312743,4.779220652150444,2nd_test,834,2004.02.18.05.32.39
-0.0020552246093750006,0.15796136149588336,0.15797473112440522,-0.671,0.884,1.5550000000000002,1.7398433612694593,-0.031603363833652705,5.595831647899774,-0.001276318359375,0.09971716087792962,0.09972532858862575,-0.427,0.488,0.915,0.21412075709523926,0.1108916276165713,4.893440883089411,-0.0010323242187500001,0.10557040855361001,0.10557545574359957,-0.605,0.85,1.455,1.082067373264672,0.012985103369607245,8.051113717721076,-0.0027048828125,0.0628059979189539,0.06286421689343628,-0.261,0.251,0.512,0.1475516652706137,0.02626348335890083,4.151805476846709,2nd_test,835,2004.02.18.05.42.39
-0.0016179199218749995,0.15641771767765242,0.15642608499978314,-0.742,0.818,1.56,2.043003855422814,-0.06023166377335758,5.22930686397927,-0.0018119140625,0.1007094539547684,0.10072575216119015,-0.464,0.464,0.928,0.06757974741514561,0.1372481792546955,4.6065677350600485,-0.0014977539062499998,0.10441267749424667,0.10442341925201094,-0.693,0.818,1.511,1.2014706697801403,-0.05244288858060913,7.833491814877664,-0.0029826171875000002,0.06292755081014062,0.06299819565868534,-0.251,0.244,0.495,0.1843564579445074,-0.037795772782763665,3.9842410940766566,2nd_test,836,2004.02.18.05.52.39
-0.0012828125,0.15854567219996843,0.15855086181175426,-0.769,0.745,1.514,1.7222144144207405,-0.05049292633003828,4.8501786190741445,-0.00152607421875,0.10230686932724198,0.1023182506401595,-0.444,0.481,0.925,0.18526854691342232,0.0749263209175124,4.701018606024802,-0.0009589843750000002,0.10426477327757806,0.10426918335566002,-0.605,0.857,1.462,1.0082341093411191,0.02264088204525627,8.219111077801115,-0.002777490234375,0.0635471477830227,0.06360781747049159,-0.354,0.315,0.669,0.19453624386165114,-0.00015823036649807086,5.565353663622547,2nd_test,837,2004.02.18.06.02.39
-0.0018984374999999997,0.16184255628512034,0.16185369038067607,-0.662,0.752,1.4140000000000001,1.6780698803653467,-0.060756004673961736,4.646171478862592,-0.0017549316406249998,0.10098924346193934,0.1010044903956162,-0.435,0.459,0.894,0.12088888231862294,0.10136028892770871,4.544352416388977,-0.00184716796875,0.10455096218185406,0.10456727845103482,-0.566,0.828,1.394,1.006975935544368,0.05360656096238307,7.918347041802421,-0.0031016601562500004,0.06348255186880196,0.06355827788337251,-0.271,0.242,0.513,0.15064382247287122,-0.013312519881298796,4.263803378892878,2nd_test,838,2004.02.18.06.12.39
-0.00176826171875,0.16323885277464278,0.16324842971583986,-0.781,0.803,1.584,2.0147890195042253,-0.03924922652070763,4.918883455068032,-0.0021638671875,0.10211063720091121,0.10213356231318503,-0.579,0.457,1.036,0.2116384010842629,0.12487269104426571,5.669047342330723,-0.00159775390625,0.10458402028819969,0.10459622420139028,-0.63,0.859,1.4889999999999999,1.2565714201477096,0.04682651656048815,8.21253354555001,-0.0027635742187499994,0.06302377761017036,0.06308433947279428,-0.276,0.227,0.503,0.1289239651508698,-0.00410719829752468,4.375095345409022,2nd_test,839,2004.02.18.06.22.39
-0.0020430664062500003,0.161164936383518,0.16117788570347902,-0.723,0.95,1.673,1.797566551405458,-0.0595620674362826,5.894108834147588,-0.0014678710937499997,0.10115677779711986,0.10116742726709892,-0.474,0.444,0.9179999999999999,0.07677129367354318,0.10948748969525395,4.685302501010285,-0.0015224609375,0.10766787030626888,0.10767863383045752,-0.701,0.667,1.3679999999999999,1.0516839853048818,-0.04247615877085263,6.510112313434719,-0.002840966796875,0.06480599843417027,0.06486823972785623,-0.378,0.261,0.639,0.1965242625093797,-0.024622134896051834,5.827196815884139,2nd_test,840,2004.02.18.06.32.39
-0.0020975097656249996,0.16384683626947907,0.16386026151185765,-0.706,0.791,1.4969999999999999,1.9389616056842733,-0.05274738790808231,4.827283886263861,-0.0014131835937499998,0.10218517286160138,0.10219494430070893,-0.396,0.459,0.855,0.16181849221969324,0.16179929640989182,4.491415922150706,-0.0023525390625000002,0.10485558629814704,0.10488197375130175,-0.769,0.654,1.423,1.3768690472345808,-0.07675755728614565,7.332051185613042,-0.00269443359375,0.0632487052754056,0.06330607152087586,-0.273,0.281,0.554,0.1604220950393338,0.002362626699979993,4.438752764857608,2nd_test,841,2004.02.18.06.42.39
-0.0021594238281249997,0.16412653043382763,0.16414073566155243,-0.737,0.75,1.487,1.7150538029522142,-0.07858510973253756,4.569249656233308,-0.001750244140625,0.10160929006291124,0.10162436313030761,-0.417,0.491,0.9079999999999999,0.24776684544337169,0.11111976535241185,4.831518593288352,-0.00204072265625,0.10562929772074492,0.10564900892075373,-0.691,0.786,1.4769999999999999,1.3003553832930868,-0.02763773689605208,7.43972904262766,-0.002606689453125,0.06384843460677475,0.0639016230751663,-0.259,0.249,0.508,0.08017739347883346,0.017147010011398685,4.053105187817999,2nd_test,842,2004.02.18.06.52.39
-0.0017100585937499999,0.16521983229855366,0.16522868178726188,-0.771,0.764,1.5350000000000001,1.9828216546950328,-0.07342365663585552,4.666260068503271,-0.0010925781249999998,0.10338247650749144,0.10338824969879919,-0.4,0.454,0.8540000000000001,0.11146958323756895,0.14495385600402166,4.391214681728786,-0.0007835449218749999,0.10429147655847062,0.10429441991492462,-0.588,0.786,1.374,1.0029180679351306,0.06501277501617297,7.536357176478109,-0.0033072753906250004,0.06416109992778873,0.06424628249520065,-0.283,0.354,0.637,0.28187423845352066,0.017835070153379488,5.510046437643059,2nd_test,843,2004.02.18.07.02.39
-0.002062841796875,0.16664426319320277,0.16665703036921176,-0.845,0.879,1.724,2.070871004476122,-0.037869769467666896,5.27430494859647,-0.0014929199218749998,0.10207579209922886,0.10208670894185064,-0.403,0.549,0.9520000000000001,0.20630163360980358,0.15403487534364657,5.377781355527259,-0.002230810546875,0.1053569796550676,0.10538059440776738,-0.642,0.632,1.274,0.7295235007311707,-0.01808175818258529,6.092203252429058,-0.00273134765625,0.06370910601475623,0.0637676285368897,-0.281,0.283,0.5640000000000001,0.22842265377403637,0.011826903207661143,4.437988466700559,2nd_test,844,2004.02.18.07.12.39
-0.00135634765625,0.16765329059812437,0.1676587770662298,-0.811,0.793,1.604,2.181972050930778,-0.051197906703095056,4.8372057472111685,-0.00154267578125,0.10278136465802153,0.10279294124370239,-0.405,0.491,0.896,0.17076503333012516,0.13269015986636118,4.776592575857483,-0.0005750976562500001,0.10575226257640792,0.10575382630119702,-0.647,0.657,1.304,0.7785644058257715,0.016729877100063063,6.212541172010066,-0.00297314453125,0.06521476659998138,0.06528250432614967,-0.298,0.288,0.586,0.1931899643253585,0.016299768967289862,4.564775862559363,2nd_test,845,2004.02.18.07.22.39
-0.001411767578125,0.1664857246490363,0.16649171030297388,-0.781,0.901,1.682,2.246652075464767,-0.018545103252822024,5.4116808479833045,-0.001289306640625,0.10102588063227692,0.10103410745456519,-0.427,0.432,0.859,0.11180904820970117,0.08175410315906508,4.275783800930727,-0.0015307128906250002,0.10488065173090602,0.10489182136588689,-0.596,0.667,1.263,1.0139793745467953,0.07789525927979758,6.358932386796785,-0.0028430664062499998,0.06475146053471229,0.06481384626735825,-0.286,0.269,0.5549999999999999,0.22877989582056113,-0.017795349900818713,4.41263736788328,2nd_test,846,2004.02.18.07.32.39
-0.001423291015625,0.1642119678502848,0.16421813585161088,-0.713,0.859,1.572,2.048758309317642,-0.07262711095512056,5.2308473454537925,-0.0017313964843750002,0.10001959168728905,0.10003457629778878,-0.41,0.493,0.903,0.12726742048470374,0.14296514208501976,4.928295977657569,-0.0009355468749999999,0.10635184248748199,0.10635595727761328,-0.649,0.796,1.445,1.0664377084268866,0.010397926117147968,7.484301024293114,-0.0029200683593750003,0.06305802300444967,0.06312559753739465,-0.31,0.291,0.601,0.14703945495783977,0.013779297625461822,4.910844603276029,2nd_test,847,2004.02.18.07.42.39
-0.0019080078125000004,0.1702728601642998,0.1702835500051128,-0.698,0.818,1.516,1.7639682780390604,-0.08757315432309917,4.8037523293978515,-0.0010341308593749998,0.10183981302381237,0.10184506342164737,-0.413,0.481,0.8939999999999999,0.07252662048020797,0.11455118224013186,4.722860233332032,-0.0005076171875,0.10627122003441691,0.10627243237459327,-0.72,0.652,1.3719999999999999,0.8917701305836467,-0.09118515320060291,6.7750401859189635,-0.00319228515625,0.06443922417562292,0.06451824778211974,-0.288,0.269,0.5569999999999999,0.20008477150746007,-0.01646792318176138,4.463853404204677,2nd_test,848,2004.02.18.07.52.39
-0.0013025390625,0.17362018243124677,0.1736250683382695,-0.837,0.857,1.694,1.9486580019141284,-0.028579715925904556,4.935923183197208,-0.0017544433593750003,0.10352372022489276,0.10353858566111054,-0.43,0.452,0.882,0.17491026844173385,0.12447010836928339,4.36552225539437,-0.001042529296875,0.10476156380947062,0.104766751019303,-0.659,0.559,1.218,0.8534951073726247,-0.06266981312204713,6.290163564128192,-0.0027448730468749996,0.06508055553747151,0.06513841445037924,-0.273,0.254,0.527,0.16942936676582843,0.005061134838912165,4.191075301714218,2nd_test,849,2004.02.18.08.02.39
-0.0016712890624999998,0.17297847521185855,0.17298654888097514,-0.762,0.737,1.499,1.8538147939928216,-0.09796476911102772,4.404966772993983,-0.0020107421875,0.1016276458461496,0.1016475355548525,-0.557,0.461,1.018,0.17609337163877026,0.12472221395555323,5.479719670074481,-0.002698095703125,0.1058192934557182,0.1058536848101691,-0.801,0.796,1.597,1.5275760380383439,-0.016891441425075336,7.567048812980792,-0.0030414062500000003,0.06481571264620146,0.06488703073660021,-0.305,0.281,0.5860000000000001,0.23850227542978297,0.036574649067465236,4.700477068112488,2nd_test,850,2004.02.18.08.12.39
-0.0019521484375,0.17328314036185247,0.173294136130417,-0.796,0.869,1.665,1.9501769099867907,-0.09409324882696408,5.014595527577441,-0.0014613769531249998,0.1028565458105256,0.10286692684566734,-0.474,0.435,0.909,0.05790787268751885,0.10019761201927935,4.6078950205885,-0.0020658203125,0.10624648047346774,0.10626656212827486,-0.732,0.642,1.374,0.8578493805596445,-0.04651585532205827,6.888338018402355,-0.003035791015625,0.06566749842854207,0.06573763288218648,-0.305,0.269,0.5740000000000001,0.18521530909576578,-0.0051390388347546485,4.639655956915493,2nd_test,851,2004.02.18.08.22.39
-0.0023975097656249995,0.16847142904928453,0.1684884876155768,-0.82,0.771,1.591,1.923412204252612,-0.09955168912419245,4.866801355983706,-0.001532958984375,0.10207261693788937,0.10208412752135797,-0.457,0.442,0.899,0.12540972089480062,0.10788776881683612,4.476699865999345,-0.001148974609375,0.10811726952099343,0.10812337449103282,-0.684,0.671,1.355,0.8404071126795825,0.027748595478264394,6.326106664848878,-0.00268798828125,0.06464036335346988,0.06469622752115266,-0.283,0.305,0.588,0.20938536742395586,0.01160794669852389,4.714339795091836,2nd_test,852,2004.02.18.08.32.39
-0.002488720703125,0.1629063913824323,0.16292540036465883,-0.735,0.745,1.48,1.854188484898926,-0.08995591302376342,4.572644893478684,-0.0011667480468749998,0.10206959643965724,0.10207626471594353,-0.454,0.464,0.918,0.0822866542279157,0.09873158499341078,4.5456208775533415,-0.00135419921875,0.10458095946192086,0.10458972673020998,-0.518,0.688,1.206,0.8194387599930493,0.01396011677156742,6.578083923750209,-0.003222705078125,0.06366726526339932,0.06374877641288988,-0.278,0.242,0.52,0.15859680458445835,-0.03790849853367433,4.360868014078903,2nd_test,853,2004.02.18.08.42.39
-0.0012291015625,0.16105276379906622,0.16105745377960237,-0.652,0.752,1.404,1.866960290933977,-0.11141272280160232,4.669141243375165,-0.00047802734375000005,0.10135344881904551,0.10135457610614457,-0.427,0.471,0.8979999999999999,0.2453243100642304,0.1275516346262973,4.647052141997945,-0.001218017578125,0.10560370660727304,0.1056107305912407,-0.657,0.881,1.538,1.4801369563831184,-0.009113131861510367,8.341955358698444,-0.0027253417968750005,0.06445567761900096,0.06451326890829805,-0.315,0.3,0.615,0.1796474413181639,-0.00873834479361941,4.88271646012655,2nd_test,854,2004.02.18.08.52.39
-0.0018247558593750002,0.1632414843994758,0.16325168287919922,-0.73,0.779,1.509,1.88557456362995,-0.14509940033208898,4.771773168008701,-0.00129931640625,0.10209960363308322,0.10210787082863029,-0.439,0.481,0.9199999999999999,0.1488915186527997,0.09305940093427668,4.710704435337422,-0.0016989257812499998,0.10519741012259905,0.10521112795380773,-0.691,0.549,1.24,0.7920976033574729,-0.08923504632534866,6.567746334749033,-0.0027486328125,0.06467959566808569,0.06473797245917576,-0.273,0.291,0.5640000000000001,0.13020820459561921,-0.005753817180098171,4.495043464313184,2nd_test,855,2004.02.18.09.02.39
-0.002853125,0.1655558700364189,0.16558045303048682,-0.791,0.715,1.506,2.042238958693524,-0.10218524889225877,4.777133928058424,-0.001123095703125,0.10367215563162197,0.10367823878358286,-0.408,0.483,0.891,0.1765053750042238,0.13309771807910123,4.658643951345969,-0.002224853515625,0.10675878539612507,0.10678196585763851,-0.671,0.62,1.291,0.8530515780025816,-0.010940554048403694,6.283832617281948,-0.0030155273437500003,0.06588735321432404,0.06595632432716365,-0.298,0.269,0.567,0.14541684873021632,-0.031236108790568633,4.518141406990938,2nd_test,856,2004.02.18.09.12.39
-0.0015997070312500001,0.17136904456029367,0.17137651092286174,-0.811,0.747,1.558,1.9705789740506274,-0.08938233767076162,4.732270458933003,-0.0015875488281249998,0.10303666695670258,0.10304889639791454,-0.396,0.481,0.877,0.17675836892421826,0.14393788400900767,4.667687057394499,-0.001131201171875,0.10661678796374248,0.10662278880144185,-0.718,0.681,1.399,1.062661326043119,-0.0607497263657365,6.734020072672836,-0.003101806640625,0.06479836918534139,0.06487256626275567,-0.305,0.288,0.593,0.2237748629619043,-0.03954095388767976,4.70152512172782,2nd_test,857,2004.02.18.09.22.39
-0.0012562499999999998,0.16158327495781782,0.1615881583228061,-0.82,0.706,1.5259999999999998,1.6569415578388549,-0.1704450391297974,5.074629282900817,-0.0014721679687499998,0.10166398058326402,0.10167463905302296,-0.454,0.459,0.913,0.1284673136296437,0.12091980391831225,4.514400092987975,-0.000300634765625,0.1050781967917385,0.10507862685753762,-0.735,0.967,1.702,1.3468491162257852,0.037838660222466916,9.202632627678188,-0.003333544921875,0.06519196733652825,0.06527714092201899,-0.349,0.276,0.625,0.24232422720954094,0.01787886751595431,5.346435138934377,2nd_test,858,2004.02.18.09.32.39
-0.00187587890625,0.16047503524755521,0.1604859989512325,-0.776,0.781,1.557,1.9853903021851318,-0.10380837841557744,4.86646813490851,-0.0010384765625,0.10085299763931357,0.10085834405940963,-0.393,0.459,0.8520000000000001,0.07617420527387964,0.1328277114782562,4.5509372999925475,-0.001379833984375,0.1060498842193672,0.10605886047269047,-0.627,0.745,1.3719999999999999,0.8485290311045603,0.019852118474998202,7.024401324628682,-0.002983056640625,0.06463166412714784,0.06470046858227245,-0.278,0.261,0.539,0.25484866019608887,-0.061650163446452785,4.296723131799291,2nd_test,859,2004.02.18.09.42.39
-0.0016989746093750003,0.162632404168626,0.16264127827950267,-0.769,0.786,1.5550000000000002,1.7371857208364903,-0.1503320649166087,4.832721485651439,-0.0009812011718749998,0.10152229198383445,0.10152703347084768,-0.422,0.491,0.913,0.1798268330830921,0.11597073873420936,4.836150365174895,-0.0011247070312500002,0.10556607719901127,0.10557206837555921,-0.83,0.598,1.428,1.1304928364067202,-0.07362220963065544,7.861927996328712,-0.0030022949218750004,0.06476422717586043,0.06483377897735389,-0.239,0.254,0.493,0.07809327496193408,0.018289705938771696,3.9177108600256543,2nd_test,860,2004.02.18.09.52.39
-0.0022419433593750004,0.15965523251698166,0.159670972878849,-0.82,0.767,1.587,1.9300105775150938,-0.22381391663019726,5.135560867516244,-0.0007851562499999999,0.10161979410085707,0.10162282727535925,-0.547,0.508,1.0550000000000002,0.047824557292662995,0.07099889621200933,5.382648905372955,-0.0011951660156249999,0.1063319910946288,0.10633870768423474,-0.608,0.679,1.287,0.7517987883231596,-0.02250421951540991,6.38525721047746,-0.0028202636718750005,0.06473638226679783,0.06479778604375211,-0.291,0.259,0.55,0.1593173723564698,0.009560869242815325,4.490894176523608,2nd_test,861,2004.02.18.10.02.39
-0.001975537109375,0.16522781011546256,0.16523961989311728,-0.754,0.752,1.506,1.6979109469031748,-0.1673559495409295,4.5630702883675855,-0.0017455566406250002,0.10419068097827894,0.10420530202779092,-0.454,0.476,0.9299999999999999,0.1316747113470873,0.10176168703263375,4.5679057661431255,-0.0028047851562499997,0.10807642910405361,0.1081128176843812,-0.649,0.771,1.42,0.9319503219717209,-0.004965463824776767,7.131439328902562,-0.002600341796875,0.06525980297739796,0.06531158903371878,-0.315,0.264,0.579,0.13257649129065774,-0.05461410451629682,4.823033777857558,2nd_test,862,2004.02.18.10.12.39
-0.00103154296875,0.16351984655074325,0.16352310019344363,-0.75,0.728,1.478,1.797294405900856,-0.16869093418968828,4.586507955806749,-0.00127373046875,0.10167129832780601,0.10167927661509375,-0.422,0.518,0.94,0.10157564097321847,0.12539533867812538,5.094450090904868,-1.0302734375000188e-05,0.10451414630861838,0.10451414681642685,-0.571,0.708,1.279,0.6982863942568316,0.023532817751845837,6.774202551132025,-0.0031163574218750004,0.06414362535623473,0.06421928337673877,-0.3,0.295,0.595,0.215869965551311,-0.010195325896891216,4.67149404697333,2nd_test,863,2004.02.18.10.22.39
-0.00214765625,0.1617988276209282,0.16181308058026397,-0.715,0.732,1.447,1.8622805302434573,-0.15425541434590953,4.523738114190237,-0.0014549316406250001,0.10226159402910867,0.10227194355957613,-0.376,0.437,0.813,0.16745948957403511,0.16537632690006895,4.27292163213035,-0.00040444335937500007,0.10593414610188107,0.10593491815622282,-0.522,0.864,1.3860000000000001,0.8091813822466372,0.056792533533751216,8.155950984147628,-0.0031404785156250005,0.06478556306618222,0.0648616357110224,-0.305,0.266,0.571,0.19344515868647072,-0.03855566438397642,4.702317427734355,2nd_test,864,2004.02.18.10.32.39
-0.001972119140625,0.16013174127715765,0.16014388473606908,-0.801,0.798,1.5990000000000002,1.8024402637382266,-0.1194750635856015,5.001752026404975,-0.001310107421875,0.10124591607981047,0.10125439202472589,-0.43,0.483,0.913,0.11968426816969657,0.11900483069919152,4.770163450068252,-0.0004359863281249999,0.10437892350365117,0.10437983404786279,-0.652,0.596,1.248,1.0555588663981093,-0.07247803399532139,6.246417288753138,-0.00336982421875,0.06353950963561748,0.06362880636944244,-0.4,0.269,0.669,0.25069839162883634,-0.01588124371676096,6.286460847170825,2nd_test,865,2004.02.18.10.42.39
-0.0014132324218750002,0.153615046815428,0.15362154742738524,-0.764,0.789,1.553,1.9897856647817393,-0.2460716480050523,5.135998258107726,-0.0013050781249999998,0.1028160903324178,0.10282437288968141,-0.43,0.483,0.913,0.12604943069520713,0.12632920290910113,4.697329888055874,-0.0007830078125000003,0.1059149938497995,0.10591788811828483,-0.669,0.581,1.25,0.7416997051893457,0.0034649536380263286,6.3162135488065205,-0.003202490234375,0.0650010919653613,0.06507993469872742,-0.298,0.269,0.567,0.07594502492235167,-0.00789826343926432,4.57898431175359,2nd_test,866,2004.02.18.10.52.39
-0.0022296875,0.15116738632709387,0.1511838291462169,-0.75,0.771,1.521,1.9097440860459338,-0.2504137519454045,5.099751768089101,-0.0018780273437500002,0.10030795533715722,0.10032553458928091,-0.427,0.398,0.825,0.05196669874907611,0.08484763091705132,4.256144776539928,-0.001835302734375,0.10773759523743358,0.10775322623324034,-0.742,0.745,1.487,0.8364502515346244,-0.0435932820272652,6.913946115919304,-0.00263662109375,0.06363238067079521,0.0636869817201679,-0.3,0.286,0.586,0.15271474944318042,0.0075471792774609026,4.71053882429928,2nd_test,867,2004.02.18.11.02.39
-0.00157822265625,0.14980795366995223,0.14981626670535897,-0.776,0.815,1.591,2.010027807180683,-0.20060921080611888,5.4399967234359545,-0.0008115722656250001,0.10109416147940144,0.10109741903117817,-0.493,0.396,0.889,0.0563995269679225,0.0986536440598677,4.8764845306593205,-0.00201806640625,0.10577562469242957,0.10579487403033169,-0.635,0.754,1.389,0.8817826624923075,0.041570223401434146,7.126999364607202,-0.0031953125,0.06360210354763114,0.06368231777861301,-0.298,0.283,0.581,0.19412273314788653,-0.03410647032180992,4.67947792087744,2nd_test,868,2004.02.18.11.12.39
-0.0016171874999999995,0.1493264383586212,0.14933519507564602,-0.815,0.828,1.6429999999999998,1.8515875312725703,-0.22664285420487984,5.544573732769629,-0.0010708984374999998,0.10155859200545422,0.10156423796589896,-0.498,0.469,0.967,0.08428446622487984,0.10903312277315427,4.903300708683546,-0.00216083984375,0.1055395235211715,0.10556164196291308,-0.688,0.593,1.281,0.9684537535209836,-0.08418899031795658,6.517518932068119,-0.0028351562500000004,0.06536645255409564,0.06542790865119218,-0.281,0.237,0.518,0.10033397709653169,-0.05336248440045796,4.294803330697397,2nd_test,869,2004.02.18.11.22.39
-0.00231279296875,0.1498007290054314,0.14981858169758183,-0.825,0.747,1.572,1.824710659518746,-0.22176533434565224,5.506660059429793,-0.0014878417968749997,0.10210363984769029,0.10211447959696693,-0.374,0.498,0.872,0.07925720840091266,0.13807708695892354,4.876879380482246,-0.001336328125,0.10703704577644407,0.10704538729625976,-0.696,0.764,1.46,0.8805006103881934,0.0007845626827099369,7.137159473097236,-0.0031205078125000002,0.06405219756591787,0.06412816527884803,-0.271,0.286,0.5569999999999999,0.11284052235979392,-0.060690894151888046,4.459818844838745,2nd_test,870,2004.02.18.11.32.39
-0.0022666015624999997,0.14984583978526272,0.149862981364958,-0.798,0.774,1.572,2.1437787973431313,-0.1816334420582538,5.324864037312347,-0.0015779785156250004,0.10121441250265374,0.10122671245502901,-0.413,0.425,0.838,0.06676376745515977,0.094366441786323,4.19849652022051,-0.0014439941406250005,0.10634522749149919,0.10635503057823299,-0.566,0.811,1.377,0.8635927922953694,0.03625878770733259,7.625403289182607,-0.002893408203125,0.0646511168478412,0.06471583052625629,-0.283,0.298,0.581,0.15281234652720377,-0.00943731393362962,4.60474659093638,2nd_test,871,2004.02.18.11.42.39
-0.0019315917968749999,0.1671725164372373,0.16718367533592543,-0.881,0.808,1.689,2.348869356891683,-0.25217780349263674,5.269653261447446,-0.0017821289062499995,0.10370845691693979,0.10372376786219854,-0.454,0.474,0.9279999999999999,0.0988510513356049,0.15693292990275107,4.569830134064927,-0.00125751953125,0.1075960707712404,0.10760341909428923,-0.703,0.63,1.333,0.7630665091769964,0.0172673355572531,6.5332496486701,-0.0027725585937499997,0.06741768077116694,0.06747466755545187,-0.322,0.256,0.5780000000000001,0.132455751825018,-0.009857173654228248,4.772161340855849,2nd_test,872,2004.02.18.11.52.39
-0.002054736328125,0.16998675236189367,0.16999917035068693,-0.891,0.833,1.724,2.207939092072202,-0.27618670340886425,5.241202049143756,-0.0013210449218749997,0.10334110929156538,0.10334955263230158,-0.381,0.566,0.947,0.2046518141122564,0.156071409396456,5.476559748722336,-0.0011279296875,0.10739371399607174,0.10739963701637915,-0.632,0.671,1.303,0.6967065825452257,-0.034271597066985446,6.247693368753382,-0.00307392578125,0.06620323750446512,0.06627456281094013,-0.259,0.249,0.508,0.12437081003696848,-0.04127293695736142,3.9079850399758223,2nd_test,873,2004.02.18.12.02.39
-0.00287421875,0.16034146911557112,0.16036722810961876,-0.991,0.806,1.7970000000000002,2.159949000136546,-0.31137237028976983,6.179566808478001,-0.001775244140625,0.10485603608358963,0.10487106271475405,-0.381,0.415,0.796,0.022319212971209534,0.08959421359076035,3.9572403411685597,-0.0024497558593749996,0.10901911079482846,0.10904663141182136,-0.615,0.85,1.4649999999999999,0.921219693270702,-0.0028577008711639378,7.794830422428433,-0.002341552734375,0.06700881611723017,0.06704971518687178,-0.31,0.273,0.583,0.13121528469819665,-0.020978560051763878,4.623435000900257,2nd_test,874,2004.02.18.12.12.39
-0.0019133789062500003,0.15941694796215167,0.1594284300757122,-0.84,0.828,1.668,2.3122078844081697,-0.28311816483617036,5.268821875720767,-0.0007434570312499998,0.10463954408207819,0.10464218515523507,-0.442,0.459,0.901,0.09084799837738178,0.06989835211076785,4.386376290926018,-0.00087197265625,0.10786719769915228,0.1078707220508941,-0.581,0.71,1.291,0.644235818733037,0.030405335989933092,6.581952790289431,-0.00269150390625,0.06833769724914933,0.06839067961786716,-0.288,0.271,0.5589999999999999,0.15130306694156292,-0.033855737296752654,4.211100132430158,2nd_test,875,2004.02.18.12.22.39
-0.00151376953125,0.1593916250699241,0.15939881317194618,-0.84,0.784,1.624,1.9357105328770956,-0.22602988829770954,5.2698008427993,-0.00035581054687499984,0.10395194488858954,0.1039525538275305,-0.349,0.476,0.825,0.10526756258892123,0.12359119656672224,4.579012082619546,-0.0006800292968749998,0.1082330958564478,0.10823523214977472,-0.652,0.569,1.221,0.681497691413179,-0.004615381735548026,6.023916492291028,-0.0028622070312500003,0.0673704526339089,0.06743122509036523,-0.291,0.276,0.567,0.09891840472972158,-0.011814391222955557,4.315508128551907,2nd_test,876,2004.02.18.12.32.39
-0.0024787109375000007,0.15435227513627575,0.15437217640383338,-0.828,0.742,1.5699999999999998,2.0163595484224395,-0.21668729933862094,5.363660857048559,-0.0013505371093750001,0.10495165518689702,0.10496034430656716,-0.432,0.593,1.025,0.17447546825577698,0.1340085131484849,5.649752808187457,-0.002233740234375,0.10999405614389901,0.11001673501073314,-0.706,0.75,1.456,0.845896754520095,-0.018877896866564096,6.817144681852388,-0.0032424804687500005,0.06721631498451307,0.06729447733423227,-0.327,0.286,0.613,0.20983146117028717,-0.04195436298982014,4.859239761548722,2nd_test,877,2004.02.18.12.42.39
-0.0017747558593749998,0.15020805134514342,0.150218535631478,-0.784,0.715,1.499,1.9590216132875486,-0.2370123538629667,5.219062991787648,-0.0025282226562499998,0.10531615945220811,0.10534650137314717,-0.388,0.417,0.8049999999999999,0.01193135778380583,0.10352152024817271,3.958365912114998,-0.0029022949218749997,0.1083206844435867,0.10835955884988009,-0.691,0.818,1.509,1.0133575991621155,-0.03429184277495228,7.548941770109063,-0.002627685546875,0.06698237805451981,0.06703389964168782,-0.3,0.239,0.5389999999999999,0.11368936406824615,-0.036760056216069065,4.475347571886704,2nd_test,878,2004.02.18.12.52.39
-0.00179677734375,0.1537774429566012,0.15378793961521742,-0.815,0.92,1.7349999999999999,2.3246693265761538,-0.21851439279646656,5.982263643663401,-0.0017583984375,0.10550275529472558,0.10551740775741104,-0.386,0.461,0.847,0.06276329794214375,0.12420062555034242,4.368947359429919,-0.0019986328125,0.10951118930989791,0.1095294258050662,-0.654,0.828,1.482,0.9482614002738274,0.008835049706231501,7.5596123498909265,-0.00309453125,0.0669305212673861,0.0670020208708756,-0.3,0.256,0.556,0.15632811034375838,-0.052932559092743046,4.477476889445977,2nd_test,879,2004.02.18.13.02.39
-0.0023980468749999996,0.15557643493010215,0.15559491551581947,-0.859,0.725,1.584,2.1431939239028566,-0.21989770583782897,5.520745952056151,-0.001237841796875,0.10550677843870523,0.10551403958160319,-0.432,0.503,0.935,0.06711661916563694,0.1298081669715464,4.76713811725708,-0.0019623046875000003,0.11022681447744313,0.11024427998554506,-0.688,0.715,1.403,0.785560587515338,0.015467210801605971,6.485597258082353,-0.0028739746093749997,0.06821879070102528,0.06827930238927185,-0.283,0.31,0.593,0.2387480406573137,0.009143573928876308,4.54017526758105,2nd_test,880,2004.02.18.13.12.39
-0.002322119140625,0.15188246573407468,0.15190021604581616,-0.852,0.862,1.714,2.4133470314032266,-0.27398817943869475,5.674777972233619,-0.0012121582031249997,0.1055630326669804,0.10556999191701862,-0.425,0.476,0.901,0.0696058184570485,0.10826889591185018,4.508857027948267,-0.001283251953125,0.10916892502978665,0.10917646691359074,-0.659,0.667,1.326,0.7262371229562823,-0.0259185429617351,6.1093752055724355,-0.0028908691406250003,0.06771167587233318,0.0677733588796374,-0.305,0.259,0.5640000000000001,0.1111540380046856,-0.02307285914900823,4.500293404922821,2nd_test,881,2004.02.18.13.22.39
-0.00170625,0.1502286335031333,0.1502383227185436,-0.823,0.742,1.565,2.7027362077148753,-0.2640141466856439,5.477963179450091,-0.0007897949218750001,0.1069003090617469,0.10690322658140691,-0.376,0.479,0.855,0.014473339997624457,0.09253037239054679,4.4806879578209955,-0.00046508789062500017,0.1090277512331476,0.10902874320885811,-0.674,0.762,1.436,0.8678310940174057,0.041681769431374416,6.988982699115455,-0.0034580078124999995,0.06803438349995308,0.06812220751157438,-0.315,0.259,0.5740000000000001,0.16928234034771927,0.00032569964594132326,4.624042753486159,2nd_test,882,2004.02.18.13.32.39
-0.0018929687500000003,0.1519661055489604,0.1519778949926806,-0.762,0.796,1.558,2.34280981199709,-0.25275323189338067,5.237603797796374,-0.0017065429687499998,0.10713845824228249,0.10715204861988174,-0.405,0.413,0.8180000000000001,0.10758933587919417,0.13164277819746475,3.854336014248772,-0.002058154296875,0.10842432415860212,0.10844385675712283,-0.588,0.569,1.157,0.5202986149089726,0.027914740241731226,5.4221605315227475,-0.0026415039062500003,0.06833795411583717,0.06838898680069036,-0.325,0.291,0.616,0.1925568212669022,-0.046907363993325,4.752227152339783,2nd_test,883,2004.02.18.13.42.39
-0.002693798828125,0.1554396239696517,0.1554629642453569,-0.862,0.933,1.795,2.4550896454244606,-0.28264150450619524,6.001429372731542,-0.001078759765625,0.10667058987445857,0.10667604448420871,-0.442,0.471,0.913,0.07596495896467381,0.08327655750267915,4.415236825408416,-0.0017770996093749998,0.10910557160323657,0.109120043245458,-0.72,0.583,1.303,0.6972987304190568,-0.03769315688175875,6.598237854193399,-0.002575341796875,0.0682211311954177,0.06826972335488936,-0.278,0.354,0.632,0.15341483925250454,-0.039660071175640604,5.1853146987955645,2nd_test,884,2004.02.18.13.52.39
-0.001788330078125,0.15591505308926573,0.15592530873561505,-0.771,0.732,1.5030000000000001,2.2415569799395962,-0.23518452245318444,4.944675154065932,-0.002261962890625,0.10806357936877165,0.10808725022919852,-0.493,0.586,1.079,0.14602845781852425,0.1289259665404759,5.4215460079886215,-0.0023915039062499996,0.11129195902067743,0.11131765104238299,-0.586,0.513,1.099,0.41925444097853415,0.037970102519570524,5.2642145653219234,-0.0027708984375,0.06803490568362912,0.06809130832588878,-0.317,0.273,0.5900000000000001,0.19622170684181706,-0.046052304261523395,4.655513424388395,2nd_test,885,2004.02.18.14.02.39
-0.002368701171875,0.15532462366813893,0.15534268396963735,-0.974,0.854,1.8279999999999998,2.617530006241532,-0.1282857090451546,6.270008828894086,-0.0017092285156249999,0.10700091391617643,0.10701456462096935,-0.608,0.542,1.15,0.21725574278653337,0.08589674494689238,5.681469640583687,-0.00147724609375,0.10824906028493851,0.10825913960767355,-0.654,0.654,1.308,0.5579949037752518,0.013103317163005414,6.041060388656576,-0.0029549316406250006,0.06953669761029861,0.06959945355781808,-0.259,0.31,0.569,0.13502611063653003,0.007708416923629553,4.454057958055961,2nd_test,886,2004.02.18.14.12.39
-0.00072958984375,0.1544374055399465,0.15443912888659403,-0.859,0.825,1.684,2.784423139432196,-0.1713738248327954,5.562061934609907,-0.0011123046874999998,0.10896150178862334,0.10896717897490969,-0.476,0.447,0.923,0.15405885751887594,0.08859596060852919,4.36828781357397,-0.002569140625,0.1130706499482966,0.1130998336129689,-0.75,0.808,1.558,0.9590684438836097,-0.03302040824742046,7.14413075759118,-0.0028672851562499997,0.06955553413048093,0.06961460803842646,-0.303,0.271,0.5740000000000001,0.1792748759691385,-0.05501981597288516,4.352534741392136,2nd_test,887,2004.02.18.14.22.39
-0.0018160644531249996,0.1553431436876487,0.1553537588243663,-0.845,0.798,1.643,2.61616408241109,-0.2874570594797429,5.4391989378890235,-0.0009085449218749998,0.10708277129143166,0.10708662550163828,-0.4,0.496,0.896,0.03576375169707591,0.0942059671983218,4.631764215857004,-0.001321484375,0.11066542899722741,0.11067331880852652,-0.874,0.688,1.5619999999999998,0.9406332717289256,-0.050722555805097914,7.897115667997551,-0.003320458984374999,0.06833468154988145,0.06841530640427348,-0.31,0.276,0.5860000000000001,0.1584363564074578,-0.01902047998642214,4.531149771714024,2nd_test,888,2004.02.18.14.32.39
-0.0017677246093750001,0.16365609098503572,0.1636656377093154,-0.918,0.845,1.763,2.826460757283755,-0.2556832077288674,5.6089965666760175,-0.00197587890625,0.10865381659002635,0.10867178086803975,-0.378,0.496,0.874,0.12114727677785231,0.14800716291122942,4.564202371890169,-0.0012993652343750001,0.11221527023804324,0.11222279280346473,-0.547,0.581,1.1280000000000001,0.42549076347054005,-0.021481518856088795,5.177201399829047,-0.0032125976562500007,0.07136414799213123,0.07143642209926075,-0.31,0.293,0.603,0.14666941437896064,-0.01436941226868361,4.339523045609929,2nd_test,889,2004.02.18.14.42.39
-0.0017377929687499999,0.15623672911584047,0.1562463933958757,-0.937,0.85,1.787,2.986025426473298,-0.27709477937801924,5.996938422891854,-0.002012353515625,0.1090796847749102,0.109098245619559,-0.437,0.417,0.854,0.02147219808135903,0.04511471175730463,4.005563953061859,-0.0015994628906250002,0.10975338864049206,0.10976504270308182,-0.688,0.623,1.311,0.5170309855426609,0.019771930361827138,6.267933606647386,-0.0027507812499999998,0.06934515475266385,0.06939969225548663,-0.293,0.286,0.579,0.15508564816849502,-0.01919696317124403,4.221920738742381,2nd_test,890,2004.02.18.14.52.39
-0.0022796875,0.14536958588874374,0.145387459832554,-0.894,0.715,1.609,2.500774861310396,-0.2866468302396829,6.149086042382821,-0.002255908203125,0.10761497797983767,0.10763862042697257,-0.388,0.535,0.923,0.06888178278700652,0.14824737928880402,4.970334977100533,-0.001901611328125,0.1114127436630506,0.11142897099126364,-0.547,0.825,1.3719999999999999,0.6829632839100266,0.058893510567493805,7.403819605022454,-0.0026223632812500002,0.06758962342842392,0.06764047593249918,-0.271,0.281,0.552,0.07446289334541767,-0.01555556560909529,4.154317309598258,2nd_test,891,2004.02.18.15.02.39
-0.00146767578125,0.1357431755092402,0.13575110964383036,-0.759,0.703,1.462,1.8574887282894075,-0.2550957718975143,5.591114518222312,-0.0018530273437500002,0.11022393390761176,0.11023950887230154,-0.525,0.503,1.028,0.1732471529874453,0.04982292694400749,4.76235793651243,-0.0012994628906249999,0.11367091996894595,0.11367834732432833,-0.593,0.803,1.396,0.7983581834256479,0.07211095220581452,7.063790237044429,-0.003063525390625,0.0697105358344176,0.0697778187831966,-0.327,0.281,0.6080000000000001,0.140609896680159,-0.042962537015982925,4.686302978476872,2nd_test,892,2004.02.18.15.12.39
-0.002474609375,0.1319426623658594,0.1319658662069476,-0.713,0.698,1.411,1.7284183537364086,-0.18389400944522818,5.40291228700365,-0.001636279296875,0.11088875285611473,0.11090082470352453,-0.459,0.444,0.903,0.02511706823084925,0.030905083544072506,4.138833062990503,-0.0024393066406249997,0.1141297551202846,0.11415581991603899,-0.591,0.73,1.321,0.4256295708417914,0.010262943602360153,6.394768138238737,-0.0024282714843750003,0.06856808839135772,0.06861107234293073,-0.273,0.305,0.5780000000000001,-0.0077058762776527345,-0.03160271475534387,4.445346641298778,2nd_test,893,2004.02.18.15.22.39
-0.0017378906250000003,0.1255676200185105,0.12557964588633583,-0.598,0.625,1.2229999999999999,1.1700207117382746,-0.18909650772489328,4.976921184828955,-0.00071689453125,0.10832446886285002,0.1083268410514564,-0.447,0.413,0.86,-0.015181706570771336,0.06403489864960062,4.126401136201727,-0.0007208496093749999,0.11266847131551505,0.11267077727935658,-0.518,0.637,1.155,0.5169870419458218,0.0799649946909016,5.653639882282563,-0.0025043945312500002,0.06910973978414219,0.06915510194483122,-0.286,0.374,0.6599999999999999,0.0878921274021125,-0.0203540173295446,5.4081331597624125,2nd_test,894,2004.02.18.15.32.39
-0.002203955078125,0.12248546571136198,0.12250529265511603,-0.703,0.588,1.291,0.7577765261606118,-0.13343571797490406,5.7385275750770015,-0.0007150390625000001,0.11182312453189903,0.1118254106227091,-0.562,0.427,0.9890000000000001,0.05710451957385487,0.07077469541932058,5.025691359999758,-0.002080322265625,0.11491075869712666,0.114929588031447,-0.703,0.691,1.394,0.46643583010324186,0.005675278476517125,6.116788653253751,-0.0029822265625,0.06840093041590274,0.06846591091215577,-0.291,0.278,0.569,0.05320824149044068,-0.017771879954544312,4.250290343308412,2nd_test,895,2004.02.18.15.42.39
-0.001060986328125,0.12192769830785848,0.12193231444797815,-0.601,0.522,1.123,0.8535628017026946,-0.12124259523496805,4.92896409549812,-0.0008843750000000001,0.11054570123051767,0.1105492387114787,-0.64,0.488,1.1280000000000001,0.17377162313043382,0.08156249388049858,5.789275507039356,-0.0009218749999999997,0.11515407838013435,0.11515776839229629,-0.71,0.657,1.367,0.6460291201542372,0.038836883986920284,6.1654546619482025,-0.002091943359375,0.06867718867050611,0.06870904213204493,-0.269,0.266,0.535,0.03487435649309134,-0.005296733070926857,3.915059672628257,2nd_test,896,2004.02.18.15.52.39
-0.0025202636718750005,0.11885393140850917,0.11888064914120539,-0.544,0.571,1.115,0.7442252875255817,-0.06286489926381517,4.803136625852102,-0.0017072753906249999,0.1113366985988052,0.1113497878046502,-0.518,0.444,0.962,0.04348440877665061,0.04628846291931665,4.652007068968255,-0.0026594238281249997,0.11313443405957589,0.11316568695977648,-0.706,0.62,1.326,0.5285978025296196,0.01200486597780572,6.238640165235787,-0.0028787109375,0.06776718629958985,0.06782830173036179,-0.298,0.283,0.581,0.034664580911717646,-0.029419726476821558,4.393446281174008,2nd_test,897,2004.02.18.16.02.39
-0.0020763671875,0.12121389575259688,0.12123167830323373,-0.591,0.532,1.123,0.7446591645433762,0.0034635156321588256,4.874963444099748,-0.0023767578125,0.1129721189281374,0.11299711780754632,-0.432,0.552,0.984,0.08905159288382425,0.06586985046644843,4.8850803516534524,-0.002610302734375,0.11596209746357013,0.11599147265431034,-0.579,0.662,1.241,0.45511614804055167,-0.023825182147578755,5.707316105617978,-0.002612841796875,0.06789746880874963,0.06794772411855032,-0.31,0.291,0.601,0.08139823549901415,0.017228357718867198,4.5623308803481315,2nd_test,898,2004.02.18.16.12.39
-0.001963330078125,0.12018218906071816,0.12019822474738083,-0.569,0.625,1.194,0.6216526602009442,0.01513756480063032,5.199744017088066,-0.0012293457031250002,0.11094550406055932,0.11095231481185679,-0.483,0.535,1.018,0.035516744129998834,0.07772380476452731,4.82189128638176,-0.0006751464843750006,0.11511758334669822,0.11511956314353948,-0.588,0.701,1.289,0.5090312910784425,0.026233123283935997,6.089321231351899,-0.002937548828125,0.06770648074887667,0.06777017580407789,-0.305,0.283,0.588,0.12406230945303642,0.026699159324536658,4.500504777754271,2nd_test,899,2004.02.18.16.22.39
-0.001525341796875,0.12070150076730957,0.12071113848803731,-0.576,0.608,1.184,0.6546762590964947,-0.03814794116918128,5.03681770887462,-0.001020263671875,0.11053114720065552,0.11053585589958186,-0.571,0.439,1.01,0.014933679534645972,0.035134707189571686,5.165744593442771,-0.0006180175781250001,0.11622200829651952,0.11622365145788152,-0.557,0.886,1.443,0.5747845060599737,0.0537014040892845,7.623233213537915,-0.0031586914062499997,0.06749319346937017,0.06756706665302077,-0.283,0.271,0.554,0.0750221717734143,0.021675915395326876,4.188431051019427,2nd_test,900,2004.02.18.16.32.39
-0.0017869140624999999,0.12600556940137403,0.12601823908478982,-0.564,0.566,1.13,0.6512671864651218,-0.009077999061364143,4.491413339101512,-0.00154580078125,0.1152008243613666,0.1152111949143561,-0.54,0.527,1.0670000000000002,0.11816643164707141,0.07715660055430369,4.687044521990504,-0.0016547363281249998,0.11710802922854503,0.11711971935634655,-0.713,0.796,1.509,0.6246592089667198,0.02049553094179706,6.796464373102764,-0.0033586914062500002,0.0690171121546141,0.06909878854310689,-0.291,0.322,0.613,0.1352167995364817,0.024494194890850408,4.659994867991964,2nd_test,901,2004.02.18.16.42.39
-0.0019898925781249997,0.12888161865198483,0.12889697940148995,-0.679,0.618,1.2970000000000002,0.7079267107692919,-0.02918422221605645,5.267772783718805,-0.001509228515625,0.11299990844848391,0.11300998663869545,-0.432,0.493,0.925,0.009238638568018764,0.03154097435104457,4.362446316995056,-0.001154345703125,0.11673169170077936,0.11673739915437607,-0.693,0.601,1.294,0.47835415883150434,0.042845338169643005,5.936400887924745,-0.002328955078125,0.06888656068954743,0.06892591874897733,-0.278,0.298,0.5760000000000001,0.043021344375965054,0.046655360449662016,4.323482449047486,2nd_test,902,2004.02.18.16.52.39
-0.001513818359375,0.14385861794654656,0.14386658265043908,-0.73,0.618,1.3479999999999999,0.8912405209916154,-0.05088961815698416,5.074145687943731,-0.0014811035156249998,0.11602683735529845,0.11603629024704674,-0.435,0.505,0.94,-0.00204228754520841,0.028616525554270245,4.352086738730436,-0.002114111328125,0.11933447412601657,0.11935319929369562,-0.593,0.676,1.2690000000000001,0.3429476129457405,-0.054025871460265586,5.663861580542008,-0.0029309082031250006,0.06950688661471235,0.06956865321224513,-0.332,0.305,0.637,0.10901929317710168,0.03040834206196447,4.772264298150747,2nd_test,903,2004.02.18.17.02.39
-0.002479931640625,0.15304429884762435,0.1530643899497957,-0.708,0.586,1.294,0.9429930692778719,-0.1122825369483,4.625504339889863,-0.0013958984375,0.11487435817784113,0.1148828390109626,-0.413,0.488,0.901,0.0500875204127631,0.01963652009524234,4.24780588812908,-0.0022284667968749997,0.1188891331314635,0.11891001657142103,-0.564,0.554,1.1179999999999999,0.26804342595431674,-0.031659190941273715,4.743082342911801,-0.0025040527343749997,0.06833444068957172,0.06838030465311723,-0.315,0.271,0.5860000000000001,0.06118034357453439,0.021932935407314263,4.6065895961321015,2nd_test,904,2004.02.18.17.12.39
-0.002098828125,0.16622874011913663,0.16624198964489612,-0.837,0.774,1.611,1.348028731376786,-0.15382400122219914,5.034829057224667,-0.001369873046875,0.11758222920820058,0.1175902086813965,-0.471,0.588,1.059,0.0790551908109336,0.05510987528851024,5.000416332180766,-0.0007299316406249998,0.11913303341631107,0.11913526955176572,-0.764,0.754,1.518,0.5559976784608609,-0.028545487195089956,6.412878426918066,-0.003388671875,0.06993148997155955,0.07001354430907458,-0.273,0.291,0.5640000000000001,0.10897342501202179,0.07993230985543863,4.156338646579939,2nd_test,905,2004.02.18.17.22.39
-0.001779248046875,0.1754459881970362,0.17545500989725793,-0.75,0.73,1.48,1.1832916895998533,-0.19583726371785395,4.274600083718935,-0.00145634765625,0.11906119318812126,0.1190700998230664,-0.466,0.496,0.962,0.08913317260230835,-0.004865103050147609,4.165613371727002,-0.0011434570312499998,0.1216662456004856,0.12167161876337472,-0.742,0.659,1.401,0.5389886189167212,-0.07827550881266583,6.098381919590738,-0.00268330078125,0.07177226009254789,0.07182240195005316,-0.283,0.303,0.586,0.13906707641785054,0.05212316067328379,4.218739442973432,2nd_test,906,2004.02.18.17.32.39
-0.0019341796875000004,0.18284163193021774,0.18285186194832348,-0.974,0.806,1.78,1.385662486057388,-0.1474993992217441,5.326716335379398,-0.000990478515625,0.1179437451031241,0.11794790399426616,-0.503,0.513,1.016,0.0299184465600959,0.057231272206795136,4.3493778407506865,-0.0006049316406250001,0.12282041174060625,0.12282190147698363,-0.593,0.618,1.2109999999999999,0.38229998545457766,-0.08288145814306919,5.031675886493088,-0.0030625,0.06985388978409685,0.0699209898686993,-0.264,0.276,0.54,0.14823524072460614,0.055917815942506346,3.9473125382569325,2nd_test,907,2004.02.18.17.42.39
-0.00182734375,0.18303868906251922,0.18304781036359397,-0.767,0.703,1.47,1.2336770503160857,-0.18561212556744408,4.190162113779412,-0.001457421875,0.11937083371162958,0.1193797303545759,-0.527,0.498,1.025,0.05396465221160618,-0.017078999666615143,4.414484757423355,-0.00113203125,0.12433425624010574,0.12433940955920311,-0.605,0.776,1.381,0.4434552554079807,-0.09347021002850606,6.240981863632491,-0.002409716796875,0.07167402508845679,0.07171452159376004,-0.322,0.325,0.647,0.14278171822446328,0.07492867776189417,4.531857603910262,2nd_test,908,2004.02.18.17.52.39
-0.002658740234375,0.18432173859087536,0.18434091303017047,-0.793,0.71,1.5030000000000001,1.3033661897808928,-0.19073549251913133,4.301812261643244,-0.0017581054687500004,0.1164325900682644,0.11644586280690161,-0.442,0.549,0.9910000000000001,0.08134382952000108,0.05658707282769008,4.714637229367901,-0.00225419921875,0.12048122800140251,0.12050231414725508,-0.569,0.645,1.214,0.3090213131930857,-0.049529017639928945,5.352594301271681,-0.0026356445312499996,0.07136501448165895,0.07141366755784567,-0.276,0.32,0.5960000000000001,0.08448595789123337,0.05978139913660878,4.4809349657937165,2nd_test,909,2004.02.18.18.02.39
-0.0020998046875,0.17368301738312125,0.17369571009967763,-0.774,0.723,1.4969999999999999,1.0203749635404202,-0.12467586737654203,4.4560686015295,-0.0016782226562500001,0.11744842441191389,0.11746041387686747,-0.447,0.503,0.95,0.018082650571844994,-0.004295157247214281,4.28229378216739,-0.0014550781249999998,0.1224319443194367,0.12244059066415638,-0.632,0.674,1.306,0.4737704184590634,-0.03132635633655152,5.504710458668214,-0.00316240234375,0.07078994560611164,0.07086054746824921,-0.291,0.366,0.657,0.25539485715784815,0.02105682012684618,5.1650744041856305,2nd_test,910,2004.02.18.18.12.39
-0.00154951171875,0.16509484457377738,0.16510211595072383,-0.803,0.593,1.396,1.067268555058079,-0.201966999536157,4.863656624696432,-0.000982861328125,0.11688173630827786,0.11688586868748559,-0.459,0.483,0.942,-0.032902630973898894,-0.035050491550602775,4.132236047175652,-0.001106640625,0.12248085929402235,0.12248585855875362,-0.552,0.73,1.282,0.22203235568007162,-0.019810362270463445,5.959871683014542,-0.0034062500000000004,0.0696748194741113,0.06975803185162623,-0.347,0.256,0.603,0.07821361659797788,-0.0053914755044961755,4.974337589298489,2nd_test,911,2004.02.18.18.22.39
-0.0014723144531250002,0.17317115194605304,0.17317741069831213,-0.789,0.703,1.492,1.146197452969874,-0.22195755048521912,4.556021462694926,-0.0012760742187499998,0.12060308274742396,0.12060983348630307,-0.505,0.493,0.998,0.04618316190286409,0.003280086062374992,4.18705494733282,-0.0015596191406249999,0.1270353215070589,0.12704489490831825,-0.784,0.85,1.634,0.49777070265223156,-0.06512849354093192,6.690548255454976,-0.0029453124999999996,0.07120590766657703,0.07126679558071732,-0.303,0.278,0.581,0.1303740551601118,0.0005654921742813109,4.251629353147613,2nd_test,912,2004.02.18.18.32.39
-0.0012650390625,0.17768744935036662,0.17769195249213948,-0.916,0.776,1.6920000000000002,1.3526061061171646,-0.2817775343466567,5.154988659575711,-0.0019931640624999995,0.1187015520090774,0.11871828482733295,-0.459,0.527,0.986,0.09607863909551684,0.023550081319545488,4.439080304790823,-0.00239736328125,0.12435445618994807,0.12437756278766682,-0.791,0.623,1.4140000000000001,0.40660753368568336,-0.05860538642363722,6.359667951879785,-0.00275888671875,0.0700459438311606,0.07010025465806098,-0.325,0.276,0.601,0.19771375074949127,-0.037313071027386846,4.636217109062831,2nd_test,913,2004.02.18.18.42.39
-0.0018849121093750005,0.17654433227019936,0.1765543943106221,-0.776,0.776,1.552,1.339958487414516,-0.26450341831244795,4.39524602616429,-0.00196953125,0.1193370176378081,0.11935326904626975,-0.479,0.486,0.965,0.08999275270341744,-0.016209316324347127,4.071945442964952,-0.0027787109374999997,0.12390087336970558,0.12393202837140205,-0.667,0.762,1.429,0.33635810256168686,-0.07058771352769709,6.148531658904784,-0.0030857910156249996,0.07205987916187144,0.07212591968921869,-0.295,0.293,0.588,0.14156693896207972,-0.016093974758204923,4.090069163305326,2nd_test,914,2004.02.18.18.52.39
-0.0023139160156250005,0.19302381537633706,0.19303768417012682,-0.996,0.776,1.772,1.830056361432022,-0.36030359222343433,5.159614322336418,-0.001270947265625,0.12198770500162558,0.12199432559965905,-0.483,0.469,0.952,0.09425678459337083,-0.026115983676682452,3.959200541679872,-0.002058984375,0.12646444865949386,0.12648120884703093,-0.659,0.72,1.379,0.24723968411900588,-0.022813156809528744,5.692545213297975,-0.003069775390625,0.07335160112263561,0.07341580829905181,-0.325,0.298,0.623,0.22309746734486602,-0.01963462228562958,4.426839498541224,2nd_test,915,2004.02.18.19.02.39
-0.002242138671875,0.17690343055438598,0.17691763882590783,-0.789,0.596,1.385,1.3679778747043594,-0.3393154272723732,4.459702295551997,-0.00137080078125,0.12300798574711266,0.12301562361075828,-0.498,0.459,0.9570000000000001,0.07423116597277257,-0.01199964363617373,4.048266272028225,-0.0020210937500000003,0.1294025508269542,0.12941833324714372,-0.745,0.791,1.536,0.23647604469031291,-0.013083419695870591,6.111962502896362,-0.002593408203125,0.07359295889639401,0.07363864043580907,-0.33,0.266,0.5960000000000001,0.29304576674188354,-0.056680754571386875,4.481342920544279,2nd_test,916,2004.02.18.19.12.39
-0.0009047363281249998,0.17101263275999437,0.17101502598113455,-0.928,0.667,1.5950000000000002,1.6965917277658908,-0.3344773035146301,5.426423758207922,-0.001292529296875,0.12081736451846892,0.12082427819429287,-0.488,0.479,0.967,0.024490743116874825,-0.0888794436477448,4.038923362829671,-0.0019228515624999999,0.12782773253237573,0.12784219398344193,-0.623,0.735,1.358,0.22843108776393795,-0.05407210059899629,5.749275548958801,-0.0028892578124999997,0.07569266498837855,0.07574778771521978,-0.322,0.308,0.63,0.3173731673467177,-0.027675692909087335,4.250949231762851,2nd_test,917,2004.02.18.19.22.39
-0.002149951171875,0.175142612161416,0.17515580745372283,-0.872,0.764,1.6360000000000001,1.7447864206890555,-0.32924695247123387,4.978424710384832,-0.0014678222656250002,0.12111367714968616,0.12112257136851858,-0.481,0.52,1.001,0.1745973421635867,-0.0506548662767693,4.293171736039135,-0.001772216796875,0.12684452920572392,0.12685690892417675,-0.706,0.664,1.37,0.32026250842191706,0.04887780440133266,5.565325578100091,-0.002682568359375,0.07545100249943107,0.07549867516169985,-0.369,0.337,0.706,0.3369013707985955,-0.054227368847764607,4.887502982069606,2nd_test,918,2004.02.18.19.32.39
-0.0021744628906250002,0.16992461501297912,0.16993852734495457,-0.93,0.903,1.8330000000000002,2.255060008475886,-0.45077160384147585,5.472567136625472,-0.001133447265625,0.12341225261749407,0.1234174574313866,-0.591,0.496,1.087,0.1413164028449274,-0.06333570300074125,4.788625631214087,-0.0022332031250000004,0.12938846099617515,0.12940773174411274,-0.598,0.825,1.423,0.29053053484608604,0.029962183920535696,6.375198675338479,-0.0026958007812500004,0.07691594591677861,0.0769631735190604,-0.378,0.303,0.681,0.42224338024596264,-0.06696694831397149,4.911439883666888,2nd_test,919,2004.02.18.19.42.39
-0.0016375,0.17551363500941672,0.17552127358377032,-0.894,0.852,1.746,2.0630298792829587,-0.4857158727636599,5.093399687350325,-0.0009353515625,0.1258182621020972,0.12582173882496417,-0.542,0.579,1.121,0.20527634020410712,-0.05538589197559904,4.601748516612611,-0.001419091796875,0.1294229451345478,0.12943072490266028,-0.615,0.608,1.2229999999999999,0.10914678291589253,0.03556762432641666,4.751576570847189,-0.0029689941406249995,0.07760401075912449,0.07766078426148795,-0.374,0.317,0.6910000000000001,0.29344483568561675,-0.06164017485050854,4.8158153893463975,2nd_test,920,2004.02.18.19.52.39
-0.0021989257812500005,0.16958180403735776,0.16959605990457519,-0.876,0.745,1.621,2.1145702826278567,-0.4971611916160733,5.165214336274819,-0.00171044921875,0.1258562596533793,0.12586788204489957,-0.537,0.579,1.116,0.04007652311982701,-0.02451991939021932,4.600061513618376,-0.00044360351562499977,0.13307747663743308,0.13307821599445052,-0.845,0.701,1.5459999999999998,0.29030760999002236,-0.03157330547561192,6.349649292179326,-0.003194873046875,0.07946179041415898,0.0795259916606475,-0.327,0.347,0.6739999999999999,0.3965165088167124,-0.020624057147678457,4.3633533232298625,2nd_test,921,2004.02.18.20.02.39
-0.0018225097656250002,0.18458911955411558,0.18459811645737173,-0.959,0.803,1.762,2.4108261616448203,-0.5200580426597082,5.195069258554768,-0.001866064453125,0.12800042068694503,0.12801402224982278,-0.671,0.613,1.284,0.14400114401570185,-0.020427312979100245,5.241613287373191,-0.00209453125,0.13432046404005804,0.13433679362368953,-0.635,0.776,1.411,0.30095975087198656,0.004118777971777651,5.776526140470427,-0.00327001953125,0.08285578137596371,0.08292028422018494,-0.347,0.325,0.6719999999999999,0.5138241127090044,-0.03546337197129588,4.18474204784921,2nd_test,922,2004.02.18.20.12.39
-0.0017872070312500003,0.17964441557498373,0.17965330544203745,-0.911,0.898,1.8090000000000002,2.0081460484581894,-0.4343205614019899,5.070878032293429,-0.0015685546874999999,0.12766268721323715,0.12767232303953938,-0.559,0.508,1.0670000000000002,0.12701639602084747,-0.07244399940276094,4.378396089985005,-0.0012118652343750002,0.13490741286068417,0.13491285580740398,-0.703,0.759,1.462,0.16480164597557323,-0.013981584817004719,5.625853781331938,-0.0031388671875000004,0.08414852274381729,0.0842070446410958,-0.386,0.378,0.764,0.4557222547150639,-0.05025298209565603,4.583939522407077,2nd_test,923,2004.02.18.20.22.39
-0.0018041015625,0.1715594336098162,0.17156891922189388,-0.94,0.803,1.7429999999999999,1.3135115993832214,-0.2936082830587539,5.478847825454903,-0.0009326171875000001,0.12962439108533577,0.129627746023228,-0.559,0.591,1.15,0.1525626570368468,-0.0767616479392803,4.5592091055069295,-0.0012479003906250001,0.13370531387160986,0.1337111372058836,-0.701,0.735,1.436,0.13771399146428953,0.00861534882728173,5.4969243052863765,-0.0034131347656250004,0.08208575137885415,0.08215667999839925,-0.398,0.315,0.7130000000000001,0.37124593463921673,-0.05027036790659062,4.84440218376534,2nd_test,924,2004.02.18.20.32.39
-0.0018101074218749998,0.16923512047254155,0.16924480048212523,-0.825,0.833,1.658,1.0764268059592403,-0.17673628278770234,4.921864645898267,-0.0012158203125,0.13040636009652276,0.13041202771468685,-0.513,0.486,0.999,0.017207213871990756,-0.08172855860055965,3.9336862480077275,-1.9287109375000024e-05,0.1378014964041049,0.13780149775384565,-0.713,0.632,1.345,0.2739836706076484,0.011955729584588558,5.174109219541687,-0.0029071777343749996,0.08231881517182223,0.0823701342336643,-0.342,0.325,0.667,0.3838862506269338,-0.01923768347574199,4.151990320006959,2nd_test,925,2004.02.18.20.42.39
-0.00231982421875,0.15795255776795086,0.1579695922949849,-0.735,0.667,1.4020000000000001,0.7112063302087432,-0.08883777360299291,4.652794182204656,-0.0010034179687499999,0.1307099061975076,0.13071375759950155,-0.52,0.498,1.018,-0.05035413337772665,-0.028677654880767484,3.9781581491159335,-0.0011326171875,0.1378524828287709,0.13785713562870078,-0.854,0.608,1.462,0.092557670052416,-0.008605779245052056,6.194818977625769,-0.0029955078125,0.08099745956746268,0.08105283168056192,-0.383,0.371,0.754,0.260173677788317,-0.05182315676435237,4.725313009479047,2nd_test,926,2004.02.18.20.52.39
-0.001451171875,0.15092203452922043,0.1509290111484535,-0.706,0.654,1.3599999999999999,0.878651414831352,0.006866219032791526,4.677695789717339,-0.0011769042968750002,0.12865118896328406,0.1286565720256475,-0.481,0.474,0.955,-0.12770999414488404,-0.028987105286648402,3.7386352863526837,-0.0022441406250000005,0.13799406960778324,0.13801231616802356,-0.603,0.632,1.2349999999999999,0.006292413513931283,-0.08327254556601543,4.579301453255738,-0.00315,0.07893419468040293,0.07899702266442546,-0.317,0.374,0.6910000000000001,0.25484522731575865,-0.08778210446272751,4.734355642541047,2nd_test,927,2004.02.18.21.02.39
-0.002050439453125,0.1583219969911073,0.1583352741280449,-0.63,0.713,1.343,0.5093037113259804,0.07674579637395851,4.503102697247977,-0.00152607421875,0.12904394616870396,0.12905296953310488,-0.493,0.498,0.991,-0.13504009437182152,0.0037766153953654505,3.8588805960671313,-0.0008110839843750002,0.13856348000963192,0.1385658538371174,-0.779,0.581,1.3599999999999999,0.09826613308017285,-0.14334969901336908,5.621875652785887,-0.0027828125,0.0808584030587721,0.0809062753476206,-0.31,0.388,0.698,0.29347115674724167,0.0449704648846504,4.795672502882252,2nd_test,928,2004.02.18.21.12.39
-0.00208154296875,0.17049299206399,0.1705056983331129,-0.691,0.718,1.4089999999999998,0.35985567966639387,0.0681160814807222,4.211002957760681,-0.0007827636718750001,0.13071727499533436,0.13071961865447695,-0.608,0.569,1.177,-0.059265548807057034,0.003997845309913143,4.651176359398947,-0.0015445312500000003,0.13958004560197357,0.13958859089134487,-0.693,0.823,1.516,0.19290421240419509,-0.15409867494489024,5.895897327559696,-0.00297216796875,0.0823737155319237,0.08242731824443125,-0.332,0.369,0.7010000000000001,0.19500962390463128,0.003586620901940477,4.476671179587391,2nd_test,929,2004.02.18.21.22.39
-0.0017557617187499998,0.16769343691737604,0.1677026281379484,-0.632,0.718,1.35,0.39780194254189105,-0.00043182890767171523,4.281387882634182,-0.0020129394531250002,0.12645973867756757,0.1264757582765987,-0.439,0.452,0.891,-0.20812434849487182,0.006397565781792985,3.573807393254885,-0.001367919921875,0.13784130876667275,0.1378480961327427,-0.635,0.725,1.3599999999999999,0.08485720969332355,-0.044835521806031585,5.259412500674597,-0.0026364746093750003,0.07702751656567117,0.07707262358737131,-0.305,0.312,0.617,0.20320442604025413,-0.016223759031560762,4.048130003544792,2nd_test,930,2004.02.18.21.32.39
-0.0023124511718749996,0.17960562885188433,0.17962051482417904,-0.859,0.815,1.674,0.5302426757931595,0.002574150153878601,4.782304520372002,-0.0013443847656250004,0.1268496029950137,0.12685672686298755,-0.405,0.544,0.9490000000000001,-0.15403171729617426,0.055830008951829116,4.2883023505979505,-0.002858349609375,0.1369690291450314,0.1369988507521938,-0.684,0.542,1.226,-0.009326719318424548,-0.08143791979234595,4.992742612361324,-0.002741748046875,0.07999851289676785,0.08004548237125489,-0.308,0.374,0.6819999999999999,0.3685407592705028,0.020440893192835718,4.672343634094141,2nd_test,931,2004.02.18.21.42.39
-0.00197138671875,0.19203544127248395,0.192045559881796,-0.947,0.835,1.782,0.7571049470480635,-0.005629730073812603,4.931121555624338,-0.0021966796875,0.13020208222427945,0.130220611337789,-0.513,0.483,0.996,-0.21905361188532035,-0.00017597647918918104,3.939468527492559,-0.0007392578124999999,0.1415804416811752,0.14158237167370097,-0.603,0.742,1.345,0.08209916081139701,-0.04297550351932787,5.240765437273617,-0.00282392578125,0.08054088728846512,0.08059037834649524,-0.374,0.356,0.73,0.3331707235814001,-0.013955980188736216,4.640752502579906,2nd_test,932,2004.02.18.21.52.39
-0.0019648437499999996,0.19998656091169748,0.19999621285476882,-0.847,0.854,1.701,0.8609358829813223,-0.03924812192373888,4.270080857060422,-0.0015779785156250004,0.12995757824000628,0.12996715799848485,-0.461,0.591,1.052,-0.13168293128131214,0.022957241242941188,4.547302634734403,-0.00068203125,0.14282219458812337,0.14282382306041855,-0.601,0.942,1.543,0.05115474188054803,-0.07240813345538323,6.595538333929849,-0.0032333496093750005,0.08092406253747508,0.08098863159274655,-0.383,0.33,0.7130000000000001,0.34741447782438284,0.00781131393135642,4.729058788413619,2nd_test,933,2004.02.18.22.02.39
-0.0015838378906250002,0.22445169715982735,0.22445728524686076,-1.003,0.991,1.9939999999999998,1.4313680652798766,-0.10669167686950069,4.468556228381806,-0.0010728515625,0.13017650377105727,0.1301809246569222,-0.457,0.535,0.992,-0.16178156745942252,0.055213185059048604,4.109665078857177,-0.0018250488281249997,0.14341310048295566,0.14342471263125953,-0.71,0.891,1.601,0.4930957982519977,-0.01805934400131779,6.212318530381308,-0.0034154296875000003,0.0823483838604301,0.0824191815318194,-0.354,0.32,0.6739999999999999,0.5077556650038066,-0.011197765762593822,4.295116663577116,2nd_test,934,2004.02.18.22.12.39
-0.0017422851562500005,0.2659238102180243,0.26592951772685464,-1.211,1.169,2.38,2.188355898835968,-0.11125421976237997,4.553838213775524,-0.00184345703125,0.13364489739517812,0.13365761083303018,-0.571,0.52,1.091,0.0043573536680949765,0.04196854703449768,4.272109881636604,-0.0007932128906249999,0.1418482865228975,0.14185050432117566,-0.759,0.652,1.411,0.1702958252620217,-0.08921402083874846,5.350703570825053,-0.002784130859375,0.08914640911408603,0.08918987410338758,-0.378,0.376,0.754,0.6275766429811225,0.05335814417797349,4.238149271940779,2nd_test,935,2004.02.18.22.22.39
-0.002080859375,0.20114734985176033,0.2011581127574153,-1.064,0.969,2.033,1.8162248042569438,-0.16298525492234306,5.289371556581619,-0.00048754882812499997,0.13302727722385857,0.13302817066115405,-0.535,0.564,1.099,-0.006275300874390322,0.0009794834357426984,4.239703494325022,-0.0010232421875,0.1437227492744954,0.1437263917434573,-0.593,0.669,1.262,-0.014763189215068362,-0.015713503582419876,4.654677487412812,-0.00286123046875,0.08451434316166959,0.08456276272594072,-0.359,0.344,0.703,0.539569905001799,-0.0115200289381353,4.245367445707006,2nd_test,936,2004.02.18.22.32.39
-0.002433154296875,0.1968945543969747,0.19690958785954438,-1.028,0.837,1.865,1.4284091908193126,-0.1359941753525065,5.220670111442475,-0.001056005859375,0.13087716553718162,0.1308814257540843,-0.505,0.549,1.054,-0.046120372079649474,-0.014998298523765502,4.194636456874579,-0.0016719726562499995,0.1465303956562827,0.1465399342969349,-0.728,0.911,1.639,0.07251810420395444,0.019167265922185005,6.216735420037909,-0.00240576171875,0.08846828972640478,0.08850099421228272,-0.4,0.464,0.8640000000000001,0.5687705364955304,0.08207483089129858,5.242878954351457,2nd_test,937,2004.02.18.22.42.39
-0.0017133300781249996,0.19559009497414873,0.19559759904444923,-0.964,0.823,1.787,1.1907125645598269,-0.12753183836464382,4.928485854143864,-0.001971826171875,0.13403529676358028,0.1340497999884861,-0.525,0.522,1.0470000000000002,-0.03732627675049116,-0.07225714070798668,3.9164549297438507,-0.0013044921874999994,0.14881203295330406,0.14881775045861464,-0.771,0.891,1.662,0.06687286330644726,-0.09703346821983047,5.987189009699449,-0.0029392578125,0.08975438828623734,0.08980250248809885,-0.403,0.386,0.789,0.5477026093224153,0.06473543898197547,4.487625498509023,2nd_test,938,2004.02.18.22.52.39
-0.00167568359375,0.1664643677693139,0.16647280153930175,-0.786,0.647,1.433,0.7069339010890472,-0.04484150656569219,4.721491995854444,-0.0018876953125000003,0.13039833723058325,0.13041200000802744,-0.586,0.566,1.152,0.007138948612849916,-0.03610151973015967,4.493451522554945,-0.0017125976562500003,0.14504839277823472,0.14505850281276603,-0.588,0.798,1.3860000000000001,0.005403565975532487,0.02982543595164117,5.501228707871856,-0.0027381347656249997,0.08466536686580234,0.08470963185208412,-0.356,0.396,0.752,0.4705107224283567,0.05479339239532928,4.6747930706014795,2nd_test,939,2004.02.18.23.02.39
-0.00241708984375,0.16238247631498678,0.16240046470838684,-0.806,0.676,1.4820000000000002,0.8365146408675304,-0.024820652209428296,4.963039985398593,-0.002184033203125,0.13217422166222323,0.13219226480035387,-0.503,0.583,1.0859999999999999,-0.09480713658315576,-0.03022770317976202,4.410242920613227,-0.00270322265625,0.1465887789918902,0.1466137017439451,-0.649,0.74,1.389,0.03525111172201045,-0.038344445987019124,5.047277240754297,-0.0025693847656250005,0.085293212507308,0.08533190398608616,-0.366,0.337,0.7030000000000001,0.4305497049518916,0.02465303048736524,4.289134343649348,2nd_test,940,2004.02.18.23.12.39
-0.0018973632812500003,0.17005873902746138,0.17006932323917576,-0.833,0.708,1.541,0.8079763666608222,-0.04551257608637872,4.8980026740249825,-0.0019262207031249998,0.13302481146319464,0.1330387567253078,-0.527,0.52,1.0470000000000002,0.05968484424538234,-0.09680831108448906,3.9612516906194766,-0.00281171875,0.14633987189026235,0.14636688104618306,-0.937,0.876,1.8130000000000002,0.032674671824374,-0.0969460922185805,6.4017214365451105,-0.0028114746093749997,0.08840372674008978,0.08844842164230872,-0.383,0.349,0.732,0.46199201871497353,0.019199837654465868,4.330207287864866,2nd_test,941,2004.02.18.23.22.39
-0.002439453125,0.16306470852427626,0.16308295465086547,-0.776,0.64,1.416,0.23859552164660824,0.11723719608632369,4.758314574668662,-0.0013703613281249999,0.13392057497205576,0.1339275859971187,-0.498,0.552,1.05,-0.06928841199306612,-0.0033116533899560357,4.121630326464288,-0.000924169921875,0.1481245034333529,0.14812738641933124,-0.576,0.598,1.174,-0.16141177011697172,-0.023427506345782383,4.037065761108449,-0.0032001953125,0.087098777438101,0.08715754861886606,-0.396,0.298,0.694,0.1160450402193911,0.0633604605130557,4.543496303769822,2nd_test,942,2004.02.18.23.32.39
-0.001482568359375,0.19798261368397457,0.19798816462121702,-0.825,0.818,1.6429999999999998,0.6918752464391398,-0.004004138534845936,4.166915742535367,-0.002203515625,0.1352873377562425,0.13530528163483216,-0.623,0.564,1.1869999999999998,-0.11216481062455941,-0.04040185685378134,4.604402669784727,-0.0015495605468749999,0.15034436150364833,0.15035234675198164,-0.715,0.608,1.323,-0.03145602808437742,-0.05123107386666383,4.755496109247265,-0.0025029785156249996,0.08858874705293948,0.08862409946430697,-0.312,0.371,0.683,0.05833397857493683,0.1547216724443862,4.186220252034636,2nd_test,943,2004.02.18.23.42.39
-0.002016015625,0.18846554449620162,0.18847632684570761,-0.83,0.759,1.589,0.6431576445294054,-0.05403764290827314,4.403736075963849,-0.0013759765625,0.13393549180797149,0.13394255961920298,-0.457,0.471,0.9279999999999999,-0.20618702495640617,-0.010694430863078464,3.516432725606638,-0.0013729003906249998,0.15038374175152477,0.15039000844029457,-0.659,0.732,1.391,-0.04386647226617546,0.01371147190725671,4.867344630050603,-0.002984814453125,0.086609511229511,0.08666092863992617,-0.366,0.339,0.7050000000000001,0.15353352513536667,0.1378977090343189,4.22335654302179,2nd_test,944,2004.02.18.23.52.39
-0.001586474609375,0.21543143790125996,0.21543727935965637,-1.118,0.955,2.073,1.4587115959458021,-0.0800775765003318,5.18944540758145,-0.00022329101562500018,0.13569297905547828,0.13569316277479912,-0.486,0.53,1.016,-0.06490679687582013,-0.0031807447333988452,3.9058710782333206,-0.0009977539062499998,0.1505551549514498,0.1505584610552077,-0.737,0.554,1.291,-0.12408573998380845,-0.04282265853654438,4.895108483639834,-0.0034722656249999997,0.08961598854378298,0.08968323160574668,-0.334,0.339,0.673,0.23705738193965376,0.1463897501291612,3.7799708365381623,2nd_test,945,2004.02.19.00.02.39
-0.00183427734375,0.18384188836827614,0.18385103886621773,-1.021,0.71,1.7309999999999999,0.8855776669293616,-0.14667225229555692,5.553408924370529,-0.0011802246093749996,0.1389241804707906,0.1389291936549312,-0.525,0.498,1.0230000000000001,-0.01755972306147413,-0.10119379674429536,3.778903383692003,-0.00118466796875,0.15648560698868225,0.15649009116494406,-0.745,0.825,1.5699999999999998,-0.04179681559119386,0.04231224921463101,5.27189928674244,-0.00313271484375,0.08894747322009208,0.0890026229643332,-0.312,0.342,0.654,0.09531215093231271,0.12010339249855762,3.842583382438179,2nd_test,946,2004.02.19.00.12.39
-0.0016881835937500003,0.16386712604147086,0.16387582177044147,-0.728,0.693,1.4209999999999998,0.26447976532175055,0.12061113156540049,4.442388096856324,-0.0014138183593749999,0.13632088463749717,0.13632821597418168,-0.569,0.63,1.1989999999999998,-0.046251728648389445,-0.03795907130416273,4.621200354552357,-0.0016389648437500001,0.15565602045663768,0.15566464887750284,-0.759,0.894,1.653,0.012570827284061448,0.011125325176726257,5.743115128841952,-0.003097705078125,0.08690107901399058,0.08695627240485229,-0.347,0.354,0.701,0.25832977958846604,0.08690280553645667,4.071011672944886,2nd_test,947,2004.02.19.00.22.39
-0.002101708984375,0.15830738757848012,0.1583213382414958,-0.696,0.647,1.343,0.3269080575747445,0.05399367339447685,4.396122517193221,-0.00128935546875,0.1288521335799303,0.12885858436916417,-0.522,0.491,1.013,-0.15498674580676752,0.005858485579298521,4.050952465071963,-0.0015734863281250005,0.15022733024354565,0.15023557039306012,-0.869,0.767,1.6360000000000001,0.05444081147591451,-0.002989778163278446,5.784249347346024,-0.0028930175781249996,0.0849238556581102,0.0849731181641987,-0.325,0.315,0.64,0.08292163453572776,0.052944261705301095,3.824739011791448,2nd_test,948,2004.02.19.00.32.39
-0.0019110351562499999,0.1611921610636869,0.16120348893169154,-0.769,0.593,1.362,0.5962783117213477,-0.25055731948641863,4.770368216540811,-0.0016778320312500004,0.12695696327577374,0.12696804969964393,-0.474,0.515,0.989,-0.16295203585815843,0.009364589925709798,4.056138542052349,-0.0027361328125,0.14822293770137643,0.14824818947829937,-0.62,0.615,1.2349999999999999,-0.06257243737925755,-0.013439430322879432,4.182175864525979,-0.0033718261718750004,0.08388403440297673,0.08395177448662491,-0.352,0.342,0.694,-0.08350579457369989,0.08002854301819884,4.19288338034936,2nd_test,949,2004.02.19.00.42.39
-0.001475390625,0.18293026703501983,0.18293621668494187,-0.918,0.669,1.5870000000000002,0.9118408191974585,-0.423249668139527,5.01814247955061,-0.001592138671875,0.1357547964259556,0.13576413244374644,-0.544,0.535,1.0790000000000002,-0.11428336375062642,-0.05744687998802374,4.006949333406585,-0.0015039550781250004,0.15129581235420847,0.15130328719759156,-0.64,0.742,1.3820000000000001,-0.06465034733224195,0.004279598695124665,4.904057365429844,-0.002722119140625,0.0923863209772549,0.09242641525196206,-0.347,0.344,0.691,0.021963560669603588,0.13582484566297562,3.754337967671849,2nd_test,950,2004.02.19.00.52.39
-0.0017118652343749998,0.21441788300098122,0.2144247164699143,-1.091,0.901,1.992,1.374046176080066,-0.2926748782430145,5.088032844142709,-0.001167919921875,0.14294217675233825,0.14294694796196464,-0.571,0.505,1.076,0.13507211150578735,-0.16205124735454543,3.994488921497906,-0.00083798828125,0.1540833848111445,0.15408566350968136,-0.618,0.618,1.236,-0.12161509812391946,0.055209870450740973,4.010756003637935,-0.0030098144531249997,0.0994786603184554,0.0995241821960717,-0.374,0.435,0.8089999999999999,0.2901797192976967,0.25746203853562794,4.370797030400507,2nd_test,951,2004.02.19.01.02.39
-0.001976904296875,0.23727929075269952,0.23728752594838,-1.23,1.147,2.377,1.2521377158068745,-0.17984195166781017,5.18358474630644,-0.0017756347656250001,0.1439223430268941,0.14393329601302082,-0.647,0.588,1.2349999999999999,0.3337137770361083,-0.16845644403016932,4.495137802840105,-0.0020763671875,0.15238354040644506,0.15239768596504344,-0.737,0.937,1.674,0.008361765118453768,0.08319907481832078,6.148387320059296,-0.002832275390625,0.1013407335702914,0.10138030412487983,-0.364,0.449,0.813,0.3852631973901772,0.2712428439471619,4.428868150193106,2nd_test,952,2004.02.19.01.12.39
-0.0016032226562500002,0.19875337356945538,0.198759839575617,-0.759,0.693,1.452,0.3930067403957853,-0.19093677965180295,3.8186788720335243,-0.0017588867187500004,0.13206370336772366,0.13207541569000456,-0.632,0.525,1.157,-0.16324041917310295,0.0025732872019309442,4.785144886301838,-0.0015862304687500003,0.14432853414149005,0.1443372505437569,-0.696,0.659,1.355,-0.014290908694749582,-0.018331572670246894,4.822040030367492,-0.002947119140625,0.09228525318580341,0.09233229915255482,-0.369,0.325,0.694,-0.1420881496754265,0.11174334325278584,3.996434653775145,2nd_test,953,2004.02.19.01.22.39
-0.0021794921875000002,0.2361333975837167,0.2361434556379342,-0.974,0.825,1.799,0.6124751846308487,-0.19319551082658498,4.124611445888452,-0.0017267089843749999,0.13643197126305806,0.13644289760423817,-0.505,0.481,0.986,-0.15914768498982612,0.018912765256834524,3.7011820245938,-0.0013516113281249998,0.14442947042108323,0.14443579466080034,-0.63,0.676,1.306,0.04734454710178415,0.06577148143407523,4.680280269741093,-0.0032361816406249995,0.09538171016630105,0.09543659416523295,-0.337,0.383,0.72,-0.12005863937305117,0.12367055597853455,4.013135667151791,2nd_test,954,2004.02.19.01.32.39
-0.0019155761718750001,0.20297935560138036,0.20298839432938495,-0.862,0.725,1.587,0.5611380194014495,-0.22013436599357836,4.246548197218627,-0.0014418945312500001,0.12183918240799325,0.12184771409299192,-0.562,0.491,1.053,-0.08013181116807688,0.0629457106000771,4.612314676387608,-0.0005649902343750001,0.1351897186700303,0.13519089927967368,-0.75,0.591,1.341,0.12692200454756764,0.009298259714987904,5.547710711228451,-0.00306982421875,0.08986717633480522,0.08991959298798566,-0.444,0.303,0.747,-0.16579779502910164,-0.11223284587031745,4.937744769978952,2nd_test,955,2004.02.19.01.42.39
-0.0014914550781249998,0.22103687038934378,0.2210419021583139,-0.923,0.891,1.814,0.4655669752736662,-0.11280704661740533,4.175678868953798,-0.0013711425781250002,0.12188417272077341,0.12189188484799501,-0.461,0.522,0.9830000000000001,-0.015361463334166103,0.0730213212096397,4.282483617729567,-0.0016656249999999998,0.12662326130192025,0.1266342157924745,-0.544,0.71,1.254,0.11940326955069258,0.05461758768582961,5.606699544441657,-0.0029976562500000003,0.09395669347317989,0.094004500910362,-0.386,0.369,0.755,-0.10158455309784165,-0.0365653091246448,4.106186366160958,2nd_test,956,2004.02.19.01.52.39
-0.0025938476562499995,0.2072049313492078,0.20722116595824314,-0.808,0.681,1.489,0.16874461540068753,-0.1609940615000826,3.8992155857231294,-0.0013021972656250002,0.1207040262306814,0.12071105030615725,-0.593,0.486,1.079,-0.009145531519339833,0.04051130289591822,4.912557702804111,-0.0013026855468750002,0.12164912415159566,0.1216560988873323,-0.735,0.703,1.438,0.26726536844861526,0.045635178268550194,6.041620656229113,-0.002810986328125,0.08912329485572905,0.08916761368388258,-0.332,0.334,0.666,-0.1780257767078286,-0.023960999318589454,3.7457546097437633,2nd_test,957,2004.02.19.02.02.39
-0.0025134277343750004,0.26151912875066796,0.2615312065920325,-1.064,0.994,2.058,0.819911092895623,-0.10261151291043294,4.068348148049826,-0.0019646484375,0.13501985863875554,0.13503415149625111,-0.552,0.52,1.072,0.08826956954594056,-0.03737646014161796,4.087854767697319,-0.0019306640624999997,0.1273656552369359,0.12738028731972717,-0.613,0.664,1.2770000000000001,0.18359859003248102,0.03264495087977427,5.212737496251155,-0.0025294921875,0.09950165331803978,0.09953380000658069,-0.352,0.366,0.718,-0.004348323225340511,0.08119960129204709,3.677142839639647,2nd_test,958,2004.02.19.02.12.39
-0.001050634765625,0.20161989934794045,0.201622636741226,-0.806,0.732,1.538,0.5009320077403623,-0.26483687107115017,3.997567004494981,-0.0011344726562500002,0.12770025168489674,0.12770529084025356,-0.515,0.483,0.998,-0.1351892761271869,0.15405100428445814,4.0327225020001745,-0.0008172851562500002,0.12213727753845108,0.12214001195157649,-0.63,0.937,1.5670000000000002,0.475181308328243,0.04733610847776556,7.671523729372244,-0.00325390625,0.09102642389999982,0.0910845637520774,-0.354,0.381,0.735,-0.1791063054668851,-0.017308044596579322,4.182926110650966,2nd_test,959,2004.02.19.02.22.39
-0.0017356933593749998,0.2228926784548936,0.22289943638384188,-0.84,1.113,1.9529999999999998,0.5709460275133078,-0.041422024337299315,4.993283150695704,-0.0036246582031249997,0.1585366433126184,0.15857807357866938,-0.627,0.598,1.225,0.009402563398536845,0.019879720083036255,3.95388836455373,-0.0035544433593749994,0.14858590826042983,0.14862841653321843,-0.903,0.84,1.7429999999999999,0.030136719412941382,0.015715779114316448,6.075554197888558,-0.0023173828124999998,0.10176472775488239,0.1017911100151924,-0.381,0.43,0.8109999999999999,-0.1952233906567975,0.06945153695196735,4.224337468484211,2nd_test,960,2004.02.19.02.32.39
-0.002728662109375,0.2592280876459518,0.25924244834032173,-1.301,1.067,2.368,0.16828137278919275,-0.08595345870240616,5.018468265224404,-0.00172939453125,0.17231783552682245,0.1723265134739682,-0.642,0.698,1.3399999999999999,0.23552098449788073,0.07918540766472122,4.050450426488725,-0.0009094726562499999,0.16391955620475104,0.16392207919275245,-0.701,0.74,1.4409999999999998,-0.19616282598163837,0.027787661733791526,4.514340006176566,-0.002534765625,0.11066330579005206,0.11069233164567566,-0.388,0.405,0.793,-0.15389460749192274,0.07035978701038596,3.6587900351827405,2nd_test,961,2004.02.19.02.42.39
-0.001971337890625,0.2316572573260826,0.2316656449388253,-0.886,1.062,1.948,0.2930961828855869,0.019681875412551994,4.584192879681631,-0.0017859863281249999,0.1778812170846254,0.1778901828057745,-0.645,0.635,1.28,-0.4992488391429104,0.05876896421758667,3.6258324648561593,-0.0029142089843750005,0.18333955118460804,0.18336271061090398,-0.737,0.859,1.596,-0.34387183822377265,0.032601080687296474,4.684703869905778,-0.0027451171875000004,0.10626648068682991,0.106301931242746,-0.415,0.344,0.7589999999999999,-0.3413025240834848,0.020920883796515462,3.903974228355474,2nd_test,962,2004.02.19.02.52.39
-0.0019230957031250002,0.23456853716290413,0.23457642022127484,-1.023,0.972,1.9949999999999999,0.4463146708758181,0.08978843698189212,4.361052142541214,-0.0018010742187499998,0.13940947471198312,0.13942110854462642,-0.513,0.483,0.996,-0.33381979561595543,0.04915532798141549,3.6795002231108898,-0.0008271484375000001,0.1648992868687956,0.1649013613781736,-0.676,0.715,1.391,-0.40764219211149655,0.05606213273097495,4.3359253921253655,-0.00368623046875,0.09577089149661425,0.09584180691704951,-0.327,0.308,0.635,-0.2565489694450216,0.02479489436464696,3.411872235251205,2nd_test,963,2004.02.19.03.02.39
-0.0009138671874999999,0.24749552770400188,0.24749721490699395,-0.945,0.991,1.936,0.16235307119876907,0.11966536501132338,4.004085461601659,-0.0008209960937499997,0.14020509352577137,0.14020749725016937,-0.493,0.527,1.02,-0.09604370416438401,0.0008883840546563937,3.758714835740388,-0.0014314941406249999,0.15022987754680653,0.15023669752494936,-0.686,0.701,1.387,-0.0675777676281295,0.11850406556939462,4.665970508829382,-0.0031464355468750005,0.09148896413548324,0.09154305334231742,-0.337,0.369,0.706,-0.24272258570973193,0.10170376261593443,4.0308902371447575,2nd_test,964,2004.02.19.03.12.39
-0.0006280761718750001,0.2971874369131276,0.2971881006007338,-1.199,1.072,2.271,0.4668719209344352,-0.16700413678198536,4.034481857020237,-0.00107998046875,0.17051325052066957,0.17051667062471487,-0.632,0.552,1.1840000000000002,-0.3469354854149258,-0.10388812198655664,3.7063824767447158,-0.00155732421875,0.16442518018234448,0.1644325549783824,-0.659,0.679,1.338,-0.20138734022535987,0.12297020351765114,4.129352609555555,-0.0028572753906249996,0.10862645141974055,0.1086640233504315,-0.403,0.378,0.781,-0.002035598429834362,0.04040353331361684,3.7086791706271844,2nd_test,965,2004.02.19.03.22.39
-0.001956982421875,0.29164454659343636,0.29165111235496877,-1.03,1.162,2.192,0.17370458548626067,-0.02716674849906475,3.984212474327013,-0.00110419921875,0.17678879133072625,0.1767922396376429,-0.557,0.627,1.1840000000000002,-0.5621264719189871,0.057535104908861226,3.546535760175706,-0.000982666015625,0.1639151333457877,0.1639180788450915,-0.718,0.872,1.5899999999999999,-0.21263871545469604,0.09998511947470665,5.319730478410205,-0.0033555175781250003,0.10996229389183718,0.11001347906584845,-0.376,0.464,0.8400000000000001,0.046365050269709496,0.3219552851016181,4.217664998286761,2nd_test,966,2004.02.19.03.32.39
-0.0008244140624999995,0.34373452753480926,0.3437355161721363,-1.257,1.128,2.385,-0.26454133607088526,-0.06269775323698136,3.65688135457862,-0.002089794921875,0.17537088709471602,0.1753833381002971,-0.53,0.596,1.126,-0.4576937682256865,0.04203568528456509,3.3982703628081534,-0.0019251464843749997,0.16105023725047898,0.1610617431528104,-0.547,0.615,1.162,-0.2361030913277622,0.08022461465732837,3.8184114238270013,-0.003176025390625,0.11693019051774002,0.11697331572541181,-0.371,0.498,0.869,0.6516244075268829,0.5680324244984739,4.257381240391349,2nd_test,967,2004.02.19.03.42.39
-0.0019333984374999996,0.31480520089341657,0.3148111378891517,-1.025,1.086,2.1109999999999998,-0.25887405123123797,0.00787722699192807,3.449687349940403,-0.0007367675781250001,0.1464699744444922,0.14647182746260243,-0.745,0.645,1.3900000000000001,0.21908635118494013,0.08880009914925749,5.086302348382517,-0.00104892578125,0.15001572947742156,0.15001939653237345,-0.706,0.728,1.434,-0.0544424316019998,0.05054827229996356,4.852705828862926,-0.00353017578125,0.10933410515644112,0.10939108140706102,-0.432,0.437,0.869,0.0543306564842605,0.28678927834930035,3.9948412098593393,2nd_test,968,2004.02.19.03.52.39
-0.0006234375,0.32571497152163553,0.3257155681690027,-2.28,1.66,3.9399999999999995,1.5961439154093577,-0.12227076376189232,6.999972438560215,-0.0007155273437499998,0.14836043339247024,0.14836215884039047,-0.645,0.579,1.224,-0.059759901908034596,0.029786556059445555,4.347469766125135,-0.0023214843749999998,0.15608795993810792,0.15610522261392715,-0.681,0.632,1.3130000000000002,-0.07943153178572127,0.0004525276762612981,4.362442130971224,-0.0033373535156249997,0.11874418370307079,0.11879107328329379,-0.349,0.481,0.83,0.04655397570430431,0.2691953646240966,4.0491258029873896,2nd_test,969,2004.02.19.04.02.39
-0.0030344726562499995,0.3530770677965697,0.35309010723627615,-2.583,1.973,4.556,2.2372547302258763,-0.2796229613719415,7.3154131114305825,-0.0018500488281249998,0.1842105596806252,0.18421984957793128,-0.671,0.703,1.374,-0.2588116846864277,0.05883977113532194,3.8160925742086813,-0.0027486328125000004,0.18382447337024943,0.18384502166821787,-0.947,0.71,1.657,0.0011215245736377888,0.18841382409719226,5.1510777469073075,-0.003098779296875,0.13414106693460298,0.13417685445517186,-0.483,0.532,1.0150000000000001,0.18022964669061725,0.30888994708900686,3.9649163200034243,2nd_test,970,2004.02.19.04.12.39
-0.0021252441406249996,0.4296731920202357,0.429678447916015,-2.974,3.635,6.609,6.0228666429516124,-0.08938739103100905,8.459814583723402,-0.001110302734375,0.19094893503837923,0.1909521630263798,-0.771,0.649,1.42,-0.16607653671947542,0.054811258507124566,4.037660468341747,-0.0027998535156250003,0.18736091828647303,0.1873818371157124,-0.879,0.781,1.6600000000000001,0.013627803781257608,0.3113840416101193,4.690956250218142,-0.0027778808593749995,0.14241718717943772,0.14244427621414585,-0.515,0.684,1.199,0.760694354730397,0.42524235523820525,4.801877745981846,2nd_test,971,2004.02.19.04.22.39
-0.002303662109375,0.4155634455432109,0.41556983063121816,-2.678,2.122,4.8,2.7108349028301966,-0.06558850742323999,6.444163658189245,-0.0018054199218749997,0.16280258661014135,0.16281259701892503,-0.61,0.806,1.416,0.1567344927085541,0.10096316535084175,4.950476896461283,-0.0025979003906250004,0.15537768339611954,0.1553994002047124,-0.879,0.874,1.7530000000000001,0.46521805647804326,0.3746158958111781,5.6563924882361825,-0.002758544921875,0.12780415448851173,0.12783392145518097,-0.486,0.527,1.013,0.8134602805347289,0.5271454080878122,4.122536444136586,2nd_test,972,2004.02.19.04.32.39
-0.0022909667968749993,0.37167402599332755,0.37168108658761895,-3.469,3.22,6.689,8.78736473241632,-0.0720069162860087,9.333270174813954,-0.00155439453125,0.13658984233652305,0.13659868656716653,-0.618,0.596,1.214,0.3211945879190945,0.11667703207213713,4.524201626869969,-0.00239140625,0.12071979971543591,0.12074348374627718,-0.781,0.657,1.4380000000000002,0.5709870910254358,0.021455356764892342,6.468257961106012,-0.002778173828125,0.11738244477764807,0.11741531668311794,-0.527,0.547,1.074,0.7730207002527321,0.2768562941300173,4.65867669949392,2nd_test,973,2004.02.19.04.42.39
-0.002442333984375,0.44766612783039755,0.44767279010673977,-3.12,2.073,5.193,3.161553346450286,-0.468654951277646,6.969376001720188,-0.001783837890625,0.19084866157128755,0.19085699804086798,-0.664,0.708,1.3719999999999999,-0.06134567819183934,0.009220553404545442,3.709583653016942,-0.002883154296875,0.1651876010020608,0.16521276011106292,-0.847,0.686,1.533,-0.2140138926106392,0.0712396476288095,5.126722654021908,-0.0034499023437499997,0.1298642136777145,0.1299100297140775,-0.452,0.562,1.014,0.35809150024948533,0.23920317704137928,4.326070906400337,2nd_test,974,2004.02.19.04.52.39
0.0033890625000000006,0.6721289437226655,0.6721374879698163,-5.0,4.998,9.998000000000001,14.110009232265156,-0.7660666557271534,7.43895421619021,-0.0007151367187499994,0.1910733091719275,0.1910746474507738,-0.674,0.852,1.526,0.47430328508995157,0.19612730787851035,4.4589903022850805,-0.0011133789062500003,0.1761750162877064,0.176178534380788,-0.759,0.969,1.728,-0.16339917254306124,0.14154354156733606,5.5001025147599805,-0.0034029296874999995,0.12459835570874594,0.12464481608065878,-0.525,0.547,1.072,0.7860189649897813,0.12621350812615878,4.388469710939627,2nd_test,975,2004.02.19.05.02.39
-0.005277880859375,0.5309298963726813,0.530956128967989,-4.25,4.097,8.347000000000001,9.796460845214698,-0.416445831645933,8.004427801318826,-0.001956787109375,0.17106341922315818,0.17107461065894428,-0.754,0.725,1.479,0.6182460598491453,-0.05095331680144991,4.407433675232926,-0.001947216796875,0.16041453014459628,0.16042634800669628,-0.715,0.676,1.391,0.15035249495375735,0.2604670564327938,4.456873879381076,-0.0032721191406250003,0.1468577946172595,0.14689424292161904,-0.566,0.706,1.2719999999999998,0.9702485897479214,0.38799177190285755,4.806178826027285,2nd_test,976,2004.02.19.05.12.39
-0.0032018066406250003,0.4459067523416139,0.4459182473835416,-3.066,2.803,5.869,1.624277812551865,-0.1593117319267757,6.8756997902263635,-0.0015494628906250005,0.17318941123174203,0.17319634233449296,-0.608,0.676,1.284,0.1283123837509894,0.1046774147557914,3.9030847354186187,-0.0020370605468750004,0.14946371758578314,0.14947759862345386,-0.615,0.796,1.411,0.2827088715802075,0.25668280696509954,5.325212656110853,-0.00312373046875,0.1463869455100799,0.1464202701398017,-0.549,0.54,1.089,-0.04261227658948741,0.1450779641590775,3.749480857206907,2nd_test,977,2004.02.19.05.22.39
-0.0003648925781249995,0.386974659780703,0.38697483181595205,-1.577,2.317,3.894,0.46885747700291747,-0.12403412787470645,5.9874694928377,-0.0024482421875000005,0.17668496294173594,0.1767019242100415,-0.688,0.769,1.4569999999999999,0.09926774891115064,0.06510771131253525,4.351961663312481,-0.002122119140625,0.13939287469110417,0.1394090273414777,-0.679,0.789,1.468,0.1264808644305262,-0.0068332870249857396,5.65960479777046,-0.00265166015625,0.14337446752018648,0.143398986182892,-0.542,0.53,1.072,-0.11676904377771224,0.036742013945835574,3.7796640996119035,2nd_test,978,2004.02.19.05.32.39
-0.002752197265624999,0.724996245861816,0.7250014697250727,-5.0,4.998,9.998000000000001,12.577704574521317,-0.5105564427793186,6.896537743418851,-0.0008377929687499997,0.2182928680189564,0.21829447570884608,-0.884,1.118,2.0020000000000002,2.452738748815693,0.6420072241098808,5.121522184033781,-0.001910986328125,0.1705660745216882,0.17057677932967422,-0.769,0.686,1.455,-0.09803718892522051,-0.011976010239844131,4.508233787843088,-0.0029391601562500005,0.14832200575863116,0.14835112421106725,-0.544,0.542,1.086,-0.0932865896544186,-0.05194832041749468,3.666975918715348,2nd_test,979,2004.02.19.05.42.39
-0.004486523437500001,0.4619898811734555,0.46201166565273954,-2.881,2.688,5.569,3.759971680444238,-0.325367873567202,6.235773280580325,-0.0009095703125000003,0.17081446362245753,0.17081688529176867,-0.637,0.908,1.545,0.911258398675006,0.4644416778702296,5.315633746884853,-0.00134794921875,0.1778726991289098,0.17787780654848429,-0.725,0.764,1.4889999999999999,-0.31920590755036216,0.11105937878286294,4.29508332051228,-0.0033151367187500003,0.11658267421503825,0.11662979918783085,-0.449,0.527,0.976,0.25959088689080634,0.1198931770656153,4.518570756919116,2nd_test,980,2004.02.19.05.52.39
-0.001703076171875,0.4838323979711101,0.4838353953514789,-3.696,3.501,7.197,4.891755233183495,-0.377095385435107,7.638961587974413,-0.0016322265625000006,0.19363421388191554,0.19364109313164588,-0.752,0.891,1.643,0.33062749098565325,0.38686124703104136,4.601296065756338,-0.0013654785156249998,0.1874004735062761,0.18740544816507637,-0.784,0.845,1.629,-0.13566238753029802,0.2470953113254842,4.508940419123629,-0.003310888671875,0.1305403582626579,0.1305823384655851,-0.479,0.625,1.104,0.6971666810946306,0.1679784108520022,4.786252163495542,2nd_test,981,2004.02.19.06.02.39
0.0018568359375000002,0.000987327985630153,0.002103011233921493,0.0,0.005,0.005,3.6375126385863172,0.5796982508442869,2.377543170941098,0.0037314941406250005,0.0014895876611855687,0.004017825272691062,0.0,0.007,0.007,-1.8710393454475822,-0.2896389679347121,1.7422360414317617,0.0036558105468750004,0.0014962976532871103,0.003950171821816743,0.0,0.007,0.007,-1.9354181434079027,-0.1961212519961512,1.772074814459215,0.0017855468750000002,0.001204202477649724,0.002153666931073605,-0.002,0.005,0.007,1.6527216082391964,0.656680034260563,2.3216217538270287,2nd_test,982,2004.02.19.06.12.39
-0.001161962890625,0.0009995548103707943,0.001532732063383878,-0.005,0.002,0.007,-1.6097740354671497,0.31703227680043783,3.2621487578847526,-0.0007011718750000001,0.001021142987886116,0.0012386989141837494,-0.002,0.002,0.004,-1.0940985534953698,-0.2503399043659282,1.6145973613800402,-0.0006636230468750001,0.0009963237888765586,0.0011971034377300065,-0.005,0.002,0.007,-1.069012350891199,-0.39544942268998884,4.176748506632346,-0.0016952148437500002,0.001279868368145593,0.002124103671257597,-0.005,0.002,0.007,1.1704938581594888,-0.6591190009716752,2.353934068898702,2nd_test,983,2004.02.19.06.22.39
